ECCS_Clone_RowId,FacilityMnem_Source,Accommodation_Mnem_Source,Accommodation_Name_Source,PA_Code_Source,Active_Source,TargetMatchMtx,DB_RecordCount,FacilityMnem_Target,Accommodation_Mnem_Target,Accommodation_Name_Target,PA_Code_Target,Active_Target,DisplayCurrentValues,ExcludeFromSharepoint,Action To Take,Update_User,Update_Datetime,System_Update_User,System_Update_Datetime,ECCS_SourceServer,ECCS_SourceDatabase,ECCS_SourceProcedure,ECCS_ScopeKind,ECCS_ScopeValue,ECCS_SourceUser,ECCS_ClonedAtUtc
1,CMCH,___N/A___20260602163331,Net New Expanse Accommodation--no MT56 data,___,N,"TEST (2026-09-20),ZCON (2026-09-20),LIVE (2026-09-04)",0,CMCH,TR,TRAUMA,TR,Y,Y,N,None,MLT6916,34:18.1,HCA\MLT6916,33:31.3,xrdcwddbsuip06,MTX_ACOE_Cutover_Reporting,UI_Excel_Select_Xwalk_Source_Accommodations,facility,*ALL*,QXA4067,07:43.1
2,CMCH,Continuing Newborn,Continuing Newborn,L2,Y,"TEST (2026-09-20),ZCON (2026-09-20),LIVE (2026-09-04)",0,CMCH,L2,NEWBORN LEVEL II CARE,L2,Y,Y,N,None,IIU4396,32:24.7,HCA\FOB4034,00:43.1,xrdcwddbsuip06,MTX_ACOE_Cutover_Reporting,UI_Excel_Select_Xwalk_Source_Accommodations,facility,*ALL*,QXA4067,07:43.1
3,CMCH,ERHOLD ICU,ERHOLD ICU,EI,Y,"TEST (2026-09-20),ZCON (2026-09-20),LIVE (2026-09-04)",0,CMCH,IC,INTENSIVE CARE,IC,Y,Y,N,None,IIU4396,32:24.7,HCA\FOB4034,00:43.1,xrdcwddbsuip06,MTX_ACOE_Cutover_Reporting,UI_Excel_Select_Xwalk_Source_Accommodations,facility,*ALL*,QXA4067,07:43.1
4,CMCH,ERHOLD Med Surg,ERHOLD Med Surg,EM,Y,"TEST (2026-09-20),ZCON (2026-09-20),LIVE (2026-09-04)",0,CMCH,PR,PRIVATE ROOM,PR,Y,Y,N,None,MLT6916,27:38.7,HCA\FOB4034,00:43.1,xrdcwddbsuip06,MTX_ACOE_Cutover_Reporting,UI_Excel_Select_Xwalk_Source_Accommodations,facility,*ALL*,QXA4067,07:43.1
5,CMCH,ERHOLD PCU,ERHOLD PCU,EP,Y,"TEST (2026-09-20),ZCON (2026-09-20),LIVE (2026-09-04)",0,CMCH,PC,PROGRESSIVE CARE,PC,Y,Y,N,None,IIU4396,32:24.8,HCA\FOB4034,00:43.1,xrdcwddbsuip06,MTX_ACOE_Cutover_Reporting,UI_Excel_Select_Xwalk_Source_Accommodations,facility,*ALL*,QXA4067,07:43.1
6,CMCH,ERHOLD Telemetry,ERHOLD Telemetry,ET,Y,"TEST (2026-09-20),ZCON (2026-09-20),LIVE (2026-09-04)",0,CMCH,TEL,not mapped in PA,TE,Y,Y,N,None,MLT6916,27:38.7,HCA\FOB4034,00:43.1,xrdcwddbsuip06,MTX_ACOE_Cutover_Reporting,UI_Excel_Select_Xwalk_Source_Accommodations,facility,*ALL*,QXA4067,07:43.1
7,CMCH,ICU,ICU,,Y,"TEST (2026-09-20),ZCON (2026-09-20),LIVE (2026-09-04)",0,CMCH,IC,INTENSIVE CARE,IC,Y,Y,N,None,IIU4396,32:24.8,HCA\FOB4034,00:43.1,xrdcwddbsuip06,MTX_ACOE_Cutover_Reporting,UI_Excel_Select_Xwalk_Source_Accommodations,facility,*ALL*,QXA4067,07:43.1
8,CMCH,ICU Semi,ICU Semi,,Y,"TEST (2026-09-20),ZCON (2026-09-20),LIVE (2026-09-04)",0,CMCH,IC,INTENSIVE CARE,IC,Y,Y,N,None,IIU4396,32:24.8,HCA\FOB4034,00:43.1,xrdcwddbsuip06,MTX_ACOE_Cutover_Reporting,UI_Excel_Select_Xwalk_Source_Accommodations,facility,*ALL*,QXA4067,07:43.1
9,CMCH,ICU Step Down,ICU Step Down,,Y,"TEST (2026-09-20),ZCON (2026-09-20),LIVE (2026-09-04)",0,CMCH,IC,INTENSIVE CARE,IC,Y,Y,N,None,IIU4396,32:24.9,HCA\FOB4034,00:43.1,xrdcwddbsuip06,MTX_ACOE_Cutover_Reporting,UI_Excel_Select_Xwalk_Source_Accommodations,facility,*ALL*,QXA4067,07:43.1
10,CMCH,ICU-Daily Care,ICU-Daily Care,#N/A,Y,"TEST (2026-09-20),ZCON (2026-09-20),LIVE (2026-09-04)",0,CMCH,IC,INTENSIVE CARE,IC,Y,Y,N,None,IIU4396,32:24.9,HCA\FOB4034,00:43.1,xrdcwddbsuip06,MTX_ACOE_Cutover_Reporting,UI_Excel_Select_Xwalk_Source_Accommodations,facility,*ALL*,QXA4067,07:43.1
11,CMCH,ICU-General with ECMO,ICU-General with ECMO,,Y,NO MATCH,0,CMCH,ECMO,ECMO,ECMO,Y,Y,N,None,IIU4396,16:09.0,HCA\FOB4034,00:43.1,xrdcwddbsuip06,MTX_ACOE_Cutover_Reporting,UI_Excel_Select_Xwalk_Source_Accommodations,facility,*ALL*,QXA4067,07:43.1
12,CMCH,ICU-Med Surg Daily Care,ICU-Med Surg Daily Care,#N/A,Y,"TEST (2026-09-20),ZCON (2026-09-20),LIVE (2026-09-04)",0,CMCH,IC,INTENSIVE CARE,IC,Y,Y,N,None,IIU4396,32:25.0,HCA\FOB4034,00:43.1,xrdcwddbsuip06,MTX_ACOE_Cutover_Reporting,UI_Excel_Select_Xwalk_Source_Accommodations,facility,*ALL*,QXA4067,07:43.1
13,CMCH,ICU-PCU Daily Care,ICU-PCU Daily Care,#N/A,Y,"TEST (2026-09-20),ZCON (2026-09-20),LIVE (2026-09-04)",0,CMCH,IC,INTENSIVE CARE,IC,Y,Y,N,None,IIU4396,32:25.0,HCA\FOB4034,00:43.1,xrdcwddbsuip06,MTX_ACOE_Cutover_Reporting,UI_Excel_Select_Xwalk_Source_Accommodations,facility,*ALL*,QXA4067,07:43.1
14,CMCH,ICU-Tele Daily Care,ICU-Tele Daily Care,#N/A,Y,"TEST (2026-09-20),ZCON (2026-09-20),LIVE (2026-09-04)",0,CMCH,IC,INTENSIVE CARE,IC,Y,Y,N,None,IIU4396,32:25.0,HCA\FOB4034,00:43.1,xrdcwddbsuip06,MTX_ACOE_Cutover_Reporting,UI_Excel_Select_Xwalk_Source_Accommodations,facility,*ALL*,QXA4067,07:43.1
15,CMCH,ICU-Trauma Daily Care,ICU-Trauma Daily Care,#N/A,Y,"TEST (2026-09-20),ZCON (2026-09-20),LIVE (2026-09-04)",0,CMCH,IC,INTENSIVE CARE,IC,Y,Y,N,None,IIU4396,32:25.1,HCA\FOB4034,00:43.1,xrdcwddbsuip06,MTX_ACOE_Cutover_Reporting,UI_Excel_Select_Xwalk_Source_Accommodations,facility,*ALL*,QXA4067,07:43.1
16,CMCH,ICU-Trauma with ECMO,ICU-Trauma with ECMO,,Y,"TEST (2026-09-20),LIVE (2026-09-04)",0,CMCH,TREC,TRAUMA ECMO,TREC,Y,Y,N,None,IIU4396,20:29.4,HCA\FOB4034,00:43.1,xrdcwddbsuip06,MTX_ACOE_Cutover_Reporting,UI_Excel_Select_Xwalk_Source_Accommodations,facility,*ALL*,QXA4067,07:43.1
17,CMCH,Intensive Newborn,Intensive Newborn,L4,Y,"TEST (2026-09-20),ZCON (2026-09-20),LIVE (2026-09-04)",0,CMCH,L4,NEWBORN LEVEL IV CARE,L4,Y,Y,N,None,IIU4396,32:25.1,HCA\FOB4034,00:43.1,xrdcwddbsuip06,MTX_ACOE_Cutover_Reporting,UI_Excel_Select_Xwalk_Source_Accommodations,facility,*ALL*,QXA4067,07:43.1
18,CMCH,Intermediate Newborn,Intermediate Newborn,L3,Y,"TEST (2026-09-20),ZCON (2026-09-20),LIVE (2026-09-04)",0,CMCH,L3,NEWBORN LEVEL III CARE,L3,Y,Y,N,None,IIU4396,32:25.2,HCA\FOB4034,00:43.1,xrdcwddbsuip06,MTX_ACOE_Cutover_Reporting,UI_Excel_Select_Xwalk_Source_Accommodations,facility,*ALL*,QXA4067,07:43.1
19,CMCH,LOA,LOA,LA,Y,"TEST (2026-09-20),ZCON (2026-09-20),LIVE (2026-09-04)",0,CMCH,PR,PRIVATE ROOM,PR,Y,Y,N,None,IIU4396,32:25.2,HCA\FOB4034,00:43.1,xrdcwddbsuip06,MTX_ACOE_Cutover_Reporting,UI_Excel_Select_Xwalk_Source_Accommodations,facility,*ALL*,QXA4067,07:43.1
20,CMCH,Normal Newborn,Normal Newborn,L1,Y,"TEST (2026-09-20),ZCON (2026-09-20),LIVE (2026-09-04)",0,CMCH,L1,NEWBORN LEVEL I CARE,L1,Y,Y,N,None,IIU4396,32:25.2,HCA\FOB4034,00:43.1,xrdcwddbsuip06,MTX_ACOE_Cutover_Reporting,UI_Excel_Select_Xwalk_Source_Accommodations,facility,*ALL*,QXA4067,07:43.1
21,CMCH,Observation,Observation,O,Y,"TEST (2026-09-20),ZCON (2026-09-20),LIVE (2026-09-04)",0,CMCH,PR,PRIVATE ROOM,PR,Y,Y,N,None,IIU4396,32:25.7,HCA\FOB4034,00:43.1,xrdcwddbsuip06,MTX_ACOE_Cutover_Reporting,UI_Excel_Select_Xwalk_Source_Accommodations,facility,*ALL*,QXA4067,07:43.1
22,CMCH,Observation Direct Admit,Observation Direct Admit,OA,Y,"TEST (2026-09-20),ZCON (2026-09-20),LIVE (2026-09-04)",0,CMCH,SP,SEMI PRIVATE ROOM,SP,Y,Y,N,None,IIU4396,32:25.8,HCA\FOB4034,00:43.1,xrdcwddbsuip06,MTX_ACOE_Cutover_Reporting,UI_Excel_Select_Xwalk_Source_Accommodations,facility,*ALL*,QXA4067,07:43.1
23,CMCH,Observation Telemetry,Observation Telemetry,OT,Y,"TEST (2026-09-20),ZCON (2026-09-20),LIVE (2026-09-04)",0,CMCH,TEL,TELEMETRY,TE,Y,Y,N,None,IIU4396,32:25.8,HCA\FOB4034,00:43.1,xrdcwddbsuip06,MTX_ACOE_Cutover_Reporting,UI_Excel_Select_Xwalk_Source_Accommodations,facility,*ALL*,QXA4067,07:43.1
24,CMCH,Obstetrics IP,Obstetrics IP,LD,Y,"TEST (2026-09-20),ZCON (2026-09-20),LIVE (2026-09-04)",0,CMCH,LD,LABOR AND DELIVERY,LD,Y,Y,N,None,IIU4396,32:25.8,HCA\FOB4034,00:43.1,xrdcwddbsuip06,MTX_ACOE_Cutover_Reporting,UI_Excel_Select_Xwalk_Source_Accommodations,facility,*ALL*,QXA4067,07:43.1
25,CMCH,Obstetrics Triage,Obstetrics Triage,OB,Y,"TEST (2026-09-20),ZCON (2026-09-20),LIVE (2026-09-04)",0,CMCH,LD,LABOR AND DELIVERY,LD,Y,Y,N,None,MLT6916,27:38.7,HCA\FOB4034,00:43.1,xrdcwddbsuip06,MTX_ACOE_Cutover_Reporting,UI_Excel_Select_Xwalk_Source_Accommodations,facility,*ALL*,QXA4067,07:43.1
26,CMCH,Outpatientin Bed,Outpatientin Bed,OP,Y,"TEST (2026-09-20),ZCON (2026-09-20),LIVE (2026-09-04)",0,CMCH,PR,PRIVATE ROOM,PR,Y,Y,N,None,MLT6916,32:54.3,HCA\FOB4034,00:43.1,xrdcwddbsuip06,MTX_ACOE_Cutover_Reporting,UI_Excel_Select_Xwalk_Source_Accommodations,facility,*ALL*,QXA4067,07:43.1
27,CMCH,Overflow,Overflow,OF,Y,"TEST (2026-09-20),ZCON (2026-09-20),LIVE (2026-09-04)",0,CMCH,PC,PROGRESSIVE CARE,PC,Y,Y,N,None,IIU4396,32:25.9,HCA\FOB4034,00:43.1,xrdcwddbsuip06,MTX_ACOE_Cutover_Reporting,UI_Excel_Select_Xwalk_Source_Accommodations,facility,*ALL*,QXA4067,07:43.1
28,CMCH,Overflow Telemetry,Overflow Telemetry,TO,Y,"TEST (2026-09-20),ZCON (2026-09-20),LIVE (2026-09-04)",0,CMCH,TEL,TELEMETRY,TE,Y,Y,N,None,IIU4396,32:25.9,HCA\FOB4034,00:43.1,xrdcwddbsuip06,MTX_ACOE_Cutover_Reporting,UI_Excel_Select_Xwalk_Source_Accommodations,facility,*ALL*,QXA4067,07:43.1
29,CMCH,Private,Private,PR,Y,"TEST (2026-09-20),ZCON (2026-09-20),LIVE (2026-09-04)",0,CMCH,PR,PRIVATE ROOM,PR,Y,Y,N,None,IIU4396,32:26.0,HCA\FOB4034,00:43.1,xrdcwddbsuip06,MTX_ACOE_Cutover_Reporting,UI_Excel_Select_Xwalk_Source_Accommodations,facility,*ALL*,QXA4067,07:43.1
30,CMCH,Progressive Care,Progressive Care,PC,Y,"TEST (2026-09-20),ZCON (2026-09-20),LIVE (2026-09-04)",0,CMCH,PC,PROGRESSIVE CARE,PC,Y,Y,N,None,IIU4396,32:26.0,HCA\FOB4034,00:43.1,xrdcwddbsuip06,MTX_ACOE_Cutover_Reporting,UI_Excel_Select_Xwalk_Source_Accommodations,facility,*ALL*,QXA4067,07:43.1
31,CMCH,Semi Private,Semi Private,SP,Y,"TEST (2026-09-20),ZCON (2026-09-20),LIVE (2026-09-04)",0,CMCH,SP,SEMI PRIVATE ROOM,SP,Y,Y,N,None,IIU4396,32:26.0,HCA\FOB4034,00:43.1,xrdcwddbsuip06,MTX_ACOE_Cutover_Reporting,UI_Excel_Select_Xwalk_Source_Accommodations,facility,*ALL*,QXA4067,07:43.1
32,CMCH,SemiPrivate,SemiPrivate,SP,Y,"TEST (2026-09-20),ZCON (2026-09-20),LIVE (2026-09-04)",0,CMCH,SP,SEMI PRIVATE ROOM,SP,Y,Y,N,None,IIU4396,32:26.1,HCA\IIU4396,55:40.3,xrdcwddbsuip06,MTX_ACOE_Cutover_Reporting,UI_Excel_Select_Xwalk_Source_Accommodations,facility,*ALL*,QXA4067,07:43.1
33,CMCH,Telemetry Private,Telemetry Private,TP,Y,"TEST (2026-09-20),ZCON (2026-09-20),LIVE (2026-09-04)",0,CMCH,TEL,TELEMETRY,TE,Y,Y,N,None,MLT6916,27:38.7,HCA\FOB4034,00:43.1,xrdcwddbsuip06,MTX_ACOE_Cutover_Reporting,UI_Excel_Select_Xwalk_Source_Accommodations,facility,*ALL*,QXA4067,07:43.1
34,CMCH,Telemetry Semiprivate,Telemetry Semiprivate,TS,Y,"TEST (2026-09-20),ZCON (2026-09-20),LIVE (2026-09-04)",0,CMCH,TEL,TELEMETRY,TE,Y,Y,N,None,MLT6916,05:06.8,HCA\FOB4034,00:43.1,xrdcwddbsuip06,MTX_ACOE_Cutover_Reporting,UI_Excel_Select_Xwalk_Source_Accommodations,facility,*ALL*,QXA4067,07:43.1
35,COCAG,3RB,RECONSTRUCTIVE BURN,3R,Y,NO MATCH,31,COCAG,BPC,BURN PCU,BP,Y,Y,N,None,FRE8115,57:43.6,corpsvcmtxcutoverrpt_sql,53:33.3,xrdcwddbsuip06,MTX_ACOE_Cutover_Reporting,UI_Excel_Select_Xwalk_Source_Accommodations,facility,*ALL*,QXA4067,07:43.1
36,COCAG,4EO,4 EAST OVERFLOW IN ER,4E,N,NO MATCH,0,COCAG,,,,,N,Y,None,FRE8115,42:23.7,corpsvcmtxcutoverrpt_sql,53:33.3,xrdcwddbsuip06,MTX_ACOE_Cutover_Reporting,UI_Excel_Select_Xwalk_Source_Accommodations,facility,*ALL*,QXA4067,07:43.1
37,COCAG,4WA,4W R/B ACUTE BURNS,4A,Y,NO MATCH,0,COCAG,BIC,BURN INTINSIVE CARE,BI,Y,Y,N,None,FRE8115,57:43.7,corpsvcmtxcutoverrpt_sql,53:33.3,xrdcwddbsuip06,MTX_ACOE_Cutover_Reporting,UI_Excel_Select_Xwalk_Source_Accommodations,facility,*ALL*,QXA4067,07:43.1
38,COCAG,4WR,4W R/B RECONSTRUCTION BURN,4R,Y,NO MATCH,0,COCAG,BM,BURN MEDICAL,BM,Y,Y,N,None,FRE8115,57:43.8,corpsvcmtxcutoverrpt_sql,53:33.3,xrdcwddbsuip06,MTX_ACOE_Cutover_Reporting,UI_Excel_Select_Xwalk_Source_Accommodations,facility,*ALL*,QXA4067,07:43.1
39,COCAG,5EO,5 EAST OVERFLOW IN ER,5E,Y,NO MATCH,0,COCAG,PR,PRIVATE ROOM,PR,Y,Y,N,None,FRE8115,57:43.9,corpsvcmtxcutoverrpt_sql,53:33.3,xrdcwddbsuip06,MTX_ACOE_Cutover_Reporting,UI_Excel_Select_Xwalk_Source_Accommodations,facility,*ALL*,QXA4067,07:43.1
40,COCAG,5WO,5 WEST OVERFLOW IN ER,5W,Y,NO MATCH,0,COCAG,PR,PRIVATE ROOM,PR,Y,Y,N,None,FRE8115,8/28/2026 11:57,corpsvcmtxcutoverrpt_sql,53:33.3,xrdcwddbsuip06,MTX_ACOE_Cutover_Reporting,UI_Excel_Select_Xwalk_Source_Accommodations,facility,*ALL*,QXA4067,07:43.1
41,COCAG,B,WELL NEWBORN,B,N,NO MATCH,0,COCAG,,,,,N,Y,None,FRE8115,42:23.7,corpsvcmtxcutoverrpt_sql,53:33.3,xrdcwddbsuip06,MTX_ACOE_Cutover_Reporting,UI_Excel_Select_Xwalk_Source_Accommodations,facility,*ALL*,QXA4067,07:43.1
42,COCAG,BA,ACUTE BURN,BA,Y,NO MATCH,70,COCAG,BIC,BURN INTINSIVE CARE,BI,Y,Y,N,None,FRE8115,57:44.1,corpsvcmtxcutoverrpt_sql,53:33.3,xrdcwddbsuip06,MTX_ACOE_Cutover_Reporting,UI_Excel_Select_Xwalk_Source_Accommodations,facility,*ALL*,QXA4067,07:43.1
43,COCAG,BAO,BURN ACUTE OVERFLOW IN ER,BO,Y,NO MATCH,0,COCAG,BIC,BURN INTINSIVE CARE,BI,Y,Y,N,None,FRE8115,57:44.2,corpsvcmtxcutoverrpt_sql,53:33.3,xrdcwddbsuip06,MTX_ACOE_Cutover_Reporting,UI_Excel_Select_Xwalk_Source_Accommodations,facility,*ALL*,QXA4067,07:43.1
44,COCAG,BB,BOARDER BABY,BB,N,NO MATCH,0,COCAG,,,,,N,Y,None,FRE8115,42:23.8,corpsvcmtxcutoverrpt_sql,53:33.3,xrdcwddbsuip06,MTX_ACOE_Cutover_Reporting,UI_Excel_Select_Xwalk_Source_Accommodations,facility,*ALL*,QXA4067,07:43.1
45,COCAG,BI,INTERMEDIATE BURN,BI,Y,NO MATCH,3,COCAG,BM,BURN MEDICAL,BM,Y,Y,N,None,FRE8115,57:44.3,corpsvcmtxcutoverrpt_sql,53:33.3,xrdcwddbsuip06,MTX_ACOE_Cutover_Reporting,UI_Excel_Select_Xwalk_Source_Accommodations,facility,*ALL*,QXA4067,07:43.1
46,COCAG,BR,RECONSTRUCTIVE BURN,BR,Y,NO MATCH,2,COCAG,BM,BURN MEDICAL,BM,Y,Y,N,None,FRE8115,57:44.4,corpsvcmtxcutoverrpt_sql,53:33.3,xrdcwddbsuip06,MTX_ACOE_Cutover_Reporting,UI_Excel_Select_Xwalk_Source_Accommodations,facility,*ALL*,QXA4067,07:43.1
47,COCAG,CC,CORONARY CARE,CC,Y,NO MATCH,0,COCAG,IC,INTENSIVE CARE,IC,Y,Y,N,None,FRE8115,57:44.5,corpsvcmtxcutoverrpt_sql,53:33.3,xrdcwddbsuip06,MTX_ACOE_Cutover_Reporting,UI_Excel_Select_Xwalk_Source_Accommodations,facility,*ALL*,QXA4067,07:43.1
48,COCAG,CDU,CHEMICAL DEPENDENCY UNIT,CD,Y,NO MATCH,0,COCAG,PR,PRIVATE ROOM,PR,Y,Y,N,None,FRE8115,57:44.6,corpsvcmtxcutoverrpt_sql,53:33.3,xrdcwddbsuip06,MTX_ACOE_Cutover_Reporting,UI_Excel_Select_Xwalk_Source_Accommodations,facility,*ALL*,QXA4067,07:43.1
49,COCAG,EH,ER HOLD BEDS,EH,Y,NO MATCH,1,COCAG,PR,PRIVATE ROOM,PR,Y,Y,N,None,FRE8115,57:44.7,corpsvcmtxcutoverrpt_sql,53:33.3,xrdcwddbsuip06,MTX_ACOE_Cutover_Reporting,UI_Excel_Select_Xwalk_Source_Accommodations,facility,*ALL*,QXA4067,07:43.1
50,COCAG,HR,LD INTERMEDIATE CARE/HIGH RISK,HR,Y,NO MATCH,0,COCAG,L4,NEWBORAN LEVEL IV CARE,L4,Y,Y,N,None,FRE8115,57:44.8,corpsvcmtxcutoverrpt_sql,53:33.3,xrdcwddbsuip06,MTX_ACOE_Cutover_Reporting,UI_Excel_Select_Xwalk_Source_Accommodations,facility,*ALL*,QXA4067,07:43.1
51,COCAG,IC,INTENSIVE CARE,IC,Y,NO MATCH,33,COCAG,IC,INTENSIVE CARE,IC,Y,Y,N,None,FRE8115,57:44.9,corpsvcmtxcutoverrpt_sql,53:33.3,xrdcwddbsuip06,MTX_ACOE_Cutover_Reporting,UI_Excel_Select_Xwalk_Source_Accommodations,facility,*ALL*,QXA4067,07:43.1
52,COCAG,ICO,ICU OVERFLOW,I,Y,NO MATCH,6,COCAG,IC,INTENSIVE CARE,IC,Y,Y,N,None,FRE8115,57:45.1,corpsvcmtxcutoverrpt_sql,53:33.3,xrdcwddbsuip06,MTX_ACOE_Cutover_Reporting,UI_Excel_Select_Xwalk_Source_Accommodations,facility,*ALL*,QXA4067,07:43.1
53,COCAG,J,"PRIVATE, MEDICALLY JUSTIFIED",J,Y,NO MATCH,0,COCAG,PR,PRIVATE ROOM,PR,Y,Y,N,None,FRE8115,57:45.2,corpsvcmtxcutoverrpt_sql,53:33.3,xrdcwddbsuip06,MTX_ACOE_Cutover_Reporting,UI_Excel_Select_Xwalk_Source_Accommodations,facility,*ALL*,QXA4067,07:43.1
54,COCAG,J3E,JUSTIFIED 3 EAST PRIVATE ROOM,J3,Y,NO MATCH,0,COCAG,PR,PRIVATE ROOM,PR,Y,Y,N,None,FRE8115,57:45.3,corpsvcmtxcutoverrpt_sql,53:33.3,xrdcwddbsuip06,MTX_ACOE_Cutover_Reporting,UI_Excel_Select_Xwalk_Source_Accommodations,facility,*ALL*,QXA4067,07:43.1
55,COCAG,JL1,JUSTIFIED PSYCH LEVEL 1 P-ROOM,J1,Y,NO MATCH,0,COCAG,PR,PRIVATE ROOM,PR,Y,Y,N,None,FRE8115,57:45.4,corpsvcmtxcutoverrpt_sql,53:33.3,xrdcwddbsuip06,MTX_ACOE_Cutover_Reporting,UI_Excel_Select_Xwalk_Source_Accommodations,facility,*ALL*,QXA4067,07:43.1
56,COCAG,L,LABOR DELIVERY,LD,Y,NO MATCH,1,COCAG,LD,LABOR AND DELIVERY,LD,Y,Y,N,None,FRE8115,57:45.5,corpsvcmtxcutoverrpt_sql,53:33.3,xrdcwddbsuip06,MTX_ACOE_Cutover_Reporting,UI_Excel_Select_Xwalk_Source_Accommodations,facility,*ALL*,QXA4067,07:43.1
57,COCAG,L1,NEWBORN LEVEL I,L1,Y,NO MATCH,32,COCAG,L1,NEWBORN LEVEL I CARE,L1,Y,Y,N,None,FRE8115,57:45.6,corpsvcmtxcutoverrpt_sql,53:33.3,xrdcwddbsuip06,MTX_ACOE_Cutover_Reporting,UI_Excel_Select_Xwalk_Source_Accommodations,facility,*ALL*,QXA4067,07:43.1
58,COCAG,L2,NEWBORN LEVEL II,L2,Y,NO MATCH,18,COCAG,L2,NEWBORN LEVEL II CARE,L2,Y,Y,N,None,FRE8115,57:45.7,corpsvcmtxcutoverrpt_sql,53:33.3,xrdcwddbsuip06,MTX_ACOE_Cutover_Reporting,UI_Excel_Select_Xwalk_Source_Accommodations,facility,*ALL*,QXA4067,07:43.1
59,COCAG,L3,NEWBORN LEVEL III,L3,Y,NO MATCH,12,COCAG,L3,NEWBORN LEVEL III CARE,L3,Y,Y,N,None,FRE8115,57:45.8,corpsvcmtxcutoverrpt_sql,53:33.3,xrdcwddbsuip06,MTX_ACOE_Cutover_Reporting,UI_Excel_Select_Xwalk_Source_Accommodations,facility,*ALL*,QXA4067,07:43.1
60,COCAG,L4,NEWBORN LEVEL IV,L4,Y,NO MATCH,0,COCAG,L4,NEWBORN LEVEL IV CARE,L4,Y,Y,N,None,FRE8115,57:45.9,corpsvcmtxcutoverrpt_sql,53:33.3,xrdcwddbsuip06,MTX_ACOE_Cutover_Reporting,UI_Excel_Select_Xwalk_Source_Accommodations,facility,*ALL*,QXA4067,07:43.1
61,COCAG,LD,LABOR AND DELIVERY,L,Y,NO MATCH,0,COCAG,LD,LABOR AND DELIVERY,LD,Y,Y,N,None,FRE8115,57:46.0,corpsvcmtxcutoverrpt_sql,53:33.3,xrdcwddbsuip06,MTX_ACOE_Cutover_Reporting,UI_Excel_Select_Xwalk_Source_Accommodations,facility,*ALL*,QXA4067,07:43.1
62,COCAG,NB 3,R/B NEONATAL ICU,NN,N,NO MATCH,0,COCAG,,,,,N,Y,None,FRE8115,42:23.8,corpsvcmtxcutoverrpt_sql,53:33.3,xrdcwddbsuip06,MTX_ACOE_Cutover_Reporting,UI_Excel_Select_Xwalk_Source_Accommodations,facility,*ALL*,QXA4067,07:43.1
63,COCAG,NI 1,R/B NEONATAL CONT,N1,Y,NO MATCH,0,COCAG,L1,NEWBORN LEVEL I CARE,L1,Y,Y,N,None,FRE8115,57:46.1,corpsvcmtxcutoverrpt_sql,53:33.3,xrdcwddbsuip06,MTX_ACOE_Cutover_Reporting,UI_Excel_Select_Xwalk_Source_Accommodations,facility,*ALL*,QXA4067,07:43.1
64,COCAG,NI 2,R/B NEONATAL INTERM,N2,Y,NO MATCH,0,COCAG,L2,NEWBORN LEVEL II CARE,L2,Y,Y,N,None,FRE8115,57:46.2,corpsvcmtxcutoverrpt_sql,53:33.3,xrdcwddbsuip06,MTX_ACOE_Cutover_Reporting,UI_Excel_Select_Xwalk_Source_Accommodations,facility,*ALL*,QXA4067,07:43.1
65,COCAG,NI 3,R/B NEONATAL ICU,N3,Y,NO MATCH,0,COCAG,L3,NEWBORN LEVEL III CARE,L3,Y,Y,N,None,FRE8115,57:46.3,corpsvcmtxcutoverrpt_sql,53:33.3,xrdcwddbsuip06,MTX_ACOE_Cutover_Reporting,UI_Excel_Select_Xwalk_Source_Accommodations,facility,*ALL*,QXA4067,07:43.1
66,COCAG,P,PRIVATE ROOM,P,Y,NO MATCH,794,COCAG,PR,PRIVATE ROOM,PR,Y,Y,N,None,FRE8115,57:46.4,corpsvcmtxcutoverrpt_sql,53:33.3,xrdcwddbsuip06,MTX_ACOE_Cutover_Reporting,UI_Excel_Select_Xwalk_Source_Accommodations,facility,*ALL*,QXA4067,07:43.1
67,COCAG,P11,PSYCHIATRIC ONE-ON-ONE,PN,Y,NO MATCH,0,COCAG,L3,NEWBORN LEVEL III CARE,L3,Y,Y,N,None,FRE8115,57:46.5,corpsvcmtxcutoverrpt_sql,53:33.3,xrdcwddbsuip06,MTX_ACOE_Cutover_Reporting,UI_Excel_Select_Xwalk_Source_Accommodations,facility,*ALL*,QXA4067,07:43.1
68,COCAG,P2E,PRIVATE 2ND FLOOR,P2,Y,NO MATCH,0,COCAG,PR,PRIVATE ROOM,PR,Y,Y,N,None,FRE8115,57:46.6,corpsvcmtxcutoverrpt_sql,53:33.3,xrdcwddbsuip06,MTX_ACOE_Cutover_Reporting,UI_Excel_Select_Xwalk_Source_Accommodations,facility,*ALL*,QXA4067,07:43.1
69,COCAG,P3E,PRIVATE 3 EAST,P3,Y,NO MATCH,0,COCAG,PR,PRIVATE ROOM,PR,Y,Y,N,None,FRE8115,57:46.7,corpsvcmtxcutoverrpt_sql,53:33.3,xrdcwddbsuip06,MTX_ACOE_Cutover_Reporting,UI_Excel_Select_Xwalk_Source_Accommodations,facility,*ALL*,QXA4067,07:43.1
70,COCAG,PCO,PSYCHIATRIC CLOSE OBSERVATION,PO,Y,NO MATCH,0,COCAG,PR,PRIVATE ROOM,PR,Y,Y,N,None,FRE8115,57:46.7,corpsvcmtxcutoverrpt_sql,53:33.3,xrdcwddbsuip06,MTX_ACOE_Cutover_Reporting,UI_Excel_Select_Xwalk_Source_Accommodations,facility,*ALL*,QXA4067,07:43.1
71,COCAG,PCUO,PCU OVERFLOW,O,Y,NO MATCH,0,COCAG,PCP,PROGRESSIVE CARE PRIVATE,PC,Y,Y,N,None,FRE8115,57:46.8,corpsvcmtxcutoverrpt_sql,53:33.3,xrdcwddbsuip06,MTX_ACOE_Cutover_Reporting,UI_Excel_Select_Xwalk_Source_Accommodations,facility,*ALL*,QXA4067,07:43.1
72,COCAG,PEDO,PEDIATRICS OVERFLOW,PE,Y,NO MATCH,0,COCAG,PR,PRIVATE ROOM,PR,Y,Y,N,None,FRE8115,57:46.9,corpsvcmtxcutoverrpt_sql,53:33.3,xrdcwddbsuip06,MTX_ACOE_Cutover_Reporting,UI_Excel_Select_Xwalk_Source_Accommodations,facility,*ALL*,QXA4067,07:43.1
73,COCAG,PIC,PCU IN ICU UNIT,PC,Y,NO MATCH,0,COCAG,PCCC,PROGRESSIVE CARE CCU,PU,Y,Y,N,None,FRE8115,57:47.0,corpsvcmtxcutoverrpt_sql,53:33.3,xrdcwddbsuip06,MTX_ACOE_Cutover_Reporting,UI_Excel_Select_Xwalk_Source_Accommodations,facility,*ALL*,QXA4067,07:43.1
74,COCAG,PICU,PEDS ICU,6W,Y,NO MATCH,0,COCAG,IC,INTENSIVE CARE,IC,Y,Y,N,None,FRE8115,57:47.2,corpsvcmtxcutoverrpt_sql,53:33.3,xrdcwddbsuip06,MTX_ACOE_Cutover_Reporting,UI_Excel_Select_Xwalk_Source_Accommodations,facility,*ALL*,QXA4067,07:43.1
75,COCAG,PIICU,PEDS INTERMED ICU,PI,Y,NO MATCH,0,COCAG,IC,INTENSIVE CARE,IC,Y,Y,N,None,FRE8115,57:47.3,corpsvcmtxcutoverrpt_sql,53:33.3,xrdcwddbsuip06,MTX_ACOE_Cutover_Reporting,UI_Excel_Select_Xwalk_Source_Accommodations,facility,*ALL*,QXA4067,07:43.1
76,COCAG,PL1,PRIVATE PSYCH LEVEL 1,P1,Y,NO MATCH,1,COCAG,L3,NEWBORN LEVEL III CARE,L3,Y,Y,N,None,FRE8115,57:47.5,corpsvcmtxcutoverrpt_sql,53:33.3,xrdcwddbsuip06,MTX_ACOE_Cutover_Reporting,UI_Excel_Select_Xwalk_Source_Accommodations,facility,*ALL*,QXA4067,07:43.1
77,COCAG,PM,PRIVATE MEDICAL,PM,Y,NO MATCH,36,COCAG,MP,MEDICAL PRIVATE,MP,Y,Y,N,None,FRE8115,57:47.6,corpsvcmtxcutoverrpt_sql,53:33.3,xrdcwddbsuip06,MTX_ACOE_Cutover_Reporting,UI_Excel_Select_Xwalk_Source_Accommodations,facility,*ALL*,QXA4067,07:43.1
78,COCAG,PP,PCU PRIVATE,PP,Y,NO MATCH,1,COCAG,PC,PROGRESSIVE CARE PRIVATE,PC,Y,Y,N,None,JKB0282,22:59.4,corpsvcmtxcutoverrpt_sql,53:33.3,xrdcwddbsuip06,MTX_ACOE_Cutover_Reporting,UI_Excel_Select_Xwalk_Source_Accommodations,facility,*ALL*,QXA4067,07:43.1
79,COCAG,PRO,PSYCHIATRIC ROUTINE,PR,Y,NO MATCH,0,COCAG,PR,PRIVATE ROOM,PR,Y,Y,N,None,FRE8115,57:47.9,corpsvcmtxcutoverrpt_sql,53:33.3,xrdcwddbsuip06,MTX_ACOE_Cutover_Reporting,UI_Excel_Select_Xwalk_Source_Accommodations,facility,*ALL*,QXA4067,07:43.1
80,COCAG,PS,PCU SEMIPRIVATE,SP,Y,NO MATCH,1,COCAG,PR,PRIVATE ROOM,PR,Y,Y,N,None,FRE8115,57:48.0,corpsvcmtxcutoverrpt_sql,53:33.3,xrdcwddbsuip06,MTX_ACOE_Cutover_Reporting,UI_Excel_Select_Xwalk_Source_Accommodations,facility,*ALL*,QXA4067,07:43.1
81,COCAG,PSEC,PSYCHIATRIC SECLUSION,PS,Y,NO MATCH,0,COCAG,PR,PRIVATE ROOM,PR,Y,Y,N,None,FRE8115,57:48.2,corpsvcmtxcutoverrpt_sql,53:33.3,xrdcwddbsuip06,MTX_ACOE_Cutover_Reporting,UI_Excel_Select_Xwalk_Source_Accommodations,facility,*ALL*,QXA4067,07:43.1
82,COCAG,PTICU,PEDS TRAUMA ICU,TR,Y,NO MATCH,0,COCAG,TRIC,TRAUMA INTENSIVE CARE,TI,Y,Y,N,None,FRE8115,57:48.3,corpsvcmtxcutoverrpt_sql,53:33.3,xrdcwddbsuip06,MTX_ACOE_Cutover_Reporting,UI_Excel_Select_Xwalk_Source_Accommodations,facility,*ALL*,QXA4067,07:43.1
83,COCAG,S,SEMI PRIVATE ROOM,S,Y,NO MATCH,201,COCAG,SP,SEMI PRIVATE ROOM,SP,Y,Y,N,None,FRE8115,57:48.5,corpsvcmtxcutoverrpt_sql,53:33.3,xrdcwddbsuip06,MTX_ACOE_Cutover_Reporting,UI_Excel_Select_Xwalk_Source_Accommodations,facility,*ALL*,QXA4067,07:43.1
84,COCAG,S2E,SEMI PRIVATE 2ND FLOOR,S2,Y,NO MATCH,0,COCAG,SP,SEMI PRIVATE ROOM,SP,Y,Y,N,None,FRE8115,57:48.6,corpsvcmtxcutoverrpt_sql,53:33.3,xrdcwddbsuip06,MTX_ACOE_Cutover_Reporting,UI_Excel_Select_Xwalk_Source_Accommodations,facility,*ALL*,QXA4067,07:43.1
85,COCAG,S3E,SEMI-PRIVATE 3 EAST,S3,Y,NO MATCH,0,COCAG,SP,SEMI PRIVATE ROOM,SP,Y,Y,N,None,FRE8115,57:48.8,corpsvcmtxcutoverrpt_sql,53:33.3,xrdcwddbsuip06,MTX_ACOE_Cutover_Reporting,UI_Excel_Select_Xwalk_Source_Accommodations,facility,*ALL*,QXA4067,07:43.1
86,COCAG,SICU,ADOLESCENT DUAL FOCUS ICU,SI,Y,NO MATCH,0,COCAG,IC,INTENSIVE CARE,IC,Y,Y,N,None,FRE8115,57:48.9,corpsvcmtxcutoverrpt_sql,53:33.3,xrdcwddbsuip06,MTX_ACOE_Cutover_Reporting,UI_Excel_Select_Xwalk_Source_Accommodations,facility,*ALL*,QXA4067,07:43.1
87,COCAG,SL1,SEMI-PRIVATE PSYCH LEVEL 1,S1,Y,NO MATCH,0,COCAG,SP,SEMI PRIVATE ROOM,SP,Y,Y,N,None,FRE8115,57:49.1,corpsvcmtxcutoverrpt_sql,53:33.3,xrdcwddbsuip06,MTX_ACOE_Cutover_Reporting,UI_Excel_Select_Xwalk_Source_Accommodations,facility,*ALL*,QXA4067,07:43.1
88,COCAG,SM,SEMI PRIVATE MEDICAL,SM,Y,NO MATCH,22,COCAG,,,,,N,N,None,FRE8115,57:49.2,corpsvcmtxcutoverrpt_sql,53:33.3,xrdcwddbsuip06,MTX_ACOE_Cutover_Reporting,UI_Excel_Select_Xwalk_Source_Accommodations,facility,*ALL*,QXA4067,07:43.1
89,COCAG,T,TRANSITIONAL CARE,T,Y,NO MATCH,0,COCAG,PR,PRIVATE ROOM,PR,Y,Y,N,None,FRE8115,57:49.3,corpsvcmtxcutoverrpt_sql,53:33.3,xrdcwddbsuip06,MTX_ACOE_Cutover_Reporting,UI_Excel_Select_Xwalk_Source_Accommodations,facility,*ALL*,QXA4067,07:43.1
90,COCAG,TE,TELEMETRY,TE,Y,NO MATCH,1,COCAG,PR,PRIVATE ROOM,PR,Y,Y,N,None,FRE8115,57:49.4,corpsvcmtxcutoverrpt_sql,53:33.3,xrdcwddbsuip06,MTX_ACOE_Cutover_Reporting,UI_Excel_Select_Xwalk_Source_Accommodations,facility,*ALL*,QXA4067,07:43.1
91,COCAG,TR,TRAUMA ICU,12,Y,NO MATCH,0,COCAG,TRIC,TRAUMA INTENSIVE CARE,TI,Y,Y,N,None,FRE8115,57:49.6,corpsvcmtxcutoverrpt_sql,53:33.3,xrdcwddbsuip06,MTX_ACOE_Cutover_Reporting,UI_Excel_Select_Xwalk_Source_Accommodations,facility,*ALL*,QXA4067,07:43.1
92,COCAG,W,WARD,W,Y,NO MATCH,0,COCAG,PR,PRIVATE ROOM,PR,Y,Y,N,None,FRE8115,57:49.7,corpsvcmtxcutoverrpt_sql,53:33.3,xrdcwddbsuip06,MTX_ACOE_Cutover_Reporting,UI_Excel_Select_Xwalk_Source_Accommodations,facility,*ALL*,QXA4067,07:43.1
93,COCAG,WA,WOUND ACUTE,WA,Y,NO MATCH,0,COCAG,PR,PRIVATE ROOM,PR,Y,Y,N,None,FRE8115,57:49.9,corpsvcmtxcutoverrpt_sql,53:33.3,xrdcwddbsuip06,MTX_ACOE_Cutover_Reporting,UI_Excel_Select_Xwalk_Source_Accommodations,facility,*ALL*,QXA4067,07:43.1
94,COCAG,WI,WOUND INTERMEDIATE,WI,Y,NO MATCH,0,COCAG,PR,PRIVATE ROOM,PR,Y,Y,N,None,FRE8115,57:50.0,corpsvcmtxcutoverrpt_sql,53:33.3,xrdcwddbsuip06,MTX_ACOE_Cutover_Reporting,UI_Excel_Select_Xwalk_Source_Accommodations,facility,*ALL*,QXA4067,07:43.1
95,COCAG,WR,WOUND RECONSTRUCTIVE,WR,Y,NO MATCH,0,COCAG,PR,PRIVATE ROOM,PR,Y,Y,N,None,FRE8115,57:50.1,corpsvcmtxcutoverrpt_sql,53:33.3,xrdcwddbsuip06,MTX_ACOE_Cutover_Reporting,UI_Excel_Select_Xwalk_Source_Accommodations,facility,*ALL*,QXA4067,07:43.1
96,COCAR,I.3S,SEMI OVERFLOW 3 NORTH,3S,Y,NO MATCH,0,COCAR,SP,SEMI PRIVATE ROOM,SP,Y,Y,N,None,JKB0282,33:07.3,corpsvcmtxcutoverrpt_sql,43:36.1,xrdcwddbsuip06,MTX_ACOE_Cutover_Reporting,UI_Excel_Select_Xwalk_Source_Accommodations,facility,*ALL*,QXA4067,07:43.1
97,COCAR,I.B,LEVEL I NEWBORN,NU,N,NO MATCH,0,COCAR,,,,,N,Y,None,JKB0282,24:05.0,corpsvcmtxcutoverrpt_sql,00:07.5,xrdcwddbsuip06,MTX_ACOE_Cutover_Reporting,UI_Excel_Select_Xwalk_Source_Accommodations,facility,*ALL*,QXA4067,07:43.1
98,COCAR,I.BI,Newborn Level II,BI,N,NO MATCH,0,COCAR,,,,,N,Y,None,JKB0282,24:05.0,corpsvcmtxcutoverrpt_sql,43:36.1,xrdcwddbsuip06,MTX_ACOE_Cutover_Reporting,UI_Excel_Select_Xwalk_Source_Accommodations,facility,*ALL*,QXA4067,07:43.1
99,COCAR,I.CCU,CCU,CC,N,NO MATCH,0,COCAR,,,,,N,Y,None,JKB0282,24:05.1,corpsvcmtxcutoverrpt_sql,43:36.1,xrdcwddbsuip06,MTX_ACOE_Cutover_Reporting,UI_Excel_Select_Xwalk_Source_Accommodations,facility,*ALL*,QXA4067,07:43.1
100,COCAR,I.E1E,ED HOLD 1 EAST,E1,Y,NO MATCH,17,COCAR,PR,PRIVATE ROOM,PR,Y,Y,N,None,JKB0282,24:05.2,corpsvcmtxcutoverrpt_sql,43:36.1,xrdcwddbsuip06,MTX_ACOE_Cutover_Reporting,UI_Excel_Select_Xwalk_Source_Accommodations,facility,*ALL*,QXA4067,07:43.1
101,COCAR,I.E2E,ED HOLD 2 EAST,E2,Y,NO MATCH,0,COCAR,PR,PRIVATE ROOM,PR,Y,Y,N,None,JKB0282,24:05.3,corpsvcmtxcutoverrpt_sql,43:36.1,xrdcwddbsuip06,MTX_ACOE_Cutover_Reporting,UI_Excel_Select_Xwalk_Source_Accommodations,facility,*ALL*,QXA4067,07:43.1
102,COCAR,I.E2N,ED HOLD 2 NORTH,E5,Y,NO MATCH,0,COCAR,PR,PRIVATE ROOM,PR,Y,Y,N,None,JKB0282,24:05.4,corpsvcmtxcutoverrpt_sql,43:36.1,xrdcwddbsuip06,MTX_ACOE_Cutover_Reporting,UI_Excel_Select_Xwalk_Source_Accommodations,facility,*ALL*,QXA4067,07:43.1
103,COCAR,I.E3N,ED HOLD 3 NORTH,E3,Y,NO MATCH,0,COCAR,PR,PRIVATE ROOM,PR,Y,Y,N,None,JKB0282,24:05.5,corpsvcmtxcutoverrpt_sql,43:36.1,xrdcwddbsuip06,MTX_ACOE_Cutover_Reporting,UI_Excel_Select_Xwalk_Source_Accommodations,facility,*ALL*,QXA4067,07:43.1
104,COCAR,I.E4N,ED HOLD 4 NORTH,E4,Y,NO MATCH,0,COCAR,PR,PRIVATE ROOM,PR,Y,Y,N,None,JKB0282,24:05.6,corpsvcmtxcutoverrpt_sql,43:36.1,xrdcwddbsuip06,MTX_ACOE_Cutover_Reporting,UI_Excel_Select_Xwalk_Source_Accommodations,facility,*ALL*,QXA4067,07:43.1
105,COCAR,I.ECDU,ED HOLD CDU,EC,Y,NO MATCH,0,COCAR,PR,PRIVATE ROOM,PR,Y,Y,N,None,JKB0282,24:05.7,corpsvcmtxcutoverrpt_sql,43:36.1,xrdcwddbsuip06,MTX_ACOE_Cutover_Reporting,UI_Excel_Select_Xwalk_Source_Accommodations,facility,*ALL*,QXA4067,07:43.1
106,COCAR,I.ECICU,ED HOLD CICU,EV,Y,NO MATCH,0,COCAR,PR,PRIVATE ROOM,PR,Y,Y,N,None,JKB0282,24:05.8,corpsvcmtxcutoverrpt_sql,43:36.1,xrdcwddbsuip06,MTX_ACOE_Cutover_Reporting,UI_Excel_Select_Xwalk_Source_Accommodations,facility,*ALL*,QXA4067,07:43.1
107,COCAR,I.ECMO,ECMO,EM,Y,NO MATCH,0,COCAR,EC,PRIVATE ROOM,EC,Y,Y,N,None,JKB0282,24:05.9,corpsvcmtxcutoverrpt_sql,43:36.1,xrdcwddbsuip06,MTX_ACOE_Cutover_Reporting,UI_Excel_Select_Xwalk_Source_Accommodations,facility,*ALL*,QXA4067,07:43.1
108,COCAR,I.EHVC,ED HOLD HVC,EH,Y,NO MATCH,20,COCAR,IC,PRIVATE ROOM,IC,Y,Y,N,None,JKB0282,24:06.0,corpsvcmtxcutoverrpt_sql,43:36.1,xrdcwddbsuip06,MTX_ACOE_Cutover_Reporting,UI_Excel_Select_Xwalk_Source_Accommodations,facility,*ALL*,QXA4067,07:43.1
109,COCAR,I.EICU,ED HOLD ICU,EI,Y,NO MATCH,6,COCAR,IC,PRIVATE ROOM,IC,Y,Y,N,None,JKB0282,24:06.2,corpsvcmtxcutoverrpt_sql,43:36.1,xrdcwddbsuip06,MTX_ACOE_Cutover_Reporting,UI_Excel_Select_Xwalk_Source_Accommodations,facility,*ALL*,QXA4067,07:43.1
110,COCAR,I.EP,ED HOLD PRIVATE,EP,N,NO MATCH,0,COCAR,,,,,N,Y,None,JKB0282,24:06.3,corpsvcmtxcutoverrpt_sql,43:36.1,xrdcwddbsuip06,MTX_ACOE_Cutover_Reporting,UI_Excel_Select_Xwalk_Source_Accommodations,facility,*ALL*,QXA4067,07:43.1
111,COCAR,I.EPCCU,ED HOLD PCCU,EU,Y,NO MATCH,4,COCAR,PCCC,PRIVATE ROOM,PU,Y,Y,N,None,JKB0282,24:06.4,corpsvcmtxcutoverrpt_sql,43:36.1,xrdcwddbsuip06,MTX_ACOE_Cutover_Reporting,UI_Excel_Select_Xwalk_Source_Accommodations,facility,*ALL*,QXA4067,07:43.1
112,COCAR,I.ESP,ED HOLD SEMI PRIVATE,ES,Y,NO MATCH,283,COCAR,PR,PRIVATE ROOM,PR,Y,Y,N,None,JKB0282,24:06.5,corpsvcmtxcutoverrpt_sql,43:36.1,xrdcwddbsuip06,MTX_ACOE_Cutover_Reporting,UI_Excel_Select_Xwalk_Source_Accommodations,facility,*ALL*,QXA4067,07:43.1
113,COCAR,I.EX,PCCU EXEC ROOM,EX,Y,NO MATCH,0,COCAR,PR,PRIVATE ROOM,PR,Y,Y,N,None,JKB0282,24:06.6,corpsvcmtxcutoverrpt_sql,43:36.1,xrdcwddbsuip06,MTX_ACOE_Cutover_Reporting,UI_Excel_Select_Xwalk_Source_Accommodations,facility,*ALL*,QXA4067,07:43.1
114,COCAR,I.ICU,INTENSIVE CARE,IC,Y,NO MATCH,93,COCAR,IC,INTENSIVE CARE,IC,Y,Y,N,None,JKB0282,24:06.7,corpsvcmtxcutoverrpt_sql,43:36.1,xrdcwddbsuip06,MTX_ACOE_Cutover_Reporting,UI_Excel_Select_Xwalk_Source_Accommodations,facility,*ALL*,QXA4067,07:43.1
115,COCAR,I.IP,INTENSIVE CARE PEDI,IP,N,NO MATCH,0,COCAR,,,,,N,Y,None,JKB0282,24:06.7,corpsvcmtxcutoverrpt_sql,43:36.1,xrdcwddbsuip06,MTX_ACOE_Cutover_Reporting,UI_Excel_Select_Xwalk_Source_Accommodations,facility,*ALL*,QXA4067,07:43.1
116,COCAR,I.ISO,ISOLATION,IS,N,NO MATCH,0,COCAR,,,,,N,Y,None,JKB0282,24:06.8,corpsvcmtxcutoverrpt_sql,43:36.1,xrdcwddbsuip06,MTX_ACOE_Cutover_Reporting,UI_Excel_Select_Xwalk_Source_Accommodations,facility,*ALL*,QXA4067,07:43.1
117,COCAR,I.L1,NEWBORN LEVEL I,N1,Y,NO MATCH,0,COCAR,L1,NEWBORN LEVEL 1 CARE,L1,Y,Y,N,None,JKB0282,24:06.9,corpsvcmtxcutoverrpt_sql,43:36.1,xrdcwddbsuip06,MTX_ACOE_Cutover_Reporting,UI_Excel_Select_Xwalk_Source_Accommodations,facility,*ALL*,QXA4067,07:43.1
118,COCAR,I.LD,LABOR AND DELIVERY,LD,Y,NO MATCH,3,COCAR,PR,PRIVATE ROOM,PR,Y,Y,N,None,JKB0282,24:07.0,corpsvcmtxcutoverrpt_sql,43:36.1,xrdcwddbsuip06,MTX_ACOE_Cutover_Reporting,UI_Excel_Select_Xwalk_Source_Accommodations,facility,*ALL*,QXA4067,07:43.1
119,COCAR,I.MP,Monitored Private Room,MP,Y,NO MATCH,0,COCAR,PR,PRIVATE ROOM,PR,Y,Y,N,None,JKB0282,24:07.1,corpsvcmtxcutoverrpt_sql,43:36.1,xrdcwddbsuip06,MTX_ACOE_Cutover_Reporting,UI_Excel_Select_Xwalk_Source_Accommodations,facility,*ALL*,QXA4067,07:43.1
120,COCAR,I.NB,NEWBORN BORDER,NB,N,NO MATCH,0,COCAR,,,,,N,Y,None,JKB0282,24:07.2,corpsvcmtxcutoverrpt_sql,43:36.1,xrdcwddbsuip06,MTX_ACOE_Cutover_Reporting,UI_Excel_Select_Xwalk_Source_Accommodations,facility,*ALL*,QXA4067,07:43.1
121,COCAR,I.NI,NI LEVEL II INTER,NI,N,NO MATCH,0,COCAR,,,,,N,Y,None,JKB0282,24:07.3,corpsvcmtxcutoverrpt_sql,43:36.1,xrdcwddbsuip06,MTX_ACOE_Cutover_Reporting,UI_Excel_Select_Xwalk_Source_Accommodations,facility,*ALL*,QXA4067,07:43.1
122,COCAR,I.NIC,LEVEL III NICU,NT,N,NO MATCH,0,COCAR,,,,,N,Y,None,JKB0282,24:07.4,corpsvcmtxcutoverrpt_sql,43:36.1,xrdcwddbsuip06,MTX_ACOE_Cutover_Reporting,UI_Excel_Select_Xwalk_Source_Accommodations,facility,*ALL*,QXA4067,07:43.1
123,COCAR,I.NICU,NEWBORN ICU,,N,NO MATCH,0,COCAR,,,,,N,Y,None,JKB0282,24:07.5,corpsvcmtxcutoverrpt_sql,43:36.1,xrdcwddbsuip06,MTX_ACOE_Cutover_Reporting,UI_Excel_Select_Xwalk_Source_Accommodations,facility,*ALL*,QXA4067,07:43.1
124,COCAR,I.NIL2,Newborn Level II,N2,N,NO MATCH,0,COCAR,,,,,N,Y,None,JKB0282,24:07.6,corpsvcmtxcutoverrpt_sql,00:07.5,xrdcwddbsuip06,MTX_ACOE_Cutover_Reporting,UI_Excel_Select_Xwalk_Source_Accommodations,facility,*ALL*,QXA4067,07:43.1
125,COCAR,I.NIL3,Newborn Level III,N3,N,NO MATCH,0,COCAR,,,,,N,Y,None,JKB0282,24:07.7,corpsvcmtxcutoverrpt_sql,00:07.5,xrdcwddbsuip06,MTX_ACOE_Cutover_Reporting,UI_Excel_Select_Xwalk_Source_Accommodations,facility,*ALL*,QXA4067,07:43.1
126,COCAR,I.NIL4,Newborn Level IV,N4,N,NO MATCH,0,COCAR,,,,,N,Y,None,JKB0282,24:07.8,corpsvcmtxcutoverrpt_sql,00:07.5,xrdcwddbsuip06,MTX_ACOE_Cutover_Reporting,UI_Excel_Select_Xwalk_Source_Accommodations,facility,*ALL*,QXA4067,07:43.1
127,COCAR,I.NV,LEVEL IV NICU,NV,N,NO MATCH,0,COCAR,,,,,N,Y,None,JKB0282,24:07.9,corpsvcmtxcutoverrpt_sql,00:07.5,xrdcwddbsuip06,MTX_ACOE_Cutover_Reporting,UI_Excel_Select_Xwalk_Source_Accommodations,facility,*ALL*,QXA4067,07:43.1
128,COCAR,I.OP,ONCOLOGY PRIVATE,OP,N,NO MATCH,0,COCAR,,,,,N,Y,None,JKB0282,24:07.9,corpsvcmtxcutoverrpt_sql,43:36.1,xrdcwddbsuip06,MTX_ACOE_Cutover_Reporting,UI_Excel_Select_Xwalk_Source_Accommodations,facility,*ALL*,QXA4067,07:43.1
129,COCAR,I.OSP,ONCOLOGY SEMI PRIVATE,OS,N,NO MATCH,0,COCAR,,,,,N,Y,None,JKB0282,24:08.0,corpsvcmtxcutoverrpt_sql,43:36.1,xrdcwddbsuip06,MTX_ACOE_Cutover_Reporting,UI_Excel_Select_Xwalk_Source_Accommodations,facility,*ALL*,QXA4067,07:43.1
130,COCAR,I.P,PRIVATE ROOM,P,Y,NO MATCH,601,COCAR,PR,PRIVATE ROOM,PR,Y,Y,N,None,JKB0282,24:08.1,corpsvcmtxcutoverrpt_sql,43:36.1,xrdcwddbsuip06,MTX_ACOE_Cutover_Reporting,UI_Excel_Select_Xwalk_Source_Accommodations,facility,*ALL*,QXA4067,07:43.1
131,COCAR,I.PA,PRIVATE ANTE,PA,Y,NO MATCH,0,COCAR,AP,ANTEPARTUM,AP,Y,Y,N,None,JKB0282,24:08.2,corpsvcmtxcutoverrpt_sql,43:36.1,xrdcwddbsuip06,MTX_ACOE_Cutover_Reporting,UI_Excel_Select_Xwalk_Source_Accommodations,facility,*ALL*,QXA4067,07:43.1
132,COCAR,I.PCCU,PCCU PRIVATE OVERFLOW,PC,Y,NO MATCH,76,COCAR,PCCC,PROGRESSIVE CARE CCU,PU,Y,Y,N,None,JKB0282,24:08.3,corpsvcmtxcutoverrpt_sql,43:36.1,xrdcwddbsuip06,MTX_ACOE_Cutover_Reporting,UI_Excel_Select_Xwalk_Source_Accommodations,facility,*ALL*,QXA4067,07:43.1
133,COCAR,I.PE,PRIVATE EXTENDED CARE,PE,N,NO MATCH,0,COCAR,,,,,N,Y,None,JKB0282,24:08.4,corpsvcmtxcutoverrpt_sql,43:36.1,xrdcwddbsuip06,MTX_ACOE_Cutover_Reporting,UI_Excel_Select_Xwalk_Source_Accommodations,facility,*ALL*,QXA4067,07:43.1
134,COCAR,I.PM,PRIVATE MEDICAL,PM,Y,NO MATCH,224,COCAR,M,MEDICAL,MS,Y,Y,N,None,JKB0282,24:08.5,corpsvcmtxcutoverrpt_sql,43:36.1,xrdcwddbsuip06,MTX_ACOE_Cutover_Reporting,UI_Excel_Select_Xwalk_Source_Accommodations,facility,*ALL*,QXA4067,07:43.1
135,COCAR,I.PO,PCCU OVERFLOW,PO,Y,NO MATCH,1,COCAR,PCCC,PROGRESSIVE CARE CCU,PU,Y,Y,N,None,JKB0282,24:08.6,corpsvcmtxcutoverrpt_sql,43:36.1,xrdcwddbsuip06,MTX_ACOE_Cutover_Reporting,UI_Excel_Select_Xwalk_Source_Accommodations,facility,*ALL*,QXA4067,07:43.1
136,COCAR,I.PP,POST PARTUM OVERFLOW,PP,Y,NO MATCH,7,COCAR,PR,PRIVATE ROOM,PR,Y,Y,N,None,JKB0282,24:08.6,corpsvcmtxcutoverrpt_sql,43:36.1,xrdcwddbsuip06,MTX_ACOE_Cutover_Reporting,UI_Excel_Select_Xwalk_Source_Accommodations,facility,*ALL*,QXA4067,07:43.1
137,COCAR,I.PS,PRIVATE SURGICAL,PS,Y,NO MATCH,0,COCAR,PR,PRIVATE ROOM,PR,Y,Y,N,None,JKB0282,24:08.7,corpsvcmtxcutoverrpt_sql,43:36.1,xrdcwddbsuip06,MTX_ACOE_Cutover_Reporting,UI_Excel_Select_Xwalk_Source_Accommodations,facility,*ALL*,QXA4067,07:43.1
138,COCAR,I.RE,REHAB EXTENDED CARE,RE,N,NO MATCH,0,COCAR,,,,,N,Y,None,JKB0282,24:08.8,corpsvcmtxcutoverrpt_sql,43:36.1,xrdcwddbsuip06,MTX_ACOE_Cutover_Reporting,UI_Excel_Select_Xwalk_Source_Accommodations,facility,*ALL*,QXA4067,07:43.1
139,COCAR,I.RP,REHAB PRIVATE,RP,N,NO MATCH,0,COCAR,,,,,N,Y,None,JKB0282,24:08.9,corpsvcmtxcutoverrpt_sql,43:36.1,xrdcwddbsuip06,MTX_ACOE_Cutover_Reporting,UI_Excel_Select_Xwalk_Source_Accommodations,facility,*ALL*,QXA4067,07:43.1
140,COCAR,I.RS,REHAB CARE,RS,Y,NO MATCH,13,COCAR,PR,PRIVATE ROOM,PR,Y,Y,N,None,JKB0282,24:09.0,corpsvcmtxcutoverrpt_sql,43:36.1,xrdcwddbsuip06,MTX_ACOE_Cutover_Reporting,UI_Excel_Select_Xwalk_Source_Accommodations,facility,*ALL*,QXA4067,07:43.1
141,COCAR,I.SE,SEMI PRIVATE EXTENDED CARE,SE,N,NO MATCH,0,COCAR,,,,,N,Y,None,JKB0282,24:09.1,corpsvcmtxcutoverrpt_sql,43:36.1,xrdcwddbsuip06,MTX_ACOE_Cutover_Reporting,UI_Excel_Select_Xwalk_Source_Accommodations,facility,*ALL*,QXA4067,07:43.1
142,COCAR,I.SM,MED-SURG SEMI PRIVATE,SM,Y,NO MATCH,0,COCAR,SP,SEMI PRIVATE ROOM,SP,Y,Y,N,None,JKB0282,24:09.2,corpsvcmtxcutoverrpt_sql,43:36.1,xrdcwddbsuip06,MTX_ACOE_Cutover_Reporting,UI_Excel_Select_Xwalk_Source_Accommodations,facility,*ALL*,QXA4067,07:43.1
143,COCAR,I.SP,SEMI PRIVATE,SP,Y,NO MATCH,26,COCAR,SP,SEMI PRIVATE ROOM,SP,Y,Y,N,None,JKB0282,24:09.3,corpsvcmtxcutoverrpt_sql,43:36.1,xrdcwddbsuip06,MTX_ACOE_Cutover_Reporting,UI_Excel_Select_Xwalk_Source_Accommodations,facility,*ALL*,QXA4067,07:43.1
144,COCAR,I.SPICU,SEMI-PRIVATE ICU,SI,Y,NO MATCH,2,COCAR,SP,SEMI PRIVATE ROOM,SP,Y,Y,N,None,JKB0282,24:09.4,corpsvcmtxcutoverrpt_sql,43:36.1,xrdcwddbsuip06,MTX_ACOE_Cutover_Reporting,UI_Excel_Select_Xwalk_Source_Accommodations,facility,*ALL*,QXA4067,07:43.1
145,COCAR,I.SPTR,Semi-Private Trauma,ST,Y,NO MATCH,0,COCAR,SP,SEMI PRIVATE ROOM,SP,Y,Y,N,None,JKB0282,24:09.5,corpsvcmtxcutoverrpt_sql,43:36.1,xrdcwddbsuip06,MTX_ACOE_Cutover_Reporting,UI_Excel_Select_Xwalk_Source_Accommodations,facility,*ALL*,QXA4067,07:43.1
146,COCAR,I.SS,SEMI PRIVATE SURGICAL,SS,Y,NO MATCH,3,COCAR,SP,SEMI PRIVATE ROOM,SP,Y,Y,N,None,JKB0282,24:09.6,corpsvcmtxcutoverrpt_sql,43:36.1,xrdcwddbsuip06,MTX_ACOE_Cutover_Reporting,UI_Excel_Select_Xwalk_Source_Accommodations,facility,*ALL*,QXA4067,07:43.1
147,COCAR,I.TC,TRANSITIONAL CARE UNIT,TC,N,NO MATCH,0,COCAR,,,,,N,Y,None,JKB0282,24:09.7,corpsvcmtxcutoverrpt_sql,43:36.1,xrdcwddbsuip06,MTX_ACOE_Cutover_Reporting,UI_Excel_Select_Xwalk_Source_Accommodations,facility,*ALL*,QXA4067,07:43.1
148,COCAR,I.TP,TCU PRIVATE,TP,N,NO MATCH,0,COCAR,,,,,N,Y,None,JKB0282,24:09.8,corpsvcmtxcutoverrpt_sql,43:36.1,xrdcwddbsuip06,MTX_ACOE_Cutover_Reporting,UI_Excel_Select_Xwalk_Source_Accommodations,facility,*ALL*,QXA4067,07:43.1
149,COCAR,I.TR,TRAUMA,TR,Y,NO MATCH,8,COCAR,TR,TRAUMA,TR,Y,Y,N,None,JKB0282,24:09.8,corpsvcmtxcutoverrpt_sql,43:36.1,xrdcwddbsuip06,MTX_ACOE_Cutover_Reporting,UI_Excel_Select_Xwalk_Source_Accommodations,facility,*ALL*,QXA4067,07:43.1
150,COCAR,I.TSP,TCU SEMI PRIVATE,,N,NO MATCH,0,COCAR,,,,,N,Y,None,JKB0282,24:09.9,corpsvcmtxcutoverrpt_sql,43:36.1,xrdcwddbsuip06,MTX_ACOE_Cutover_Reporting,UI_Excel_Select_Xwalk_Source_Accommodations,facility,*ALL*,QXA4067,07:43.1
151,COCAR,I.WS,WOMENS SERVICES FOURTH FLOOR,WS,Y,NO MATCH,19,COCAR,PR,PRIVATE ROOM,PR,Y,Y,N,None,JKB0282,33:10.4,corpsvcmtxcutoverrpt_sql,43:36.1,xrdcwddbsuip06,MTX_ACOE_Cutover_Reporting,UI_Excel_Select_Xwalk_Source_Accommodations,facility,*ALL*,QXA4067,07:43.1
152,COCAR,L1,NEWBORN LEVEL 1,L1,Y,NO MATCH,118,COCAR,L1,NEWBORN LEVEL 1 CARE,L1,Y,Y,N,None,JKB0282,33:10.5,corpsvcmtxcutoverrpt_sql,43:36.1,xrdcwddbsuip06,MTX_ACOE_Cutover_Reporting,UI_Excel_Select_Xwalk_Source_Accommodations,facility,*ALL*,QXA4067,07:43.1
153,COCAR,L2,NEWBORN LEVEL 2,L2,Y,NO MATCH,54,COCAR,L2,NEWBORN LEVEL 2 CARE,L2,Y,Y,N,None,JKB0282,33:10.6,corpsvcmtxcutoverrpt_sql,43:36.1,xrdcwddbsuip06,MTX_ACOE_Cutover_Reporting,UI_Excel_Select_Xwalk_Source_Accommodations,facility,*ALL*,QXA4067,07:43.1
154,COCAR,L3,NEWBORN LEVEL 3,L3,Y,NO MATCH,44,COCAR,L3,NEWBORN LEVEL 3 CARE,L3,Y,Y,N,None,JKB0282,33:10.7,corpsvcmtxcutoverrpt_sql,43:36.1,xrdcwddbsuip06,MTX_ACOE_Cutover_Reporting,UI_Excel_Select_Xwalk_Source_Accommodations,facility,*ALL*,QXA4067,07:43.1
155,COCAR,L4,NEWBORN LEVEL 4,L4,Y,NO MATCH,6,COCAR,L4,NEWBORN LEVEL 4 CARE,L4,Y,Y,N,None,JKB0282,33:10.8,corpsvcmtxcutoverrpt_sql,43:36.1,xrdcwddbsuip06,MTX_ACOE_Cutover_Reporting,UI_Excel_Select_Xwalk_Source_Accommodations,facility,*ALL*,QXA4067,07:43.1
156,COCARG,G.ADT PSY,ADULT PSYCH UNIT,AP,N,NO MATCH,0,COCARG,,,,,N,Y,None,FAK3017,04:19.3,corpsvcmtxcutoverrpt_sql,43:36.1,xrdcwddbsuip06,MTX_ACOE_Cutover_Reporting,UI_Excel_Select_Xwalk_Source_Accommodations,facility,*ALL*,QXA4067,07:43.1
157,COCARG,G.ADTPSYL,ADULT DAY PSYCH (LEWISVILLE),AL,N,NO MATCH,0,COCARG,,,,,N,Y,None,FAK3017,04:19.4,corpsvcmtxcutoverrpt_sql,43:36.1,xrdcwddbsuip06,MTX_ACOE_Cutover_Reporting,UI_Excel_Select_Xwalk_Source_Accommodations,facility,*ALL*,QXA4067,07:43.1
158,COCARG,G.ADULTPSY,ADULT DAY PSYCH FLOW CAMPUS,AF,N,NO MATCH,0,COCARG,,,,,N,Y,None,FAK3017,04:19.4,corpsvcmtxcutoverrpt_sql,43:36.1,xrdcwddbsuip06,MTX_ACOE_Cutover_Reporting,UI_Excel_Select_Xwalk_Source_Accommodations,facility,*ALL*,QXA4067,07:43.1
159,COCARG,G.ARGHLD,ARGYLE SURGICAL ED HOLD,SH,Y,NO MATCH,0,COCARG,MS,MED SURG,MS,Y,Y,N,None,QVO8748,26:33.3,corpsvcmtxcutoverrpt_sql,43:36.1,xrdcwddbsuip06,MTX_ACOE_Cutover_Reporting,UI_Excel_Select_Xwalk_Source_Accommodations,facility,*ALL*,QXA4067,07:43.1
160,COCARG,G.ARGSURG,ARGYLE POST SURGICAL UNIT,AS,Y,NO MATCH,11,COCARG,MS,MED SURG,MS,Y,Y,N,None,FAK3017,17:12.6,corpsvcmtxcutoverrpt_sql,43:36.1,xrdcwddbsuip06,MTX_ACOE_Cutover_Reporting,UI_Excel_Select_Xwalk_Source_Accommodations,facility,*ALL*,QXA4067,07:43.1
161,COCARG,G.BM,BABY WITH MOTHER,BM,N,NO MATCH,0,COCARG,,,,,N,Y,None,FAK3017,04:19.4,corpsvcmtxcutoverrpt_sql,43:36.1,xrdcwddbsuip06,MTX_ACOE_Cutover_Reporting,UI_Excel_Select_Xwalk_Source_Accommodations,facility,*ALL*,QXA4067,07:43.1
162,COCARG,G.CC,CARDIAC CARE UNIT,CC,N,NO MATCH,0,COCARG,IC,INTENSIVE CARE,IC,Y,N,N,None,FAK3017,17:12.6,corpsvcmtxcutoverrpt_sql,00:07.2,xrdcwddbsuip06,MTX_ACOE_Cutover_Reporting,UI_Excel_Select_Xwalk_Source_Accommodations,facility,*ALL*,QXA4067,07:43.1
163,COCARG,G.COVID,ICU OVERFLOW,CV,N,NO MATCH,0,COCARG,,,,,N,Y,None,FAK3017,04:19.5,corpsvcmtxcutoverrpt_sql,43:36.1,xrdcwddbsuip06,MTX_ACOE_Cutover_Reporting,UI_Excel_Select_Xwalk_Source_Accommodations,facility,*ALL*,QXA4067,07:43.1
164,COCARG,G.ECMO,ECMO,EC,Y,NO MATCH,0,COCARG,IC,INTENSIVE CARE,IC,Y,Y,N,None,QVO8748,56:52.1,corpsvcmtxcutoverrpt_sql,43:36.1,xrdcwddbsuip06,MTX_ACOE_Cutover_Reporting,UI_Excel_Select_Xwalk_Source_Accommodations,facility,*ALL*,QXA4067,07:43.1
165,COCARG,G.IC,INTENSIVE CARE UNIT,IC,N,NO MATCH,0,COCARG,,,,,N,Y,None,FAK3017,04:19.5,corpsvcmtxcutoverrpt_sql,43:36.1,xrdcwddbsuip06,MTX_ACOE_Cutover_Reporting,UI_Excel_Select_Xwalk_Source_Accommodations,facility,*ALL*,QXA4067,07:43.1
166,COCARG,G.ICU,ICU INTENSIVE CARE UNIT,IU,Y,NO MATCH,0,COCARG,IC,INTENSIVE CARE,IC,Y,Y,N,None,FAK3017,17:12.7,corpsvcmtxcutoverrpt_sql,43:36.1,xrdcwddbsuip06,MTX_ACOE_Cutover_Reporting,UI_Excel_Select_Xwalk_Source_Accommodations,facility,*ALL*,QXA4067,07:43.1
167,COCARG,G.IPR,INPATIENT REHAB,RP,Y,NO MATCH,0,COCARG,MS,MED SURG,MS,Y,Y,N,None,QVO8748,26:33.3,corpsvcmtxcutoverrpt_sql,00:04.1,xrdcwddbsuip06,MTX_ACOE_Cutover_Reporting,UI_Excel_Select_Xwalk_Source_Accommodations,facility,*ALL*,QXA4067,07:43.1
168,COCARG,G.IPR Tele,PRIVATE REHAB MONITORED,RT,Y,NO MATCH,0,COCARG,TEL,TELEMETRY,TE,Y,Y,N,None,FAK3017,17:12.8,corpsvcmtxcutoverrpt_sql,00:04.1,xrdcwddbsuip06,MTX_ACOE_Cutover_Reporting,UI_Excel_Select_Xwalk_Source_Accommodations,facility,*ALL*,QXA4067,07:43.1
169,COCARG,G.IS,ISOLATION,IS,N,NO MATCH,0,COCARG,MS,MED SURG,MS,Y,N,N,None,QVO8748,26:33.3,corpsvcmtxcutoverrpt_sql,00:07.2,xrdcwddbsuip06,MTX_ACOE_Cutover_Reporting,UI_Excel_Select_Xwalk_Source_Accommodations,facility,*ALL*,QXA4067,07:43.1
170,COCARG,G.LD,L/D ER HOLDING,LD,N,NO MATCH,0,COCARG,,,,,N,Y,None,FAK3017,04:19.5,corpsvcmtxcutoverrpt_sql,43:36.1,xrdcwddbsuip06,MTX_ACOE_Cutover_Reporting,UI_Excel_Select_Xwalk_Source_Accommodations,facility,*ALL*,QXA4067,07:43.1
171,COCARG,G.MB,MONITORED BED,MB,N,NO MATCH,0,COCARG,,,,,N,Y,None,FAK3017,04:19.6,corpsvcmtxcutoverrpt_sql,43:36.1,xrdcwddbsuip06,MTX_ACOE_Cutover_Reporting,UI_Excel_Select_Xwalk_Source_Accommodations,facility,*ALL*,QXA4067,07:43.1
172,COCARG,G.MED,MEDICAL ER HOLDING,ME,N,NO MATCH,0,COCARG,MS,MED SURG,MS,Y,N,N,None,QVO8748,26:33.4,corpsvcmtxcutoverrpt_sql,00:07.2,xrdcwddbsuip06,MTX_ACOE_Cutover_Reporting,UI_Excel_Select_Xwalk_Source_Accommodations,facility,*ALL*,QXA4067,07:43.1
173,COCARG,G.MS,Med Surg W/O Tele,MS,Y,NO MATCH,11,COCARG,MS,MED SURG,MS,Y,N,N,None,FAK3017,17:13.1,corpsvcmtxcutoverrpt_sql,00:07.2,xrdcwddbsuip06,MTX_ACOE_Cutover_Reporting,UI_Excel_Select_Xwalk_Source_Accommodations,facility,*ALL*,QXA4067,07:43.1
174,COCARG,G.NB,NURSERY NEWBORN,NB,N,NO MATCH,0,COCARG,,,,,N,Y,None,FAK3017,04:19.6,corpsvcmtxcutoverrpt_sql,43:36.1,xrdcwddbsuip06,MTX_ACOE_Cutover_Reporting,UI_Excel_Select_Xwalk_Source_Accommodations,facility,*ALL*,QXA4067,07:43.1
175,COCARG,G.NC,NURSERY ACUTE ICU,NC,N,NO MATCH,0,COCARG,,,,,N,Y,None,FAK3017,04:19.6,corpsvcmtxcutoverrpt_sql,43:36.1,xrdcwddbsuip06,MTX_ACOE_Cutover_Reporting,UI_Excel_Select_Xwalk_Source_Accommodations,facility,*ALL*,QXA4067,07:43.1
176,COCARG,G.NI,NURSERY INTERMEDIATE,NI,N,NO MATCH,0,COCARG,,,,,N,Y,None,FAK3017,04:19.7,corpsvcmtxcutoverrpt_sql,43:36.1,xrdcwddbsuip06,MTX_ACOE_Cutover_Reporting,UI_Excel_Select_Xwalk_Source_Accommodations,facility,*ALL*,QXA4067,07:43.1
177,COCARG,G.NP,NURSERY PROGRESSIVE CARE,NP,N,NO MATCH,0,COCARG,,,,,N,Y,None,FAK3017,04:19.7,corpsvcmtxcutoverrpt_sql,43:36.1,xrdcwddbsuip06,MTX_ACOE_Cutover_Reporting,UI_Excel_Select_Xwalk_Source_Accommodations,facility,*ALL*,QXA4067,07:43.1
178,COCARG,G.OB/GYN,OB/GYN ER HOLDING,OB,N,NO MATCH,0,COCARG,,,,,N,Y,None,FAK3017,04:19.7,corpsvcmtxcutoverrpt_sql,43:36.1,xrdcwddbsuip06,MTX_ACOE_Cutover_Reporting,UI_Excel_Select_Xwalk_Source_Accommodations,facility,*ALL*,QXA4067,07:43.1
179,COCARG,G.OMS,OVERFLOW FOR MED - SURG,OF,N,NO MATCH,0,COCARG,,,,,N,Y,None,FAK3017,04:19.8,corpsvcmtxcutoverrpt_sql,43:36.1,xrdcwddbsuip06,MTX_ACOE_Cutover_Reporting,UI_Excel_Select_Xwalk_Source_Accommodations,facility,*ALL*,QXA4067,07:43.1
180,COCARG,G.OTEL,OVERFLOW FOR TELE,OV,N,NO MATCH,0,COCARG,,,,,N,Y,None,FAK3017,04:19.8,corpsvcmtxcutoverrpt_sql,43:36.1,xrdcwddbsuip06,MTX_ACOE_Cutover_Reporting,UI_Excel_Select_Xwalk_Source_Accommodations,facility,*ALL*,QXA4067,07:43.1
181,COCARG,G.PB,NURSERY PROG CARE BOARDER,PB,N,NO MATCH,0,COCARG,,,,,N,Y,None,FAK3017,04:19.8,corpsvcmtxcutoverrpt_sql,43:36.1,xrdcwddbsuip06,MTX_ACOE_Cutover_Reporting,UI_Excel_Select_Xwalk_Source_Accommodations,facility,*ALL*,QXA4067,07:43.1
182,COCARG,G.PCU,PCU STEPDOWN,PC,Y,NO MATCH,0,COCARG,MS,MED SURG,MS,Y,Y,N,None,QVO8748,26:33.4,corpsvcmtxcutoverrpt_sql,43:36.1,xrdcwddbsuip06,MTX_ACOE_Cutover_Reporting,UI_Excel_Select_Xwalk_Source_Accommodations,facility,*ALL*,QXA4067,07:43.1
183,COCARG,G.PED,PED ER HOLDING,PE,N,NO MATCH,0,COCARG,,,,,N,Y,None,FAK3017,04:19.9,corpsvcmtxcutoverrpt_sql,43:36.1,xrdcwddbsuip06,MTX_ACOE_Cutover_Reporting,UI_Excel_Select_Xwalk_Source_Accommodations,facility,*ALL*,QXA4067,07:43.1
184,COCARG,G.PP,PSYCH PRIVATE,PP,N,NO MATCH,0,COCARG,,,,,N,Y,None,FAK3017,04:19.9,corpsvcmtxcutoverrpt_sql,43:36.1,xrdcwddbsuip06,MTX_ACOE_Cutover_Reporting,UI_Excel_Select_Xwalk_Source_Accommodations,facility,*ALL*,QXA4067,07:43.1
185,COCARG,G.PR,PRIVATE,PR,N,NO MATCH,0,COCARG,,,,,N,Y,None,FAK3017,13:26.1,corpsvcmtxcutoverrpt_sql,43:36.1,xrdcwddbsuip06,MTX_ACOE_Cutover_Reporting,UI_Excel_Select_Xwalk_Source_Accommodations,facility,*ALL*,QXA4067,07:43.1
186,COCARG,G.PRH,HVU STEPDOWN,HS,N,NO MATCH,0,COCARG,MS,MED SURG,MS,Y,N,N,None,QVO8748,26:33.5,corpsvcmtxcutoverrpt_sql,00:07.2,xrdcwddbsuip06,MTX_ACOE_Cutover_Reporting,UI_Excel_Select_Xwalk_Source_Accommodations,facility,*ALL*,QXA4067,07:43.1
187,COCARG,G.PRI,IMCU STEPDOWN,IM,N,NO MATCH,0,COCARG,,,,,N,Y,None,FAK3017,04:19.9,corpsvcmtxcutoverrpt_sql,43:36.1,xrdcwddbsuip06,MTX_ACOE_Cutover_Reporting,UI_Excel_Select_Xwalk_Source_Accommodations,facility,*ALL*,QXA4067,07:43.1
188,COCARG,G.PRS,PCU STEPDOWN,SD,N,NO MATCH,0,COCARG,,,,,N,Y,None,QVO8748,26:33.5,corpsvcmtxcutoverrpt_sql,43:36.1,xrdcwddbsuip06,MTX_ACOE_Cutover_Reporting,UI_Excel_Select_Xwalk_Source_Accommodations,facility,*ALL*,QXA4067,07:43.1
189,COCARG,G.PS,PSYCH SEMI-PRIVATE,PS,N,NO MATCH,0,COCARG,,,,,N,Y,None,FAK3017,04:20.0,corpsvcmtxcutoverrpt_sql,43:36.1,xrdcwddbsuip06,MTX_ACOE_Cutover_Reporting,UI_Excel_Select_Xwalk_Source_Accommodations,facility,*ALL*,QXA4067,07:43.1
190,COCARG,G.RP,REHAB PRIVATE,RP,N,NO MATCH,0,COCARG,,,,,N,Y,None,FAK3017,04:20.0,corpsvcmtxcutoverrpt_sql,43:36.1,xrdcwddbsuip06,MTX_ACOE_Cutover_Reporting,UI_Excel_Select_Xwalk_Source_Accommodations,facility,*ALL*,QXA4067,07:43.1
191,COCARG,G.RS,REHAB SEMI-PRIVATE,RS,N,NO MATCH,0,COCARG,,,,,N,Y,None,FAK3017,04:20.1,corpsvcmtxcutoverrpt_sql,43:36.1,xrdcwddbsuip06,MTX_ACOE_Cutover_Reporting,UI_Excel_Select_Xwalk_Source_Accommodations,facility,*ALL*,QXA4067,07:43.1
192,COCARG,G.SF,SKILLED NURSING PRIVATE,SF,N,NO MATCH,0,COCARG,,,,,N,Y,None,FAK3017,04:20.1,corpsvcmtxcutoverrpt_sql,43:36.1,xrdcwddbsuip06,MTX_ACOE_Cutover_Reporting,UI_Excel_Select_Xwalk_Source_Accommodations,facility,*ALL*,QXA4067,07:43.1
193,COCARG,G.SP,SEMI PRIVATE,SP,Y,NO MATCH,0,COCARG,MS,MED SURG,MS,Y,Y,N,None,QVO8748,26:33.5,corpsvcmtxcutoverrpt_sql,43:36.1,xrdcwddbsuip06,MTX_ACOE_Cutover_Reporting,UI_Excel_Select_Xwalk_Source_Accommodations,facility,*ALL*,QXA4067,07:43.1
194,COCARG,G.SS,SKILLED NURSING SEMI-PRIVATE,SS,N,NO MATCH,0,COCARG,,,,,N,Y,None,FAK3017,04:20.1,corpsvcmtxcutoverrpt_sql,43:36.1,xrdcwddbsuip06,MTX_ACOE_Cutover_Reporting,UI_Excel_Select_Xwalk_Source_Accommodations,facility,*ALL*,QXA4067,07:43.1
195,COCARG,G.SUR,SURGICAL ER HOLDING,SU,N,NO MATCH,0,COCARG,MS,MED SURG,MS,Y,N,N,None,QVO8748,26:33.6,corpsvcmtxcutoverrpt_sql,00:07.2,xrdcwddbsuip06,MTX_ACOE_Cutover_Reporting,UI_Excel_Select_Xwalk_Source_Accommodations,facility,*ALL*,QXA4067,07:43.1
196,COCARG,G.TeleMS,Med Surg w/ Tele,MT,Y,NO MATCH,0,COCARG,TEL,TELEMETRY,TE,Y,N,N,None,FAK3017,17:13.3,corpsvcmtxcutoverrpt_sql,00:07.2,xrdcwddbsuip06,MTX_ACOE_Cutover_Reporting,UI_Excel_Select_Xwalk_Source_Accommodations,facility,*ALL*,QXA4067,07:43.1
197,COCARG,G.TR,TRAUMA,TR,Y,NO MATCH,0,COCARG,IC,INTENSIVE CARE,IC,Y,Y,N,None,QVO8748,26:33.6,corpsvcmtxcutoverrpt_sql,43:36.1,xrdcwddbsuip06,MTX_ACOE_Cutover_Reporting,UI_Excel_Select_Xwalk_Source_Accommodations,facility,*ALL*,QXA4067,07:43.1
198,COCARG,J.SEMI,SEMI PRIVATE *****TEST*****,01,N,NO MATCH,0,COCARG,,,,,N,Y,None,FAK3017,04:20.2,corpsvcmtxcutoverrpt_sql,43:36.1,xrdcwddbsuip06,MTX_ACOE_Cutover_Reporting,UI_Excel_Select_Xwalk_Source_Accommodations,facility,*ALL*,QXA4067,07:43.1
199,COCARG,P,PRIVATE,05,N,NO MATCH,0,COCARG,,,,,N,Y,None,FAK3017,04:20.2,corpsvcmtxcutoverrpt_sql,43:36.1,xrdcwddbsuip06,MTX_ACOE_Cutover_Reporting,UI_Excel_Select_Xwalk_Source_Accommodations,facility,*ALL*,QXA4067,07:43.1
200,COCAT,B,*NEWBORN*,,N,NO MATCH,0,COCAT,,,,N,N,Y,None,RWM4772,01:40.9,corpsvcmtxcutoverrpt_sql,06:33.6,xrdcwddbsuip06,MTX_ACOE_Cutover_Reporting,UI_Excel_Select_Xwalk_Source_Accommodations,facility,*ALL*,QXA4067,07:43.1
201,COCAT,BURN,Burn Intensive Care,BU,N,NO MATCH,0,COCAT,,,,N,N,Y,None,RWM4772,01:41.0,corpsvcmtxcutoverrpt_sql,06:33.6,xrdcwddbsuip06,MTX_ACOE_Cutover_Reporting,UI_Excel_Select_Xwalk_Source_Accommodations,facility,*ALL*,QXA4067,07:43.1
202,COCAT,CC,CORONARY CARE,CO,Y,"TEST (2026-09-20),ZCON (2026-09-20),LIVE (2026-09-04)",0,COCAT,CC,CORONARY CARE,CC,Y,Y,N,None,RWM4772,39:55.5,corpsvcmtxcutoverrpt_sql,06:33.6,xrdcwddbsuip06,MTX_ACOE_Cutover_Reporting,UI_Excel_Select_Xwalk_Source_Accommodations,facility,*ALL*,QXA4067,07:43.1
203,COCAT,CV,CVICU,CV,Y,"TEST (2026-09-20),ZCON (2026-09-20),LIVE (2026-09-04)",14,COCAT,CC,CORONARY CARE,CC,Y,Y,N,None,RWM4772,39:55.5,corpsvcmtxcutoverrpt_sql,06:33.6,xrdcwddbsuip06,MTX_ACOE_Cutover_Reporting,UI_Excel_Select_Xwalk_Source_Accommodations,facility,*ALL*,QXA4067,07:43.1
204,COCAT,DX,Detox,DX,N,NO MATCH,0,COCAT,,,,N,N,Y,None,RWM4772,01:41.1,corpsvcmtxcutoverrpt_sql,06:33.6,xrdcwddbsuip06,MTX_ACOE_Cutover_Reporting,UI_Excel_Select_Xwalk_Source_Accommodations,facility,*ALL*,QXA4067,07:43.1
205,COCAT,EC,ICU GENERAL W ECMO,EC,Y,"TEST (2026-09-20),ZCON (2026-09-20),LIVE (2026-09-04)",0,COCAT,EC,ECMO,EC,Y,Y,N,None,RWM4772,39:55.5,corpsvcmtxcutoverrpt_sql,06:33.6,xrdcwddbsuip06,MTX_ACOE_Cutover_Reporting,UI_Excel_Select_Xwalk_Source_Accommodations,facility,*ALL*,QXA4067,07:43.1
206,COCAT,ECBR,ICU BURN W ECMO,EB,Y,"TEST (2026-09-20),ZCON (2026-09-20),LIVE (2026-09-04)",0,COCAT,EC,ECMO,EC,Y,Y,N,None,RWM4772,56:20.8,corpsvcmtxcutoverrpt_sql,06:33.6,xrdcwddbsuip06,MTX_ACOE_Cutover_Reporting,UI_Excel_Select_Xwalk_Source_Accommodations,facility,*ALL*,QXA4067,07:43.1
207,COCAT,ECTR,ICU TRAUMA W ECMO,ET,Y,"TEST (2026-09-20),ZCON (2026-09-20),LIVE (2026-09-04)",0,COCAT,TREC,TRAUMA WITH ECMO,ET,Y,Y,N,None,RWM4772,59:29.8,corpsvcmtxcutoverrpt_sql,06:33.6,xrdcwddbsuip06,MTX_ACOE_Cutover_Reporting,UI_Excel_Select_Xwalk_Source_Accommodations,facility,*ALL*,QXA4067,07:43.1
208,COCAT,ER,ER HOLD,ER,N,NO MATCH,0,COCAT,,,,N,N,Y,None,RWM4772,01:41.1,corpsvcmtxcutoverrpt_sql,06:33.6,xrdcwddbsuip06,MTX_ACOE_Cutover_Reporting,UI_Excel_Select_Xwalk_Source_Accommodations,facility,*ALL*,QXA4067,07:43.1
209,COCAT,HR,HIGH RISK,HR,N,NO MATCH,0,COCAT,,,,N,N,Y,None,RWM4772,01:41.2,corpsvcmtxcutoverrpt_sql,06:33.6,xrdcwddbsuip06,MTX_ACOE_Cutover_Reporting,UI_Excel_Select_Xwalk_Source_Accommodations,facility,*ALL*,QXA4067,07:43.1
210,COCAT,IC,INTENSIVE CARE,IN,Y,"TEST (2026-09-20),ZCON (2026-09-20),LIVE (2026-09-04)",41,COCAT,IC,INTENSIVE CARE,IC,Y,Y,N,None,RWM4772,39:55.5,corpsvcmtxcutoverrpt_sql,06:33.6,xrdcwddbsuip06,MTX_ACOE_Cutover_Reporting,UI_Excel_Select_Xwalk_Source_Accommodations,facility,*ALL*,QXA4067,07:43.1
211,COCAT,IM,Intermediate Care,IR,Y,"TEST (2026-09-20),ZCON (2026-09-20),LIVE (2026-09-04)",252,COCAT,PC,PROGRESSIVE CARE,PC,Y,Y,N,None,RWM4772,39:55.5,corpsvcmtxcutoverrpt_sql,06:33.6,xrdcwddbsuip06,MTX_ACOE_Cutover_Reporting,UI_Excel_Select_Xwalk_Source_Accommodations,facility,*ALL*,QXA4067,07:43.1
212,COCAT,IMCU,Intermediate Care CCU,CR,N,NO MATCH,0,COCAT,,,,N,N,Y,None,RWM4772,01:41.2,corpsvcmtxcutoverrpt_sql,06:33.6,xrdcwddbsuip06,MTX_ACOE_Cutover_Reporting,UI_Excel_Select_Xwalk_Source_Accommodations,facility,*ALL*,QXA4067,07:43.1
213,COCAT,J,"*PRIVATE, MEDICALLY JUSTIFIED*",,N,NO MATCH,0,COCAT,,,,N,N,Y,None,RWM4772,01:41.3,corpsvcmtxcutoverrpt_sql,06:33.6,xrdcwddbsuip06,MTX_ACOE_Cutover_Reporting,UI_Excel_Select_Xwalk_Source_Accommodations,facility,*ALL*,QXA4067,07:43.1
214,COCAT,M,CORONARY CARE,,N,NO MATCH,0,COCAT,,,,N,N,Y,None,RWM4772,01:41.3,corpsvcmtxcutoverrpt_sql,06:33.6,xrdcwddbsuip06,MTX_ACOE_Cutover_Reporting,UI_Excel_Select_Xwalk_Source_Accommodations,facility,*ALL*,QXA4067,07:43.1
215,COCAT,MS,Med Surg,MD,Y,"TEST (2026-09-20),ZCON (2026-09-20),LIVE (2026-09-04)",732,COCAT,MS,MED SURG,MS,Y,Y,N,None,RWM4772,39:55.5,corpsvcmtxcutoverrpt_sql,06:33.6,xrdcwddbsuip06,MTX_ACOE_Cutover_Reporting,UI_Excel_Select_Xwalk_Source_Accommodations,facility,*ALL*,QXA4067,07:43.1
216,COCAT,N1,NICU Level 1,NO,N,NO MATCH,0,COCAT,,,,N,N,Y,None,RWM4772,01:41.4,corpsvcmtxcutoverrpt_sql,06:33.6,xrdcwddbsuip06,MTX_ACOE_Cutover_Reporting,UI_Excel_Select_Xwalk_Source_Accommodations,facility,*ALL*,QXA4067,07:43.1
217,COCAT,N2,NICU Level 2,NT,N,NO MATCH,0,COCAT,,,,N,N,Y,None,RWM4772,01:41.5,corpsvcmtxcutoverrpt_sql,06:33.6,xrdcwddbsuip06,MTX_ACOE_Cutover_Reporting,UI_Excel_Select_Xwalk_Source_Accommodations,facility,*ALL*,QXA4067,07:43.1
218,COCAT,N3,NICU Level 3,N3,N,NO MATCH,0,COCAT,,,,N,N,Y,None,RWM4772,01:41.5,corpsvcmtxcutoverrpt_sql,06:33.6,xrdcwddbsuip06,MTX_ACOE_Cutover_Reporting,UI_Excel_Select_Xwalk_Source_Accommodations,facility,*ALL*,QXA4067,07:43.1
219,COCAT,NA,NON APPLICABLE,NA,N,NO MATCH,0,COCAT,,,,N,N,Y,None,RWM4772,01:41.6,corpsvcmtxcutoverrpt_sql,06:33.6,xrdcwddbsuip06,MTX_ACOE_Cutover_Reporting,UI_Excel_Select_Xwalk_Source_Accommodations,facility,*ALL*,QXA4067,07:43.1
220,COCAT,NB,Newborn Basic Care,NB,N,NO MATCH,0,COCAT,,,,N,N,Y,None,RWM4772,01:41.6,corpsvcmtxcutoverrpt_sql,06:33.6,xrdcwddbsuip06,MTX_ACOE_Cutover_Reporting,UI_Excel_Select_Xwalk_Source_Accommodations,facility,*ALL*,QXA4067,07:43.1
221,COCAT,NICU,NEONATAL INTENSIVE CARE UNIT,NI,N,NO MATCH,0,COCAT,,,,N,N,Y,None,RWM4772,01:41.7,corpsvcmtxcutoverrpt_sql,06:33.6,xrdcwddbsuip06,MTX_ACOE_Cutover_Reporting,UI_Excel_Select_Xwalk_Source_Accommodations,facility,*ALL*,QXA4067,07:43.1
222,COCAT,NSY,NURSERY,B,N,NO MATCH,0,COCAT,,,,N,N,Y,None,RWM4772,01:41.8,corpsvcmtxcutoverrpt_sql,06:33.6,xrdcwddbsuip06,MTX_ACOE_Cutover_Reporting,UI_Excel_Select_Xwalk_Source_Accommodations,facility,*ALL*,QXA4067,07:43.1
223,COCAT,OC,Obstetrics,OC,N,NO MATCH,0,COCAT,,,,N,N,Y,None,RWM4772,01:41.8,corpsvcmtxcutoverrpt_sql,06:33.6,xrdcwddbsuip06,MTX_ACOE_Cutover_Reporting,UI_Excel_Select_Xwalk_Source_Accommodations,facility,*ALL*,QXA4067,07:43.1
224,COCAT,P,PRIVATE ROOM,P,N,NO MATCH,0,COCAT,,,,N,N,Y,None,RWM4772,01:41.9,corpsvcmtxcutoverrpt_sql,06:33.6,xrdcwddbsuip06,MTX_ACOE_Cutover_Reporting,UI_Excel_Select_Xwalk_Source_Accommodations,facility,*ALL*,QXA4067,07:43.1
225,COCAT,P-VIP,VIP SINGLE,PV,N,NO MATCH,0,COCAT,,,,N,N,Y,None,RWM4772,01:41.9,corpsvcmtxcutoverrpt_sql,06:33.6,xrdcwddbsuip06,MTX_ACOE_Cutover_Reporting,UI_Excel_Select_Xwalk_Source_Accommodations,facility,*ALL*,QXA4067,07:43.1
226,COCAT,PICU,PICU,PD,N,NO MATCH,0,COCAT,,,,N,N,Y,None,RWM4772,01:42.0,corpsvcmtxcutoverrpt_sql,06:33.6,xrdcwddbsuip06,MTX_ACOE_Cutover_Reporting,UI_Excel_Select_Xwalk_Source_Accommodations,facility,*ALL*,QXA4067,07:43.1
227,COCAT,PN,Perinatal Unit,PN,N,NO MATCH,0,COCAT,,,,N,N,Y,None,RWM4772,01:42.1,corpsvcmtxcutoverrpt_sql,06:33.6,xrdcwddbsuip06,MTX_ACOE_Cutover_Reporting,UI_Excel_Select_Xwalk_Source_Accommodations,facility,*ALL*,QXA4067,07:43.1
228,COCAT,PSY,Psych,PY,Y,"TEST (2026-09-20),ZCON (2026-09-20),LIVE (2026-09-04)",178,COCAT,BH,BEHAVIORAL HEALTH,BH,Y,Y,N,None,RWM4772,39:55.5,corpsvcmtxcutoverrpt_sql,06:33.6,xrdcwddbsuip06,MTX_ACOE_Cutover_Reporting,UI_Excel_Select_Xwalk_Source_Accommodations,facility,*ALL*,QXA4067,07:43.1
229,COCAT,RH,Rehabilitation,RH,Y,"TEST (2026-09-20),ZCON (2026-09-20),LIVE (2026-09-04)",69,COCAT,R,REHABILITATION,R,Y,Y,N,None,RWM4772,39:55.5,corpsvcmtxcutoverrpt_sql,06:33.6,xrdcwddbsuip06,MTX_ACOE_Cutover_Reporting,UI_Excel_Select_Xwalk_Source_Accommodations,facility,*ALL*,QXA4067,07:43.1
230,COCAT,S,SEMI-PRIVATE ROOM,S,N,NO MATCH,0,COCAT,,,,N,N,Y,None,RWM4772,01:42.1,corpsvcmtxcutoverrpt_sql,06:33.6,xrdcwddbsuip06,MTX_ACOE_Cutover_Reporting,UI_Excel_Select_Xwalk_Source_Accommodations,facility,*ALL*,QXA4067,07:43.1
231,COCAT,SB,SWING BED,SB,Y,"TEST (2026-09-20),ZCON (2026-09-20),LIVE (2026-09-04)",0,COCAT,MS,MED SURG,MS,Y,Y,N,None,RWM4772,55:02.3,corpsvcmtxcutoverrpt_sql,06:33.6,xrdcwddbsuip06,MTX_ACOE_Cutover_Reporting,UI_Excel_Select_Xwalk_Source_Accommodations,facility,*ALL*,QXA4067,07:43.1
232,COCAT,SD,STEPDOWN,SD,N,NO MATCH,0,COCAT,,,,N,N,Y,None,RWM4772,01:42.2,corpsvcmtxcutoverrpt_sql,06:33.6,xrdcwddbsuip06,MTX_ACOE_Cutover_Reporting,UI_Excel_Select_Xwalk_Source_Accommodations,facility,*ALL*,QXA4067,07:43.1
233,COCAT,T,TELEMETRY,T,Y,"TEST (2026-09-20),ZCON (2026-09-20),LIVE (2026-09-04)",22,COCAT,TEL,TELEMETRY,TE,Y,Y,N,None,RWM4772,39:55.5,corpsvcmtxcutoverrpt_sql,06:33.6,xrdcwddbsuip06,MTX_ACOE_Cutover_Reporting,UI_Excel_Select_Xwalk_Source_Accommodations,facility,*ALL*,QXA4067,07:43.1
234,COCAT,T2-VIP,VIP SUITE T-DLX,T2,N,NO MATCH,0,COCAT,,,,N,N,Y,None,RWM4772,01:42.2,corpsvcmtxcutoverrpt_sql,06:33.6,xrdcwddbsuip06,MTX_ACOE_Cutover_Reporting,UI_Excel_Select_Xwalk_Source_Accommodations,facility,*ALL*,QXA4067,07:43.1
235,COCAT,TR,Trauma Intensive Care,TR,Y,"TEST (2026-09-20),ZCON (2026-09-20),LIVE (2026-09-04)",12,COCAT,TRIC,TRAUMA INTENSIVE CARE,TI,Y,Y,N,None,RWM4772,39:55.5,corpsvcmtxcutoverrpt_sql,06:33.6,xrdcwddbsuip06,MTX_ACOE_Cutover_Reporting,UI_Excel_Select_Xwalk_Source_Accommodations,facility,*ALL*,QXA4067,07:43.1
236,COCAT,V1-VIP,VIP SUITE STD,V1,N,NO MATCH,0,COCAT,,,,N,N,Y,None,RWM4772,01:42.3,corpsvcmtxcutoverrpt_sql,06:33.6,xrdcwddbsuip06,MTX_ACOE_Cutover_Reporting,UI_Excel_Select_Xwalk_Source_Accommodations,facility,*ALL*,QXA4067,07:43.1
237,COCAT,V2-VIP,VIP SUITE,V2,N,NO MATCH,0,COCAT,,,,N,N,Y,None,RWM4772,01:42.3,corpsvcmtxcutoverrpt_sql,06:33.6,xrdcwddbsuip06,MTX_ACOE_Cutover_Reporting,UI_Excel_Select_Xwalk_Source_Accommodations,facility,*ALL*,QXA4067,07:43.1
238,COCAT,VIP,VIP Room,VI,Y,"TEST (2026-09-20),ZCON (2026-09-20),LIVE (2026-09-04)",0,COCAT,MS,MED SURG,MS,Y,Y,N,None,RWM4772,55:17.6,corpsvcmtxcutoverrpt_sql,06:33.6,xrdcwddbsuip06,MTX_ACOE_Cutover_Reporting,UI_Excel_Select_Xwalk_Source_Accommodations,facility,*ALL*,QXA4067,07:43.1
239,COCAT,W,WARD INACTIVE,,N,NO MATCH,0,COCAT,,,,N,N,Y,None,RWM4772,01:42.5,corpsvcmtxcutoverrpt_sql,06:33.6,xrdcwddbsuip06,MTX_ACOE_Cutover_Reporting,UI_Excel_Select_Xwalk_Source_Accommodations,facility,*ALL*,QXA4067,07:43.1
240,COCBM,___N/A___20260805114105,Net New Expanse Accommodation--no MT56 data,,N,"TEST (2026-08-12),LIVE (2026-08-11)",0,COCBM,TR,TRAUMA,TR,Y,Y,N,None,QXA4067,48:52.2,HCA\IIU4396,41:31.9,xrdcwddbsuip06,MTX_ACOE_Cutover_Reporting,UI_Excel_Select_Xwalk_Source_Accommodations,facility,*ALL*,QXA4067,07:43.1
241,COCBM,C,CARDIOVASULAR SURGERY INT CARE,CI,Y,"TEST (2026-08-12),ZCON (2026-08-12),LIVE (2026-08-11)",0,COCBM,PR,PRIVATE ROOM,PR,Y,Y,N,None,DJU8757,57:37.4,corpsvcmtxcutoverrpt_sql,47:33.7,xrdcwddbsuip06,MTX_ACOE_Cutover_Reporting,UI_Excel_Select_Xwalk_Source_Accommodations,facility,*ALL*,QXA4067,07:43.1
242,COCBM,I,INTENSIVE CARE,IC,Y,"TEST (2026-08-12),ZCON (2026-08-12),LIVE (2026-08-11)",0,COCBM,IC,INTENSIVE CARE,IC,Y,Y,N,None,MLT6916,08:11.3,corpsvcmtxcutoverrpt_sql,47:33.7,xrdcwddbsuip06,MTX_ACOE_Cutover_Reporting,UI_Excel_Select_Xwalk_Source_Accommodations,facility,*ALL*,QXA4067,07:43.1
243,COCBM,IC,INTERMEDIATE NURSERY - NSY2,NM,Y,"TEST (2026-08-12),ZCON (2026-08-12),LIVE (2026-08-11)",0,COCBM,PR,PRIVATE ROOM,PR,Y,Y,N,None,DJU8757,57:37.4,corpsvcmtxcutoverrpt_sql,47:33.7,xrdcwddbsuip06,MTX_ACOE_Cutover_Reporting,UI_Excel_Select_Xwalk_Source_Accommodations,facility,*ALL*,QXA4067,07:43.1
244,COCBM,ICT,INTENSIVE CARE - TRAUMA,IT,Y,"TEST (2026-08-12),ZCON (2026-08-12),LIVE (2026-08-11)",0,COCBM,TRIC,TRAUMA INTENSIVE CARE,TI,Y,Y,N,None,DJU8757,46:24.7,corpsvcmtxcutoverrpt_sql,47:33.7,xrdcwddbsuip06,MTX_ACOE_Cutover_Reporting,UI_Excel_Select_Xwalk_Source_Accommodations,facility,*ALL*,QXA4067,07:43.1
245,COCBM,IM,CARDIAC/IMU,IM,Y,"TEST (2026-08-12),ZCON (2026-08-12),LIVE (2026-08-11)",0,COCBM,PR,PRIVATE ROOM,PR,Y,Y,N,None,DJU8757,57:37.5,corpsvcmtxcutoverrpt_sql,47:33.7,xrdcwddbsuip06,MTX_ACOE_Cutover_Reporting,UI_Excel_Select_Xwalk_Source_Accommodations,facility,*ALL*,QXA4067,07:43.1
246,COCBM,IS,ISOLATION,IS,Y,"TEST (2026-08-12),ZCON (2026-08-12),LIVE (2026-08-11)",0,COCBM,PR,PRIVATE ROOM,PR,Y,Y,N,None,DJU8757,57:37.5,corpsvcmtxcutoverrpt_sql,47:33.7,xrdcwddbsuip06,MTX_ACOE_Cutover_Reporting,UI_Excel_Select_Xwalk_Source_Accommodations,facility,*ALL*,QXA4067,07:43.1
247,COCBM,JP,PRIVATE - Justified,JP,Y,"TEST (2026-08-12),ZCON (2026-08-12),LIVE (2026-08-11)",0,COCBM,PR,PRIVATE ROOM,PR,Y,Y,N,None,DJU8757,57:37.6,corpsvcmtxcutoverrpt_sql,47:33.7,xrdcwddbsuip06,MTX_ACOE_Cutover_Reporting,UI_Excel_Select_Xwalk_Source_Accommodations,facility,*ALL*,QXA4067,07:43.1
248,COCBM,L1,NEWBORN LEVEL I R&B,L1,Y,"TEST (2026-08-12),ZCON (2026-08-12),LIVE (2026-08-11)",0,COCBM,L1,NEWBORN LEVEL I CARE,L1,Y,Y,N,None,MLT6916,08:11.4,corpsvcmtxcutoverrpt_sql,47:33.7,xrdcwddbsuip06,MTX_ACOE_Cutover_Reporting,UI_Excel_Select_Xwalk_Source_Accommodations,facility,*ALL*,QXA4067,07:43.1
249,COCBM,L2,NEWBORN LEVEL II R&B,L2,Y,"TEST (2026-08-12),ZCON (2026-08-12),LIVE (2026-08-11)",0,COCBM,L2,NEWBORN LEVEL II CARE,L2,Y,Y,N,None,MLT6916,08:11.4,corpsvcmtxcutoverrpt_sql,47:33.7,xrdcwddbsuip06,MTX_ACOE_Cutover_Reporting,UI_Excel_Select_Xwalk_Source_Accommodations,facility,*ALL*,QXA4067,07:43.1
250,COCBM,L3,NEWBORN LEVEL III R&B,L3,Y,"TEST (2026-08-12),ZCON (2026-08-12),LIVE (2026-08-11)",0,COCBM,L3,NEWBORN LEVEL III CARE,L3,Y,Y,N,None,MLT6916,08:11.5,corpsvcmtxcutoverrpt_sql,47:33.7,xrdcwddbsuip06,MTX_ACOE_Cutover_Reporting,UI_Excel_Select_Xwalk_Source_Accommodations,facility,*ALL*,QXA4067,07:43.1
251,COCBM,L4,NEWBORN LEVEL IV R&B,L4,Y,"TEST (2026-08-12),ZCON (2026-08-12),LIVE (2026-08-11)",0,COCBM,L4,NEWBORN LEVEL IV CARE,L4,Y,Y,N,None,MLT6916,08:11.5,corpsvcmtxcutoverrpt_sql,47:33.7,xrdcwddbsuip06,MTX_ACOE_Cutover_Reporting,UI_Excel_Select_Xwalk_Source_Accommodations,facility,*ALL*,QXA4067,07:43.1
252,COCBM,LOA,LEAVE OF ABSENCE,LA,N,NO MATCH,0,COCBM,,,,,N,Y,None,QVO8748,49:33.8,corpsvcmtxcutoverrpt_sql,47:33.7,xrdcwddbsuip06,MTX_ACOE_Cutover_Reporting,UI_Excel_Select_Xwalk_Source_Accommodations,facility,*ALL*,QXA4067,07:43.1
253,COCBM,MED,MEDICAL UNIT,ME,Y,"TEST (2026-08-12),ZCON (2026-08-12),LIVE (2026-08-11)",0,COCBM,M,MEDICAL,M,Y,Y,N,None,DJU8757,46:24.7,corpsvcmtxcutoverrpt_sql,47:33.7,xrdcwddbsuip06,MTX_ACOE_Cutover_Reporting,UI_Excel_Select_Xwalk_Source_Accommodations,facility,*ALL*,QXA4067,07:43.1
254,COCBM,MP,MEDICAL PRIVATE,MP,Y,"TEST (2026-08-12),ZCON (2026-08-12),LIVE (2026-08-11)",0,COCBM,PR,PRIVATE ROOM,PR,Y,Y,N,None,DJU8757,01:29.0,corpsvcmtxcutoverrpt_sql,47:33.7,xrdcwddbsuip06,MTX_ACOE_Cutover_Reporting,UI_Excel_Select_Xwalk_Source_Accommodations,facility,*ALL*,QXA4067,07:43.1
255,COCBM,MS,MEDICAL SURGICAL,M,Y,"TEST (2026-08-12),ZCON (2026-08-12),LIVE (2026-08-11)",0,COCBM,MS,MED SURG,MS,Y,Y,N,None,DJU8757,01:29.0,corpsvcmtxcutoverrpt_sql,47:33.7,xrdcwddbsuip06,MTX_ACOE_Cutover_Reporting,UI_Excel_Select_Xwalk_Source_Accommodations,facility,*ALL*,QXA4067,07:43.1
256,COCBM,MSP,MEDICAL SEMI PRIVATE,MS,Y,"TEST (2026-08-12),ZCON (2026-08-12),LIVE (2026-08-11)",0,COCBM,PR,PRIVATE ROOM,PR,Y,Y,N,None,DJU8757,01:29.1,corpsvcmtxcutoverrpt_sql,47:33.7,xrdcwddbsuip06,MTX_ACOE_Cutover_Reporting,UI_Excel_Select_Xwalk_Source_Accommodations,facility,*ALL*,QXA4067,07:43.1
257,COCBM,N,INTERMEDIATE,I,Y,"TEST (2026-08-12),ZCON (2026-08-12),LIVE (2026-08-11)",0,COCBM,PC,PROGRESSIVE CARE,PU,Y,Y,N,None,DJU8757,46:24.8,corpsvcmtxcutoverrpt_sql,47:33.7,xrdcwddbsuip06,MTX_ACOE_Cutover_Reporting,UI_Excel_Select_Xwalk_Source_Accommodations,facility,*ALL*,QXA4067,07:43.1
258,COCBM,NEU,NEURO CARE,NE,Y,"TEST (2026-08-12),ZCON (2026-08-12),LIVE (2026-08-11)",0,COCBM,PR,PRIVATE ROOM,PR,Y,Y,N,None,DJU8757,01:29.2,corpsvcmtxcutoverrpt_sql,47:33.7,xrdcwddbsuip06,MTX_ACOE_Cutover_Reporting,UI_Excel_Select_Xwalk_Source_Accommodations,facility,*ALL*,QXA4067,07:43.1
259,COCBM,NEUP,NEURO CARE - PRIVATE,NZ,Y,"TEST (2026-08-12),ZCON (2026-08-12),LIVE (2026-08-11)",0,COCBM,PR,PRIVATE ROOM,PR,Y,Y,N,None,DJU8757,01:29.2,corpsvcmtxcutoverrpt_sql,47:33.7,xrdcwddbsuip06,MTX_ACOE_Cutover_Reporting,UI_Excel_Select_Xwalk_Source_Accommodations,facility,*ALL*,QXA4067,07:43.1
260,COCBM,NI,NEURO INTENSIVE CARE,NI,Y,"TEST (2026-08-12),ZCON (2026-08-12),LIVE (2026-08-11)",0,COCBM,NI,NEURO ICU,NI,Y,Y,N,None,DJU8757,01:29.3,corpsvcmtxcutoverrpt_sql,47:33.7,xrdcwddbsuip06,MTX_ACOE_Cutover_Reporting,UI_Excel_Select_Xwalk_Source_Accommodations,facility,*ALL*,QXA4067,07:43.1
261,COCBM,NP,INTERMEDIATE PRIVATE,NP,Y,"TEST (2026-08-12),ZCON (2026-08-12),LIVE (2026-08-11)",0,COCBM,PR,PRIVATE ROOM,PR,Y,Y,N,None,DJU8757,01:29.3,corpsvcmtxcutoverrpt_sql,47:33.7,xrdcwddbsuip06,MTX_ACOE_Cutover_Reporting,UI_Excel_Select_Xwalk_Source_Accommodations,facility,*ALL*,QXA4067,07:43.1
262,COCBM,NS,Intermediate Semi Private,NS,Y,"TEST (2026-08-12),ZCON (2026-08-12),LIVE (2026-08-11)",0,COCBM,PR,PRIVATE ROOM,PR,Y,Y,N,None,DJU8757,01:29.4,corpsvcmtxcutoverrpt_sql,47:33.7,xrdcwddbsuip06,MTX_ACOE_Cutover_Reporting,UI_Excel_Select_Xwalk_Source_Accommodations,facility,*ALL*,QXA4067,07:43.1
263,COCBM,NU,NURSERY,NU,Y,"TEST (2026-08-12),ZCON (2026-08-12),LIVE (2026-08-11)",0,COCBM,PR,PRIVATE ROOM,PR,Y,Y,N,None,DJU8757,01:29.4,corpsvcmtxcutoverrpt_sql,47:33.7,xrdcwddbsuip06,MTX_ACOE_Cutover_Reporting,UI_Excel_Select_Xwalk_Source_Accommodations,facility,*ALL*,QXA4067,07:43.1
264,COCBM,P,PRIVATE ROOM,PR,Y,"TEST (2026-08-12),ZCON (2026-08-12),LIVE (2026-08-11)",0,COCBM,PR,PRIVATE ROOM,PR,Y,Y,N,None,DJU8757,01:29.5,corpsvcmtxcutoverrpt_sql,47:33.7,xrdcwddbsuip06,MTX_ACOE_Cutover_Reporting,UI_Excel_Select_Xwalk_Source_Accommodations,facility,*ALL*,QXA4067,07:43.1
265,COCBM,PO,Private Oncology,PO,Y,"TEST (2026-08-12),ZCON (2026-08-12),LIVE (2026-08-11)",0,COCBM,PR,PRIVATE ROOM,PR,Y,Y,N,None,DJU8757,01:29.5,corpsvcmtxcutoverrpt_sql,47:33.7,xrdcwddbsuip06,MTX_ACOE_Cutover_Reporting,UI_Excel_Select_Xwalk_Source_Accommodations,facility,*ALL*,QXA4067,07:43.1
266,COCBM,PP,POSTPARTUM ROOM,PP,Y,"TEST (2026-08-12),ZCON (2026-08-12),LIVE (2026-08-11)",0,COCBM,LD,LABOR AND DELIVERY,LD,Y,Y,N,None,DJU8757,01:29.6,corpsvcmtxcutoverrpt_sql,47:33.7,xrdcwddbsuip06,MTX_ACOE_Cutover_Reporting,UI_Excel_Select_Xwalk_Source_Accommodations,facility,*ALL*,QXA4067,07:43.1
267,COCBM,RHB,REHAB,RE,Y,"TEST (2026-08-12),ZCON (2026-08-12),LIVE (2026-08-11)",0,COCBM,PR,PRIVATE ROOM,PR,Y,Y,N,None,DJU8757,01:29.6,corpsvcmtxcutoverrpt_sql,47:33.7,xrdcwddbsuip06,MTX_ACOE_Cutover_Reporting,UI_Excel_Select_Xwalk_Source_Accommodations,facility,*ALL*,QXA4067,07:43.1
268,COCBM,S,SEMI-PRIVATE ROOM,SP,Y,"TEST (2026-08-12),ZCON (2026-08-12),LIVE (2026-08-11)",0,COCBM,SP,SEMI PRIVATE ROOM,SP,Y,Y,N,None,DJU8757,01:29.7,corpsvcmtxcutoverrpt_sql,47:33.7,xrdcwddbsuip06,MTX_ACOE_Cutover_Reporting,UI_Excel_Select_Xwalk_Source_Accommodations,facility,*ALL*,QXA4067,07:43.1
269,COCBM,SL,SEMI-PRIVATE ROOM LOCKED,PS,Y,"TEST (2026-08-12),ZCON (2026-08-12),LIVE (2026-08-11)",0,COCBM,PR,PRIVATE ROOM,PR,Y,Y,N,None,DJU8757,01:29.7,corpsvcmtxcutoverrpt_sql,47:33.7,xrdcwddbsuip06,MTX_ACOE_Cutover_Reporting,UI_Excel_Select_Xwalk_Source_Accommodations,facility,*ALL*,QXA4067,07:43.1
270,COCBM,SNF,SKILLED NURSING FACILITY,SN,Y,"TEST (2026-08-12),ZCON (2026-08-12),LIVE (2026-08-11)",0,COCBM,PR,PRIVATE ROOM,PR,Y,Y,N,None,DJU8757,01:29.7,corpsvcmtxcutoverrpt_sql,47:33.7,xrdcwddbsuip06,MTX_ACOE_Cutover_Reporting,UI_Excel_Select_Xwalk_Source_Accommodations,facility,*ALL*,QXA4067,07:43.1
271,COCBM,SNP,SKILLED NURSING PRIVATE,SK,Y,"TEST (2026-08-12),ZCON (2026-08-12),LIVE (2026-08-11)",0,COCBM,PR,PRIVATE ROOM,PR,Y,Y,N,None,DJU8757,01:29.8,corpsvcmtxcutoverrpt_sql,47:33.7,xrdcwddbsuip06,MTX_ACOE_Cutover_Reporting,UI_Excel_Select_Xwalk_Source_Accommodations,facility,*ALL*,QXA4067,07:43.1
272,COCBM,SO,SEMI PRIVATE ONCOLOGY,SO,Y,"TEST (2026-08-12),ZCON (2026-08-12),LIVE (2026-08-11)",0,COCBM,PR,PRIVATE ROOM,PR,Y,Y,N,None,DJU8757,01:29.8,corpsvcmtxcutoverrpt_sql,47:33.7,xrdcwddbsuip06,MTX_ACOE_Cutover_Reporting,UI_Excel_Select_Xwalk_Source_Accommodations,facility,*ALL*,QXA4067,07:43.1
273,COCBM,SS,SURGERY SEMI-PRIVATE,SS,Y,"TEST (2026-08-12),ZCON (2026-08-12),LIVE (2026-08-11)",0,COCBM,PR,PRIVATE ROOM,PR,Y,Y,N,None,DJU8757,01:29.9,corpsvcmtxcutoverrpt_sql,47:33.7,xrdcwddbsuip06,MTX_ACOE_Cutover_Reporting,UI_Excel_Select_Xwalk_Source_Accommodations,facility,*ALL*,QXA4067,07:43.1
274,COCBM,SSP,SURGICAL SERVICES PRIVATE,SU,Y,"TEST (2026-08-12),ZCON (2026-08-12),LIVE (2026-08-11)",0,COCBM,PR,PRIVATE ROOM,PR,Y,Y,N,None,DJU8757,01:29.9,corpsvcmtxcutoverrpt_sql,47:33.7,xrdcwddbsuip06,MTX_ACOE_Cutover_Reporting,UI_Excel_Select_Xwalk_Source_Accommodations,facility,*ALL*,QXA4067,07:43.1
275,COCBM,TE,TELEMETRY,TE,Y,"TEST (2026-08-12),ZCON (2026-08-12),LIVE (2026-08-11)",0,COCBM,PR,PRIVATE ROOM,PR,Y,Y,N,None,DJU8757,01:30.0,corpsvcmtxcutoverrpt_sql,47:33.7,xrdcwddbsuip06,MTX_ACOE_Cutover_Reporting,UI_Excel_Select_Xwalk_Source_Accommodations,facility,*ALL*,QXA4067,07:43.1
276,COCBM,TELP,TELEMETRY PRIVATE,TL,Y,"TEST (2026-08-12),ZCON (2026-08-12),LIVE (2026-08-11)",0,COCBM,TEL,TELEMETRY,TE,Y,Y,N,None,DJU8757,46:24.8,corpsvcmtxcutoverrpt_sql,47:33.7,xrdcwddbsuip06,MTX_ACOE_Cutover_Reporting,UI_Excel_Select_Xwalk_Source_Accommodations,facility,*ALL*,QXA4067,07:43.1
277,COCBM,TP,TELEMETRY PRIVATE,TP,Y,"TEST (2026-08-12),ZCON (2026-08-12),LIVE (2026-08-11)",0,COCBM,PR,PRIVATE ROOM,PR,Y,Y,N,None,DJU8757,01:30.1,corpsvcmtxcutoverrpt_sql,47:33.7,xrdcwddbsuip06,MTX_ACOE_Cutover_Reporting,UI_Excel_Select_Xwalk_Source_Accommodations,facility,*ALL*,QXA4067,07:43.1
278,COCBM,TS,TELEMETRY SEMI-PRIVATE,TS,Y,"TEST (2026-08-12),ZCON (2026-08-12),LIVE (2026-08-11)",0,COCBM,PR,PRIVATE ROOM,PR,Y,Y,N,None,DJU8757,01:30.1,corpsvcmtxcutoverrpt_sql,47:33.7,xrdcwddbsuip06,MTX_ACOE_Cutover_Reporting,UI_Excel_Select_Xwalk_Source_Accommodations,facility,*ALL*,QXA4067,07:43.1
279,COCBM,W,WARD,WD,Y,"TEST (2026-08-12),ZCON (2026-08-12),LIVE (2026-08-11)",0,COCBM,PR,PRIVATE ROOM,PR,Y,Y,N,None,DJU8757,01:30.1,corpsvcmtxcutoverrpt_sql,47:33.7,xrdcwddbsuip06,MTX_ACOE_Cutover_Reporting,UI_Excel_Select_Xwalk_Source_Accommodations,facility,*ALL*,QXA4067,07:43.1
280,COCCBQ,___N/A___20250731121211,Net New Expanse Accommodation--no MT56 data,___,___,NO MATCH,0,COCCBQ,,,,,N,Y,None,QVO8748,14:58.4,HCA\IIU4396,15:55.2,xrdcwddbsuip06,MTX_ACOE_Cutover_Reporting,UI_Excel_Select_Xwalk_Source_Accommodations,facility,*ALL*,QXA4067,07:43.1
281,COCCBQ,AP,ANTEPARTUM PRIVATE,AP,Y,"TEST (2025-12-11),ZCON (2025-12-11),LIVE (2025-12-05)",0,COCCBQ,MP,MEDICAL PRIVATE,MP,Y,Y,N,None,IIU4396,58:34.3,HCA\IIU4396,46:47.7,xrdcwddbsuip06,MTX_ACOE_Cutover_Reporting,UI_Excel_Select_Xwalk_Source_Accommodations,facility,*ALL*,QXA4067,07:43.1
282,COCCBQ,AS,ANTEPARTUM SEMI-PRIVATE,AS,Y,"TEST (2025-12-11),ZCON (2025-12-11),LIVE (2025-12-05)",0,COCCBQ,MP,MEDICAL PRIVATE,MP,Y,Y,N,None,IIU4396,58:34.3,HCA\IIU4396,46:47.7,xrdcwddbsuip06,MTX_ACOE_Cutover_Reporting,UI_Excel_Select_Xwalk_Source_Accommodations,facility,*ALL*,QXA4067,07:43.1
283,COCCBQ,BB,BOARDER BABY,BB,Y,"TEST (2025-12-11),ZCON (2025-12-11),LIVE (2025-12-05)",0,COCCBQ,MP,MEDICAL PRIVATE,MP,Y,Y,N,None,IIU4396,58:34.4,corpsvcmtxcutoverrpt_sql,14:06.0,xrdcwddbsuip06,MTX_ACOE_Cutover_Reporting,UI_Excel_Select_Xwalk_Source_Accommodations,facility,*ALL*,QXA4067,07:43.1
284,COCCBQ,CC,CORONARY CARE,CC,Y,"TEST (2025-12-11),ZCON (2025-12-11),LIVE (2025-12-05)",0,COCCBQ,MP,MEDICAL PRIVATE,MP,Y,Y,N,None,IIU4396,58:34.4,HCA\IIU4396,46:47.7,xrdcwddbsuip06,MTX_ACOE_Cutover_Reporting,UI_Excel_Select_Xwalk_Source_Accommodations,facility,*ALL*,QXA4067,07:43.1
285,COCCBQ,IC,INTENSIVE CARE,IC,Y,"TEST (2025-12-11),ZCON (2025-12-11),LIVE (2025-12-05)",0,COCCBQ,IC,INTENSIVE CARE,IC,Y,Y,N,None,IIU4396,58:34.4,HCA\IIU4396,46:47.7,xrdcwddbsuip06,MTX_ACOE_Cutover_Reporting,UI_Excel_Select_Xwalk_Source_Accommodations,facility,*ALL*,QXA4067,07:43.1
286,COCCBQ,IS,ISOLATION,IS,Y,"TEST (2025-12-11),ZCON (2025-12-11),LIVE (2025-12-05)",0,COCCBQ,MP,MEDICAL PRIVATE,MP,Y,Y,N,None,IIU4396,58:34.5,HCA\IIU4396,46:47.7,xrdcwddbsuip06,MTX_ACOE_Cutover_Reporting,UI_Excel_Select_Xwalk_Source_Accommodations,facility,*ALL*,QXA4067,07:43.1
287,COCCBQ,L1,NEWBORN LEVEL I,L1,Y,"TEST (2025-12-11),ZCON (2025-12-11),LIVE (2025-12-05)",0,COCCBQ,L1,NEWBORN LEVEL I CARE,L1,Y,Y,N,None,QVO8748,38:13.3,HCA\CORPSVCACOESSISPROXY,14:04.6,xrdcwddbsuip06,MTX_ACOE_Cutover_Reporting,UI_Excel_Select_Xwalk_Source_Accommodations,facility,*ALL*,QXA4067,07:43.1
288,COCCBQ,L2,NEWBORN LEVEL II,L2,Y,"TEST (2025-12-11),ZCON (2025-12-11),LIVE (2025-12-05)",0,COCCBQ,L2,NEWBORN LEVEL II CARE,L2,Y,Y,N,None,QVO8748,38:13.3,HCA\CORPSVCACOESSISPROXY,14:04.6,xrdcwddbsuip06,MTX_ACOE_Cutover_Reporting,UI_Excel_Select_Xwalk_Source_Accommodations,facility,*ALL*,QXA4067,07:43.1
289,COCCBQ,L3,NEWBORN LEVEL III,L3,Y,"TEST (2025-12-11),ZCON (2025-12-11),LIVE (2025-12-05)",0,COCCBQ,L3,NEWBORN LEVEL III CARE,L3,Y,Y,N,None,QVO8748,38:13.3,HCA\CORPSVCACOESSISPROXY,14:04.6,xrdcwddbsuip06,MTX_ACOE_Cutover_Reporting,UI_Excel_Select_Xwalk_Source_Accommodations,facility,*ALL*,QXA4067,07:43.1
290,COCCBQ,L4,NEWBORN LEVEL IV,L4,Y,"TEST (2025-12-11),ZCON (2025-12-11),LIVE (2025-12-05)",0,COCCBQ,L4,NEWBORN LEVEL IV CARE,L4,Y,Y,N,None,QVO8748,38:13.4,HCA\CORPSVCACOESSISPROXY,14:04.6,xrdcwddbsuip06,MTX_ACOE_Cutover_Reporting,UI_Excel_Select_Xwalk_Source_Accommodations,facility,*ALL*,QXA4067,07:43.1
291,COCCBQ,LD,LABOR AND DELIVERY,LD,Y,"TEST (2025-12-11),ZCON (2025-12-11),LIVE (2025-12-05)",0,COCCBQ,LD,LABOR AND DELIVERY,LD,Y,Y,N,None,IIU4396,58:34.5,HCA\IIU4396,46:47.7,xrdcwddbsuip06,MTX_ACOE_Cutover_Reporting,UI_Excel_Select_Xwalk_Source_Accommodations,facility,*ALL*,QXA4067,07:43.1
292,COCCBQ,ME,MEDICAL PRIVATE,ME,Y,"TEST (2025-12-11),ZCON (2025-12-11),LIVE (2025-12-05)",0,COCCBQ,MP,MEDICAL PRIVATE,MP,Y,Y,N,None,IIU4396,58:34.5,HCA\IIU4396,46:47.7,xrdcwddbsuip06,MTX_ACOE_Cutover_Reporting,UI_Excel_Select_Xwalk_Source_Accommodations,facility,*ALL*,QXA4067,07:43.1
293,COCCBQ,MS,MEDICAL SEMI-PRIVATE,MS,Y,"TEST (2025-12-11),ZCON (2025-12-11),LIVE (2025-12-05)",0,COCCBQ,MP,MEDICAL PRIVATE,MP,Y,Y,N,None,IIU4396,58:34.6,HCA\IIU4396,46:47.7,xrdcwddbsuip06,MTX_ACOE_Cutover_Reporting,UI_Excel_Select_Xwalk_Source_Accommodations,facility,*ALL*,QXA4067,07:43.1
294,COCCBQ,N2,NEONATAL INTENSIVE LEVEL 2,N2,N,"TEST (2025-12-11),ZCON (2025-12-11),LIVE (2025-12-05)",0,COCCBQ,L2,NEWBORN LEVEL II CARE,L2,Y,N,Y,None,QVO8748,49:33.8,corpsvcmtxcutoverrpt_sql,00:05.4,xrdcwddbsuip06,MTX_ACOE_Cutover_Reporting,UI_Excel_Select_Xwalk_Source_Accommodations,facility,*ALL*,QXA4067,07:43.1
295,COCCBQ,N3,NEONATAL INTENSIVE LEVEL 3,N3,N,"TEST (2025-12-11),ZCON (2025-12-11),LIVE (2025-12-05)",0,COCCBQ,L3,NEWBORN LEVEL III CARE,L3,Y,N,Y,None,QVO8748,49:33.9,corpsvcmtxcutoverrpt_sql,00:05.4,xrdcwddbsuip06,MTX_ACOE_Cutover_Reporting,UI_Excel_Select_Xwalk_Source_Accommodations,facility,*ALL*,QXA4067,07:43.1
296,COCCBQ,N4,NEONATAL INTENSIVE LEVEL 4,N4,N,"TEST (2025-12-11),ZCON (2025-12-11),LIVE (2025-12-05)",0,COCCBQ,L4,NEWBORN LEVEL IV CARE,L4,Y,N,Y,None,QVO8748,49:33.9,corpsvcmtxcutoverrpt_sql,00:05.4,xrdcwddbsuip06,MTX_ACOE_Cutover_Reporting,UI_Excel_Select_Xwalk_Source_Accommodations,facility,*ALL*,QXA4067,07:43.1
297,COCCBQ,NI,NEONATAL INTENSIVE,NI,Y,"TEST (2025-12-11),ZCON (2025-12-11),LIVE (2025-12-05)",0,COCCBQ,MP,MEDICAL PRIVATE,MP,Y,Y,N,None,IIU4396,58:34.7,corpsvcmtxcutoverrpt_sql,14:06.0,xrdcwddbsuip06,MTX_ACOE_Cutover_Reporting,UI_Excel_Select_Xwalk_Source_Accommodations,facility,*ALL*,QXA4067,07:43.1
298,COCCBQ,NU,NEWBORN NURSERY,NU,Y,"TEST (2025-12-11),ZCON (2025-12-11),LIVE (2025-12-05)",0,COCCBQ,L1,NEWBORN LEVEL I CARE,L1,Y,Y,N,None,IIU4396,58:34.8,HCA\IIU4396,46:47.7,xrdcwddbsuip06,MTX_ACOE_Cutover_Reporting,UI_Excel_Select_Xwalk_Source_Accommodations,facility,*ALL*,QXA4067,07:43.1
299,COCCBQ,P,PRIVATE ROOM,P,Y,"TEST (2025-12-11),ZCON (2025-12-11),LIVE (2025-12-05)",0,COCCBQ,PR,PRIVATE ROOM,PR,Y,Y,N,None,IIU4396,58:34.8,HCA\IIU4396,46:47.7,xrdcwddbsuip06,MTX_ACOE_Cutover_Reporting,UI_Excel_Select_Xwalk_Source_Accommodations,facility,*ALL*,QXA4067,07:43.1
300,COCCBQ,PC,PROGRESSIVE CARE,PC,Y,"TEST (2025-12-11),ZCON (2025-12-11),LIVE (2025-12-05)",0,COCCBQ,MP,MEDICAL PRIVATE,MP,Y,Y,N,None,IIU4396,58:34.8,HCA\IIU4396,46:47.7,xrdcwddbsuip06,MTX_ACOE_Cutover_Reporting,UI_Excel_Select_Xwalk_Source_Accommodations,facility,*ALL*,QXA4067,07:43.1
301,COCCBQ,PI,PEDIATRIC INTENSIVE,PI,Y,"TEST (2025-12-11),ZCON (2025-12-11),LIVE (2025-12-05)",0,COCCBQ,PIC,PEDIATRIC INTENSIVE CARE,PIC,Y,Y,N,None,IIU4396,58:34.9,HCA\IIU4396,46:47.7,xrdcwddbsuip06,MTX_ACOE_Cutover_Reporting,UI_Excel_Select_Xwalk_Source_Accommodations,facility,*ALL*,QXA4067,07:43.1
302,COCCBQ,PP,PROGRESSIVE PRIVATE,PP,Y,"TEST (2025-12-11),ZCON (2025-12-11),LIVE (2025-12-05)",0,COCCBQ,PCP,PROGRESSIVE CARE PRIVATE,PCP,Y,Y,N,None,IIU4396,58:34.9,HCA\IIU4396,46:47.7,xrdcwddbsuip06,MTX_ACOE_Cutover_Reporting,UI_Excel_Select_Xwalk_Source_Accommodations,facility,*ALL*,QXA4067,07:43.1
303,COCCBQ,RP,REHAB PRIVATE,RP,Y,"TEST (2025-12-11),ZCON (2025-12-11),LIVE (2025-12-05)",0,COCCBQ,RP,REHAB PRIVATE,RP,Y,Y,N,None,IIU4396,58:34.9,HCA\IIU4396,46:47.7,xrdcwddbsuip06,MTX_ACOE_Cutover_Reporting,UI_Excel_Select_Xwalk_Source_Accommodations,facility,*ALL*,QXA4067,07:43.1
304,COCCBQ,SP,SEMI-PRIVATE,SP,Y,"TEST (2025-12-11),ZCON (2025-12-11),LIVE (2025-12-05)",0,COCCBQ,SP,SEMI PRIVATE ROOM,SP,Y,Y,N,None,IIU4396,58:35.0,HCA\IIU4396,46:47.7,xrdcwddbsuip06,MTX_ACOE_Cutover_Reporting,UI_Excel_Select_Xwalk_Source_Accommodations,facility,*ALL*,QXA4067,07:43.1
305,COCCBQ,SR,SURGICAL PRIVATE,SR,Y,"TEST (2025-12-11),ZCON (2025-12-11),LIVE (2025-12-05)",0,COCCBQ,MP,MEDICAL PRIVATE,MP,Y,Y,N,None,IIU4396,58:35.0,HCA\IIU4396,46:47.7,xrdcwddbsuip06,MTX_ACOE_Cutover_Reporting,UI_Excel_Select_Xwalk_Source_Accommodations,facility,*ALL*,QXA4067,07:43.1
306,COCCBQ,SS,SURGICAL SEMI-PRIVATE,SS,Y,"TEST (2025-12-11),ZCON (2025-12-11),LIVE (2025-12-05)",0,COCCBQ,MP,MEDICAL PRIVATE,MP,Y,Y,N,None,IIU4396,58:35.0,HCA\IIU4396,46:47.7,xrdcwddbsuip06,MTX_ACOE_Cutover_Reporting,UI_Excel_Select_Xwalk_Source_Accommodations,facility,*ALL*,QXA4067,07:43.1
307,COCCC,CC,CORONARY CARE,CC,Y,NO MATCH,0,COCCC,CC,CORONARY CARE,y,CC,Y,N,None,IIU4396,10:07.0,HCA\IIU4396,46:47.7,xrdcwddbsuip06,MTX_ACOE_Cutover_Reporting,UI_Excel_Select_Xwalk_Source_Accommodations,facility,*ALL*,QXA4067,07:43.1
308,COCCC,D,SEMI PRIVATE DETOX,D,Y,NO MATCH,0,COCCC,D,DETOX,Y,D,Y,N,None,IIU4396,10:07.1,HCA\IIU4396,46:47.7,xrdcwddbsuip06,MTX_ACOE_Cutover_Reporting,UI_Excel_Select_Xwalk_Source_Accommodations,facility,*ALL*,QXA4067,07:43.1
309,COCCC,EC,ECMO,EC,Y,NO MATCH,0,COCCC,EC,ECMO,Y,EC,Y,N,None,IIU4396,10:07.1,HCA\IIU4396,46:47.7,xrdcwddbsuip06,MTX_ACOE_Cutover_Reporting,UI_Excel_Select_Xwalk_Source_Accommodations,facility,*ALL*,QXA4067,07:43.1
310,COCCC,IC,INTENSIVE CARE,IC,Y,NO MATCH,0,COCCC,IC,INTENSIVE CARE,Y,IC,Y,N,None,IIU4396,10:07.2,HCA\IIU4396,46:47.7,xrdcwddbsuip06,MTX_ACOE_Cutover_Reporting,UI_Excel_Select_Xwalk_Source_Accommodations,facility,*ALL*,QXA4067,07:43.1
311,COCCC,IS,ISOLATION,IS,Y,NO MATCH,0,COCCC,PR,PRIVATE ROOM,Y,P,Y,N,None,IIU4396,10:07.2,HCA\IIU4396,46:47.7,xrdcwddbsuip06,MTX_ACOE_Cutover_Reporting,UI_Excel_Select_Xwalk_Source_Accommodations,facility,*ALL*,QXA4067,07:43.1
312,COCCC,ISP,ISOLATION - PRIVATE,IR,Y,NO MATCH,0,COCCC,PR,PRIVATE ROOM,Y,P,Y,N,None,IIU4396,10:07.2,HCA\IIU4396,46:47.7,xrdcwddbsuip06,MTX_ACOE_Cutover_Reporting,UI_Excel_Select_Xwalk_Source_Accommodations,facility,*ALL*,QXA4067,07:43.1
313,COCCC,ISS,ISOLATION - SEMIPRIVATE,IL,Y,NO MATCH,0,COCCC,PR,PRIVATE ROOM,Y,P,Y,N,None,IIU4396,10:07.3,HCA\IIU4396,46:47.7,xrdcwddbsuip06,MTX_ACOE_Cutover_Reporting,UI_Excel_Select_Xwalk_Source_Accommodations,facility,*ALL*,QXA4067,07:43.1
314,COCCC,L1,NEWBORN,L1,Y,NO MATCH,0,COCCC,L1,NEWBORN LEVEL I CARE,Y,L1,Y,N,None,IIU4396,10:07.3,HCA\IIU4396,46:47.7,xrdcwddbsuip06,MTX_ACOE_Cutover_Reporting,UI_Excel_Select_Xwalk_Source_Accommodations,facility,*ALL*,QXA4067,07:43.1
315,COCCC,L2,NEWBORN LEVEL II,L2,Y,NO MATCH,0,COCCC,L2,NEWBORN LEVEL II CARE,Y,L2,Y,N,None,IIU4396,10:07.3,HCA\IIU4396,46:47.7,xrdcwddbsuip06,MTX_ACOE_Cutover_Reporting,UI_Excel_Select_Xwalk_Source_Accommodations,facility,*ALL*,QXA4067,07:43.1
316,COCCC,L3,NEWBORN NICU LEVEL III,L3,Y,NO MATCH,0,COCCC,L3,NEWBORN LEVEL III CARE,Y,L3,Y,N,None,IIU4396,10:07.4,HCA\IIU4396,46:47.7,xrdcwddbsuip06,MTX_ACOE_Cutover_Reporting,UI_Excel_Select_Xwalk_Source_Accommodations,facility,*ALL*,QXA4067,07:43.1
317,COCCC,L4,NEWBORN NICU LEVEL IV,L4,Y,NO MATCH,0,COCCC,L4,NEWBORN LEVEL IV CARE,Y,L4,Y,N,None,IIU4396,10:07.4,HCA\IIU4396,46:47.7,xrdcwddbsuip06,MTX_ACOE_Cutover_Reporting,UI_Excel_Select_Xwalk_Source_Accommodations,facility,*ALL*,QXA4067,07:43.1
318,COCCC,MI,MEDICAL ICU,MI,N,NO MATCH,0,COCCC,IC,INTENSIVE CARE,Y,IC,N,Y,None,JKB0282,43:56.6,HCA\IIU4396,46:47.7,xrdcwddbsuip06,MTX_ACOE_Cutover_Reporting,UI_Excel_Select_Xwalk_Source_Accommodations,facility,*ALL*,QXA4067,07:43.1
319,COCCC,NB,NEWBORN WELL BABY,NB,Y,NO MATCH,0,COCCC,L1,NEWBORN LEVEL I CARE,Y,L1,Y,N,None,JKB0282,57:50.6,HCA\IIU4396,46:47.7,xrdcwddbsuip06,MTX_ACOE_Cutover_Reporting,UI_Excel_Select_Xwalk_Source_Accommodations,facility,*ALL*,QXA4067,07:43.1
320,COCCC,NEU,NEURO ICU,NE,N,NO MATCH,0,COCCC,,,,,N,Y,None,QVO8748,23:44.7,HCA\IIU4396,46:47.7,xrdcwddbsuip06,MTX_ACOE_Cutover_Reporting,UI_Excel_Select_Xwalk_Source_Accommodations,facility,*ALL*,QXA4067,07:43.1
321,COCCC,OS,OBSERVATION,OS,N,NO MATCH,0,COCCC,,,,,N,Y,None,QVO8748,23:44.7,HCA\IIU4396,46:47.7,xrdcwddbsuip06,MTX_ACOE_Cutover_Reporting,UI_Excel_Select_Xwalk_Source_Accommodations,facility,*ALL*,QXA4067,07:43.1
322,COCCC,P,PRIVATE ROOM,P,Y,NO MATCH,0,COCCC,PR,PRIVATE ROOM,Y,P,Y,N,None,IIU4396,10:07.5,HCA\IIU4396,46:47.7,xrdcwddbsuip06,MTX_ACOE_Cutover_Reporting,UI_Excel_Select_Xwalk_Source_Accommodations,facility,*ALL*,QXA4067,07:43.1
323,COCCC,PC,PROGRESSIVE CARE,PC,Y,NO MATCH,0,COCCC,PC,PROGRESSIVE CARE,Y,PC,Y,N,None,IIU4396,10:07.5,HCA\IIU4396,46:47.7,xrdcwddbsuip06,MTX_ACOE_Cutover_Reporting,UI_Excel_Select_Xwalk_Source_Accommodations,facility,*ALL*,QXA4067,07:43.1
324,COCCC,PI,PICU,PI,Y,NO MATCH,0,COCCC,PIC,PEDIATRIC INTENSIVE CARE,Y,PIC,Y,N,None,IIU4396,10:07.6,HCA\IIU4396,46:47.7,xrdcwddbsuip06,MTX_ACOE_Cutover_Reporting,UI_Excel_Select_Xwalk_Source_Accommodations,facility,*ALL*,QXA4067,07:43.1
325,COCCC,PSC,PEDIATRIC SPECIAL CARE,PD,Y,NO MATCH,0,COCCC,PR,PRIVATE ROOM,Y,P,Y,N,None,IIU4396,10:07.6,HCA\IIU4396,46:47.7,xrdcwddbsuip06,MTX_ACOE_Cutover_Reporting,UI_Excel_Select_Xwalk_Source_Accommodations,facility,*ALL*,QXA4067,07:43.1
326,COCCC,RAP,RAPHA,RA,N,NO MATCH,0,COCCC,,,,,N,Y,None,QVO8748,23:44.8,HCA\IIU4396,46:47.7,xrdcwddbsuip06,MTX_ACOE_Cutover_Reporting,UI_Excel_Select_Xwalk_Source_Accommodations,facility,*ALL*,QXA4067,07:43.1
327,COCCC,RS,REHAB SEMI-PRIVATE,RS,N,NO MATCH,0,COCCC,,,,,N,Y,None,QVO8748,23:44.8,HCA\IIU4396,46:47.7,xrdcwddbsuip06,MTX_ACOE_Cutover_Reporting,UI_Excel_Select_Xwalk_Source_Accommodations,facility,*ALL*,QXA4067,07:43.1
328,COCCC,S,SEMI-PRIVATE ROOM,S,Y,NO MATCH,0,COCCC,SP,SEMI PRIVATE,Y,S,Y,N,None,IIU4396,10:07.6,HCA\IIU4396,46:47.7,xrdcwddbsuip06,MTX_ACOE_Cutover_Reporting,UI_Excel_Select_Xwalk_Source_Accommodations,facility,*ALL*,QXA4067,07:43.1
329,COCCC,SPEC,SPECIAL CARE BED,SB,Y,NO MATCH,0,COCCC,PR,PRIVATE ROOM,Y,P,Y,N,None,IIU4396,10:07.7,HCA\IIU4396,46:47.7,xrdcwddbsuip06,MTX_ACOE_Cutover_Reporting,UI_Excel_Select_Xwalk_Source_Accommodations,facility,*ALL*,QXA4067,07:43.1
330,COCCC,TEL,STEPDOWN/TEL,TE,Y,NO MATCH,0,COCCC,TEL,TELEMETRY,Y,TE,Y,N,None,IIU4396,10:07.7,HCA\IIU4396,46:47.7,xrdcwddbsuip06,MTX_ACOE_Cutover_Reporting,UI_Excel_Select_Xwalk_Source_Accommodations,facility,*ALL*,QXA4067,07:43.2
331,COCCC,TR,TRAUMA,TR,Y,NO MATCH,0,COCCC,TR,TRAUMA,Y,TR,Y,N,None,IIU4396,10:07.7,HCA\IIU4396,46:47.7,xrdcwddbsuip06,MTX_ACOE_Cutover_Reporting,UI_Excel_Select_Xwalk_Source_Accommodations,facility,*ALL*,QXA4067,07:43.2
332,COCCF,___N/A___20260325094005,Net New Expanse Accommodation,___,___,"TEST (2026-09-20),ZCON (2026-09-20),LIVE (2026-09-04)",0,COCCF,EC,ECMO,EC,Y,N,Y,None,UDP4850,07:59.1,HCA\IIU4396,40:04.3,xrdcwddbsuip06,MTX_ACOE_Cutover_Reporting,UI_Excel_Select_Xwalk_Source_Accommodations,facility,*ALL*,QXA4067,07:43.2
333,COCCF,A,ANTEPARTUM,AN,Y,"TEST (2026-09-20),ZCON (2026-09-20),LIVE (2026-09-04)",0,COCCF,AP,ANTEPARTUM,AN,Y,Y,N,None,QVO8748,56:29.5,corpsvcmtxcutoverrpt_sql,47:33.7,xrdcwddbsuip06,MTX_ACOE_Cutover_Reporting,UI_Excel_Select_Xwalk_Source_Accommodations,facility,*ALL*,QXA4067,07:43.2
334,COCCF,DS,DAY SURGERY,DS,Y,"TEST (2026-09-20),ZCON (2026-09-20),LIVE (2026-09-04)",0,COCCF,PR,PRIVATE ROOM,PR,Y,Y,N,None,QVO8748,56:29.6,corpsvcmtxcutoverrpt_sql,47:33.7,xrdcwddbsuip06,MTX_ACOE_Cutover_Reporting,UI_Excel_Select_Xwalk_Source_Accommodations,facility,*ALL*,QXA4067,07:43.2
335,COCCF,ECNB,ECMO NEWBORN,EN,Y,"TEST (2026-09-20),ZCON (2026-09-20),LIVE (2026-09-04)",0,COCCF,EC,ECMO,EC,Y,Y,N,None,QVO8748,08:43.7,corpsvcmtxcutoverrpt_sql,47:33.7,xrdcwddbsuip06,MTX_ACOE_Cutover_Reporting,UI_Excel_Select_Xwalk_Source_Accommodations,facility,*ALL*,QXA4067,07:43.2
336,COCCF,F.NU,NURSERY,Y,N,NO MATCH,0,COCCF,,,,,N,Y,None,QVO8748,23:50.2,corpsvcmtxcutoverrpt_sql,47:33.7,xrdcwddbsuip06,MTX_ACOE_Cutover_Reporting,UI_Excel_Select_Xwalk_Source_Accommodations,facility,*ALL*,QXA4067,07:43.2
337,COCCF,I,INTENSIVE CARE,IC,Y,"TEST (2026-09-20),ZCON (2026-09-20),LIVE (2026-09-04)",0,COCCF,IC,INTENSIVE CARE,IC,Y,Y,N,None,QVO8748,56:29.7,corpsvcmtxcutoverrpt_sql,47:33.7,xrdcwddbsuip06,MTX_ACOE_Cutover_Reporting,UI_Excel_Select_Xwalk_Source_Accommodations,facility,*ALL*,QXA4067,07:43.2
338,COCCF,IC,INTERMEDIATE NURSERY - NSY2,NB,Y,"TEST (2026-09-20),ZCON (2026-09-20),LIVE (2026-09-04)",0,COCCF,PR,PRIVATE ROOM,PR,Y,Y,N,None,FAK3017,54:50.9,corpsvcmtxcutoverrpt_sql,47:33.7,xrdcwddbsuip06,MTX_ACOE_Cutover_Reporting,UI_Excel_Select_Xwalk_Source_Accommodations,facility,*ALL*,QXA4067,07:43.2
339,COCCF,ICC,INTENSIVE CARE - CRITICAL,IR,Y,"TEST (2026-09-20),ZCON (2026-09-20),LIVE (2026-09-04)",0,COCCF,IC,INTENSIVE CARE,IC,Y,Y,N,None,QVO8748,56:29.8,corpsvcmtxcutoverrpt_sql,47:33.7,xrdcwddbsuip06,MTX_ACOE_Cutover_Reporting,UI_Excel_Select_Xwalk_Source_Accommodations,facility,*ALL*,QXA4067,07:43.2
340,COCCF,ICE,INTENSIVE CARE - ELEVATED,IE,Y,"TEST (2026-09-20),ZCON (2026-09-20),LIVE (2026-09-04)",0,COCCF,PR,PRIVATE ROOM,PR,Y,Y,N,None,FAK3017,54:50.9,corpsvcmtxcutoverrpt_sql,47:33.7,xrdcwddbsuip06,MTX_ACOE_Cutover_Reporting,UI_Excel_Select_Xwalk_Source_Accommodations,facility,*ALL*,QXA4067,07:43.2
341,COCCF,IM,CARDIAC/IMU,PC,Y,"TEST (2026-09-20),ZCON (2026-09-20),LIVE (2026-09-04)",0,COCCF,PC,PROGRESSIVE CARE,PC,Y,Y,N,None,QVO8748,56:29.9,corpsvcmtxcutoverrpt_sql,47:33.7,xrdcwddbsuip06,MTX_ACOE_Cutover_Reporting,UI_Excel_Select_Xwalk_Source_Accommodations,facility,*ALL*,QXA4067,07:43.2
342,COCCF,L1,NEWBORN LEVEL I R&B,L1,Y,"TEST (2026-09-20),ZCON (2026-09-20),LIVE (2026-09-04)",0,COCCF,L1,NEWBORN LEVEL I CARE,L1,Y,Y,N,None,QVO8748,56:29.9,corpsvcmtxcutoverrpt_sql,47:33.7,xrdcwddbsuip06,MTX_ACOE_Cutover_Reporting,UI_Excel_Select_Xwalk_Source_Accommodations,facility,*ALL*,QXA4067,07:43.2
343,COCCF,L2,NEWBORN LEVEL II R&B,L2,Y,"TEST (2026-09-20),ZCON (2026-09-20),LIVE (2026-09-04)",0,COCCF,L2,NEWBORN LEVEL II CARE,L2,Y,Y,N,None,QVO8748,56:30.0,corpsvcmtxcutoverrpt_sql,47:33.7,xrdcwddbsuip06,MTX_ACOE_Cutover_Reporting,UI_Excel_Select_Xwalk_Source_Accommodations,facility,*ALL*,QXA4067,07:43.2
344,COCCF,L3,NEWBORN LEVEL III R&B,L3,Y,"TEST (2026-09-20),ZCON (2026-09-20),LIVE (2026-09-04)",0,COCCF,L3,NEWBORN LEVEL III CARE,L3,Y,Y,N,None,QVO8748,56:30.0,corpsvcmtxcutoverrpt_sql,47:33.7,xrdcwddbsuip06,MTX_ACOE_Cutover_Reporting,UI_Excel_Select_Xwalk_Source_Accommodations,facility,*ALL*,QXA4067,07:43.2
345,COCCF,L4,NEWBORN LEVEL IV R&B,L4,Y,"TEST (2026-09-20),ZCON (2026-09-20),LIVE (2026-09-04)",0,COCCF,L4,NEWBORN LEVEL IV CARE,L4,Y,Y,N,None,QVO8748,56:30.2,corpsvcmtxcutoverrpt_sql,47:33.7,xrdcwddbsuip06,MTX_ACOE_Cutover_Reporting,UI_Excel_Select_Xwalk_Source_Accommodations,facility,*ALL*,QXA4067,07:43.2
346,COCCF,LD,LABOR & DELIVERY,LD,Y,"TEST (2026-09-20),ZCON (2026-09-20),LIVE (2026-09-04)",0,COCCF,LD,LABOR AND DELIVERY,LD,Y,Y,N,None,QVO8748,56:30.2,corpsvcmtxcutoverrpt_sql,47:33.7,xrdcwddbsuip06,MTX_ACOE_Cutover_Reporting,UI_Excel_Select_Xwalk_Source_Accommodations,facility,*ALL*,QXA4067,07:43.2
347,COCCF,LI,L&D INTENSIVE CARE,LI,Y,"TEST (2026-09-20),ZCON (2026-09-20),LIVE (2026-09-04)",0,COCCF,IC,INTENSIVE CARE,IC,Y,Y,N,None,QVO8748,56:30.3,corpsvcmtxcutoverrpt_sql,47:33.7,xrdcwddbsuip06,MTX_ACOE_Cutover_Reporting,UI_Excel_Select_Xwalk_Source_Accommodations,facility,*ALL*,QXA4067,07:43.2
348,COCCF,LIM,L&D INTERMEDIATE,LM,Y,"TEST (2026-09-20),ZCON (2026-09-20),LIVE (2026-09-04)",0,COCCF,PC,PROGRESSIVE CARE,PC,Y,Y,N,None,QVO8748,56:30.4,corpsvcmtxcutoverrpt_sql,47:33.7,xrdcwddbsuip06,MTX_ACOE_Cutover_Reporting,UI_Excel_Select_Xwalk_Source_Accommodations,facility,*ALL*,QXA4067,07:43.2
349,COCCF,MP,MEDICAL PRIVATE,MP,Y,"TEST (2026-09-20),ZCON (2026-09-20),LIVE (2026-09-04)",0,COCCF,PR,PRIVATE ROOM,PR,Y,Y,N,None,FAK3017,54:51.0,corpsvcmtxcutoverrpt_sql,47:33.7,xrdcwddbsuip06,MTX_ACOE_Cutover_Reporting,UI_Excel_Select_Xwalk_Source_Accommodations,facility,*ALL*,QXA4067,07:43.2
350,COCCF,MS,MEDICAL SURGICAL,MS,Y,"TEST (2026-09-20),ZCON (2026-09-20),LIVE (2026-09-04)",0,COCCF,PR,PRIVATE ROOM,PR,Y,Y,N,None,FAK3017,54:51.0,corpsvcmtxcutoverrpt_sql,47:33.7,xrdcwddbsuip06,MTX_ACOE_Cutover_Reporting,UI_Excel_Select_Xwalk_Source_Accommodations,facility,*ALL*,QXA4067,07:43.2
351,COCCF,MV,MED/SURG VIP,MV,Y,"TEST (2026-09-20),ZCON (2026-09-20),LIVE (2026-09-04)",0,COCCF,PR,PRIVATE ROOM,PR,Y,Y,N,None,FAK3017,54:51.1,corpsvcmtxcutoverrpt_sql,47:33.7,xrdcwddbsuip06,MTX_ACOE_Cutover_Reporting,UI_Excel_Select_Xwalk_Source_Accommodations,facility,*ALL*,QXA4067,07:43.2
352,COCCF,N,INTERMEDIATE,IM,Y,"TEST (2026-09-20),ZCON (2026-09-20),LIVE (2026-09-04)",0,COCCF,PCCC,PROGRESSIVE CARE CCU,IM,Y,Y,N,None,QVO8748,56:30.6,corpsvcmtxcutoverrpt_sql,47:33.7,xrdcwddbsuip06,MTX_ACOE_Cutover_Reporting,UI_Excel_Select_Xwalk_Source_Accommodations,facility,*ALL*,QXA4067,07:43.2
353,COCCF,N1,NURSERY LEVEL 1,N1,Y,"TEST (2026-09-20),ZCON (2026-09-20),LIVE (2026-09-04)",0,COCCF,PR,PRIVATE ROOM,PR,Y,Y,N,None,FAK3017,54:51.1,corpsvcmtxcutoverrpt_sql,47:33.7,xrdcwddbsuip06,MTX_ACOE_Cutover_Reporting,UI_Excel_Select_Xwalk_Source_Accommodations,facility,*ALL*,QXA4067,07:43.2
354,COCCF,N2,NURSERY LEVEL II,N2,Y,"TEST (2026-09-20),ZCON (2026-09-20),LIVE (2026-09-04)",0,COCCF,PR,PRIVATE ROOM,PR,Y,Y,N,None,FAK3017,54:51.2,corpsvcmtxcutoverrpt_sql,47:33.7,xrdcwddbsuip06,MTX_ACOE_Cutover_Reporting,UI_Excel_Select_Xwalk_Source_Accommodations,facility,*ALL*,QXA4067,07:43.2
355,COCCF,N3,NURSERY LEVEL III,N3,Y,"TEST (2026-09-20),ZCON (2026-09-20),LIVE (2026-09-04)",0,COCCF,PR,PRIVATE ROOM,PR,Y,Y,N,None,FAK3017,54:51.2,corpsvcmtxcutoverrpt_sql,47:33.7,xrdcwddbsuip06,MTX_ACOE_Cutover_Reporting,UI_Excel_Select_Xwalk_Source_Accommodations,facility,*ALL*,QXA4067,07:43.2
356,COCCF,NU,NURSERY,NU,Y,"TEST (2026-09-20),ZCON (2026-09-20),LIVE (2026-09-04)",0,COCCF,PR,PRIVATE ROOM,PR,Y,Y,N,None,FAK3017,54:51.2,corpsvcmtxcutoverrpt_sql,47:33.7,xrdcwddbsuip06,MTX_ACOE_Cutover_Reporting,UI_Excel_Select_Xwalk_Source_Accommodations,facility,*ALL*,QXA4067,07:43.2
357,COCCF,OF,OVERFLOW,OF,N,NO MATCH,0,COCCF,,,,,N,Y,None,QVO8748,23:50.2,corpsvcmtxcutoverrpt_sql,47:33.7,xrdcwddbsuip06,MTX_ACOE_Cutover_Reporting,UI_Excel_Select_Xwalk_Source_Accommodations,facility,*ALL*,QXA4067,07:43.2
358,COCCF,P,PRIVATE ROOM,P,Y,"TEST (2026-09-20),ZCON (2026-09-20),LIVE (2026-09-04)",0,COCCF,PR,PRIVATE ROOM,PR,Y,Y,N,None,QVO8748,56:31.2,corpsvcmtxcutoverrpt_sql,47:33.7,xrdcwddbsuip06,MTX_ACOE_Cutover_Reporting,UI_Excel_Select_Xwalk_Source_Accommodations,facility,*ALL*,QXA4067,07:43.2
359,COCCF,PCP,PEDIATRIC CARE PRIVATE,PD,Y,"TEST (2026-09-20),ZCON (2026-09-20),LIVE (2026-09-04)",0,COCCF,PP,PEDIATRIC PRIVATE,PD,Y,Y,N,None,QVO8748,56:31.2,corpsvcmtxcutoverrpt_sql,47:33.7,xrdcwddbsuip06,MTX_ACOE_Cutover_Reporting,UI_Excel_Select_Xwalk_Source_Accommodations,facility,*ALL*,QXA4067,07:43.2
360,COCCF,PN,PEDIATRIC INTERMEDIATE,PN,Y,"TEST (2026-09-20),ZCON (2026-09-20),LIVE (2026-09-04)",0,COCCF,PPCU,PEDIATRIC PROGRESSIVE CARE,PN,Y,Y,N,None,QVO8748,56:31.3,corpsvcmtxcutoverrpt_sql,47:33.7,xrdcwddbsuip06,MTX_ACOE_Cutover_Reporting,UI_Excel_Select_Xwalk_Source_Accommodations,facility,*ALL*,QXA4067,07:43.2
361,COCCF,PP,POSTPARTUM ROOM,PP,Y,"TEST (2026-09-20),ZCON (2026-09-20),LIVE (2026-09-04)",0,COCCF,PR,PRIVATE ROOM,PR,Y,Y,N,None,QVO8748,56:31.4,corpsvcmtxcutoverrpt_sql,47:33.7,xrdcwddbsuip06,MTX_ACOE_Cutover_Reporting,UI_Excel_Select_Xwalk_Source_Accommodations,facility,*ALL*,QXA4067,07:43.2
362,COCCF,PPS,POSTPARTUM SEMI-PRIVATE,PS,Y,"TEST (2026-09-20),ZCON (2026-09-20),LIVE (2026-09-04)",0,COCCF,PR,PRIVATE ROOM,PR,Y,Y,N,None,FAK3017,54:51.3,corpsvcmtxcutoverrpt_sql,47:33.7,xrdcwddbsuip06,MTX_ACOE_Cutover_Reporting,UI_Excel_Select_Xwalk_Source_Accommodations,facility,*ALL*,QXA4067,07:43.2
363,COCCF,PV,POSTPARTUM VIP,PV,Y,"TEST (2026-09-20),ZCON (2026-09-20),LIVE (2026-09-04)",0,COCCF,PR,PRIVATE ROOM,PR,Y,Y,N,None,FAK3017,54:51.3,corpsvcmtxcutoverrpt_sql,47:33.7,xrdcwddbsuip06,MTX_ACOE_Cutover_Reporting,UI_Excel_Select_Xwalk_Source_Accommodations,facility,*ALL*,QXA4067,07:43.2
364,COCCF,S,SEMI-PRIVATE ROOM,SP,Y,"TEST (2026-09-20),ZCON (2026-09-20),LIVE (2026-09-04)",0,COCCF,SP,SEMI PRIVATE ROOM,S,Y,Y,N,None,QVO8748,56:31.5,corpsvcmtxcutoverrpt_sql,47:33.7,xrdcwddbsuip06,MTX_ACOE_Cutover_Reporting,UI_Excel_Select_Xwalk_Source_Accommodations,facility,*ALL*,QXA4067,07:43.2
365,COCCL,A,ANTEPARTUM,AP,Y,"TEST (2026-08-12),ZCON (2026-08-12),LIVE (2026-08-11)",0,COCCL,AP,ANTEPARTUM,AP,Y,Y,N,None,BMB1734,51:21.7,corpsvcmtxcutoverrpt_sql,47:33.7,xrdcwddbsuip06,MTX_ACOE_Cutover_Reporting,UI_Excel_Select_Xwalk_Source_Accommodations,facility,*ALL*,QXA4067,07:43.2
366,COCCL,CB,PBS CONV NURSERY ROUTINE,B,N,NO MATCH,0,COCCL,,,,,N,Y,None,BMB1734,22:00.5,corpsvcmtxcutoverrpt_sql,47:33.7,xrdcwddbsuip06,MTX_ACOE_Cutover_Reporting,UI_Excel_Select_Xwalk_Source_Accommodations,facility,*ALL*,QXA4067,07:43.2
367,COCCL,CW,PBS CONV PROGRESSIVE CARE,W,N,NO MATCH,0,COCCL,,,,,N,Y,None,BMB1734,22:00.6,corpsvcmtxcutoverrpt_sql,47:33.7,xrdcwddbsuip06,MTX_ACOE_Cutover_Reporting,UI_Excel_Select_Xwalk_Source_Accommodations,facility,*ALL*,QXA4067,07:43.2
368,COCCL,EC,ECMO,EC,Y,"TEST (2026-08-12),ZCON (2026-08-12),LIVE (2026-08-11)",0,COCCL,EC,ECMO,EC,Y,Y,N,None,BMB1734,33:49.4,corpsvcmtxcutoverrpt_sql,00:06.0,xrdcwddbsuip06,MTX_ACOE_Cutover_Reporting,UI_Excel_Select_Xwalk_Source_Accommodations,facility,*ALL*,QXA4067,07:43.2
369,COCCL,GERI PSY,GERIATRIC PSYCH,PY,N,NO MATCH,0,COCCL,,,,,N,Y,None,BMB1734,22:00.7,corpsvcmtxcutoverrpt_sql,47:33.7,xrdcwddbsuip06,MTX_ACOE_Cutover_Reporting,UI_Excel_Select_Xwalk_Source_Accommodations,facility,*ALL*,QXA4067,07:43.2
370,COCCL,GYN,GYN,GY,Y,NO MATCH,0,COCCL,,,,,N,Y,None,BMB1734,09:42.4,corpsvcmtxcutoverrpt_sql,11:41.1,xrdcwddbsuip06,MTX_ACOE_Cutover_Reporting,UI_Excel_Select_Xwalk_Source_Accommodations,facility,*ALL*,QXA4067,07:43.2
371,COCCL,H,HOSPICE,H,Y,"TEST (2026-08-12),ZCON (2026-08-12),LIVE (2026-08-11)",0,COCCL,PR,PRIVATE ROOM,PR,Y,Y,N,None,BMB1734,41:50.1,corpsvcmtxcutoverrpt_sql,47:33.7,xrdcwddbsuip06,MTX_ACOE_Cutover_Reporting,UI_Excel_Select_Xwalk_Source_Accommodations,facility,*ALL*,QXA4067,07:43.2
372,COCCL,I,INTENSIVE CARE,IC,Y,"TEST (2026-08-12),ZCON (2026-08-12),LIVE (2026-08-11)",0,COCCL,IC,INTENSIVE CARE,IC,Y,Y,N,None,BMB1734,22:00.9,corpsvcmtxcutoverrpt_sql,47:33.7,xrdcwddbsuip06,MTX_ACOE_Cutover_Reporting,UI_Excel_Select_Xwalk_Source_Accommodations,facility,*ALL*,QXA4067,07:43.2
373,COCCL,IC,INTERMEDIATE NURSERY - NSY2,IN,Y,"TEST (2026-08-12),ZCON (2026-08-12),LIVE (2026-08-11)",0,COCCL,PR,PRIVATE ROOM,PR,Y,Y,N,None,BMB1734,41:50.2,corpsvcmtxcutoverrpt_sql,47:33.7,xrdcwddbsuip06,MTX_ACOE_Cutover_Reporting,UI_Excel_Select_Xwalk_Source_Accommodations,facility,*ALL*,QXA4067,07:43.2
374,COCCL,ICT,INTENSIVE CARE - TRAUMA,IT,Y,"TEST (2026-08-12),ZCON (2026-08-12),LIVE (2026-08-11)",0,COCCL,TRIC,TRAUMA INTENSIVE CARE,IT,Y,Y,N,None,BMB1734,22:01.1,corpsvcmtxcutoverrpt_sql,47:33.7,xrdcwddbsuip06,MTX_ACOE_Cutover_Reporting,UI_Excel_Select_Xwalk_Source_Accommodations,facility,*ALL*,QXA4067,07:43.2
375,COCCL,IS,ISOLATION,IS,Y,"TEST (2026-08-12),ZCON (2026-08-12),LIVE (2026-08-11)",0,COCCL,PR,PRIVATE ROOM,PR,Y,Y,N,None,BMB1734,39:53.0,corpsvcmtxcutoverrpt_sql,47:33.7,xrdcwddbsuip06,MTX_ACOE_Cutover_Reporting,UI_Excel_Select_Xwalk_Source_Accommodations,facility,*ALL*,QXA4067,07:43.2
376,COCCL,L1,NEWBORN LEVEL I R&B,L1,Y,"TEST (2026-08-12),ZCON (2026-08-12),LIVE (2026-08-11)",0,COCCL,L1,NEWBORN LEVEL I CARE,L1,Y,Y,N,None,BMB1734,22:01.3,corpsvcmtxcutoverrpt_sql,47:33.7,xrdcwddbsuip06,MTX_ACOE_Cutover_Reporting,UI_Excel_Select_Xwalk_Source_Accommodations,facility,*ALL*,QXA4067,07:43.2
377,COCCL,L2,NEWBORN LEVEL II R&B,L2,Y,"TEST (2026-08-12),ZCON (2026-08-12),LIVE (2026-08-11)",0,COCCL,L2,NEWBORN LEVEL II CARE,L2,Y,Y,N,None,BMB1734,22:01.3,corpsvcmtxcutoverrpt_sql,47:33.7,xrdcwddbsuip06,MTX_ACOE_Cutover_Reporting,UI_Excel_Select_Xwalk_Source_Accommodations,facility,*ALL*,QXA4067,07:43.2
378,COCCL,L3,NEWBORN LEVEL III R&B,L3,Y,"TEST (2026-08-12),ZCON (2026-08-12),LIVE (2026-08-11)",0,COCCL,L3,NEWBORN LEVEL III CARE,L3,Y,Y,N,None,BMB1734,22:01.4,corpsvcmtxcutoverrpt_sql,47:33.7,xrdcwddbsuip06,MTX_ACOE_Cutover_Reporting,UI_Excel_Select_Xwalk_Source_Accommodations,facility,*ALL*,QXA4067,07:43.2
379,COCCL,L4,NEWBORN LEVEL IV R&B,L4,Y,"TEST (2026-08-12),ZCON (2026-08-12),LIVE (2026-08-11)",0,COCCL,L4,NEWBORN LEVEL IV CARE,L4,Y,Y,N,None,BMB1734,22:01.5,corpsvcmtxcutoverrpt_sql,47:33.7,xrdcwddbsuip06,MTX_ACOE_Cutover_Reporting,UI_Excel_Select_Xwalk_Source_Accommodations,facility,*ALL*,QXA4067,07:43.2
380,COCCL,MP,MEDICAL PRIVATE,MP,Y,"TEST (2026-08-12),ZCON (2026-08-12),LIVE (2026-08-11)",0,COCCL,PR,PRIVATE ROOM,PR,Y,Y,N,None,BMB1734,22:01.5,corpsvcmtxcutoverrpt_sql,47:33.7,xrdcwddbsuip06,MTX_ACOE_Cutover_Reporting,UI_Excel_Select_Xwalk_Source_Accommodations,facility,*ALL*,QXA4067,07:43.2
381,COCCL,MS,MEDICAL SURGICAL,MS,Y,"TEST (2026-08-12),ZCON (2026-08-12),LIVE (2026-08-11)",0,COCCL,PR,PRIVATE ROOM,PR,Y,Y,N,None,BMB1734,39:53.1,corpsvcmtxcutoverrpt_sql,47:33.7,xrdcwddbsuip06,MTX_ACOE_Cutover_Reporting,UI_Excel_Select_Xwalk_Source_Accommodations,facility,*ALL*,QXA4067,07:43.2
382,COCCL,N,INTERMEDIATE,IM,Y,"TEST (2026-08-12),ZCON (2026-08-12),LIVE (2026-08-11)",0,COCCL,PC,PROGESSIVE CARE,IM,Y,Y,N,None,BMB1734,22:01.7,corpsvcmtxcutoverrpt_sql,47:33.7,xrdcwddbsuip06,MTX_ACOE_Cutover_Reporting,UI_Excel_Select_Xwalk_Source_Accommodations,facility,*ALL*,QXA4067,07:43.2
383,COCCL,N1,NURSERY LEVEL 1,N1,Y,"TEST (2026-08-12),ZCON (2026-08-12),LIVE (2026-08-11)",0,COCCL,L1,NEWBORN LEVEL I CARE,L1,Y,Y,N,None,BMB1734,22:01.8,corpsvcmtxcutoverrpt_sql,47:33.7,xrdcwddbsuip06,MTX_ACOE_Cutover_Reporting,UI_Excel_Select_Xwalk_Source_Accommodations,facility,*ALL*,QXA4067,07:43.2
384,COCCL,N2,NURSERY LEVEL II,N2,Y,"TEST (2026-08-12),ZCON (2026-08-12),LIVE (2026-08-11)",0,COCCL,L2,NEWBORN LEVEL II CARE,L2,Y,Y,N,None,BMB1734,22:01.8,corpsvcmtxcutoverrpt_sql,47:33.7,xrdcwddbsuip06,MTX_ACOE_Cutover_Reporting,UI_Excel_Select_Xwalk_Source_Accommodations,facility,*ALL*,QXA4067,07:43.2
385,COCCL,N3,NURSERY LEVEL III,N3,Y,"TEST (2026-08-12),ZCON (2026-08-12),LIVE (2026-08-11)",0,COCCL,L3,NEWBORN LEVEL III CARE,L3,Y,Y,N,None,BMB1734,22:01.9,corpsvcmtxcutoverrpt_sql,47:33.7,xrdcwddbsuip06,MTX_ACOE_Cutover_Reporting,UI_Excel_Select_Xwalk_Source_Accommodations,facility,*ALL*,QXA4067,07:43.2
386,COCCL,NB,NEWBORN,NB,Y,"TEST (2026-08-12),ZCON (2026-08-12),LIVE (2026-08-11)",0,COCCL,L4,NEWBORN LEVEL IV CARE,L4,Y,Y,N,None,BMB1734,22:02.0,corpsvcmtxcutoverrpt_sql,47:33.7,xrdcwddbsuip06,MTX_ACOE_Cutover_Reporting,UI_Excel_Select_Xwalk_Source_Accommodations,facility,*ALL*,QXA4067,07:43.2
387,COCCL,NP,INTERMEDIATE PRIVATE,NP,Y,"TEST (2026-08-12),ZCON (2026-08-12),LIVE (2026-08-11)",0,COCCL,PR,PRIVATE ROOM,PR,Y,Y,N,None,BMB1734,39:53.2,corpsvcmtxcutoverrpt_sql,47:33.7,xrdcwddbsuip06,MTX_ACOE_Cutover_Reporting,UI_Excel_Select_Xwalk_Source_Accommodations,facility,*ALL*,QXA4067,07:43.2
388,COCCL,NU,NURSERY,NU,Y,"TEST (2026-08-12),ZCON (2026-08-12),LIVE (2026-08-11)",0,COCCL,L1,NEWBORN LEVEL I CARE,L1,Y,Y,N,None,BMB1734,22:02.2,corpsvcmtxcutoverrpt_sql,47:33.7,xrdcwddbsuip06,MTX_ACOE_Cutover_Reporting,UI_Excel_Select_Xwalk_Source_Accommodations,facility,*ALL*,QXA4067,07:43.2
389,COCCL,P,PRIVATE ROOM,P,Y,"TEST (2026-08-12),ZCON (2026-08-12),LIVE (2026-08-11)",0,COCCL,PR,PRIVATE ROOM,PR,Y,Y,N,None,BMB1734,22:02.3,corpsvcmtxcutoverrpt_sql,47:33.7,xrdcwddbsuip06,MTX_ACOE_Cutover_Reporting,UI_Excel_Select_Xwalk_Source_Accommodations,facility,*ALL*,QXA4067,07:43.2
390,COCCL,PCP,PEDIATRIC CARE PRIVATE,PC,Y,"TEST (2026-08-12),ZCON (2026-08-12),LIVE (2026-08-11)",0,COCCL,PR,PRIVATE ROOM,PR,Y,Y,N,None,BMB1734,39:53.3,corpsvcmtxcutoverrpt_sql,47:33.7,xrdcwddbsuip06,MTX_ACOE_Cutover_Reporting,UI_Excel_Select_Xwalk_Source_Accommodations,facility,*ALL*,QXA4067,07:43.2
391,COCCL,PED,PEDIATRICS,PD,Y,"TEST (2026-08-12),ZCON (2026-08-12),LIVE (2026-08-11)",0,COCCL,PR,PRIVATE ROOM,PR,Y,Y,N,None,BMB1734,39:53.4,corpsvcmtxcutoverrpt_sql,47:33.7,xrdcwddbsuip06,MTX_ACOE_Cutover_Reporting,UI_Excel_Select_Xwalk_Source_Accommodations,facility,*ALL*,QXA4067,07:43.2
392,COCCL,PEDT,PEDI TRAUMA,PT,Y,"TEST (2026-08-12),ZCON (2026-08-12),LIVE (2026-08-11)",0,COCCL,PR,PRIVATE ROOM,PR,Y,Y,N,None,BMB1734,39:53.4,corpsvcmtxcutoverrpt_sql,47:33.7,xrdcwddbsuip06,MTX_ACOE_Cutover_Reporting,UI_Excel_Select_Xwalk_Source_Accommodations,facility,*ALL*,QXA4067,07:43.2
393,COCCL,PN,PEDIATRIC INTERMEDIATE,PI,Y,"TEST (2026-08-12),ZCON (2026-08-12),LIVE (2026-08-11)",0,COCCL,PR,PRIVATE ROOM,PR,Y,Y,N,None,BMB1734,39:53.5,corpsvcmtxcutoverrpt_sql,47:33.7,xrdcwddbsuip06,MTX_ACOE_Cutover_Reporting,UI_Excel_Select_Xwalk_Source_Accommodations,facility,*ALL*,QXA4067,07:43.2
394,COCCL,PP,POSTPARTUM ROOM,PP,Y,"TEST (2026-08-12),ZCON (2026-08-12),LIVE (2026-08-11)",0,COCCL,PR,PRIVATE ROOM,PR,Y,Y,N,None,BMB1734,22:02.7,corpsvcmtxcutoverrpt_sql,47:33.7,xrdcwddbsuip06,MTX_ACOE_Cutover_Reporting,UI_Excel_Select_Xwalk_Source_Accommodations,facility,*ALL*,QXA4067,07:43.2
395,COCCL,PSP,PEDIATRIC SEMI PRIVATE,PS,Y,"TEST (2026-08-12),ZCON (2026-08-12),LIVE (2026-08-11)",0,COCCL,PR,PRIVATE ROOM,PR,Y,Y,N,None,BMB1734,39:53.6,corpsvcmtxcutoverrpt_sql,47:33.7,xrdcwddbsuip06,MTX_ACOE_Cutover_Reporting,UI_Excel_Select_Xwalk_Source_Accommodations,facility,*ALL*,QXA4067,07:43.2
396,COCCL,S,SEMI-PRIVATE ROOM,SP,Y,"TEST (2026-08-12),ZCON (2026-08-12),LIVE (2026-08-11)",0,COCCL,SP,SEMI PRIVATE ROOM,SP,Y,Y,N,None,BMB1734,22:02.8,corpsvcmtxcutoverrpt_sql,47:33.7,xrdcwddbsuip06,MTX_ACOE_Cutover_Reporting,UI_Excel_Select_Xwalk_Source_Accommodations,facility,*ALL*,QXA4067,07:43.2
397,COCCL,SNF,SKILLED NURSING FACILITY,SN,Y,"TEST (2026-08-12),ZCON (2026-08-12),LIVE (2026-08-11)",0,COCCL,PR,PRIVATE ROOM,PR,Y,Y,N,None,BMB1734,39:53.7,corpsvcmtxcutoverrpt_sql,47:33.7,xrdcwddbsuip06,MTX_ACOE_Cutover_Reporting,UI_Excel_Select_Xwalk_Source_Accommodations,facility,*ALL*,QXA4067,07:43.2
398,COCCL,SP,MED/SURG SEMI-PRIVATE,S,Y,"TEST (2026-08-12),ZCON (2026-08-12),LIVE (2026-08-11)",0,COCCL,SP,SEMI PRIVATE ROOM,SP,Y,Y,N,None,BMB1734,51:21.9,corpsvcmtxcutoverrpt_sql,00:03.3,xrdcwddbsuip06,MTX_ACOE_Cutover_Reporting,UI_Excel_Select_Xwalk_Source_Accommodations,facility,*ALL*,QXA4067,07:43.2
399,COCCL,TC,CTICU,TC,Y,"TEST (2026-08-12),ZCON (2026-08-12),LIVE (2026-08-11)",0,COCCL,PR,PRIVATE ROOM,PR,Y,Y,N,None,BMB1734,39:53.7,corpsvcmtxcutoverrpt_sql,00:06.0,xrdcwddbsuip06,MTX_ACOE_Cutover_Reporting,UI_Excel_Select_Xwalk_Source_Accommodations,facility,*ALL*,QXA4067,07:43.2
400,COCCL,TE,TELEMETRY,TE,Y,"TEST (2026-08-12),ZCON (2026-08-12),LIVE (2026-08-11)",0,COCCL,PR,PRIVATE ROOM,PR,Y,Y,N,None,BMB1734,39:53.8,corpsvcmtxcutoverrpt_sql,47:33.7,xrdcwddbsuip06,MTX_ACOE_Cutover_Reporting,UI_Excel_Select_Xwalk_Source_Accommodations,facility,*ALL*,QXA4067,07:43.2
401,COCCL,TREC,TRAUMA ECMO,TR,Y,"TEST (2026-08-12),ZCON (2026-08-12),LIVE (2026-08-11)",0,COCCL,TREC,TRAUMA WITH ECMO,ET,Y,Y,N,None,BMB1734,55:44.8,corpsvcmtxcutoverrpt_sql,00:07.0,xrdcwddbsuip06,MTX_ACOE_Cutover_Reporting,UI_Excel_Select_Xwalk_Source_Accommodations,facility,*ALL*,QXA4067,07:43.2
402,COCCN,AAA,SUE- TEST-INAC 1/3 6:30P,,N,NO MATCH,0,COCCN,,,,,N,Y,None,QVO8748,23:25.7,corpsvcmtxcutoverrpt_sql,47:33.7,xrdcwddbsuip06,MTX_ACOE_Cutover_Reporting,UI_Excel_Select_Xwalk_Source_Accommodations,facility,*ALL*,QXA4067,07:43.2
403,COCCN,B,NEWBORN,B,Y,ZCON (2026-08-13),0,COCCN,M,MEDICAL,M,Y,Y,N,None,QVO8748,31:05.9,corpsvcmtxcutoverrpt_sql,47:33.7,xrdcwddbsuip06,MTX_ACOE_Cutover_Reporting,UI_Excel_Select_Xwalk_Source_Accommodations,facility,*ALL*,QXA4067,07:43.2
404,COCCN,CCU,Intermediate CCU,CU,Y,"TEST (2026-08-13),ZCON (2026-08-13),LIVE (2026-08-11)",0,COCCN,PCP,PROGRESSIVE CARE PRIVATE,PP,Y,Y,N,None,QVO8748,38:48.6,corpsvcmtxcutoverrpt_sql,47:33.7,xrdcwddbsuip06,MTX_ACOE_Cutover_Reporting,UI_Excel_Select_Xwalk_Source_Accommodations,facility,*ALL*,QXA4067,07:43.2
405,COCCN,EC,CCU W/ ECMO,EC,Y,"TEST (2026-08-13),ZCON (2026-08-13),LIVE (2026-08-11)",0,COCCN,EC,ECMO,EC,Y,Y,N,None,JKB0282,21:34.4,corpsvcmtxcutoverrpt_sql,00:03.0,xrdcwddbsuip06,MTX_ACOE_Cutover_Reporting,UI_Excel_Select_Xwalk_Source_Accommodations,facility,*ALL*,QXA4067,07:43.2
406,COCCN,I,INTENSIVE CARE,IC,Y,"TEST (2026-08-13),ZCON (2026-08-13),LIVE (2026-08-11)",0,COCCN,IC,INTENSIVE CARE,IC,Y,Y,N,None,JKB0282,26:36.7,corpsvcmtxcutoverrpt_sql,47:33.7,xrdcwddbsuip06,MTX_ACOE_Cutover_Reporting,UI_Excel_Select_Xwalk_Source_Accommodations,facility,*ALL*,QXA4067,07:43.2
407,COCCN,IEH,ICU ED HOLD,IE,Y,"TEST (2026-08-13),ZCON (2026-08-13),LIVE (2026-08-11)",0,COCCN,IC,INTENSIVE CARE,IC,Y,Y,N,None,QVO8748,31:05.9,corpsvcmtxcutoverrpt_sql,47:33.7,xrdcwddbsuip06,MTX_ACOE_Cutover_Reporting,UI_Excel_Select_Xwalk_Source_Accommodations,facility,*ALL*,QXA4067,07:43.2
408,COCCN,IH,SMI PVT INT ICU ED HOLD,IH,Y,"TEST (2026-08-13),ZCON (2026-08-13),LIVE (2026-08-11)",0,COCCN,IC,INTENSIVE CARE,IC,Y,Y,N,None,QVO8748,31:06.0,corpsvcmtxcutoverrpt_sql,47:33.7,xrdcwddbsuip06,MTX_ACOE_Cutover_Reporting,UI_Excel_Select_Xwalk_Source_Accommodations,facility,*ALL*,QXA4067,07:43.2
409,COCCN,IM,Intermediate ICU Hold,I,Y,"TEST (2026-08-13),ZCON (2026-08-13),LIVE (2026-08-11)",0,COCCN,PCP,PROGRESSIVE CARE PRIVATE,PP,Y,Y,N,None,QVO8748,38:48.6,corpsvcmtxcutoverrpt_sql,47:33.7,xrdcwddbsuip06,MTX_ACOE_Cutover_Reporting,UI_Excel_Select_Xwalk_Source_Accommodations,facility,*ALL*,QXA4067,07:43.2
410,COCCN,IMI,Intermedite ICU,IM,Y,"TEST (2026-08-13),ZCON (2026-08-13),LIVE (2026-08-11)",0,COCCN,IC,INTENSIVE CARE,IC,Y,Y,N,None,QVO8748,31:06.0,corpsvcmtxcutoverrpt_sql,47:33.7,xrdcwddbsuip06,MTX_ACOE_Cutover_Reporting,UI_Excel_Select_Xwalk_Source_Accommodations,facility,*ALL*,QXA4067,07:43.2
411,COCCN,IS,ISOLATION,IS,Y,"TEST (2026-08-13),ZCON (2026-08-13),LIVE (2026-08-11)",0,COCCN,IS,ISOLATION,IS,Y,Y,N,None,JKB0282,26:36.7,corpsvcmtxcutoverrpt_sql,47:33.7,xrdcwddbsuip06,MTX_ACOE_Cutover_Reporting,UI_Excel_Select_Xwalk_Source_Accommodations,facility,*ALL*,QXA4067,07:43.2
412,COCCN,M,CORONARY CARE,CC,Y,"TEST (2026-08-13),ZCON (2026-08-13),LIVE (2026-08-11)",0,COCCN,CC,CORONARY CARE,CC,Y,Y,N,None,JKB0282,26:36.8,corpsvcmtxcutoverrpt_sql,47:33.7,xrdcwddbsuip06,MTX_ACOE_Cutover_Reporting,UI_Excel_Select_Xwalk_Source_Accommodations,facility,*ALL*,QXA4067,07:43.2
413,COCCN,MH,PVT TRM MED/SUR ED HOLD,MH,Y,"TEST (2026-08-13),ZCON (2026-08-13),LIVE (2026-08-11)",0,COCCN,PR,PRIVATE ROOM,PR,Y,Y,N,None,QVO8748,42:38.1,corpsvcmtxcutoverrpt_sql,47:33.7,xrdcwddbsuip06,MTX_ACOE_Cutover_Reporting,UI_Excel_Select_Xwalk_Source_Accommodations,facility,*ALL*,QXA4067,07:43.2
414,COCCN,MI,MEDICAL ICU,MI,Y,"TEST (2026-08-13),ZCON (2026-08-13),LIVE (2026-08-11)",0,COCCN,IC,INTENSIVE CARE,IC,Y,Y,N,None,JKB0282,26:37.0,corpsvcmtxcutoverrpt_sql,47:33.7,xrdcwddbsuip06,MTX_ACOE_Cutover_Reporting,UI_Excel_Select_Xwalk_Source_Accommodations,facility,*ALL*,QXA4067,07:43.2
415,COCCN,MS,Med Surg,MS,Y,"TEST (2026-08-13),ZCON (2026-08-13),LIVE (2026-08-11)",0,COCCN,MS,MED SURG,MS,Y,Y,N,None,JKB0282,26:37.1,corpsvcmtxcutoverrpt_sql,47:33.7,xrdcwddbsuip06,MTX_ACOE_Cutover_Reporting,UI_Excel_Select_Xwalk_Source_Accommodations,facility,*ALL*,QXA4067,07:43.2
416,COCCN,NI,NSY ISOLATION OR BORDER,NI,Y,"TEST (2026-08-13),ZCON (2026-08-13),LIVE (2026-08-11)",0,COCCN,PR,PRIVATE ROOM,PR,Y,Y,N,None,QVO8748,31:06.1,corpsvcmtxcutoverrpt_sql,47:33.7,xrdcwddbsuip06,MTX_ACOE_Cutover_Reporting,UI_Excel_Select_Xwalk_Source_Accommodations,facility,*ALL*,QXA4067,07:43.2
417,COCCN,NIC,NEUROSCIENCES INTENSIVE CARE,NC,Y,"TEST (2026-08-13),ZCON (2026-08-13),LIVE (2026-08-11)",0,COCCN,IC,INTENSIVE CARE,IC,Y,Y,N,None,QVO8748,31:06.1,corpsvcmtxcutoverrpt_sql,47:33.7,xrdcwddbsuip06,MTX_ACOE_Cutover_Reporting,UI_Excel_Select_Xwalk_Source_Accommodations,facility,*ALL*,QXA4067,07:43.2
418,COCCN,NS,NURSERY ICU,NS,Y,"TEST (2026-08-13),ZCON (2026-08-13),LIVE (2026-08-11)",0,COCCN,PR,PRIVATE ROOM,PR,Y,Y,N,None,QVO8748,31:06.1,corpsvcmtxcutoverrpt_sql,47:33.7,xrdcwddbsuip06,MTX_ACOE_Cutover_Reporting,UI_Excel_Select_Xwalk_Source_Accommodations,facility,*ALL*,QXA4067,07:43.2
419,COCCN,NTP,NON-TELEMETRY PRIVATE,NT,Y,"TEST (2026-08-13),ZCON (2026-08-13),LIVE (2026-08-11)",0,COCCN,PR,PRIVATE ROOM,PR,Y,Y,N,None,JKB0282,26:37.2,corpsvcmtxcutoverrpt_sql,47:33.7,xrdcwddbsuip06,MTX_ACOE_Cutover_Reporting,UI_Excel_Select_Xwalk_Source_Accommodations,facility,*ALL*,QXA4067,07:43.2
420,COCCN,NTS,NON-TELEMETRY SEMI-PRIVATE,TS,Y,"TEST (2026-08-13),ZCON (2026-08-13),LIVE (2026-08-11)",0,COCCN,SP,SEMI PRIVATE ROOM,SP,Y,Y,N,None,JKB0282,26:37.3,corpsvcmtxcutoverrpt_sql,47:33.7,xrdcwddbsuip06,MTX_ACOE_Cutover_Reporting,UI_Excel_Select_Xwalk_Source_Accommodations,facility,*ALL*,QXA4067,07:43.2
421,COCCN,P,PRIVATE ROOM,P,Y,"TEST (2026-08-13),ZCON (2026-08-13),LIVE (2026-08-11)",0,COCCN,PR,PRIVATE ROOM,PR,Y,Y,N,None,JKB0282,26:37.4,corpsvcmtxcutoverrpt_sql,47:33.7,xrdcwddbsuip06,MTX_ACOE_Cutover_Reporting,UI_Excel_Select_Xwalk_Source_Accommodations,facility,*ALL*,QXA4067,07:43.2
422,COCCN,PC,PROGRESSIVE CARE UNIT,PC,Y,ZCON (2026-08-13),0,COCCN,M,MEDICAL,M,Y,Y,N,None,QVO8748,31:06.2,corpsvcmtxcutoverrpt_sql,47:33.7,xrdcwddbsuip06,MTX_ACOE_Cutover_Reporting,UI_Excel_Select_Xwalk_Source_Accommodations,facility,*ALL*,QXA4067,07:43.2
423,COCCN,PC-P,PROGRESSIVE CARE PRIVATE,PP,Y,"TEST (2026-08-13),ZCON (2026-08-13),LIVE (2026-08-11)",0,COCCN,PCP,PROGRESSIVE CARE PRIVATE,PP,Y,Y,N,None,JKB0282,26:37.4,corpsvcmtxcutoverrpt_sql,47:33.7,xrdcwddbsuip06,MTX_ACOE_Cutover_Reporting,UI_Excel_Select_Xwalk_Source_Accommodations,facility,*ALL*,QXA4067,07:43.2
424,COCCN,PC-S,PROGRESSIVE CARE SEMI-PRIVATE,PS,Y,ZCON (2026-08-13),0,COCCN,M,MEDICAL,M,Y,Y,N,None,QVO8748,31:06.2,corpsvcmtxcutoverrpt_sql,47:33.7,xrdcwddbsuip06,MTX_ACOE_Cutover_Reporting,UI_Excel_Select_Xwalk_Source_Accommodations,facility,*ALL*,QXA4067,07:43.2
425,COCCN,PEH,R&B PRIVATE ED HOLD,PE,Y,"TEST (2026-08-13),ZCON (2026-08-13),LIVE (2026-08-11)",0,COCCN,PR,PRIVATE ROOM,PR,Y,Y,N,None,JKB0282,26:37.5,corpsvcmtxcutoverrpt_sql,47:33.7,xrdcwddbsuip06,MTX_ACOE_Cutover_Reporting,UI_Excel_Select_Xwalk_Source_Accommodations,facility,*ALL*,QXA4067,07:43.2
426,COCCN,PH,PVT TRM W/TELE ED HOLD,PH,Y,ZCON (2026-08-13),0,COCCN,M,MEDICAL,M,Y,Y,N,None,QVO8748,31:06.2,corpsvcmtxcutoverrpt_sql,47:33.7,xrdcwddbsuip06,MTX_ACOE_Cutover_Reporting,UI_Excel_Select_Xwalk_Source_Accommodations,facility,*ALL*,QXA4067,07:43.2
427,COCCN,S,SEMI-PRIVATE ROOM,SP,Y,ZCON (2026-08-13),0,COCCN,M,MEDICAL,M,Y,Y,N,None,QVO8748,31:06.3,corpsvcmtxcutoverrpt_sql,47:33.7,xrdcwddbsuip06,MTX_ACOE_Cutover_Reporting,UI_Excel_Select_Xwalk_Source_Accommodations,facility,*ALL*,QXA4067,07:43.2
428,COCCN,SEH,R&B SEMI PVT ED HOLD,SE,Y,ZCON (2026-08-13),0,COCCN,M,MEDICAL,M,Y,Y,N,None,QVO8748,31:06.3,corpsvcmtxcutoverrpt_sql,47:33.7,xrdcwddbsuip06,MTX_ACOE_Cutover_Reporting,UI_Excel_Select_Xwalk_Source_Accommodations,facility,*ALL*,QXA4067,07:43.2
429,COCCN,SH,SMI PVT TRM MS ED HOLD,SH,Y,ZCON (2026-08-13),0,COCCN,M,MEDICAL,M,Y,Y,N,None,QVO8748,31:06.3,corpsvcmtxcutoverrpt_sql,47:33.7,xrdcwddbsuip06,MTX_ACOE_Cutover_Reporting,UI_Excel_Select_Xwalk_Source_Accommodations,facility,*ALL*,QXA4067,07:43.2
430,COCCN,STH,SPVT TRM W/TEL ED HOLD,ST,Y,ZCON (2026-08-13),0,COCCN,M,MEDICAL,M,Y,Y,N,None,QVO8748,31:06.3,corpsvcmtxcutoverrpt_sql,47:33.7,xrdcwddbsuip06,MTX_ACOE_Cutover_Reporting,UI_Excel_Select_Xwalk_Source_Accommodations,facility,*ALL*,QXA4067,07:43.2
431,COCCN,T,TELEMETRY,T,Y,"TEST (2026-08-13),ZCON (2026-08-13),LIVE (2026-08-11)",0,COCCN,TEL,TELEMETRY,TE,Y,Y,N,None,JKB0282,26:37.6,corpsvcmtxcutoverrpt_sql,47:33.7,xrdcwddbsuip06,MTX_ACOE_Cutover_Reporting,UI_Excel_Select_Xwalk_Source_Accommodations,facility,*ALL*,QXA4067,07:43.2
432,COCCN,TH,SEMI PVT W/TELE ED HOLD,TH,Y,"TEST (2026-08-13),ZCON (2026-08-13),LIVE (2026-08-11)",0,COCCN,TEL,TELEMETRY,TE,Y,Y,N,None,JKB0282,26:37.7,corpsvcmtxcutoverrpt_sql,47:33.7,xrdcwddbsuip06,MTX_ACOE_Cutover_Reporting,UI_Excel_Select_Xwalk_Source_Accommodations,facility,*ALL*,QXA4067,07:43.2
433,COCCN,TIE,TRAUMA ICU ED HOLD,TE,Y,"TEST (2026-08-13),ZCON (2026-08-13),LIVE (2026-08-11)",0,COCCN,TR,TRAUMA,TR,Y,Y,N,None,QVO8748,31:06.4,corpsvcmtxcutoverrpt_sql,47:33.7,xrdcwddbsuip06,MTX_ACOE_Cutover_Reporting,UI_Excel_Select_Xwalk_Source_Accommodations,facility,*ALL*,QXA4067,07:43.2
434,COCCN,TIH,TRM INT ICU ED HOLD,TI,Y,"TEST (2026-08-13),ZCON (2026-08-13),LIVE (2026-08-11)",0,COCCN,TR,TRAUMA,TR,Y,Y,N,None,QVO8748,57:44.0,corpsvcmtxcutoverrpt_sql,47:33.7,xrdcwddbsuip06,MTX_ACOE_Cutover_Reporting,UI_Excel_Select_Xwalk_Source_Accommodations,facility,*ALL*,QXA4067,07:43.2
435,COCCN,TR,TRAUMA ICU,TR,Y,"TEST (2026-08-13),ZCON (2026-08-13),LIVE (2026-08-11)",0,COCCN,TR,TRAUMA,TR,Y,Y,N,None,JKB0282,26:37.8,corpsvcmtxcutoverrpt_sql,47:33.7,xrdcwddbsuip06,MTX_ACOE_Cutover_Reporting,UI_Excel_Select_Xwalk_Source_Accommodations,facility,*ALL*,QXA4067,07:43.2
436,COCCN,VP,VIP SUITE,VP,N,NO MATCH,0,COCCN,,,,,N,Y,None,QVO8748,23:25.7,corpsvcmtxcutoverrpt_sql,47:33.7,xrdcwddbsuip06,MTX_ACOE_Cutover_Reporting,UI_Excel_Select_Xwalk_Source_Accommodations,facility,*ALL*,QXA4067,07:43.2
437,COCCN,VT,VIP SUITE WITH TELEMETRY,VT,N,NO MATCH,0,COCCN,,,,,N,Y,None,QVO8748,23:25.7,corpsvcmtxcutoverrpt_sql,47:33.7,xrdcwddbsuip06,MTX_ACOE_Cutover_Reporting,UI_Excel_Select_Xwalk_Source_Accommodations,facility,*ALL*,QXA4067,07:43.2
438,COCCR,C,CARDIOVASULAR SURGERY INT CARE,CR,Y,"TEST (2026-09-20),ZCON (2026-09-20),LIVE (2026-09-04)",0,COCCR,PR,PRIVATE ROOM,P,,Y,N,None,IIU7623,34:48.8,corpsvcmtxcutoverrpt_sql,47:33.7,xrdcwddbsuip06,MTX_ACOE_Cutover_Reporting,UI_Excel_Select_Xwalk_Source_Accommodations,facility,*ALL*,QXA4067,07:43.2
439,COCCR,CC,CARDIAC CARE,CC,Y,"TEST (2026-09-20),ZCON (2026-09-20),LIVE (2026-09-04)",0,COCCR,CC,CORONARY CARE,CC,,Y,N,None,IIU4396,45:15.1,corpsvcmtxcutoverrpt_sql,47:33.7,xrdcwddbsuip06,MTX_ACOE_Cutover_Reporting,UI_Excel_Select_Xwalk_Source_Accommodations,facility,*ALL*,QXA4067,07:43.2
440,COCCR,CO,CCU OBSERVATION,CO,Y,"TEST (2026-09-20),ZCON (2026-09-20),LIVE (2026-09-04)",0,COCCR,PR,PRIVATE ROOM,P,,Y,N,None,IIU7623,34:48.8,corpsvcmtxcutoverrpt_sql,47:33.7,xrdcwddbsuip06,MTX_ACOE_Cutover_Reporting,UI_Excel_Select_Xwalk_Source_Accommodations,facility,*ALL*,QXA4067,07:43.2
441,COCCR,EC,ECMO,EC,Y,"TEST (2026-09-20),ZCON (2026-09-20),LIVE (2026-09-04)",0,COCCR,EC,ECMO,EC,,Y,N,None,IIU7623,58:22.1,corpsvcmtxcutoverrpt_sql,00:05.2,xrdcwddbsuip06,MTX_ACOE_Cutover_Reporting,UI_Excel_Select_Xwalk_Source_Accommodations,facility,*ALL*,QXA4067,07:43.2
442,COCCR,H,HOSPICE,H,Y,"TEST (2026-09-20),ZCON (2026-09-20),LIVE (2026-09-04)",0,COCCR,PR,PRIVATE ROOM,P,,Y,N,None,IIU7623,34:48.8,corpsvcmtxcutoverrpt_sql,47:33.7,xrdcwddbsuip06,MTX_ACOE_Cutover_Reporting,UI_Excel_Select_Xwalk_Source_Accommodations,facility,*ALL*,QXA4067,07:43.2
443,COCCR,HE,HOLDOVER ER,HE,N,NO MATCH,0,COCCR,,,,,N,Y,None,IIU7623,10:52.9,corpsvcmtxcutoverrpt_sql,47:33.7,xrdcwddbsuip06,MTX_ACOE_Cutover_Reporting,UI_Excel_Select_Xwalk_Source_Accommodations,facility,*ALL*,QXA4067,07:43.2
444,COCCR,I,INTENSIVE CARE,IC,Y,"TEST (2026-09-20),ZCON (2026-09-20),LIVE (2026-09-04)",0,COCCR,IC,INTENSIVE CARE,IC,Y,Y,N,None,IIU7623,34:43.2,corpsvcmtxcutoverrpt_sql,47:33.7,xrdcwddbsuip06,MTX_ACOE_Cutover_Reporting,UI_Excel_Select_Xwalk_Source_Accommodations,facility,*ALL*,QXA4067,07:43.2
445,COCCR,IC,INTERMEDIATE NURSERY - NSY2,NB,Y,"TEST (2026-09-20),ZCON (2026-09-20),LIVE (2026-09-04)",0,COCCR,PR,PRIVATE ROOM,P,Y,Y,N,None,IIU7623,34:43.3,corpsvcmtxcutoverrpt_sql,47:33.7,xrdcwddbsuip06,MTX_ACOE_Cutover_Reporting,UI_Excel_Select_Xwalk_Source_Accommodations,facility,*ALL*,QXA4067,07:43.2
446,COCCR,ICT,INTENSIVE CARE - TRAUMA,IT,Y,"TEST (2026-09-20),ZCON (2026-09-20),LIVE (2026-09-04)",0,COCCR,TRIC,TRAUMA INTENSIVE CARE,IT,Y,Y,N,None,IIU7623,34:43.3,corpsvcmtxcutoverrpt_sql,47:33.7,xrdcwddbsuip06,MTX_ACOE_Cutover_Reporting,UI_Excel_Select_Xwalk_Source_Accommodations,facility,*ALL*,QXA4067,07:43.2
447,COCCR,IS,ISOLATION,IS,Y,"TEST (2026-09-20),ZCON (2026-09-20),LIVE (2026-09-04)",0,COCCR,PR,PRIVATE ROOM,P,Y,Y,N,None,IIU7623,34:43.3,corpsvcmtxcutoverrpt_sql,47:33.7,xrdcwddbsuip06,MTX_ACOE_Cutover_Reporting,UI_Excel_Select_Xwalk_Source_Accommodations,facility,*ALL*,QXA4067,07:43.2
448,COCCR,L1,NEWBORN LEVEL I R&B,L1,Y,"TEST (2026-09-20),ZCON (2026-09-20),LIVE (2026-09-04)",0,COCCR,L1,NEWBORN LEVEL I CARE,L1,Y,Y,N,None,IIU7623,34:43.4,corpsvcmtxcutoverrpt_sql,47:33.7,xrdcwddbsuip06,MTX_ACOE_Cutover_Reporting,UI_Excel_Select_Xwalk_Source_Accommodations,facility,*ALL*,QXA4067,07:43.2
449,COCCR,L2,NEWBORN LEVEL II R&B,L2,Y,"TEST (2026-09-20),ZCON (2026-09-20),LIVE (2026-09-04)",0,COCCR,L2,NEWBORN LEVEL II CARE,L2,Y,Y,N,None,IIU7623,34:43.4,corpsvcmtxcutoverrpt_sql,47:33.7,xrdcwddbsuip06,MTX_ACOE_Cutover_Reporting,UI_Excel_Select_Xwalk_Source_Accommodations,facility,*ALL*,QXA4067,07:43.2
450,COCCR,L3,NEWBORN LEVEL III R&B,L3,Y,"TEST (2026-09-20),ZCON (2026-09-20),LIVE (2026-09-04)",0,COCCR,L3,NEWBORN LEVEL III CARE,L3,Y,Y,N,None,IIU7623,34:43.4,corpsvcmtxcutoverrpt_sql,47:33.7,xrdcwddbsuip06,MTX_ACOE_Cutover_Reporting,UI_Excel_Select_Xwalk_Source_Accommodations,facility,*ALL*,QXA4067,07:43.2
451,COCCR,L4,NEWBORN LEVEL IV R&B,L4,Y,"TEST (2026-09-20),ZCON (2026-09-20),LIVE (2026-09-04)",0,COCCR,PR,PRIVATE ROOM,P,Y,Y,N,None,IIU7623,34:43.5,corpsvcmtxcutoverrpt_sql,47:33.7,xrdcwddbsuip06,MTX_ACOE_Cutover_Reporting,UI_Excel_Select_Xwalk_Source_Accommodations,facility,*ALL*,QXA4067,07:43.2
452,COCCR,LOA,LEAVE OF ABSENCE,LA,N,NO MATCH,0,COCCR,,,,,N,Y,None,IIU7623,10:53.3,corpsvcmtxcutoverrpt_sql,47:33.7,xrdcwddbsuip06,MTX_ACOE_Cutover_Reporting,UI_Excel_Select_Xwalk_Source_Accommodations,facility,*ALL*,QXA4067,07:43.2
453,COCCR,N,INTERMEDIATE,IM,Y,"TEST (2026-09-20),ZCON (2026-09-20),LIVE (2026-09-04)",0,COCCR,PC,PROGRESSIVE CARE,IM,Y,Y,N,None,IIU7623,34:43.5,corpsvcmtxcutoverrpt_sql,47:33.7,xrdcwddbsuip06,MTX_ACOE_Cutover_Reporting,UI_Excel_Select_Xwalk_Source_Accommodations,facility,*ALL*,QXA4067,07:43.2
454,COCCR,NU,NURSERY,NU,Y,"TEST (2026-09-20),ZCON (2026-09-20),LIVE (2026-09-04)",0,COCCR,L1,NEWBORN LEVEL I CARE,L1,Y,Y,N,None,IIU7623,34:43.5,corpsvcmtxcutoverrpt_sql,47:33.7,xrdcwddbsuip06,MTX_ACOE_Cutover_Reporting,UI_Excel_Select_Xwalk_Source_Accommodations,facility,*ALL*,QXA4067,07:43.2
455,COCCR,OBS,OBSERVATION,OS,Y,"TEST (2026-09-20),ZCON (2026-09-20),LIVE (2026-09-04)",0,COCCR,PR,PRIVATE ROOM,P,Y,Y,N,None,IIU7623,34:43.6,corpsvcmtxcutoverrpt_sql,47:33.7,xrdcwddbsuip06,MTX_ACOE_Cutover_Reporting,UI_Excel_Select_Xwalk_Source_Accommodations,facility,*ALL*,QXA4067,07:43.2
456,COCCR,P,PRIVATE ROOM,P,Y,"TEST (2026-09-20),ZCON (2026-09-20),LIVE (2026-09-04)",0,COCCR,PR,PRIVATE ROOM,P,Y,Y,N,None,IIU7623,34:43.6,corpsvcmtxcutoverrpt_sql,47:33.7,xrdcwddbsuip06,MTX_ACOE_Cutover_Reporting,UI_Excel_Select_Xwalk_Source_Accommodations,facility,*ALL*,QXA4067,07:43.2
457,COCCR,PP,POSTPARTUM ROOM,PP,Y,"TEST (2026-09-20),ZCON (2026-09-20),LIVE (2026-09-04)",0,COCCR,PR,PRIVATE ROOM,P,Y,Y,N,None,IIU7623,34:43.6,corpsvcmtxcutoverrpt_sql,47:33.7,xrdcwddbsuip06,MTX_ACOE_Cutover_Reporting,UI_Excel_Select_Xwalk_Source_Accommodations,facility,*ALL*,QXA4067,07:43.2
458,COCCR,RHB,REHAB,RE,Y,"TEST (2026-09-20),ZCON (2026-09-20),LIVE (2026-09-04)",0,COCCR,PR,PRIVATE ROOM,P,Y,Y,N,None,IIU7623,34:43.7,corpsvcmtxcutoverrpt_sql,47:33.7,xrdcwddbsuip06,MTX_ACOE_Cutover_Reporting,UI_Excel_Select_Xwalk_Source_Accommodations,facility,*ALL*,QXA4067,07:43.2
459,COCCR,S,SEMI-PRIVATE ROOM,SP,Y,"TEST (2026-09-20),ZCON (2026-09-20),LIVE (2026-09-04)",0,COCCR,PR,PRIVATE ROOM,P,Y,Y,N,None,IIU7623,34:43.7,corpsvcmtxcutoverrpt_sql,47:33.7,xrdcwddbsuip06,MTX_ACOE_Cutover_Reporting,UI_Excel_Select_Xwalk_Source_Accommodations,facility,*ALL*,QXA4067,07:43.2
460,COCCR,SDP,STEP DOWN PRIVATE,DP,Y,"TEST (2026-09-20),ZCON (2026-09-20),LIVE (2026-09-04)",0,COCCR,PR,PRIVATE ROOM,P,Y,Y,N,None,IIU7623,34:43.7,corpsvcmtxcutoverrpt_sql,47:33.7,xrdcwddbsuip06,MTX_ACOE_Cutover_Reporting,UI_Excel_Select_Xwalk_Source_Accommodations,facility,*ALL*,QXA4067,07:43.2
461,COCCR,SNF,SKILLED NURSING FACILITY,SN,Y,"TEST (2026-09-20),ZCON (2026-09-20),LIVE (2026-09-04)",0,COCCR,PR,PRIVATE ROOM,P,Y,Y,N,None,IIU7623,34:43.8,corpsvcmtxcutoverrpt_sql,47:33.7,xrdcwddbsuip06,MTX_ACOE_Cutover_Reporting,UI_Excel_Select_Xwalk_Source_Accommodations,facility,*ALL*,QXA4067,07:43.2
462,COCCR,TE,TELEMETRY,TE,Y,"TEST (2026-09-20),ZCON (2026-09-20),LIVE (2026-09-04)",0,COCCR,TEL,TELEMETRY,TE,Y,Y,N,None,IIU7623,34:43.8,corpsvcmtxcutoverrpt_sql,47:33.7,xrdcwddbsuip06,MTX_ACOE_Cutover_Reporting,UI_Excel_Select_Xwalk_Source_Accommodations,facility,*ALL*,QXA4067,07:43.2
463,COCCR,TR,TRAUMA BED,TR,Y,"TEST (2026-09-20),ZCON (2026-09-20),LIVE (2026-09-04)",0,COCCR,TR,TRAUMA,TR,Y,Y,N,None,IIU7623,34:43.8,corpsvcmtxcutoverrpt_sql,47:33.7,xrdcwddbsuip06,MTX_ACOE_Cutover_Reporting,UI_Excel_Select_Xwalk_Source_Accommodations,facility,*ALL*,QXA4067,07:43.2
464,COCCT,DS,DETOX SEMI PRIVATE,DS,Y,"TEST (2026-01-06),ZCON (2026-01-27)",0,COCCT,D,DETOX,DS,Y,Y,N,None,DOF3224,58:42.8,corpsvcmtxcutoverrpt_sql,38:19.0,xrdcwddbsuip06,MTX_ACOE_Cutover_Reporting,UI_Excel_Select_Xwalk_Source_Accommodations,facility,*ALL*,QXA4067,07:43.2
465,COCCT,ECMO,INTENSIVE CARE ECMO,EC,Y,"TEST (2026-01-06),ZCON (2026-01-27)",0,COCCT,EC,ECMO,EC,Y,Y,N,None,DOF3224,58:42.9,corpsvcmtxcutoverrpt_sql,38:19.0,xrdcwddbsuip06,MTX_ACOE_Cutover_Reporting,UI_Excel_Select_Xwalk_Source_Accommodations,facility,*ALL*,QXA4067,07:43.2
466,COCCT,FB,FAMILY BIRTHING UNIT,FB,Y,"TEST (2026-01-06),ZCON (2026-01-27)",0,COCCT,LD,LABOR AND DELIVERY,LD,Y,Y,N,None,DOF3224,58:43.0,corpsvcmtxcutoverrpt_sql,38:19.0,xrdcwddbsuip06,MTX_ACOE_Cutover_Reporting,UI_Excel_Select_Xwalk_Source_Accommodations,facility,*ALL*,QXA4067,07:43.2
467,COCCT,H,HIGH RISK OB,H,Y,"TEST (2026-01-06),ZCON (2026-01-27)",0,COCCT,LDHR,LABOR AND DELIVERY HIGH RISK,H,Y,Y,N,None,RWM4772,50:38.8,corpsvcmtxcutoverrpt_sql,38:19.0,xrdcwddbsuip06,MTX_ACOE_Cutover_Reporting,UI_Excel_Select_Xwalk_Source_Accommodations,facility,*ALL*,QXA4067,07:43.2
468,COCCT,I,INTENSIVE CARE,IC,Y,"TEST (2026-01-06),ZCON (2026-01-27)",0,COCCT,IC,INTENSIVE CARE,IC,Y,Y,N,None,DOF3224,58:43.1,corpsvcmtxcutoverrpt_sql,38:19.0,xrdcwddbsuip06,MTX_ACOE_Cutover_Reporting,UI_Excel_Select_Xwalk_Source_Accommodations,facility,*ALL*,QXA4067,07:43.2
469,COCCT,IS,ISOLATION,IS,Y,"TEST (2026-01-06),ZCON (2026-01-27)",0,COCCT,IS,ISOLATION,IS,Y,Y,N,None,DOF3224,58:43.2,corpsvcmtxcutoverrpt_sql,38:19.0,xrdcwddbsuip06,MTX_ACOE_Cutover_Reporting,UI_Excel_Select_Xwalk_Source_Accommodations,facility,*ALL*,QXA4067,07:43.2
470,COCCT,IS8,ISOLATION 8 TOWER,I8,N,NO MATCH,0,COCCT,,,,,N,Y,None,QVO8748,59:02.8,corpsvcmtxcutoverrpt_sql,38:19.0,xrdcwddbsuip06,MTX_ACOE_Cutover_Reporting,UI_Excel_Select_Xwalk_Source_Accommodations,facility,*ALL*,QXA4067,07:43.2
471,COCCT,L1,NEWBORN LEVEL 1,L1,Y,"TEST (2026-01-06),ZCON (2026-01-27)",0,COCCT,L1,NEWBORN LEVEL I CARE,L1,Y,Y,N,None,DOF3224,58:43.3,corpsvcmtxcutoverrpt_sql,38:19.0,xrdcwddbsuip06,MTX_ACOE_Cutover_Reporting,UI_Excel_Select_Xwalk_Source_Accommodations,facility,*ALL*,QXA4067,07:43.2
472,COCCT,L2,NEWBORN LEVEL 2,L2,Y,"TEST (2026-01-06),ZCON (2026-01-27)",0,COCCT,L2,NEWBORN LEVEL II CARE,L2,Y,Y,N,None,DOF3224,58:43.3,corpsvcmtxcutoverrpt_sql,38:19.0,xrdcwddbsuip06,MTX_ACOE_Cutover_Reporting,UI_Excel_Select_Xwalk_Source_Accommodations,facility,*ALL*,QXA4067,07:43.2
473,COCCT,L3,NEWBORN LEVEL 3,L3,Y,"TEST (2026-01-06),ZCON (2026-01-27)",0,COCCT,L3,NEWBORN LEVEL III CARE,L3,Y,Y,N,None,DOF3224,58:43.4,corpsvcmtxcutoverrpt_sql,38:19.0,xrdcwddbsuip06,MTX_ACOE_Cutover_Reporting,UI_Excel_Select_Xwalk_Source_Accommodations,facility,*ALL*,QXA4067,07:43.2
474,COCCT,L4,NEWBORN LEVEL 4,L4,Y,"TEST (2026-01-06),ZCON (2026-01-27)",0,COCCT,L4,NEWBORN LEVEL IV CARE,L4,Y,Y,N,None,DOF3224,58:43.5,corpsvcmtxcutoverrpt_sql,38:19.0,xrdcwddbsuip06,MTX_ACOE_Cutover_Reporting,UI_Excel_Select_Xwalk_Source_Accommodations,facility,*ALL*,QXA4067,07:43.2
475,COCCT,NV,NON-VIABLE INFANT,NV,Y,"TEST (2026-01-06),ZCON (2026-01-27)",0,COCCT,L1,NEWBORN LEVEL I CARE,L1,Y,Y,N,None,DOF3224,58:43.5,corpsvcmtxcutoverrpt_sql,38:19.0,xrdcwddbsuip06,MTX_ACOE_Cutover_Reporting,UI_Excel_Select_Xwalk_Source_Accommodations,facility,*ALL*,QXA4067,07:43.2
476,COCCT,OF,OVERFLOW PRIVATE,OF,Y,"TEST (2026-01-06),ZCON (2026-01-27)",0,COCCT,MS,MED SURG,MS,Y,Y,N,None,DOF3224,58:43.6,corpsvcmtxcutoverrpt_sql,38:19.0,xrdcwddbsuip06,MTX_ACOE_Cutover_Reporting,UI_Excel_Select_Xwalk_Source_Accommodations,facility,*ALL*,QXA4067,07:43.2
477,COCCT,OM,OVERFLOW PRIVATE MED SURG,OM,Y,"TEST (2026-01-06),ZCON (2026-01-27)",0,COCCT,MS,MED SURG,MS,Y,Y,N,None,DOF3224,58:43.7,corpsvcmtxcutoverrpt_sql,38:19.0,xrdcwddbsuip06,MTX_ACOE_Cutover_Reporting,UI_Excel_Select_Xwalk_Source_Accommodations,facility,*ALL*,QXA4067,07:43.2
478,COCCT,P,PRIVATE ROOM,P,Y,"TEST (2026-01-06),ZCON (2026-01-27)",0,COCCT,PR,PRIVATE ROOM,P,Y,Y,N,None,DOF3224,58:43.7,corpsvcmtxcutoverrpt_sql,38:19.0,xrdcwddbsuip06,MTX_ACOE_Cutover_Reporting,UI_Excel_Select_Xwalk_Source_Accommodations,facility,*ALL*,QXA4067,07:43.2
479,COCCT,P8,PRIVATE 8 TOWER,P8,N,NO MATCH,0,COCCT,,,,,N,Y,None,QVO8748,59:02.9,corpsvcmtxcutoverrpt_sql,38:19.0,xrdcwddbsuip06,MTX_ACOE_Cutover_Reporting,UI_Excel_Select_Xwalk_Source_Accommodations,facility,*ALL*,QXA4067,07:43.2
480,COCCT,PC,PROGRESSIVE CARE UNIT,PC,Y,"TEST (2026-01-06),ZCON (2026-01-27)",0,COCCT,PC,PROGRESSIVE CARE,PC,Y,Y,N,None,DOF3224,58:43.8,corpsvcmtxcutoverrpt_sql,38:19.0,xrdcwddbsuip06,MTX_ACOE_Cutover_Reporting,UI_Excel_Select_Xwalk_Source_Accommodations,facility,*ALL*,QXA4067,07:43.2
481,COCCT,PD,PEDIATRIC PRIVATE,PD,Y,"TEST (2026-01-06),ZCON (2026-01-27)",0,COCCT,PP,PEDIATRIC PRIVATE,PP,Y,Y,N,None,DOF3224,58:43.8,corpsvcmtxcutoverrpt_sql,38:19.0,xrdcwddbsuip06,MTX_ACOE_Cutover_Reporting,UI_Excel_Select_Xwalk_Source_Accommodations,facility,*ALL*,QXA4067,07:43.2
482,COCCT,PO,PEDIATRIC ONCOLOGY,PO,Y,"TEST (2026-01-06),ZCON (2026-01-27)",0,COCCT,ONC,ONCOLOGY,ON,Y,Y,N,None,QVO8748,15:06.7,corpsvcmtxcutoverrpt_sql,38:19.0,xrdcwddbsuip06,MTX_ACOE_Cutover_Reporting,UI_Excel_Select_Xwalk_Source_Accommodations,facility,*ALL*,QXA4067,07:43.2
483,COCCT,PP,PRIVATE PLUS,PP,N,NO MATCH,0,COCCT,,,,,N,Y,None,QVO8748,59:03.0,corpsvcmtxcutoverrpt_sql,38:19.0,xrdcwddbsuip06,MTX_ACOE_Cutover_Reporting,UI_Excel_Select_Xwalk_Source_Accommodations,facility,*ALL*,QXA4067,07:43.2
484,COCCT,S,SEMI-PRIVATE ROOM,SP,Y,"TEST (2026-01-06),ZCON (2026-01-27)",0,COCCT,SP,SEMI-PRIVATE ROOM,SP,Y,Y,N,None,DOF3224,58:44.0,corpsvcmtxcutoverrpt_sql,38:19.0,xrdcwddbsuip06,MTX_ACOE_Cutover_Reporting,UI_Excel_Select_Xwalk_Source_Accommodations,facility,*ALL*,QXA4067,07:43.2
485,COCCT,SI,SURGICAL INTENSIVE CARE,SI,Y,"TEST (2026-01-06),ZCON (2026-01-27)",0,COCCT,SIC,SURGICAL INTENSIVE CARE,SI,Y,Y,N,None,QVO8748,15:06.7,corpsvcmtxcutoverrpt_sql,38:19.0,xrdcwddbsuip06,MTX_ACOE_Cutover_Reporting,UI_Excel_Select_Xwalk_Source_Accommodations,facility,*ALL*,QXA4067,07:43.2
486,COCCT,TE,TELEMETRY,TE,Y,"TEST (2026-01-06),ZCON (2026-01-27)",0,COCCT,TEL,TELEMETRY,TE,Y,Y,N,None,DOF3224,58:44.3,corpsvcmtxcutoverrpt_sql,38:19.0,xrdcwddbsuip06,MTX_ACOE_Cutover_Reporting,UI_Excel_Select_Xwalk_Source_Accommodations,facility,*ALL*,QXA4067,07:43.2
487,COCCT,TE8,TELEMETRY TOWER 8,T8,N,NO MATCH,0,COCCT,,,,,N,Y,None,QVO8748,59:03.1,corpsvcmtxcutoverrpt_sql,38:19.0,xrdcwddbsuip06,MTX_ACOE_Cutover_Reporting,UI_Excel_Select_Xwalk_Source_Accommodations,facility,*ALL*,QXA4067,07:43.2
488,COCDAB,AD,ADOLESCENT,AD,N,NO MATCH,0,COCDAB,,,,,N,Y,None,KKO3457,43:14.9,corpsvcmtxcutoverrpt_sql,53:33.3,xrdcwddbsuip06,MTX_ACOE_Cutover_Reporting,UI_Excel_Select_Xwalk_Source_Accommodations,facility,*ALL*,QXA4067,07:43.2
489,COCDAB,BB,BOARDER BABY,BB,Y,NO MATCH,0,COCDAB,L1,NEWBORN LEVEL I CARE,L1,Y,Y,N,None,KKO3457,43:14.9,corpsvcmtxcutoverrpt_sql,53:33.3,xrdcwddbsuip06,MTX_ACOE_Cutover_Reporting,UI_Excel_Select_Xwalk_Source_Accommodations,facility,*ALL*,QXA4067,07:43.2
490,COCDAB,IC,INTENSIVE CARE,IC,Y,NO MATCH,9,COCDAB,IC,INTENSIVE CARE,IC,Y,Y,N,None,KKO3457,7/28/2026 14:43,corpsvcmtxcutoverrpt_sql,53:33.3,xrdcwddbsuip06,MTX_ACOE_Cutover_Reporting,UI_Excel_Select_Xwalk_Source_Accommodations,facility,*ALL*,QXA4067,07:43.2
491,COCDAB,L1,NEWBORN LEVEL I,L1,Y,NO MATCH,2,COCDAB,L1,NEWBORN LEVEL I CARE,L1,Y,Y,N,None,KKO3457,43:15.1,corpsvcmtxcutoverrpt_sql,53:33.3,xrdcwddbsuip06,MTX_ACOE_Cutover_Reporting,UI_Excel_Select_Xwalk_Source_Accommodations,facility,*ALL*,QXA4067,07:43.2
492,COCDAB,L2,NEWBORN LEVEL II,L2,Y,NO MATCH,5,COCDAB,L2,NEWBORN LEVEL II CARE,L2,Y,Y,N,None,KKO3457,43:15.1,corpsvcmtxcutoverrpt_sql,53:33.3,xrdcwddbsuip06,MTX_ACOE_Cutover_Reporting,UI_Excel_Select_Xwalk_Source_Accommodations,facility,*ALL*,QXA4067,07:43.2
493,COCDAB,L3,NEWBORN LEVEL III,L3,Y,NO MATCH,0,COCDAB,L3,NEWBORN LEVEL III CARE,L3,Y,Y,N,None,KKO3457,43:15.2,corpsvcmtxcutoverrpt_sql,53:33.3,xrdcwddbsuip06,MTX_ACOE_Cutover_Reporting,UI_Excel_Select_Xwalk_Source_Accommodations,facility,*ALL*,QXA4067,07:43.2
494,COCDAB,L4,NEWBORN LEVEL IV,L4,Y,NO MATCH,0,COCDAB,L4,NEWBORN LEVEL IV CARE,L4,Y,Y,N,None,KKO3457,43:15.2,corpsvcmtxcutoverrpt_sql,53:33.3,xrdcwddbsuip06,MTX_ACOE_Cutover_Reporting,UI_Excel_Select_Xwalk_Source_Accommodations,facility,*ALL*,QXA4067,07:43.2
495,COCDAB,MD,MEDICAL,MD,N,NO MATCH,0,COCDAB,,,,,N,Y,None,KKO3457,43:15.2,corpsvcmtxcutoverrpt_sql,53:33.3,xrdcwddbsuip06,MTX_ACOE_Cutover_Reporting,UI_Excel_Select_Xwalk_Source_Accommodations,facility,*ALL*,QXA4067,07:43.2
496,COCDAB,NR,NURSERY,NR,Y,NO MATCH,0,COCDAB,L1,NEWBORN LEVEL 1 CARE,L1,Y,Y,N,None,KKO3457,43:15.3,corpsvcmtxcutoverrpt_sql,53:33.3,xrdcwddbsuip06,MTX_ACOE_Cutover_Reporting,UI_Excel_Select_Xwalk_Source_Accommodations,facility,*ALL*,QXA4067,07:43.2
497,COCDAB,OP,OB - PRIVATE,OP,Y,NO MATCH,9,COCDAB,LD,LABOR AND DELIVERY,LD,Y,Y,N,None,KKO3457,43:15.3,corpsvcmtxcutoverrpt_sql,53:33.3,xrdcwddbsuip06,MTX_ACOE_Cutover_Reporting,UI_Excel_Select_Xwalk_Source_Accommodations,facility,*ALL*,QXA4067,07:43.2
498,COCDAB,P,PRIVATE ROOM,P,Y,NO MATCH,30,COCDAB,PR,PRIVATE ROOM,PR,Y,Y,N,None,KKO3457,43:15.4,corpsvcmtxcutoverrpt_sql,53:33.3,xrdcwddbsuip06,MTX_ACOE_Cutover_Reporting,UI_Excel_Select_Xwalk_Source_Accommodations,facility,*ALL*,QXA4067,07:43.2
499,COCDAB,PE,PEDS,PE,Y,NO MATCH,0,COCDAB,P,PEDIATRIC,P,Y,Y,N,None,KKO3457,43:15.4,corpsvcmtxcutoverrpt_sql,53:33.3,xrdcwddbsuip06,MTX_ACOE_Cutover_Reporting,UI_Excel_Select_Xwalk_Source_Accommodations,facility,*ALL*,QXA4067,07:43.2
500,COCDAB,PV,PRIVATE,PV,N,NO MATCH,0,COCDAB,,,,,N,Y,None,KKO3457,43:15.5,corpsvcmtxcutoverrpt_sql,53:33.3,xrdcwddbsuip06,MTX_ACOE_Cutover_Reporting,UI_Excel_Select_Xwalk_Source_Accommodations,facility,*ALL*,QXA4067,07:43.2
501,COCDAB,RB,REHAB SP,S,Y,NO MATCH,12,COCDAB,R,REHABILITATION,R,Y,Y,N,None,KKO3457,43:15.5,corpsvcmtxcutoverrpt_sql,53:33.3,xrdcwddbsuip06,MTX_ACOE_Cutover_Reporting,UI_Excel_Select_Xwalk_Source_Accommodations,facility,*ALL*,QXA4067,07:43.2
502,COCDAB,RH,REHAB PRIVATE,RH,Y,NO MATCH,14,COCDAB,RP,REHAB PRIVATE,RP,Y,Y,N,None,KKO3457,43:15.5,corpsvcmtxcutoverrpt_sql,53:33.3,xrdcwddbsuip06,MTX_ACOE_Cutover_Reporting,UI_Excel_Select_Xwalk_Source_Accommodations,facility,*ALL*,QXA4067,07:43.2
503,COCDAB,SK,SKILLED NURS PV,SK,Y,NO MATCH,0,COCDAB,L1,NEWBORN LEVEL 1 CARE,L1,Y,Y,N,None,KKO3457,43:15.6,corpsvcmtxcutoverrpt_sql,53:33.3,xrdcwddbsuip06,MTX_ACOE_Cutover_Reporting,UI_Excel_Select_Xwalk_Source_Accommodations,facility,*ALL*,QXA4067,07:43.2
504,COCDAB,SN,SKILLED NURSING SP,SN,Y,NO MATCH,0,COCDAB,L1,NEWBORN LEVEL 1 CARE,L1,Y,Y,N,None,KKO3457,43:15.6,corpsvcmtxcutoverrpt_sql,53:33.3,xrdcwddbsuip06,MTX_ACOE_Cutover_Reporting,UI_Excel_Select_Xwalk_Source_Accommodations,facility,*ALL*,QXA4067,07:43.2
505,COCDAB,SP,SEMI-PRIVATE,SP,Y,NO MATCH,153,COCDAB,SP,SEMI-PRIVATE ROOM,SP,Y,Y,N,None,KKO3457,43:15.7,corpsvcmtxcutoverrpt_sql,53:33.3,xrdcwddbsuip06,MTX_ACOE_Cutover_Reporting,UI_Excel_Select_Xwalk_Source_Accommodations,facility,*ALL*,QXA4067,07:43.2
506,COCDAB,TP,TELEMETRY PRIVATE,TP,N,NO MATCH,0,COCDAB,,,,,N,Y,None,KKO3457,43:15.7,corpsvcmtxcutoverrpt_sql,53:33.3,xrdcwddbsuip06,MTX_ACOE_Cutover_Reporting,UI_Excel_Select_Xwalk_Source_Accommodations,facility,*ALL*,QXA4067,07:43.2
507,COCDAB,TS,TELEMETRY SEMI PRIVATE,TS,N,NO MATCH,0,COCDAB,,,,,N,Y,None,KKO3457,43:15.8,corpsvcmtxcutoverrpt_sql,53:33.3,xrdcwddbsuip06,MTX_ACOE_Cutover_Reporting,UI_Excel_Select_Xwalk_Source_Accommodations,facility,*ALL*,QXA4067,07:43.2
508,COCDAE,AF.AP,Antepartum,AP,Y,NO MATCH,0,COCDAE,AP,ANTEPARTUM,AP,,Y,N,None,CMZ5161,16:18.8,corpsvcmtxcutoverrpt_sql,12:30.1,xrdcwddbsuip06,MTX_ACOE_Cutover_Reporting,UI_Excel_Select_Xwalk_Source_Accommodations,facility,*ALL*,QXA4067,07:43.2
509,COCDAE,AF.COVID,ICU SEMI PRIVATE,CV,N,NO MATCH,0,COCDAE,,,,,N,Y,None,CMZ5161,20:46.0,corpsvcmtxcutoverrpt_sql,12:30.1,xrdcwddbsuip06,MTX_ACOE_Cutover_Reporting,UI_Excel_Select_Xwalk_Source_Accommodations,facility,*ALL*,QXA4067,07:43.2
510,COCDAE,AF.COVID01,COVID 19,C0,N,NO MATCH,0,COCDAE,,,,,N,Y,None,CMZ5161,20:46.0,corpsvcmtxcutoverrpt_sql,12:30.1,xrdcwddbsuip06,MTX_ACOE_Cutover_Reporting,UI_Excel_Select_Xwalk_Source_Accommodations,facility,*ALL*,QXA4067,07:43.2
511,COCDAE,AF.COVID02,COVID 19,C2,N,NO MATCH,0,COCDAE,,,,,N,Y,None,CMZ5161,20:46.1,corpsvcmtxcutoverrpt_sql,12:30.1,xrdcwddbsuip06,MTX_ACOE_Cutover_Reporting,UI_Excel_Select_Xwalk_Source_Accommodations,facility,*ALL*,QXA4067,07:43.2
512,COCDAE,AF.COVID1,ICU SEMI,C1,N,NO MATCH,0,COCDAE,,,,,N,Y,None,CMZ5161,20:46.1,corpsvcmtxcutoverrpt_sql,12:30.1,xrdcwddbsuip06,MTX_ACOE_Cutover_Reporting,UI_Excel_Select_Xwalk_Source_Accommodations,facility,*ALL*,QXA4067,07:43.2
513,COCDAE,AF.DSU,DSU PT'S TO BE ADMITTED,DS,Y,NO MATCH,0,COCDAE,,,,,N,N,None,CMZ5161,20:46.2,corpsvcmtxcutoverrpt_sql,12:30.1,xrdcwddbsuip06,MTX_ACOE_Cutover_Reporting,UI_Excel_Select_Xwalk_Source_Accommodations,facility,*ALL*,QXA4067,07:43.2
514,COCDAE,AF.ECMO,ECMO,EC,Y,NO MATCH,0,COCDAE,EC,ECMO,EC,,Y,N,None,CMZ5161,20:46.2,corpsvcmtxcutoverrpt_sql,12:30.1,xrdcwddbsuip06,MTX_ACOE_Cutover_Reporting,UI_Excel_Select_Xwalk_Source_Accommodations,facility,*ALL*,QXA4067,07:43.2
515,COCDAE,AF.EDHLD,ED-HOLD,ED,Y,NO MATCH,0,COCDAE,PR,PRIVATE ROOM,PR,,Y,N,None,CMZ5161,20:46.2,corpsvcmtxcutoverrpt_sql,12:30.1,xrdcwddbsuip06,MTX_ACOE_Cutover_Reporting,UI_Excel_Select_Xwalk_Source_Accommodations,facility,*ALL*,QXA4067,07:43.2
516,COCDAE,AF.EICU,ED HOLD ICU,EI,Y,NO MATCH,0,COCDAE,IC,INTENSIVE CARE,IC,,Y,N,None,CMZ5161,26:08.9,corpsvcmtxcutoverrpt_sql,12:30.1,xrdcwddbsuip06,MTX_ACOE_Cutover_Reporting,UI_Excel_Select_Xwalk_Source_Accommodations,facility,*ALL*,QXA4067,07:43.2
517,COCDAE,AF.EMAS,ED HOLD MED SURG,EM,Y,NO MATCH,0,COCDAE,MS,MED SURG,MS,,Y,N,None,CMZ5161,20:46.3,corpsvcmtxcutoverrpt_sql,12:30.1,xrdcwddbsuip06,MTX_ACOE_Cutover_Reporting,UI_Excel_Select_Xwalk_Source_Accommodations,facility,*ALL*,QXA4067,07:43.2
518,COCDAE,AF.EMST,ED HOLD MED SURG TELE,ET,Y,NO MATCH,0,COCDAE,TEL,TELEMETRY,TEL,,Y,N,None,CMZ5161,20:46.3,corpsvcmtxcutoverrpt_sql,12:30.1,xrdcwddbsuip06,MTX_ACOE_Cutover_Reporting,UI_Excel_Select_Xwalk_Source_Accommodations,facility,*ALL*,QXA4067,07:43.2
519,COCDAE,AF.EPCU,ED HOLD PCU,EP,Y,NO MATCH,1,COCDAE,PR,PRIVATE ROOM,PR,,Y,N,None,CMZ5161,20:46.4,corpsvcmtxcutoverrpt_sql,12:30.1,xrdcwddbsuip06,MTX_ACOE_Cutover_Reporting,UI_Excel_Select_Xwalk_Source_Accommodations,facility,*ALL*,QXA4067,07:43.2
520,COCDAE,AF.I,INTENSIVE CARE UNIT,I,N,NO MATCH,0,COCDAE,,,,,N,Y,None,CMZ5161,20:46.4,corpsvcmtxcutoverrpt_sql,12:30.1,xrdcwddbsuip06,MTX_ACOE_Cutover_Reporting,UI_Excel_Select_Xwalk_Source_Accommodations,facility,*ALL*,QXA4067,07:43.2
521,COCDAE,AF.IC,INTENSIVE CARE UNIT,IC,Y,NO MATCH,8,COCDAE,IC,INTENSIVE CARE,IC,,Y,N,None,CMZ5161,20:46.5,corpsvcmtxcutoverrpt_sql,12:30.1,xrdcwddbsuip06,MTX_ACOE_Cutover_Reporting,UI_Excel_Select_Xwalk_Source_Accommodations,facility,*ALL*,QXA4067,07:43.2
522,COCDAE,AF.IS,ISOLATION,IS,N,NO MATCH,0,COCDAE,,,,,N,Y,None,CMZ5161,20:46.5,corpsvcmtxcutoverrpt_sql,12:30.1,xrdcwddbsuip06,MTX_ACOE_Cutover_Reporting,UI_Excel_Select_Xwalk_Source_Accommodations,facility,*ALL*,QXA4067,07:43.2
523,COCDAE,AF.L1,NEWBORN LEVEL I,N1,N,NO MATCH,0,COCDAE,,,,,N,Y,None,CMZ5161,20:46.5,corpsvcmtxcutoverrpt_sql,12:30.1,xrdcwddbsuip06,MTX_ACOE_Cutover_Reporting,UI_Excel_Select_Xwalk_Source_Accommodations,facility,*ALL*,QXA4067,07:43.2
524,COCDAE,AF.L2,NURSERY LEVEL 2,A,N,NO MATCH,0,COCDAE,,,,,N,Y,None,CMZ5161,20:46.6,corpsvcmtxcutoverrpt_sql,12:30.1,xrdcwddbsuip06,MTX_ACOE_Cutover_Reporting,UI_Excel_Select_Xwalk_Source_Accommodations,facility,*ALL*,QXA4067,07:43.2
525,COCDAE,AF.LDR,LABOR DELIVERY ROOM,LD,N,NO MATCH,0,COCDAE,,,,,N,Y,None,CMZ5161,20:46.6,corpsvcmtxcutoverrpt_sql,12:30.1,xrdcwddbsuip06,MTX_ACOE_Cutover_Reporting,UI_Excel_Select_Xwalk_Source_Accommodations,facility,*ALL*,QXA4067,07:43.2
526,COCDAE,AF.MAS,MED/SURG SEMI PRIVATE OVERFLOW,M,N,NO MATCH,0,COCDAE,,,,,N,Y,None,CMZ5161,20:46.7,corpsvcmtxcutoverrpt_sql,12:30.1,xrdcwddbsuip06,MTX_ACOE_Cutover_Reporting,UI_Excel_Select_Xwalk_Source_Accommodations,facility,*ALL*,QXA4067,07:43.2
527,COCDAE,AF.MB,Monitored Bed,B,Y,NO MATCH,91,COCDAE,TEL,TELEMETRY,TEL,,Y,N,None,CMZ5161,20:46.7,corpsvcmtxcutoverrpt_sql,12:30.1,xrdcwddbsuip06,MTX_ACOE_Cutover_Reporting,UI_Excel_Select_Xwalk_Source_Accommodations,facility,*ALL*,QXA4067,07:43.2
528,COCDAE,AF.NB,NEWBORN NURSERY,NB,N,NO MATCH,0,COCDAE,,,,,N,Y,None,CMZ5161,20:46.8,corpsvcmtxcutoverrpt_sql,12:30.1,xrdcwddbsuip06,MTX_ACOE_Cutover_Reporting,UI_Excel_Select_Xwalk_Source_Accommodations,facility,*ALL*,QXA4067,07:43.2
529,COCDAE,AF.NI,INTERMEDIATE NURSERY,NI,N,NO MATCH,0,COCDAE,,,,,N,Y,None,CMZ5161,20:46.8,corpsvcmtxcutoverrpt_sql,12:30.1,xrdcwddbsuip06,MTX_ACOE_Cutover_Reporting,UI_Excel_Select_Xwalk_Source_Accommodations,facility,*ALL*,QXA4067,07:43.2
530,COCDAE,AF.NN,NEONATAL INTENSIVE CARE,NN,N,NO MATCH,0,COCDAE,,,,,N,Y,None,CMZ5161,20:46.9,corpsvcmtxcutoverrpt_sql,12:30.1,xrdcwddbsuip06,MTX_ACOE_Cutover_Reporting,UI_Excel_Select_Xwalk_Source_Accommodations,facility,*ALL*,QXA4067,07:43.2
531,COCDAE,AF.NSY,NURSERY LEVEL I,N,N,NO MATCH,0,COCDAE,,,,,N,Y,None,CMZ5161,20:46.9,corpsvcmtxcutoverrpt_sql,12:30.1,xrdcwddbsuip06,MTX_ACOE_Cutover_Reporting,UI_Excel_Select_Xwalk_Source_Accommodations,facility,*ALL*,QXA4067,07:43.2
532,COCDAE,AF.NSY III,NEWBORN LEVEL III,N3,N,NO MATCH,0,COCDAE,,,,,N,Y,None,CMZ5161,20:46.9,corpsvcmtxcutoverrpt_sql,12:30.1,xrdcwddbsuip06,MTX_ACOE_Cutover_Reporting,UI_Excel_Select_Xwalk_Source_Accommodations,facility,*ALL*,QXA4067,07:43.2
533,COCDAE,AF.NSY IV,NEWBORN LEVEL IV,N4,N,NO MATCH,0,COCDAE,,,,,N,Y,None,CMZ5161,20:47.0,corpsvcmtxcutoverrpt_sql,12:30.1,xrdcwddbsuip06,MTX_ACOE_Cutover_Reporting,UI_Excel_Select_Xwalk_Source_Accommodations,facility,*ALL*,QXA4067,07:43.2
534,COCDAE,AF.NSYII,NEWBORN LEVEL II,N2,N,NO MATCH,0,COCDAE,,,,,N,Y,None,CMZ5161,20:47.0,corpsvcmtxcutoverrpt_sql,12:30.1,xrdcwddbsuip06,MTX_ACOE_Cutover_Reporting,UI_Excel_Select_Xwalk_Source_Accommodations,facility,*ALL*,QXA4067,07:43.2
535,COCDAE,AF.P,PRIVATE,P,Y,NO MATCH,4,COCDAE,PR,PRIVATE ROOM,PR,,Y,N,None,CMZ5161,20:47.1,corpsvcmtxcutoverrpt_sql,12:30.1,xrdcwddbsuip06,MTX_ACOE_Cutover_Reporting,UI_Excel_Select_Xwalk_Source_Accommodations,facility,*ALL*,QXA4067,07:43.2
536,COCDAE,AF.PCU,PROGRESSIVE CARE UNIT,PC,Y,NO MATCH,23,COCDAE,PC,PROGRESSIVE CARE,PC,,Y,N,None,CMZ5161,20:47.1,corpsvcmtxcutoverrpt_sql,12:30.1,xrdcwddbsuip06,MTX_ACOE_Cutover_Reporting,UI_Excel_Select_Xwalk_Source_Accommodations,facility,*ALL*,QXA4067,07:43.2
537,COCDAE,AF.PD,PEDI IN OB BED,PD,Y,NO MATCH,0,COCDAE,PR,PRIVATE ROOM,PR,,Y,N,None,CMZ5161,20:47.2,corpsvcmtxcutoverrpt_sql,12:30.1,xrdcwddbsuip06,MTX_ACOE_Cutover_Reporting,UI_Excel_Select_Xwalk_Source_Accommodations,facility,*ALL*,QXA4067,07:43.2
538,COCDAE,AF.PPP,POST-PARTUM PRIVATE,PP,N,NO MATCH,0,COCDAE,,,,,N,Y,None,CMZ5161,20:47.2,corpsvcmtxcutoverrpt_sql,12:30.1,xrdcwddbsuip06,MTX_ACOE_Cutover_Reporting,UI_Excel_Select_Xwalk_Source_Accommodations,facility,*ALL*,QXA4067,07:43.2
539,COCDAE,AF.PPS,POST-PARTUM SEMI-PRIVATE,PS,N,NO MATCH,0,COCDAE,,,,,N,Y,None,CMZ5161,20:47.3,corpsvcmtxcutoverrpt_sql,12:30.1,xrdcwddbsuip06,MTX_ACOE_Cutover_Reporting,UI_Excel_Select_Xwalk_Source_Accommodations,facility,*ALL*,QXA4067,07:43.2
540,COCDAE,AF.PR,PRIVATE,PR,Y,NO MATCH,28,COCDAE,PR,PRIVATE ROOM,PR,,Y,N,None,CMZ5161,20:47.3,corpsvcmtxcutoverrpt_sql,12:30.1,xrdcwddbsuip06,MTX_ACOE_Cutover_Reporting,UI_Excel_Select_Xwalk_Source_Accommodations,facility,*ALL*,QXA4067,07:43.2
541,COCDAE,AF.SEMI,MED/SURG SEMI PRIVATE,S,Y,NO MATCH,78,COCDAE,SP,SEMI PRIVATE ROOM,SP,,Y,N,None,CMZ5161,20:47.3,corpsvcmtxcutoverrpt_sql,12:30.1,xrdcwddbsuip06,MTX_ACOE_Cutover_Reporting,UI_Excel_Select_Xwalk_Source_Accommodations,facility,*ALL*,QXA4067,07:43.2
542,COCDAE,AF.SP,SEMI-PRIVATE,SP,N,NO MATCH,0,COCDAE,,,,,N,Y,None,CMZ5161,20:47.4,corpsvcmtxcutoverrpt_sql,12:30.1,xrdcwddbsuip06,MTX_ACOE_Cutover_Reporting,UI_Excel_Select_Xwalk_Source_Accommodations,facility,*ALL*,QXA4067,07:43.2
543,COCDAE,AF.SPCARE,SPECIAL CARE,SC,N,NO MATCH,0,COCDAE,,,,,N,Y,None,CMZ5161,20:47.4,corpsvcmtxcutoverrpt_sql,12:30.1,xrdcwddbsuip06,MTX_ACOE_Cutover_Reporting,UI_Excel_Select_Xwalk_Source_Accommodations,facility,*ALL*,QXA4067,07:43.2
544,COCDAE,AF.TP,TELEMENTRY PRIVATE,TP,Y,NO MATCH,0,COCDAE,PR,PRIVATE ROOM,PR,,Y,N,None,CMZ5161,20:47.5,corpsvcmtxcutoverrpt_sql,12:30.1,xrdcwddbsuip06,MTX_ACOE_Cutover_Reporting,UI_Excel_Select_Xwalk_Source_Accommodations,facility,*ALL*,QXA4067,07:43.2
545,COCDAE,AF.TR,INTENSIVE CARE TRAUMA,TR,Y,NO MATCH,0,COCDAE,TRIC,INTENSIVE CARE TRAUMA,TRIC,,Y,N,None,CMZ5161,20:47.5,corpsvcmtxcutoverrpt_sql,12:30.1,xrdcwddbsuip06,MTX_ACOE_Cutover_Reporting,UI_Excel_Select_Xwalk_Source_Accommodations,facility,*ALL*,QXA4067,07:43.2
546,COCDAE,AF.TS,TELEMETRY SEMI-PRIVATE,TS,Y,NO MATCH,5,COCDAE,TEL,TELEMETRY,TEL,,Y,N,None,CMZ5161,20:47.6,corpsvcmtxcutoverrpt_sql,12:30.1,xrdcwddbsuip06,MTX_ACOE_Cutover_Reporting,UI_Excel_Select_Xwalk_Source_Accommodations,facility,*ALL*,QXA4067,07:43.2
547,COCDAE,AF.WS,WOMEN'S SERVICES BEDS - 2ND FL,WS,N,NO MATCH,0,COCDAE,,,,,N,Y,None,CMZ5161,20:47.6,corpsvcmtxcutoverrpt_sql,12:30.1,xrdcwddbsuip06,MTX_ACOE_Cutover_Reporting,UI_Excel_Select_Xwalk_Source_Accommodations,facility,*ALL*,QXA4067,07:43.2
548,COCDAE,L1,NEWBORN LEVEL 1,L1,Y,NO MATCH,20,COCDAE,L1,NEWBORN LEVEL I CARE,L1,,Y,N,None,CMZ5161,20:47.7,corpsvcmtxcutoverrpt_sql,12:30.1,xrdcwddbsuip06,MTX_ACOE_Cutover_Reporting,UI_Excel_Select_Xwalk_Source_Accommodations,facility,*ALL*,QXA4067,07:43.2
549,COCDAE,L2,NEWBORN LEVEL 2,L2,Y,NO MATCH,28,COCDAE,L2,NEWBORN LEVEL II CARE,L2,,Y,N,None,CMZ5161,20:47.7,corpsvcmtxcutoverrpt_sql,12:30.1,xrdcwddbsuip06,MTX_ACOE_Cutover_Reporting,UI_Excel_Select_Xwalk_Source_Accommodations,facility,*ALL*,QXA4067,07:43.2
550,COCDAE,L3,NEWBORN LEVEL 3,L3,Y,NO MATCH,14,COCDAE,L3,NEWBORN LEVEL III CARE,L3,,Y,N,None,CMZ5161,20:47.8,corpsvcmtxcutoverrpt_sql,12:30.1,xrdcwddbsuip06,MTX_ACOE_Cutover_Reporting,UI_Excel_Select_Xwalk_Source_Accommodations,facility,*ALL*,QXA4067,07:43.2
551,COCDAE,L4,NEWBORN LEVEL 4,L4,Y,NO MATCH,0,COCDAE,L4,NEWBORN LEVEL IV CARE,L4,,Y,N,None,CMZ5161,20:47.8,corpsvcmtxcutoverrpt_sql,12:30.1,xrdcwddbsuip06,MTX_ACOE_Cutover_Reporting,UI_Excel_Select_Xwalk_Source_Accommodations,facility,*ALL*,QXA4067,07:43.2
552,COCDCT,BK.BH,BEHAVIORAL HEALTH,BH,N,NO MATCH,0,COCDCT,,,,,N,Y,None,FDO8801,52:02.7,corpsvcmtxcutoverrpt_sql,43:36.1,xrdcwddbsuip06,MTX_ACOE_Cutover_Reporting,UI_Excel_Select_Xwalk_Source_Accommodations,facility,*ALL*,QXA4067,07:43.2
553,COCDCT,BK.BR,BIRTHING ROOM,BR,Y,NO MATCH,4,COCDCT,BR,BIRTHING ROOM,BR,Y,Y,N,None,QVO8748,05:13.5,corpsvcmtxcutoverrpt_sql,34:05.6,xrdcwddbsuip06,MTX_ACOE_Cutover_Reporting,UI_Excel_Select_Xwalk_Source_Accommodations,facility,*ALL*,QXA4067,07:43.2
554,COCDCT,BK.CDU,CLINICAL DECISION UNIT,SC,N,NO MATCH,0,COCDCT,,,,,N,Y,None,FDO8801,52:02.9,corpsvcmtxcutoverrpt_sql,43:36.1,xrdcwddbsuip06,MTX_ACOE_Cutover_Reporting,UI_Excel_Select_Xwalk_Source_Accommodations,facility,*ALL*,QXA4067,07:43.2
555,COCDCT,BK.GYN,GYN,GY,Y,NO MATCH,0,COCDCT,LD,LABOR AND DELIVERY,LD,Y,Y,N,None,QVO8748,05:13.5,corpsvcmtxcutoverrpt_sql,34:05.6,xrdcwddbsuip06,MTX_ACOE_Cutover_Reporting,UI_Excel_Select_Xwalk_Source_Accommodations,facility,*ALL*,QXA4067,07:43.2
556,COCDCT,BK.IC,INTENSIVE CARE,IC,Y,NO MATCH,8,COCDCT,IC,INTENSIVE CARE,IC,Y,Y,N,None,QVO8748,05:13.5,corpsvcmtxcutoverrpt_sql,34:05.6,xrdcwddbsuip06,MTX_ACOE_Cutover_Reporting,UI_Excel_Select_Xwalk_Source_Accommodations,facility,*ALL*,QXA4067,07:43.2
557,COCDCT,BK.IS,ISOLATION,IS,Y,NO MATCH,0,COCDCT,PR,PRIVATE ROOM,PR,Y,Y,N,None,QVO8748,05:13.5,corpsvcmtxcutoverrpt_sql,34:05.6,xrdcwddbsuip06,MTX_ACOE_Cutover_Reporting,UI_Excel_Select_Xwalk_Source_Accommodations,facility,*ALL*,QXA4067,07:43.2
558,COCDCT,BK.MSO,MED SURG OVERFLOW,OF,Y,NO MATCH,7,COCDCT,PR,PRIVATE ROOM,PR,Y,Y,N,None,QVO8748,59:48.3,corpsvcmtxcutoverrpt_sql,34:05.6,xrdcwddbsuip06,MTX_ACOE_Cutover_Reporting,UI_Excel_Select_Xwalk_Source_Accommodations,facility,*ALL*,QXA4067,07:43.2
559,COCDCT,BK.PC,PROGRESSIVE CARE,PC,Y,NO MATCH,53,COCDCT,PC,PROGRESSIVE CARE,PC,Y,Y,N,None,QVO8748,05:13.6,corpsvcmtxcutoverrpt_sql,34:05.6,xrdcwddbsuip06,MTX_ACOE_Cutover_Reporting,UI_Excel_Select_Xwalk_Source_Accommodations,facility,*ALL*,QXA4067,07:43.2
560,COCDCT,BK.PEDP,PEDIATRICS PRIVATE,PP,Y,NO MATCH,0,COCDCT,PR,PRIVATE ROOM,PR,Y,Y,N,None,QVO8748,59:48.3,corpsvcmtxcutoverrpt_sql,34:05.6,xrdcwddbsuip06,MTX_ACOE_Cutover_Reporting,UI_Excel_Select_Xwalk_Source_Accommodations,facility,*ALL*,QXA4067,07:43.2
561,COCDCT,BK.PR,PRIVATE ROOM,PR,Y,NO MATCH,127,COCDCT,PR,PRIVATE ROOM,PR,Y,Y,N,None,QVO8748,05:13.6,corpsvcmtxcutoverrpt_sql,34:05.6,xrdcwddbsuip06,MTX_ACOE_Cutover_Reporting,UI_Excel_Select_Xwalk_Source_Accommodations,facility,*ALL*,QXA4067,07:43.2
562,COCDCT,BK.RP,REHAB PRIVATE,RP,N,NO MATCH,0,COCDCT,,,,,N,Y,None,FDO8801,52:03.6,corpsvcmtxcutoverrpt_sql,43:36.1,xrdcwddbsuip06,MTX_ACOE_Cutover_Reporting,UI_Excel_Select_Xwalk_Source_Accommodations,facility,*ALL*,QXA4067,07:43.2
563,COCDCT,BK.RS,REHAB SEMIPRIVATE,RS,Y,NO MATCH,21,COCDCT,R,REHABILITATION,R,Y,Y,N,None,QVO8748,05:13.7,corpsvcmtxcutoverrpt_sql,34:05.6,xrdcwddbsuip06,MTX_ACOE_Cutover_Reporting,UI_Excel_Select_Xwalk_Source_Accommodations,facility,*ALL*,QXA4067,07:43.2
564,COCDCT,BK.SP,SEMI PRIVATE,SP,Y,NO MATCH,0,COCDCT,SP,SEMI-PRIVATE ROOM,SP,Y,Y,N,None,QVO8748,05:13.7,corpsvcmtxcutoverrpt_sql,34:05.6,xrdcwddbsuip06,MTX_ACOE_Cutover_Reporting,UI_Excel_Select_Xwalk_Source_Accommodations,facility,*ALL*,QXA4067,07:43.2
565,COCDCT,BK.TEL,TELEMETRY,TL,Y,NO MATCH,70,COCDCT,TEL,TELEMETRY,TE,Y,Y,N,None,FDO8801,36:19.5,corpsvcmtxcutoverrpt_sql,34:05.6,xrdcwddbsuip06,MTX_ACOE_Cutover_Reporting,UI_Excel_Select_Xwalk_Source_Accommodations,facility,*ALL*,QXA4067,07:43.2
566,COCDCT,G.ADT PSY,ADULT PSYCH UNIT,AP,N,NO MATCH,0,COCDCT,,,,,N,Y,None,QVO8748,05:13.7,corpsvcmtxcutoverrpt_sql,00:06.6,xrdcwddbsuip06,MTX_ACOE_Cutover_Reporting,UI_Excel_Select_Xwalk_Source_Accommodations,facility,*ALL*,QXA4067,07:43.2
567,COCDCT,G.ADTPSYL,ADULT DAY PSYCH (LEWISVILLE),AL,N,NO MATCH,0,COCDCT,,,,,N,Y,None,QVO8748,05:13.8,corpsvcmtxcutoverrpt_sql,00:06.6,xrdcwddbsuip06,MTX_ACOE_Cutover_Reporting,UI_Excel_Select_Xwalk_Source_Accommodations,facility,*ALL*,QXA4067,07:43.2
568,COCDCT,G.ADULTPSY,ADULT DAY PSYCH FLOW CAMPUS,AF,N,NO MATCH,0,COCDCT,,,,,N,Y,None,QVO8748,05:13.8,corpsvcmtxcutoverrpt_sql,00:06.6,xrdcwddbsuip06,MTX_ACOE_Cutover_Reporting,UI_Excel_Select_Xwalk_Source_Accommodations,facility,*ALL*,QXA4067,07:43.2
569,COCDCT,G.ARGHLD,ARGYLE SURGICAL ED HOLD,SH,N,NO MATCH,0,COCDCT,,,,,N,Y,None,QVO8748,05:13.8,corpsvcmtxcutoverrpt_sql,34:05.6,xrdcwddbsuip06,MTX_ACOE_Cutover_Reporting,UI_Excel_Select_Xwalk_Source_Accommodations,facility,*ALL*,QXA4067,07:43.2
570,COCDCT,G.ARGSURG,ARGYLE POST SURGICAL UNIT,AS,N,NO MATCH,0,COCDCT,,,,,N,Y,None,QVO8748,05:13.8,corpsvcmtxcutoverrpt_sql,34:05.6,xrdcwddbsuip06,MTX_ACOE_Cutover_Reporting,UI_Excel_Select_Xwalk_Source_Accommodations,facility,*ALL*,QXA4067,07:43.2
571,COCDCT,G.BM,BABY WITH MOTHER,BM,N,NO MATCH,0,COCDCT,,,,,N,Y,None,QVO8748,05:13.8,corpsvcmtxcutoverrpt_sql,00:06.6,xrdcwddbsuip06,MTX_ACOE_Cutover_Reporting,UI_Excel_Select_Xwalk_Source_Accommodations,facility,*ALL*,QXA4067,07:43.2
572,COCDCT,G.CC,CARDIAC CARE UNIT,CC,N,NO MATCH,0,COCDCT,,,,,N,Y,None,QVO8748,05:13.9,corpsvcmtxcutoverrpt_sql,34:05.6,xrdcwddbsuip06,MTX_ACOE_Cutover_Reporting,UI_Excel_Select_Xwalk_Source_Accommodations,facility,*ALL*,QXA4067,07:43.2
573,COCDCT,G.COVID,ICU OVERFLOW,CV,N,NO MATCH,0,COCDCT,,,,,N,Y,None,QVO8748,05:13.9,corpsvcmtxcutoverrpt_sql,00:06.6,xrdcwddbsuip06,MTX_ACOE_Cutover_Reporting,UI_Excel_Select_Xwalk_Source_Accommodations,facility,*ALL*,QXA4067,07:43.2
574,COCDCT,G.ECMO,ECMO,EC,N,NO MATCH,0,COCDCT,,,,,N,Y,None,QVO8748,05:14.0,corpsvcmtxcutoverrpt_sql,34:05.6,xrdcwddbsuip06,MTX_ACOE_Cutover_Reporting,UI_Excel_Select_Xwalk_Source_Accommodations,facility,*ALL*,QXA4067,07:43.2
575,COCDCT,G.IC,INTENSIVE CARE UNIT,IC,N,NO MATCH,0,COCDCT,,,,,N,Y,None,QVO8748,05:14.0,corpsvcmtxcutoverrpt_sql,00:06.6,xrdcwddbsuip06,MTX_ACOE_Cutover_Reporting,UI_Excel_Select_Xwalk_Source_Accommodations,facility,*ALL*,QXA4067,07:43.2
576,COCDCT,G.ICU,ICU INTENSIVE CARE UNIT,IU,N,NO MATCH,0,COCDCT,,,,,N,Y,None,QVO8748,05:14.0,corpsvcmtxcutoverrpt_sql,34:05.6,xrdcwddbsuip06,MTX_ACOE_Cutover_Reporting,UI_Excel_Select_Xwalk_Source_Accommodations,facility,*ALL*,QXA4067,07:43.2
577,COCDCT,G.IPR,INPATIENT REHAB,RP,N,NO MATCH,0,COCDCT,,,,,N,Y,None,QVO8748,05:14.0,corpsvcmtxcutoverrpt_sql,34:05.6,xrdcwddbsuip06,MTX_ACOE_Cutover_Reporting,UI_Excel_Select_Xwalk_Source_Accommodations,facility,*ALL*,QXA4067,07:43.2
578,COCDCT,G.IPR Tele,PRIVATE REHAB MONITORED,RT,N,NO MATCH,0,COCDCT,,,,,N,Y,None,QVO8748,05:14.1,corpsvcmtxcutoverrpt_sql,34:05.6,xrdcwddbsuip06,MTX_ACOE_Cutover_Reporting,UI_Excel_Select_Xwalk_Source_Accommodations,facility,*ALL*,QXA4067,07:43.2
579,COCDCT,G.IS,ISOLATION,IS,N,NO MATCH,0,COCDCT,,,,,N,Y,None,QVO8748,05:14.1,corpsvcmtxcutoverrpt_sql,34:05.6,xrdcwddbsuip06,MTX_ACOE_Cutover_Reporting,UI_Excel_Select_Xwalk_Source_Accommodations,facility,*ALL*,QXA4067,07:43.2
580,COCDCT,G.LD,L/D ER HOLDING,LD,N,NO MATCH,0,COCDCT,,,,,N,Y,None,QVO8748,05:14.1,corpsvcmtxcutoverrpt_sql,00:06.6,xrdcwddbsuip06,MTX_ACOE_Cutover_Reporting,UI_Excel_Select_Xwalk_Source_Accommodations,facility,*ALL*,QXA4067,07:43.2
581,COCDCT,G.MB,MONITORED BED,MB,N,NO MATCH,0,COCDCT,,,,,N,Y,None,QVO8748,05:14.1,corpsvcmtxcutoverrpt_sql,00:06.6,xrdcwddbsuip06,MTX_ACOE_Cutover_Reporting,UI_Excel_Select_Xwalk_Source_Accommodations,facility,*ALL*,QXA4067,07:43.2
582,COCDCT,G.MED,MEDICAL ER HOLDING,ME,N,NO MATCH,0,COCDCT,,,,,N,Y,None,QVO8748,05:14.2,corpsvcmtxcutoverrpt_sql,34:05.6,xrdcwddbsuip06,MTX_ACOE_Cutover_Reporting,UI_Excel_Select_Xwalk_Source_Accommodations,facility,*ALL*,QXA4067,07:43.2
583,COCDCT,G.MS,Surg/Ortho w/o Tele,MS,N,NO MATCH,0,COCDCT,,,,,N,Y,None,QVO8748,05:14.2,corpsvcmtxcutoverrpt_sql,34:05.6,xrdcwddbsuip06,MTX_ACOE_Cutover_Reporting,UI_Excel_Select_Xwalk_Source_Accommodations,facility,*ALL*,QXA4067,07:43.2
584,COCDCT,G.NB,NURSERY NEWBORN,NB,N,NO MATCH,0,COCDCT,,,,,N,Y,None,QVO8748,05:14.2,corpsvcmtxcutoverrpt_sql,00:06.6,xrdcwddbsuip06,MTX_ACOE_Cutover_Reporting,UI_Excel_Select_Xwalk_Source_Accommodations,facility,*ALL*,QXA4067,07:43.2
585,COCDCT,G.NC,NURSERY ACUTE ICU,NC,N,NO MATCH,0,COCDCT,,,,,N,Y,None,QVO8748,05:14.2,corpsvcmtxcutoverrpt_sql,00:06.6,xrdcwddbsuip06,MTX_ACOE_Cutover_Reporting,UI_Excel_Select_Xwalk_Source_Accommodations,facility,*ALL*,QXA4067,07:43.2
586,COCDCT,G.NI,NURSERY INTERMEDIATE,NI,N,NO MATCH,0,COCDCT,,,,,N,Y,None,QVO8748,05:14.2,corpsvcmtxcutoverrpt_sql,00:06.6,xrdcwddbsuip06,MTX_ACOE_Cutover_Reporting,UI_Excel_Select_Xwalk_Source_Accommodations,facility,*ALL*,QXA4067,07:43.2
587,COCDCT,G.NP,NURSERY PROGRESSIVE CARE,NP,N,NO MATCH,0,COCDCT,,,,,N,Y,None,QVO8748,05:14.3,corpsvcmtxcutoverrpt_sql,00:06.6,xrdcwddbsuip06,MTX_ACOE_Cutover_Reporting,UI_Excel_Select_Xwalk_Source_Accommodations,facility,*ALL*,QXA4067,07:43.2
588,COCDCT,G.OB/GYN,OB/GYN ER HOLDING,OB,N,NO MATCH,0,COCDCT,,,,,N,Y,None,QVO8748,05:14.3,corpsvcmtxcutoverrpt_sql,00:06.6,xrdcwddbsuip06,MTX_ACOE_Cutover_Reporting,UI_Excel_Select_Xwalk_Source_Accommodations,facility,*ALL*,QXA4067,07:43.2
589,COCDCT,G.OMS,OVERFLOW FOR MED - SURG,OF,N,NO MATCH,0,COCDCT,,,,,N,Y,None,QVO8748,05:14.3,corpsvcmtxcutoverrpt_sql,00:06.6,xrdcwddbsuip06,MTX_ACOE_Cutover_Reporting,UI_Excel_Select_Xwalk_Source_Accommodations,facility,*ALL*,QXA4067,07:43.2
590,COCDCT,G.OTEL,OVERFLOW FOR TELE,OV,N,NO MATCH,0,COCDCT,,,,,N,Y,None,QVO8748,05:14.4,corpsvcmtxcutoverrpt_sql,00:06.6,xrdcwddbsuip06,MTX_ACOE_Cutover_Reporting,UI_Excel_Select_Xwalk_Source_Accommodations,facility,*ALL*,QXA4067,07:43.2
591,COCDCT,G.PB,NURSERY PROG CARE BOARDER,PB,N,NO MATCH,0,COCDCT,,,,,N,Y,None,QVO8748,05:14.4,corpsvcmtxcutoverrpt_sql,00:06.6,xrdcwddbsuip06,MTX_ACOE_Cutover_Reporting,UI_Excel_Select_Xwalk_Source_Accommodations,facility,*ALL*,QXA4067,07:43.2
592,COCDCT,G.PCU,PCU STEPDOWN,PC,N,NO MATCH,0,COCDCT,,,,,N,Y,None,QVO8748,05:14.4,corpsvcmtxcutoverrpt_sql,34:05.6,xrdcwddbsuip06,MTX_ACOE_Cutover_Reporting,UI_Excel_Select_Xwalk_Source_Accommodations,facility,*ALL*,QXA4067,07:43.2
593,COCDCT,G.PED,PED ER HOLDING,PE,N,NO MATCH,0,COCDCT,,,,,N,Y,None,QVO8748,05:14.4,corpsvcmtxcutoverrpt_sql,00:06.6,xrdcwddbsuip06,MTX_ACOE_Cutover_Reporting,UI_Excel_Select_Xwalk_Source_Accommodations,facility,*ALL*,QXA4067,07:43.2
594,COCDCT,G.PP,PSYCH PRIVATE,PP,N,NO MATCH,0,COCDCT,,,,,N,Y,None,QVO8748,05:14.5,corpsvcmtxcutoverrpt_sql,00:06.6,xrdcwddbsuip06,MTX_ACOE_Cutover_Reporting,UI_Excel_Select_Xwalk_Source_Accommodations,facility,*ALL*,QXA4067,07:43.2
595,COCDCT,G.PR,PRIVATE,PR,N,NO MATCH,0,COCDCT,,,,,N,Y,None,QVO8748,05:14.5,corpsvcmtxcutoverrpt_sql,00:06.6,xrdcwddbsuip06,MTX_ACOE_Cutover_Reporting,UI_Excel_Select_Xwalk_Source_Accommodations,facility,*ALL*,QXA4067,07:43.2
596,COCDCT,G.PRH,HVU STEPDOWN,HS,N,NO MATCH,0,COCDCT,,,,,N,Y,None,QVO8748,05:14.5,corpsvcmtxcutoverrpt_sql,34:05.6,xrdcwddbsuip06,MTX_ACOE_Cutover_Reporting,UI_Excel_Select_Xwalk_Source_Accommodations,facility,*ALL*,QXA4067,07:43.2
597,COCDCT,G.PRI,IMCU STEPDOWN,IM,N,NO MATCH,0,COCDCT,,,,,N,Y,None,QVO8748,05:14.5,corpsvcmtxcutoverrpt_sql,00:06.6,xrdcwddbsuip06,MTX_ACOE_Cutover_Reporting,UI_Excel_Select_Xwalk_Source_Accommodations,facility,*ALL*,QXA4067,07:43.2
598,COCDCT,G.PRS,PCU STEPDOWN,SD,N,NO MATCH,0,COCDCT,,,,,N,Y,None,QVO8748,05:14.6,corpsvcmtxcutoverrpt_sql,00:06.6,xrdcwddbsuip06,MTX_ACOE_Cutover_Reporting,UI_Excel_Select_Xwalk_Source_Accommodations,facility,*ALL*,QXA4067,07:43.2
599,COCDCT,G.PS,PSYCH SEMI-PRIVATE,PS,N,NO MATCH,0,COCDCT,,,,,N,Y,None,QVO8748,05:14.6,corpsvcmtxcutoverrpt_sql,00:06.6,xrdcwddbsuip06,MTX_ACOE_Cutover_Reporting,UI_Excel_Select_Xwalk_Source_Accommodations,facility,*ALL*,QXA4067,07:43.2
600,COCDCT,G.RS,REHAB SEMI-PRIVATE,RS,N,NO MATCH,0,COCDCT,,,,,N,Y,None,QVO8748,05:14.6,corpsvcmtxcutoverrpt_sql,00:06.6,xrdcwddbsuip06,MTX_ACOE_Cutover_Reporting,UI_Excel_Select_Xwalk_Source_Accommodations,facility,*ALL*,QXA4067,07:43.2
601,COCDCT,G.SF,SKILLED NURSING PRIVATE,SF,N,NO MATCH,0,COCDCT,,,,,N,Y,None,QVO8748,05:14.6,corpsvcmtxcutoverrpt_sql,00:06.6,xrdcwddbsuip06,MTX_ACOE_Cutover_Reporting,UI_Excel_Select_Xwalk_Source_Accommodations,facility,*ALL*,QXA4067,07:43.2
602,COCDCT,G.SP,SEMI PRIVATE,SP,N,NO MATCH,0,COCDCT,,,,,N,Y,None,QVO8748,05:14.7,corpsvcmtxcutoverrpt_sql,34:05.6,xrdcwddbsuip06,MTX_ACOE_Cutover_Reporting,UI_Excel_Select_Xwalk_Source_Accommodations,facility,*ALL*,QXA4067,07:43.2
603,COCDCT,G.SS,SKILLED NURSING SEMI-PRIVATE,SS,N,NO MATCH,0,COCDCT,,,,,N,Y,None,QVO8748,05:14.7,corpsvcmtxcutoverrpt_sql,00:06.6,xrdcwddbsuip06,MTX_ACOE_Cutover_Reporting,UI_Excel_Select_Xwalk_Source_Accommodations,facility,*ALL*,QXA4067,07:43.2
604,COCDCT,G.SUR,SURGICAL ER HOLDING,SU,N,NO MATCH,0,COCDCT,,,,,N,Y,None,QVO8748,05:14.7,corpsvcmtxcutoverrpt_sql,34:05.6,xrdcwddbsuip06,MTX_ACOE_Cutover_Reporting,UI_Excel_Select_Xwalk_Source_Accommodations,facility,*ALL*,QXA4067,07:43.2
605,COCDCT,G.TeleMS,Telemetry w Tele,MT,N,NO MATCH,0,COCDCT,,,,,N,Y,None,QVO8748,05:14.7,corpsvcmtxcutoverrpt_sql,34:05.6,xrdcwddbsuip06,MTX_ACOE_Cutover_Reporting,UI_Excel_Select_Xwalk_Source_Accommodations,facility,*ALL*,QXA4067,07:43.2
606,COCDCT,G.TR,TRAUMA,TR,N,NO MATCH,0,COCDCT,,,,,N,Y,None,QVO8748,05:14.8,corpsvcmtxcutoverrpt_sql,34:05.6,xrdcwddbsuip06,MTX_ACOE_Cutover_Reporting,UI_Excel_Select_Xwalk_Source_Accommodations,facility,*ALL*,QXA4067,07:43.2
607,COCDCT,J.SEMI,SEMI PRIVATE *****TEST*****,01,N,NO MATCH,0,COCDCT,,,,,N,Y,None,QVO8748,05:14.8,corpsvcmtxcutoverrpt_sql,00:06.6,xrdcwddbsuip06,MTX_ACOE_Cutover_Reporting,UI_Excel_Select_Xwalk_Source_Accommodations,facility,*ALL*,QXA4067,07:43.2
608,COCDCT,L1,NEWBORN LEVEL 1,L1,Y,NO MATCH,9,COCDCT,L1,NEWBORN LEVELI CARE,L1,Y,Y,N,None,QVO8748,05:14.8,corpsvcmtxcutoverrpt_sql,34:05.6,xrdcwddbsuip06,MTX_ACOE_Cutover_Reporting,UI_Excel_Select_Xwalk_Source_Accommodations,facility,*ALL*,QXA4067,07:43.2
609,COCDCT,L2,NEWBORN LEVEL 2,L2,Y,NO MATCH,3,COCDCT,L2,NEWBORN LEVEL II CARE,L2,Y,Y,N,None,QVO8748,05:14.8,corpsvcmtxcutoverrpt_sql,34:05.6,xrdcwddbsuip06,MTX_ACOE_Cutover_Reporting,UI_Excel_Select_Xwalk_Source_Accommodations,facility,*ALL*,QXA4067,07:43.2
610,COCDCT,L3,NEWBORN LEVEL 3,L3,Y,NO MATCH,0,COCDCT,L3,NEWBORN LEVEL III CARE,L3,Y,Y,N,None,QVO8748,05:14.9,corpsvcmtxcutoverrpt_sql,34:05.6,xrdcwddbsuip06,MTX_ACOE_Cutover_Reporting,UI_Excel_Select_Xwalk_Source_Accommodations,facility,*ALL*,QXA4067,07:43.2
611,COCDCT,L4,NEWBORN LEVEL 4,L4,Y,NO MATCH,0,COCDCT,L4,NEWBORN LEVEL IV CARE,L4,Y,Y,N,None,QVO8748,05:14.9,corpsvcmtxcutoverrpt_sql,34:05.6,xrdcwddbsuip06,MTX_ACOE_Cutover_Reporting,UI_Excel_Select_Xwalk_Source_Accommodations,facility,*ALL*,QXA4067,07:43.2
612,COCDCT,P,PRIVATE,05,N,NO MATCH,0,COCDCT,,,,,N,Y,None,QVO8748,05:15.0,corpsvcmtxcutoverrpt_sql,00:06.6,xrdcwddbsuip06,MTX_ACOE_Cutover_Reporting,UI_Excel_Select_Xwalk_Source_Accommodations,facility,*ALL*,QXA4067,07:43.2
613,COCDE,I,INTENSIVE CARE,IC,Y,"TEST (2026-01-06),ZCON (2026-01-27)",0,COCDE,IC,INTENSIVE CARE,IC,Y,Y,N,None,IIU7623,59:05.2,corpsvcmtxcutoverrpt_sql,38:19.0,xrdcwddbsuip06,MTX_ACOE_Cutover_Reporting,UI_Excel_Select_Xwalk_Source_Accommodations,facility,*ALL*,QXA4067,07:43.2
614,COCDE,IS,ISOLATION,I,Y,"TEST (2026-01-06),ZCON (2026-01-27)",0,COCDE,IS,ISOLATION,I,Y,Y,N,None,IIU7623,59:05.2,corpsvcmtxcutoverrpt_sql,38:19.0,xrdcwddbsuip06,MTX_ACOE_Cutover_Reporting,UI_Excel_Select_Xwalk_Source_Accommodations,facility,*ALL*,QXA4067,07:43.2
615,COCDE,L1,NEWBORN LEVEL 1,L1,Y,"TEST (2026-01-06),ZCON (2026-01-27)",0,COCDE,L1,NEWBORN LEVEL I CARE,L1,Y,Y,N,None,IIU7623,59:05.2,corpsvcmtxcutoverrpt_sql,38:19.0,xrdcwddbsuip06,MTX_ACOE_Cutover_Reporting,UI_Excel_Select_Xwalk_Source_Accommodations,facility,*ALL*,QXA4067,07:43.2
616,COCDE,L2,NEWBORN LEVEL 2,L2,Y,"TEST (2026-01-06),ZCON (2026-01-27)",0,COCDE,L2,NEWBORN LEVEL II CARE,L2,Y,Y,N,None,IIU7623,59:05.3,corpsvcmtxcutoverrpt_sql,38:19.0,xrdcwddbsuip06,MTX_ACOE_Cutover_Reporting,UI_Excel_Select_Xwalk_Source_Accommodations,facility,*ALL*,QXA4067,07:43.2
617,COCDE,L3,NEWBORN LEVEL 3,L3,Y,"TEST (2026-01-06),ZCON (2026-01-27)",0,COCDE,L3,NEWBORN LEVEL III CARE,L3,Y,Y,N,None,IIU7623,59:05.3,corpsvcmtxcutoverrpt_sql,38:19.0,xrdcwddbsuip06,MTX_ACOE_Cutover_Reporting,UI_Excel_Select_Xwalk_Source_Accommodations,facility,*ALL*,QXA4067,07:43.2
618,COCDE,L4,NEWBORN LEVEL 4,L4,Y,"TEST (2026-01-06),ZCON (2026-01-27)",0,COCDE,L4,NEWBORN LEVEL IV CARE,L4,Y,Y,N,None,IIU7623,59:05.3,corpsvcmtxcutoverrpt_sql,38:19.0,xrdcwddbsuip06,MTX_ACOE_Cutover_Reporting,UI_Excel_Select_Xwalk_Source_Accommodations,facility,*ALL*,QXA4067,07:43.2
619,COCDE,M,CORONARY CARE,CC,Y,"TEST (2026-01-06),ZCON (2026-01-27)",0,COCDE,CC,CORONARY CARE,CC,Y,Y,N,None,IIU7623,59:05.4,corpsvcmtxcutoverrpt_sql,38:19.0,xrdcwddbsuip06,MTX_ACOE_Cutover_Reporting,UI_Excel_Select_Xwalk_Source_Accommodations,facility,*ALL*,QXA4067,07:43.2
620,COCDE,NV,NON-VIABLE INFANT,NV,Y,"TEST (2026-01-06),ZCON (2026-01-27)",0,COCDE,L1,NEWBORN LEVEL I CARE,L1,Y,Y,N,None,IIU7623,59:05.4,corpsvcmtxcutoverrpt_sql,38:19.0,xrdcwddbsuip06,MTX_ACOE_Cutover_Reporting,UI_Excel_Select_Xwalk_Source_Accommodations,facility,*ALL*,QXA4067,07:43.2
621,COCDE,OF,OVERFLOW PRIVATE,OF,Y,"TEST (2026-01-06),ZCON (2026-01-27)",0,COCDE,MS,MED SURG,MS,Y,Y,N,None,IIU7623,59:05.4,corpsvcmtxcutoverrpt_sql,38:19.0,xrdcwddbsuip06,MTX_ACOE_Cutover_Reporting,UI_Excel_Select_Xwalk_Source_Accommodations,facility,*ALL*,QXA4067,07:43.2
622,COCDE,P,PRIVATE ROOM,P,Y,"TEST (2026-01-06),ZCON (2026-01-27)",0,COCDE,PR,PRIVATE ROOM,P,Y,Y,N,None,IIU7623,59:05.5,corpsvcmtxcutoverrpt_sql,38:19.0,xrdcwddbsuip06,MTX_ACOE_Cutover_Reporting,UI_Excel_Select_Xwalk_Source_Accommodations,facility,*ALL*,QXA4067,07:43.2
623,COCDE,RP,REHAB PRIVATE,RP,Y,"TEST (2026-01-06),ZCON (2026-01-27)",0,COCDE,RP,REHAB PRIVATE,RP,Y,Y,N,None,IIU7623,59:05.5,corpsvcmtxcutoverrpt_sql,38:19.0,xrdcwddbsuip06,MTX_ACOE_Cutover_Reporting,UI_Excel_Select_Xwalk_Source_Accommodations,facility,*ALL*,QXA4067,07:43.2
624,COCDE,SC,SPECIAL/PROGRESSIVE CARE,PC,Y,"TEST (2026-01-06),ZCON (2026-01-27)",0,COCDE,PC,PROGRESSIVE CARE,PC,Y,Y,N,None,IIU7623,59:05.6,corpsvcmtxcutoverrpt_sql,38:19.0,xrdcwddbsuip06,MTX_ACOE_Cutover_Reporting,UI_Excel_Select_Xwalk_Source_Accommodations,facility,*ALL*,QXA4067,07:43.2
625,COCDE,SD,SURGICAL DAY CARE,SD,Y,"TEST (2026-01-06),ZCON (2026-01-27)",0,COCDE,MS,MED SURG,MS,Y,Y,N,None,IIU7623,59:05.6,corpsvcmtxcutoverrpt_sql,38:19.0,xrdcwddbsuip06,MTX_ACOE_Cutover_Reporting,UI_Excel_Select_Xwalk_Source_Accommodations,facility,*ALL*,QXA4067,07:43.2
626,COCDE,TRI,TRAUMA INTENSIVE CARE,TI,Y,"TEST (2026-01-06),ZCON (2026-01-27)",0,COCDE,TRIC,TRAUMA INTENSIVE CARE,TI,Y,Y,N,None,IIU7623,59:05.6,corpsvcmtxcutoverrpt_sql,38:19.0,xrdcwddbsuip06,MTX_ACOE_Cutover_Reporting,UI_Excel_Select_Xwalk_Source_Accommodations,facility,*ALL*,QXA4067,07:43.2
627,COCDL,ECNB,ECMO NEWBORN,EN,Y,NO MATCH,0,COCDL,EC,ECMO,EC,Y,Y,N,None,QVO8748,47:05.2,corpsvcmtxcutoverrpt_sql,12:30.1,xrdcwddbsuip06,MTX_ACOE_Cutover_Reporting,UI_Excel_Select_Xwalk_Source_Accommodations,facility,*ALL*,QXA4067,07:43.2
628,COCDL,H.ACU,ACUTE CARE UNIT SEMI-PRIVATE,AC,N,NO MATCH,0,COCDL,,,,,N,Y,None,QVO8748,26:29.4,corpsvcmtxcutoverrpt_sql,12:30.1,xrdcwddbsuip06,MTX_ACOE_Cutover_Reporting,UI_Excel_Select_Xwalk_Source_Accommodations,facility,*ALL*,QXA4067,07:43.2
629,COCDL,H.ADPSY,ADOLESCENT PSYCHIATRIC SEMI-P,AP,N,NO MATCH,0,COCDL,,,,,N,Y,None,QVO8748,26:29.4,corpsvcmtxcutoverrpt_sql,12:30.1,xrdcwddbsuip06,MTX_ACOE_Cutover_Reporting,UI_Excel_Select_Xwalk_Source_Accommodations,facility,*ALL*,QXA4067,07:43.2
630,COCDL,H.ANTEMONP,ANTEPARTUM MONITORED PRIVATE,MP,Y,NO MATCH,0,COCDL,AP,ANTEPARTUM,AP,Y,Y,N,None,QVO8748,47:05.2,corpsvcmtxcutoverrpt_sql,12:30.1,xrdcwddbsuip06,MTX_ACOE_Cutover_Reporting,UI_Excel_Select_Xwalk_Source_Accommodations,facility,*ALL*,QXA4067,07:43.2
631,COCDL,H.ANTEMONS,ANTEPARTUM MONITORED SEMI-PRIV,MS,Y,NO MATCH,0,COCDL,AP,ANTEPARTUM,AP,Y,Y,N,None,QVO8748,47:05.3,corpsvcmtxcutoverrpt_sql,12:30.1,xrdcwddbsuip06,MTX_ACOE_Cutover_Reporting,UI_Excel_Select_Xwalk_Source_Accommodations,facility,*ALL*,QXA4067,07:43.2
632,COCDL,H.ANTEP,ANTIPARTUM PRIVATE,AA,Y,NO MATCH,27,COCDL,AP,ANTEPARTUM,AP,Y,Y,N,None,QVO8748,26:53.5,corpsvcmtxcutoverrpt_sql,12:30.1,xrdcwddbsuip06,MTX_ACOE_Cutover_Reporting,UI_Excel_Select_Xwalk_Source_Accommodations,facility,*ALL*,QXA4067,07:43.2
633,COCDL,H.ANTESP,ANTEPARTUM SEMI-PRIVATE,AS,Y,NO MATCH,2,COCDL,SP,SEMI PRIVATE ROOM,SP,Y,Y,N,None,QVO8748,04:07.6,corpsvcmtxcutoverrpt_sql,12:30.1,xrdcwddbsuip06,MTX_ACOE_Cutover_Reporting,UI_Excel_Select_Xwalk_Source_Accommodations,facility,*ALL*,QXA4067,07:43.2
634,COCDL,H.B,NEWBORN NURSERY (LEVEL I),B,N,NO MATCH,0,COCDL,,,,,N,Y,None,QVO8748,26:29.5,corpsvcmtxcutoverrpt_sql,12:30.1,xrdcwddbsuip06,MTX_ACOE_Cutover_Reporting,UI_Excel_Select_Xwalk_Source_Accommodations,facility,*ALL*,QXA4067,07:43.2
635,COCDL,H.BII,NEWBORN NURSERY LEVEL II,B2,N,NO MATCH,0,COCDL,,,,,N,Y,None,QVO8748,26:29.5,corpsvcmtxcutoverrpt_sql,12:30.1,xrdcwddbsuip06,MTX_ACOE_Cutover_Reporting,UI_Excel_Select_Xwalk_Source_Accommodations,facility,*ALL*,QXA4067,07:43.2
636,COCDL,H.CC,CORONARY CARE,CC,Y,NO MATCH,0,COCDL,IC,INTENSIVE CARE,IC,Y,Y,N,None,QVO8748,47:05.3,corpsvcmtxcutoverrpt_sql,12:30.1,xrdcwddbsuip06,MTX_ACOE_Cutover_Reporting,UI_Excel_Select_Xwalk_Source_Accommodations,facility,*ALL*,QXA4067,07:43.2
637,COCDL,H.CCU,CORONARY CARE UNIT,M,N,NO MATCH,0,COCDL,,,,,N,Y,None,QVO8748,26:29.6,corpsvcmtxcutoverrpt_sql,12:30.1,xrdcwddbsuip06,MTX_ACOE_Cutover_Reporting,UI_Excel_Select_Xwalk_Source_Accommodations,facility,*ALL*,QXA4067,07:43.2
638,COCDL,H.CD,CHEMICAL DEPENDENT SEMI-PRIVAT,CD,N,NO MATCH,0,COCDL,,,,,N,Y,None,QVO8748,26:29.6,corpsvcmtxcutoverrpt_sql,12:30.1,xrdcwddbsuip06,MTX_ACOE_Cutover_Reporting,UI_Excel_Select_Xwalk_Source_Accommodations,facility,*ALL*,QXA4067,07:43.2
639,COCDL,H.DIEP,"DIEP FLAP ONCOLOGY 7N, 8N",DI,Y,NO MATCH,0,COCDL,ONCP,ONCOLOGY PRIVATE,OP,Y,Y,N,None,QVO8748,26:53.5,corpsvcmtxcutoverrpt_sql,12:30.1,xrdcwddbsuip06,MTX_ACOE_Cutover_Reporting,UI_Excel_Select_Xwalk_Source_Accommodations,facility,*ALL*,QXA4067,07:43.2
640,COCDL,H.DTX,DETOX SEMI PRIVATE,DT,N,NO MATCH,0,COCDL,,,,,N,Y,None,QVO8748,26:29.7,corpsvcmtxcutoverrpt_sql,12:30.1,xrdcwddbsuip06,MTX_ACOE_Cutover_Reporting,UI_Excel_Select_Xwalk_Source_Accommodations,facility,*ALL*,QXA4067,07:43.2
641,COCDL,H.ECMO,ECMO,EC,Y,NO MATCH,0,COCDL,EC,ECMO,EC,Y,Y,N,None,QVO8748,26:53.5,corpsvcmtxcutoverrpt_sql,12:30.1,xrdcwddbsuip06,MTX_ACOE_Cutover_Reporting,UI_Excel_Select_Xwalk_Source_Accommodations,facility,*ALL*,QXA4067,07:43.2
642,COCDL,H.ERAICU,"ICU,SICU,MICU,NVICU",EI,Y,NO MATCH,3,COCDL,IC,INTENSIVE CARE,IC,Y,Y,N,None,QVO8748,26:53.6,corpsvcmtxcutoverrpt_sql,12:30.1,xrdcwddbsuip06,MTX_ACOE_Cutover_Reporting,UI_Excel_Select_Xwalk_Source_Accommodations,facility,*ALL*,QXA4067,07:43.2
643,COCDL,H.ERCDU,CDU,ED,Y,NO MATCH,0,COCDL,PR,PRIVATE ROOM,PR,Y,Y,N,None,QVO8748,47:05.4,corpsvcmtxcutoverrpt_sql,12:30.1,xrdcwddbsuip06,MTX_ACOE_Cutover_Reporting,UI_Excel_Select_Xwalk_Source_Accommodations,facility,*ALL*,QXA4067,07:43.2
644,COCDL,H.ERCM,ER MONITORED,ME,Y,NO MATCH,0,COCDL,PR,PRIVATE ROOM,PR,Y,Y,N,None,QVO8748,47:05.4,corpsvcmtxcutoverrpt_sql,12:30.1,xrdcwddbsuip06,MTX_ACOE_Cutover_Reporting,UI_Excel_Select_Xwalk_Source_Accommodations,facility,*ALL*,QXA4067,07:43.2
645,COCDL,H.ERCT,"6E,5E",ET,Y,NO MATCH,4,COCDL,PR,PRIVATE ROOM,PR,Y,Y,N,None,QVO8748,47:05.5,corpsvcmtxcutoverrpt_sql,12:30.1,xrdcwddbsuip06,MTX_ACOE_Cutover_Reporting,UI_Excel_Select_Xwalk_Source_Accommodations,facility,*ALL*,QXA4067,07:43.2
646,COCDL,H.ERMS,"8S,7S",EM,Y,NO MATCH,109,COCDL,MS,MED SURG,MS,Y,Y,N,None,QVO8748,26:53.7,corpsvcmtxcutoverrpt_sql,12:30.1,xrdcwddbsuip06,MTX_ACOE_Cutover_Reporting,UI_Excel_Select_Xwalk_Source_Accommodations,facility,*ALL*,QXA4067,07:43.2
647,COCDL,H.ERMTELE,"6S,5S,4S",EL,Y,NO MATCH,12,COCDL,TEL,TELEMETRY,TE,Y,Y,N,None,QVO8748,47:05.5,corpsvcmtxcutoverrpt_sql,12:30.1,xrdcwddbsuip06,MTX_ACOE_Cutover_Reporting,UI_Excel_Select_Xwalk_Source_Accommodations,facility,*ALL*,QXA4067,07:43.2
648,COCDL,H.ERONC,"12S,10S,9S",EO,Y,NO MATCH,12,COCDL,ONCP,ONCOLOGY PRIVATE,OP,Y,Y,N,None,QVO8748,47:05.6,corpsvcmtxcutoverrpt_sql,12:30.1,xrdcwddbsuip06,MTX_ACOE_Cutover_Reporting,UI_Excel_Select_Xwalk_Source_Accommodations,facility,*ALL*,QXA4067,07:43.2
649,COCDL,H.ERPICU,"PICU,CHSU,NICU",EU,Y,NO MATCH,0,COCDL,IC,INTENSIVE CARE,IC,Y,Y,N,None,QVO8748,47:05.7,corpsvcmtxcutoverrpt_sql,12:30.1,xrdcwddbsuip06,MTX_ACOE_Cutover_Reporting,UI_Excel_Select_Xwalk_Source_Accommodations,facility,*ALL*,QXA4067,07:43.2
650,COCDL,H.ERPMS,"6N,6D",EP,Y,NO MATCH,7,COCDL,PR,PRIVATE ROOM,PR,Y,Y,N,None,QVO8748,47:05.7,corpsvcmtxcutoverrpt_sql,12:30.1,xrdcwddbsuip06,MTX_ACOE_Cutover_Reporting,UI_Excel_Select_Xwalk_Source_Accommodations,facility,*ALL*,QXA4067,07:43.2
651,COCDL,H.ERPSD,ER HOLD PEDI STEPDOWN/INTERMED,ES,Y,NO MATCH,0,COCDL,PR,PRIVATE ROOM,PR,Y,Y,N,None,QVO8748,47:05.8,corpsvcmtxcutoverrpt_sql,12:30.1,xrdcwddbsuip06,MTX_ACOE_Cutover_Reporting,UI_Excel_Select_Xwalk_Source_Accommodations,facility,*ALL*,QXA4067,07:43.2
652,COCDL,H.ERW,"9N,8N,LD",EW,Y,NO MATCH,1,COCDL,PR,PRIVATE ROOM,PR,Y,Y,N,None,QVO8748,47:05.8,corpsvcmtxcutoverrpt_sql,12:30.1,xrdcwddbsuip06,MTX_ACOE_Cutover_Reporting,UI_Excel_Select_Xwalk_Source_Accommodations,facility,*ALL*,QXA4067,07:43.2
653,COCDL,H.GYNP,GYN/ENT/PLASTICS PRIVATE,GY,Y,NO MATCH,29,COCDL,PR,PRIVATE ROOM,PR,Y,Y,N,None,QVO8748,47:05.9,corpsvcmtxcutoverrpt_sql,12:30.1,xrdcwddbsuip06,MTX_ACOE_Cutover_Reporting,UI_Excel_Select_Xwalk_Source_Accommodations,facility,*ALL*,QXA4067,07:43.2
654,COCDL,H.GYNSIT,GYN W SITTER,GS,Y,NO MATCH,0,COCDL,PR,PRIVATE ROOM,PR,Y,Y,N,None,QVO8748,47:05.9,corpsvcmtxcutoverrpt_sql,12:30.1,xrdcwddbsuip06,MTX_ACOE_Cutover_Reporting,UI_Excel_Select_Xwalk_Source_Accommodations,facility,*ALL*,QXA4067,07:43.2
655,COCDL,H.I,INTENSIVE CARE,I,N,NO MATCH,0,COCDL,,,,,N,Y,None,QVO8748,26:29.8,corpsvcmtxcutoverrpt_sql,12:30.1,xrdcwddbsuip06,MTX_ACOE_Cutover_Reporting,UI_Excel_Select_Xwalk_Source_Accommodations,facility,*ALL*,QXA4067,07:43.2
656,COCDL,H.IC,INTENSIVE CARE,IC,Y,NO MATCH,200,COCDL,IC,INTENSIVE CARE,IC,Y,Y,N,None,QVO8748,26:53.7,corpsvcmtxcutoverrpt_sql,12:30.1,xrdcwddbsuip06,MTX_ACOE_Cutover_Reporting,UI_Excel_Select_Xwalk_Source_Accommodations,facility,*ALL*,QXA4067,07:43.2
657,COCDL,H.ICHA,INTENSIVE CARE HIGH ACUITY,HA,Y,NO MATCH,0,COCDL,PR,PRIVATE ROOM,PR,Y,Y,N,None,QVO8748,47:06.0,corpsvcmtxcutoverrpt_sql,12:30.1,xrdcwddbsuip06,MTX_ACOE_Cutover_Reporting,UI_Excel_Select_Xwalk_Source_Accommodations,facility,*ALL*,QXA4067,07:43.2
658,COCDL,H.ICSIT,IC WITH SITTER,IS,Y,NO MATCH,0,COCDL,PR,PRIVATE ROOM,PR,Y,Y,N,None,QVO8748,47:06.1,corpsvcmtxcutoverrpt_sql,12:30.1,xrdcwddbsuip06,MTX_ACOE_Cutover_Reporting,UI_Excel_Select_Xwalk_Source_Accommodations,facility,*ALL*,QXA4067,07:43.2
659,COCDL,H.IN,INTERMEDIATE CARE,IN,Y,NO MATCH,0,COCDL,PR,PRIVATE ROOM,PR,Y,Y,N,None,QVO8748,47:06.1,corpsvcmtxcutoverrpt_sql,12:30.1,xrdcwddbsuip06,MTX_ACOE_Cutover_Reporting,UI_Excel_Select_Xwalk_Source_Accommodations,facility,*ALL*,QXA4067,07:43.2
660,COCDL,H.INCHSU,INTERMEDIATE,CI,Y,NO MATCH,0,COCDL,PR,PRIVATE ROOM,PR,Y,Y,N,None,QVO8748,47:06.2,corpsvcmtxcutoverrpt_sql,12:30.1,xrdcwddbsuip06,MTX_ACOE_Cutover_Reporting,UI_Excel_Select_Xwalk_Source_Accommodations,facility,*ALL*,QXA4067,07:43.2
661,COCDL,H.INSIT,INTERMEDIATE WITH SITTER,RS,Y,NO MATCH,0,COCDL,PR,PRIVATE ROOM,PR,Y,Y,N,None,QVO8748,47:06.3,corpsvcmtxcutoverrpt_sql,12:30.1,xrdcwddbsuip06,MTX_ACOE_Cutover_Reporting,UI_Excel_Select_Xwalk_Source_Accommodations,facility,*ALL*,QXA4067,07:43.2
662,COCDL,H.IP,INTENSIVE CARE PEDI,IP,N,NO MATCH,0,COCDL,,,,,N,Y,None,QVO8748,26:29.8,corpsvcmtxcutoverrpt_sql,12:30.1,xrdcwddbsuip06,MTX_ACOE_Cutover_Reporting,UI_Excel_Select_Xwalk_Source_Accommodations,facility,*ALL*,QXA4067,07:43.2
663,COCDL,H.J,PRIVATE MEDICALLY JUSTIFIED,J,Y,NO MATCH,0,COCDL,PR,PRIVATE ROOM,PR,Y,Y,N,None,QVO8748,47:06.3,corpsvcmtxcutoverrpt_sql,12:30.1,xrdcwddbsuip06,MTX_ACOE_Cutover_Reporting,UI_Excel_Select_Xwalk_Source_Accommodations,facility,*ALL*,QXA4067,07:43.2
664,COCDL,H.KMSIA,MSEU ICU ADJUST,K1,N,NO MATCH,0,COCDL,,,,,N,Y,None,QVO8748,26:29.9,corpsvcmtxcutoverrpt_sql,12:30.1,xrdcwddbsuip06,MTX_ACOE_Cutover_Reporting,UI_Excel_Select_Xwalk_Source_Accommodations,facility,*ALL*,QXA4067,07:43.2
665,COCDL,H.KMSIC,MSEU ICU,K2,Y,NO MATCH,0,COCDL,IC,INTENSIVE CARE,IC,Y,Y,N,None,QVO8748,47:06.4,corpsvcmtxcutoverrpt_sql,12:30.1,xrdcwddbsuip06,MTX_ACOE_Cutover_Reporting,UI_Excel_Select_Xwalk_Source_Accommodations,facility,*ALL*,QXA4067,07:43.2
666,COCDL,H.KMSIPCC,MSEU ICU PVT CONSTANT CARE,KN,Y,NO MATCH,0,COCDL,PR,PRIVATE ROOM,PR,Y,Y,N,None,QVO8748,47:06.4,corpsvcmtxcutoverrpt_sql,12:30.1,xrdcwddbsuip06,MTX_ACOE_Cutover_Reporting,UI_Excel_Select_Xwalk_Source_Accommodations,facility,*ALL*,QXA4067,07:43.2
667,COCDL,H.KMSP,MSEU PRIVATE,KP,Y,NO MATCH,1,COCDL,PR,PRIVATE ROOM,PR,Y,Y,N,None,QVO8748,47:06.5,corpsvcmtxcutoverrpt_sql,12:30.1,xrdcwddbsuip06,MTX_ACOE_Cutover_Reporting,UI_Excel_Select_Xwalk_Source_Accommodations,facility,*ALL*,QXA4067,07:43.2
668,COCDL,H.KMSPCC,MSEU PRIVATE CONSTANT CARE,KC,Y,NO MATCH,0,COCDL,PR,PRIVATE ROOM,PR,Y,Y,N,None,QVO8748,47:06.5,corpsvcmtxcutoverrpt_sql,12:30.1,xrdcwddbsuip06,MTX_ACOE_Cutover_Reporting,UI_Excel_Select_Xwalk_Source_Accommodations,facility,*ALL*,QXA4067,07:43.2
669,COCDL,H.KMSPI,MSEU PEDI ICU,KJ,Y,NO MATCH,0,COCDL,PR,PRIVATE ROOM,PR,Y,Y,N,None,QVO8748,47:06.6,corpsvcmtxcutoverrpt_sql,12:30.1,xrdcwddbsuip06,MTX_ACOE_Cutover_Reporting,UI_Excel_Select_Xwalk_Source_Accommodations,facility,*ALL*,QXA4067,07:43.2
670,COCDL,H.KMSPINM,MSEU PEDI MONITORED,KY,Y,NO MATCH,0,COCDL,PR,PRIVATE ROOM,PR,Y,Y,N,None,QVO8748,47:06.7,corpsvcmtxcutoverrpt_sql,12:30.1,xrdcwddbsuip06,MTX_ACOE_Cutover_Reporting,UI_Excel_Select_Xwalk_Source_Accommodations,facility,*ALL*,QXA4067,07:43.2
671,COCDL,H.KMSPINT,MSEU PEDI INTERMEDIATE,KK,Y,NO MATCH,0,COCDL,PR,PRIVATE ROOM,PR,Y,Y,N,None,QVO8748,47:06.7,corpsvcmtxcutoverrpt_sql,12:30.1,xrdcwddbsuip06,MTX_ACOE_Cutover_Reporting,UI_Excel_Select_Xwalk_Source_Accommodations,facility,*ALL*,QXA4067,07:43.2
672,COCDL,H.KMSPP,MSEU PEDI PVT,KQ,Y,NO MATCH,0,COCDL,PR,PRIVATE ROOM,PR,Y,Y,N,None,QVO8748,47:06.8,corpsvcmtxcutoverrpt_sql,12:30.1,xrdcwddbsuip06,MTX_ACOE_Cutover_Reporting,UI_Excel_Select_Xwalk_Source_Accommodations,facility,*ALL*,QXA4067,07:43.2
673,COCDL,H.KMSPPM,MSEU PRIVATE MONITORED,KZ,Y,NO MATCH,0,COCDL,PR,PRIVATE ROOM,PR,Y,Y,N,None,QVO8748,47:06.9,corpsvcmtxcutoverrpt_sql,12:30.1,xrdcwddbsuip06,MTX_ACOE_Cutover_Reporting,UI_Excel_Select_Xwalk_Source_Accommodations,facility,*ALL*,QXA4067,07:43.2
674,COCDL,H.KMSPPT,MSEU PRIVATE W/TELEMETRY,KT,Y,NO MATCH,0,COCDL,PR,PRIVATE ROOM,PR,Y,Y,N,None,QVO8748,47:06.9,corpsvcmtxcutoverrpt_sql,12:30.1,xrdcwddbsuip06,MTX_ACOE_Cutover_Reporting,UI_Excel_Select_Xwalk_Source_Accommodations,facility,*ALL*,QXA4067,07:43.2
675,COCDL,H.KMSPTCC,MSEU PVT TELEMETRY CONST CARE,KM,Y,NO MATCH,0,COCDL,PR,PRIVATE ROOM,PR,Y,Y,N,None,QVO8748,47:07.0,corpsvcmtxcutoverrpt_sql,12:30.1,xrdcwddbsuip06,MTX_ACOE_Cutover_Reporting,UI_Excel_Select_Xwalk_Source_Accommodations,facility,*ALL*,QXA4067,07:43.2
676,COCDL,H.KMSPTMC,MSEU PRIVATE MONITORED SITTER,K9,Y,NO MATCH,0,COCDL,PR,PRIVATE ROOM,PR,Y,Y,N,None,QVO8748,47:07.0,corpsvcmtxcutoverrpt_sql,12:30.1,xrdcwddbsuip06,MTX_ACOE_Cutover_Reporting,UI_Excel_Select_Xwalk_Source_Accommodations,facility,*ALL*,QXA4067,07:43.2
677,COCDL,H.KMSSCC,MSEU SEMI-PVT CONSTANT CARE,KL,Y,NO MATCH,0,COCDL,PR,PRIVATE ROOM,PR,Y,Y,N,None,QVO8748,47:07.1,corpsvcmtxcutoverrpt_sql,12:30.1,xrdcwddbsuip06,MTX_ACOE_Cutover_Reporting,UI_Excel_Select_Xwalk_Source_Accommodations,facility,*ALL*,QXA4067,07:43.2
678,COCDL,H.KMSSP,MSEU SEMI-PRIVATE,KS,Y,NO MATCH,0,COCDL,PR,PRIVATE ROOM,PR,Y,Y,N,None,QVO8748,47:07.1,corpsvcmtxcutoverrpt_sql,12:30.1,xrdcwddbsuip06,MTX_ACOE_Cutover_Reporting,UI_Excel_Select_Xwalk_Source_Accommodations,facility,*ALL*,QXA4067,07:43.2
679,COCDL,H.KMSST,MSEU SEMI-PRIVATE W/TELEMETRY,KU,Y,NO MATCH,0,COCDL,PR,PRIVATE ROOM,PR,Y,Y,N,None,QVO8748,47:07.2,corpsvcmtxcutoverrpt_sql,12:30.1,xrdcwddbsuip06,MTX_ACOE_Cutover_Reporting,UI_Excel_Select_Xwalk_Source_Accommodations,facility,*ALL*,QXA4067,07:43.2
680,COCDL,H.KPPCC,PEDI PVT CONSTANT CARE,KR,Y,NO MATCH,0,COCDL,PR,PRIVATE ROOM,PR,Y,Y,N,None,QVO8748,47:07.2,corpsvcmtxcutoverrpt_sql,12:30.1,xrdcwddbsuip06,MTX_ACOE_Cutover_Reporting,UI_Excel_Select_Xwalk_Source_Accommodations,facility,*ALL*,QXA4067,07:43.2
681,COCDL,H.KPPICC,PEDI PVT INTERMED CONST CARE,KV,Y,NO MATCH,0,COCDL,PR,PRIVATE ROOM,PR,Y,Y,N,None,QVO8748,47:07.3,corpsvcmtxcutoverrpt_sql,12:30.1,xrdcwddbsuip06,MTX_ACOE_Cutover_Reporting,UI_Excel_Select_Xwalk_Source_Accommodations,facility,*ALL*,QXA4067,07:43.2
682,COCDL,H.KPPICM,PEDI PRIVATE MONITORED SITTER,K8,Y,NO MATCH,0,COCDL,PR,PRIVATE ROOM,PR,Y,Y,N,None,QVO8748,47:07.3,corpsvcmtxcutoverrpt_sql,12:30.1,xrdcwddbsuip06,MTX_ACOE_Cutover_Reporting,UI_Excel_Select_Xwalk_Source_Accommodations,facility,*ALL*,QXA4067,07:43.2
683,COCDL,H.KPPIT,PEDI PVT ICU W/MONITORING,KW,Y,NO MATCH,0,COCDL,PR,PRIVATE ROOM,PR,Y,Y,N,None,QVO8748,47:07.4,corpsvcmtxcutoverrpt_sql,12:30.1,xrdcwddbsuip06,MTX_ACOE_Cutover_Reporting,UI_Excel_Select_Xwalk_Source_Accommodations,facility,*ALL*,QXA4067,07:43.2
684,COCDL,H.L1,NEWBORN LEVEL I,D1,Y,NO MATCH,0,COCDL,L1,NEWBORN LEVEL I CARE,L1,Y,Y,N,None,QVO8748,47:07.5,corpsvcmtxcutoverrpt_sql,12:30.1,xrdcwddbsuip06,MTX_ACOE_Cutover_Reporting,UI_Excel_Select_Xwalk_Source_Accommodations,facility,*ALL*,QXA4067,07:43.2
685,COCDL,H.L2,NEONATAL INTERMED (L2),D2,Y,NO MATCH,0,COCDL,L2,NEWBORN LEVEL II CARE,L2,Y,Y,N,None,QVO8748,47:07.5,corpsvcmtxcutoverrpt_sql,12:30.1,xrdcwddbsuip06,MTX_ACOE_Cutover_Reporting,UI_Excel_Select_Xwalk_Source_Accommodations,facility,*ALL*,QXA4067,07:43.2
686,COCDL,H.L3,NEONATAL ACUTE (L3),D3,Y,NO MATCH,2,COCDL,L3,NEWBORN LEVEL III CARE,L3,Y,Y,N,None,QVO8748,47:07.6,corpsvcmtxcutoverrpt_sql,12:30.1,xrdcwddbsuip06,MTX_ACOE_Cutover_Reporting,UI_Excel_Select_Xwalk_Source_Accommodations,facility,*ALL*,QXA4067,07:43.2
687,COCDL,H.L4,NEONATAL ICU (L4),D4,Y,NO MATCH,0,COCDL,L4,NEWBORN LEVEL IV CARE,L4,Y,Y,N,None,QVO8748,47:07.7,corpsvcmtxcutoverrpt_sql,12:30.1,xrdcwddbsuip06,MTX_ACOE_Cutover_Reporting,UI_Excel_Select_Xwalk_Source_Accommodations,facility,*ALL*,QXA4067,07:43.2
688,COCDL,H.MCHSU,MONITORED CHSU,MC,Y,NO MATCH,0,COCDL,PR,PRIVATE ROOM,PR,Y,Y,N,None,QVO8748,47:07.7,corpsvcmtxcutoverrpt_sql,12:30.1,xrdcwddbsuip06,MTX_ACOE_Cutover_Reporting,UI_Excel_Select_Xwalk_Source_Accommodations,facility,*ALL*,QXA4067,07:43.2
689,COCDL,H.MP,MONITORED PRIVATE,PM,Y,NO MATCH,4,COCDL,PR,PRIVATE ROOM,PR,Y,Y,N,None,QVO8748,47:07.8,corpsvcmtxcutoverrpt_sql,12:30.1,xrdcwddbsuip06,MTX_ACOE_Cutover_Reporting,UI_Excel_Select_Xwalk_Source_Accommodations,facility,*ALL*,QXA4067,07:43.2
690,COCDL,H.MPSIT,MONITORED PRIVATE W/SITTER,MI,Y,NO MATCH,0,COCDL,PR,PRIVATE ROOM,PR,Y,Y,N,None,QVO8748,47:07.8,corpsvcmtxcutoverrpt_sql,12:30.1,xrdcwddbsuip06,MTX_ACOE_Cutover_Reporting,UI_Excel_Select_Xwalk_Source_Accommodations,facility,*ALL*,QXA4067,07:43.2
691,COCDL,H.MS,MONITORED SEMI-PRIVATE,M2,N,NO MATCH,0,COCDL,,,,,N,Y,None,QVO8748,26:29.9,corpsvcmtxcutoverrpt_sql,12:30.1,xrdcwddbsuip06,MTX_ACOE_Cutover_Reporting,UI_Excel_Select_Xwalk_Source_Accommodations,facility,*ALL*,QXA4067,07:43.2
692,COCDL,H.MSP,MED/SURG PRIVATE,SM,Y,NO MATCH,0,COCDL,PR,PRIVATE ROOM,PR,Y,Y,N,None,QVO8748,47:07.9,corpsvcmtxcutoverrpt_sql,12:30.1,xrdcwddbsuip06,MTX_ACOE_Cutover_Reporting,UI_Excel_Select_Xwalk_Source_Accommodations,facility,*ALL*,QXA4067,07:43.2
693,COCDL,H.MSPSIT,MONITORED SEMIPVT W/SITTER,SX,Y,NO MATCH,0,COCDL,PR,PRIVATE ROOM,PR,Y,Y,N,None,QVO8748,47:07.9,corpsvcmtxcutoverrpt_sql,12:30.1,xrdcwddbsuip06,MTX_ACOE_Cutover_Reporting,UI_Excel_Select_Xwalk_Source_Accommodations,facility,*ALL*,QXA4067,07:43.2
694,COCDL,H.MSSIT,MONITORED SEMI-PRIVATE,M3,Y,NO MATCH,0,COCDL,PR,PRIVATE ROOM,PR,Y,Y,N,None,QVO8748,47:08.0,corpsvcmtxcutoverrpt_sql,12:30.1,xrdcwddbsuip06,MTX_ACOE_Cutover_Reporting,UI_Excel_Select_Xwalk_Source_Accommodations,facility,*ALL*,QXA4067,07:43.2
695,COCDL,H.N1,NICU LEVEL 1,I1,N,NO MATCH,0,COCDL,,,,,N,Y,None,QVO8748,26:30.0,corpsvcmtxcutoverrpt_sql,12:30.1,xrdcwddbsuip06,MTX_ACOE_Cutover_Reporting,UI_Excel_Select_Xwalk_Source_Accommodations,facility,*ALL*,QXA4067,07:43.2
696,COCDL,H.N2,NICU LEVEL 2,I2,N,NO MATCH,0,COCDL,,,,,N,Y,None,QVO8748,26:30.1,corpsvcmtxcutoverrpt_sql,12:30.1,xrdcwddbsuip06,MTX_ACOE_Cutover_Reporting,UI_Excel_Select_Xwalk_Source_Accommodations,facility,*ALL*,QXA4067,07:43.2
697,COCDL,H.N3,NICU LEVEL 3,I3,N,NO MATCH,0,COCDL,,,,,N,Y,None,QVO8748,26:30.1,corpsvcmtxcutoverrpt_sql,12:30.1,xrdcwddbsuip06,MTX_ACOE_Cutover_Reporting,UI_Excel_Select_Xwalk_Source_Accommodations,facility,*ALL*,QXA4067,07:43.2
698,COCDL,H.NB,NEWBORN BASIC CARE,NB,Y,NO MATCH,1,COCDL,L1,NEWBORN LEVEL I CARE,L1,Y,Y,N,None,QVO8748,47:08.1,corpsvcmtxcutoverrpt_sql,12:30.1,xrdcwddbsuip06,MTX_ACOE_Cutover_Reporting,UI_Excel_Select_Xwalk_Source_Accommodations,facility,*ALL*,QXA4067,07:43.2
699,COCDL,H.NBII,NEONATAL INTERMED (LEVEL II),N2,N,NO MATCH,0,COCDL,,,,,N,Y,None,QVO8748,26:30.2,corpsvcmtxcutoverrpt_sql,12:30.1,xrdcwddbsuip06,MTX_ACOE_Cutover_Reporting,UI_Excel_Select_Xwalk_Source_Accommodations,facility,*ALL*,QXA4067,07:43.2
700,COCDL,H.NBIII,NEONATAL ACUTE (LEVEL III),N3,N,NO MATCH,0,COCDL,,,,,N,Y,None,QVO8748,26:30.2,corpsvcmtxcutoverrpt_sql,12:30.1,xrdcwddbsuip06,MTX_ACOE_Cutover_Reporting,UI_Excel_Select_Xwalk_Source_Accommodations,facility,*ALL*,QXA4067,07:43.2
701,COCDL,H.NBIV,NEONATAL ICU (Level IV),N4,N,NO MATCH,0,COCDL,,,,,N,Y,None,QVO8748,26:30.3,corpsvcmtxcutoverrpt_sql,12:30.1,xrdcwddbsuip06,MTX_ACOE_Cutover_Reporting,UI_Excel_Select_Xwalk_Source_Accommodations,facility,*ALL*,QXA4067,07:43.2
702,COCDL,H.NI,(DO NOT USE) NSY INTERMEDIATE,NI,N,NO MATCH,0,COCDL,,,,,N,Y,None,QVO8748,26:30.3,corpsvcmtxcutoverrpt_sql,12:30.1,xrdcwddbsuip06,MTX_ACOE_Cutover_Reporting,UI_Excel_Select_Xwalk_Source_Accommodations,facility,*ALL*,QXA4067,07:43.2
703,COCDL,H.NS,NURSERY,NS,N,NO MATCH,0,COCDL,,,,,N,Y,None,QVO8748,26:30.4,corpsvcmtxcutoverrpt_sql,12:30.1,xrdcwddbsuip06,MTX_ACOE_Cutover_Reporting,UI_Excel_Select_Xwalk_Source_Accommodations,facility,*ALL*,QXA4067,07:43.2
704,COCDL,H.OBP,OB/POSTPARTUM PRIVATE,OB,Y,NO MATCH,296,COCDL,PR,PRIVATE ROOM,PR,Y,Y,N,None,QVO8748,47:08.1,corpsvcmtxcutoverrpt_sql,12:30.1,xrdcwddbsuip06,MTX_ACOE_Cutover_Reporting,UI_Excel_Select_Xwalk_Source_Accommodations,facility,*ALL*,QXA4067,07:43.2
705,COCDL,H.OBSIT,OB PRIVATE W SITTER,OS,Y,NO MATCH,0,COCDL,PR,PRIVATE ROOM,PR,Y,Y,N,None,QVO8748,47:08.2,corpsvcmtxcutoverrpt_sql,12:30.1,xrdcwddbsuip06,MTX_ACOE_Cutover_Reporting,UI_Excel_Select_Xwalk_Source_Accommodations,facility,*ALL*,QXA4067,07:43.2
706,COCDL,H.P,PRIVATE,P,Y,NO MATCH,1018,COCDL,PR,PRIVATE ROOM,PR,Y,Y,N,None,QVO8748,26:53.7,corpsvcmtxcutoverrpt_sql,12:30.1,xrdcwddbsuip06,MTX_ACOE_Cutover_Reporting,UI_Excel_Select_Xwalk_Source_Accommodations,facility,*ALL*,QXA4067,07:43.2
707,COCDL,H.PC,PROGRESSIVE CARE UNIT,PC,Y,NO MATCH,21,COCDL,PR,PRIVATE ROOM,PR,Y,Y,N,None,QVO8748,47:08.2,corpsvcmtxcutoverrpt_sql,12:30.1,xrdcwddbsuip06,MTX_ACOE_Cutover_Reporting,UI_Excel_Select_Xwalk_Source_Accommodations,facility,*ALL*,QXA4067,07:43.2
708,COCDL,H.PCHSU,PRIVATE,CP,Y,NO MATCH,1,COCDL,PR,PRIVATE ROOM,PR,Y,Y,N,None,QVO8748,47:08.3,corpsvcmtxcutoverrpt_sql,12:30.1,xrdcwddbsuip06,MTX_ACOE_Cutover_Reporting,UI_Excel_Select_Xwalk_Source_Accommodations,facility,*ALL*,QXA4067,07:43.2
709,COCDL,H.PCM,MONITORED CARDIAC PRIVATE,MT,Y,NO MATCH,0,COCDL,PR,PRIVATE ROOM,PR,Y,Y,N,None,QVO8748,47:08.3,corpsvcmtxcutoverrpt_sql,12:30.1,xrdcwddbsuip06,MTX_ACOE_Cutover_Reporting,UI_Excel_Select_Xwalk_Source_Accommodations,facility,*ALL*,QXA4067,07:43.2
710,COCDL,H.PCT,TELEMETRY PRIVATE,CT,Y,NO MATCH,0,COCDL,PR,PRIVATE ROOM,PR,Y,Y,N,None,QVO8748,47:08.4,corpsvcmtxcutoverrpt_sql,12:30.1,xrdcwddbsuip06,MTX_ACOE_Cutover_Reporting,UI_Excel_Select_Xwalk_Source_Accommodations,facility,*ALL*,QXA4067,07:43.2
711,COCDL,H.PEDIC,PEDIATRIC INTENSIVE CARE,PI,Y,NO MATCH,4,COCDL,PIC,PEDIATRIC INTENSIVE CARE,PI,Y,Y,N,None,QVO8748,26:53.8,corpsvcmtxcutoverrpt_sql,12:30.1,xrdcwddbsuip06,MTX_ACOE_Cutover_Reporting,UI_Excel_Select_Xwalk_Source_Accommodations,facility,*ALL*,QXA4067,07:43.2
712,COCDL,H.PEDIN,PEDIATRIC INTERMEDIATE,PN,Y,NO MATCH,0,COCDL,PR,PRIVATE ROOM,PR,Y,Y,N,None,QVO8748,47:08.4,corpsvcmtxcutoverrpt_sql,12:30.1,xrdcwddbsuip06,MTX_ACOE_Cutover_Reporting,UI_Excel_Select_Xwalk_Source_Accommodations,facility,*ALL*,QXA4067,07:43.2
713,COCDL,H.PEDP,PEDIATRICS PRIVATE,PP,Y,NO MATCH,0,COCDL,PP,PEDIATRIC PRIVATE,PP,Y,Y,N,None,QVO8748,26:53.8,corpsvcmtxcutoverrpt_sql,12:30.1,xrdcwddbsuip06,MTX_ACOE_Cutover_Reporting,UI_Excel_Select_Xwalk_Source_Accommodations,facility,*ALL*,QXA4067,07:43.2
714,COCDL,H.PEDS,PEDIATRICS SEMI PRIVATE,PD,Y,NO MATCH,30,COCDL,PP,PEDIATRIC PRIVATE,PP,Y,Y,N,None,QVO8748,47:08.5,corpsvcmtxcutoverrpt_sql,12:30.1,xrdcwddbsuip06,MTX_ACOE_Cutover_Reporting,UI_Excel_Select_Xwalk_Source_Accommodations,facility,*ALL*,QXA4067,07:43.2
715,COCDL,H.PSIT,PRIVATE WITH SITTER,PR,Y,NO MATCH,0,COCDL,PR,PRIVATE ROOM,PR,Y,Y,N,None,QVO8748,47:08.6,corpsvcmtxcutoverrpt_sql,12:30.1,xrdcwddbsuip06,MTX_ACOE_Cutover_Reporting,UI_Excel_Select_Xwalk_Source_Accommodations,facility,*ALL*,QXA4067,07:43.2
716,COCDL,H.PSY,ADULT PSYCHIATRIC SEMI PRIVATE,PS,N,NO MATCH,0,COCDL,,,,,N,Y,None,QVO8748,26:30.5,corpsvcmtxcutoverrpt_sql,12:30.1,xrdcwddbsuip06,MTX_ACOE_Cutover_Reporting,UI_Excel_Select_Xwalk_Source_Accommodations,facility,*ALL*,QXA4067,07:43.2
717,COCDL,H.RIC,Renal ICU,RC,Y,NO MATCH,0,COCDL,IC,INTENSIVE CARE,IC,Y,Y,N,None,QVO8748,04:07.7,corpsvcmtxcutoverrpt_sql,12:30.1,xrdcwddbsuip06,MTX_ACOE_Cutover_Reporting,UI_Excel_Select_Xwalk_Source_Accommodations,facility,*ALL*,QXA4067,07:43.2
718,COCDL,H.RIN,RENAL INTERMEDIATE,RI,Y,NO MATCH,17,COCDL,PC,PROGRESSIVE CARE,PC,Y,Y,N,None,QVO8748,26:53.8,corpsvcmtxcutoverrpt_sql,12:30.1,xrdcwddbsuip06,MTX_ACOE_Cutover_Reporting,UI_Excel_Select_Xwalk_Source_Accommodations,facility,*ALL*,QXA4067,07:43.2
719,COCDL,H.RP,RENAL PRIVATE,RP,Y,NO MATCH,58,COCDL,PR,PRIVATE ROOM,PR,Y,Y,N,None,QVO8748,04:07.7,corpsvcmtxcutoverrpt_sql,12:30.1,xrdcwddbsuip06,MTX_ACOE_Cutover_Reporting,UI_Excel_Select_Xwalk_Source_Accommodations,facility,*ALL*,QXA4067,07:43.2
720,COCDL,H.SP,SEMI PRIVATE,S,Y,NO MATCH,1,COCDL,SP,SEMI PRIVATE ROOM,SP,Y,Y,N,None,QVO8748,26:53.9,corpsvcmtxcutoverrpt_sql,12:30.1,xrdcwddbsuip06,MTX_ACOE_Cutover_Reporting,UI_Excel_Select_Xwalk_Source_Accommodations,facility,*ALL*,QXA4067,07:43.2
721,COCDL,H.SPSIT,SEMI-PRIVATE WITH SITTER,SR,Y,NO MATCH,0,COCDL,PR,PRIVATE ROOM,PR,Y,Y,N,None,QVO8748,47:08.6,corpsvcmtxcutoverrpt_sql,12:30.1,xrdcwddbsuip06,MTX_ACOE_Cutover_Reporting,UI_Excel_Select_Xwalk_Source_Accommodations,facility,*ALL*,QXA4067,07:43.2
722,COCDL,H.STEMIC,STEM CELL IC,SI,Y,NO MATCH,0,COCDL,PR,PRIVATE ROOM,PR,Y,Y,N,None,QVO8748,47:08.7,corpsvcmtxcutoverrpt_sql,12:30.1,xrdcwddbsuip06,MTX_ACOE_Cutover_Reporting,UI_Excel_Select_Xwalk_Source_Accommodations,facility,*ALL*,QXA4067,07:43.2
723,COCDL,H.STEMP,STEM CELL PRIVATE,SP,Y,NO MATCH,0,COCDL,ONCP,ONCOLOGY PRIVATE,OP,Y,Y,N,None,QVO8748,26:53.9,corpsvcmtxcutoverrpt_sql,12:30.1,xrdcwddbsuip06,MTX_ACOE_Cutover_Reporting,UI_Excel_Select_Xwalk_Source_Accommodations,facility,*ALL*,QXA4067,07:43.2
724,COCDL,H.STEMSP,STEM CELL SEMI PRIVATE,SS,Y,NO MATCH,0,COCDL,PR,PRIVATE ROOM,PR,Y,Y,N,None,QVO8748,47:08.7,corpsvcmtxcutoverrpt_sql,12:30.1,xrdcwddbsuip06,MTX_ACOE_Cutover_Reporting,UI_Excel_Select_Xwalk_Source_Accommodations,facility,*ALL*,QXA4067,07:43.2
725,COCDL,H.STEMTP,STEM CELL TELE PRIVATE,ST,Y,NO MATCH,0,COCDL,PR,PRIVATE ROOM,PR,Y,Y,N,None,QVO8748,47:08.8,corpsvcmtxcutoverrpt_sql,12:30.1,xrdcwddbsuip06,MTX_ACOE_Cutover_Reporting,UI_Excel_Select_Xwalk_Source_Accommodations,facility,*ALL*,QXA4067,07:43.2
726,COCDL,H.TP,TELEMENTRY PRIVATE,TP,Y,NO MATCH,135,COCDL,TEL,TELEMETRY,TE,Y,Y,N,None,QVO8748,8/28/2026 13:26,corpsvcmtxcutoverrpt_sql,12:30.1,xrdcwddbsuip06,MTX_ACOE_Cutover_Reporting,UI_Excel_Select_Xwalk_Source_Accommodations,facility,*ALL*,QXA4067,07:43.2
727,COCDL,H.TPSIT,TELEMETRY WITH SITTER,TI,Y,NO MATCH,0,COCDL,PR,PRIVATE ROOM,PR,Y,Y,N,None,QVO8748,47:08.9,corpsvcmtxcutoverrpt_sql,12:30.1,xrdcwddbsuip06,MTX_ACOE_Cutover_Reporting,UI_Excel_Select_Xwalk_Source_Accommodations,facility,*ALL*,QXA4067,07:43.2
728,COCDL,H.TRAUMA,Intensive Care Trauma,TR,Y,NO MATCH,4,COCDL,TRIC,TRAUMA INTENSIVE CARE,TI,Y,Y,N,None,QVO8748,26:54.0,corpsvcmtxcutoverrpt_sql,12:30.1,xrdcwddbsuip06,MTX_ACOE_Cutover_Reporting,UI_Excel_Select_Xwalk_Source_Accommodations,facility,*ALL*,QXA4067,07:43.2
729,COCDL,H.TS,TELEMENTRY SEMI-PRIVATE,TS,Y,NO MATCH,0,COCDL,PR,PRIVATE ROOM,PR,Y,Y,N,None,QVO8748,47:08.9,corpsvcmtxcutoverrpt_sql,12:30.1,xrdcwddbsuip06,MTX_ACOE_Cutover_Reporting,UI_Excel_Select_Xwalk_Source_Accommodations,facility,*ALL*,QXA4067,07:43.2
730,COCDL,H.TSSIT,TELEMETRY SEMI SITTER,TT,Y,NO MATCH,0,COCDL,PR,PRIVATE ROOM,PR,Y,Y,N,None,QVO8748,47:09.0,corpsvcmtxcutoverrpt_sql,12:30.1,xrdcwddbsuip06,MTX_ACOE_Cutover_Reporting,UI_Excel_Select_Xwalk_Source_Accommodations,facility,*ALL*,QXA4067,07:43.2
731,COCDL,H.W,WARD,W,N,NO MATCH,0,COCDL,,,,,N,Y,None,QVO8748,26:30.5,corpsvcmtxcutoverrpt_sql,12:30.1,xrdcwddbsuip06,MTX_ACOE_Cutover_Reporting,UI_Excel_Select_Xwalk_Source_Accommodations,facility,*ALL*,QXA4067,07:43.2
732,COCDL,L1,NEWBORN LEVEL 1,L1,Y,NO MATCH,139,COCDL,L1,NEWBORN LEVEL I CARE,L1,Y,Y,N,None,QVO8748,26:54.1,corpsvcmtxcutoverrpt_sql,12:30.1,xrdcwddbsuip06,MTX_ACOE_Cutover_Reporting,UI_Excel_Select_Xwalk_Source_Accommodations,facility,*ALL*,QXA4067,07:43.2
733,COCDL,L2,NEWBORN LEVEL 2,L2,Y,NO MATCH,182,COCDL,L2,NEWBORN LEVEL II CARE,L2,Y,Y,N,None,QVO8748,26:54.1,corpsvcmtxcutoverrpt_sql,12:30.1,xrdcwddbsuip06,MTX_ACOE_Cutover_Reporting,UI_Excel_Select_Xwalk_Source_Accommodations,facility,*ALL*,QXA4067,07:43.2
734,COCDL,L3,NEWBORN LEVEL 3,L3,Y,NO MATCH,61,COCDL,L3,NEWBORN LEVEL III CARE,L3,Y,Y,N,None,QVO8748,26:54.1,corpsvcmtxcutoverrpt_sql,12:30.1,xrdcwddbsuip06,MTX_ACOE_Cutover_Reporting,UI_Excel_Select_Xwalk_Source_Accommodations,facility,*ALL*,QXA4067,07:43.2
735,COCDL,L4,NEWBORN LEVEL 4,L4,Y,NO MATCH,45,COCDL,L4,NEWBORN LEVEL IV CARE,L4,Y,Y,N,None,QVO8748,26:54.2,corpsvcmtxcutoverrpt_sql,12:30.1,xrdcwddbsuip06,MTX_ACOE_Cutover_Reporting,UI_Excel_Select_Xwalk_Source_Accommodations,facility,*ALL*,QXA4067,07:43.2
736,COCDL,XMU,EXCHANGE CLINICAL DATA CODE,XM,Y,NO MATCH,0,COCDL,,,,,N,N,None,,,corpsvcmtxcutoverrpt_sql,12:30.1,xrdcwddbsuip06,MTX_ACOE_Cutover_Reporting,UI_Excel_Select_Xwalk_Source_Accommodations,facility,*ALL*,QXA4067,07:43.2
737,COCDR,G.ADT PSY,ADULT PSYCH UNIT,AP,N,NO MATCH,0,COCDR,,,,,N,Y,None,FAK3017,08:59.7,corpsvcmtxcutoverrpt_sql,43:36.1,xrdcwddbsuip06,MTX_ACOE_Cutover_Reporting,UI_Excel_Select_Xwalk_Source_Accommodations,facility,*ALL*,QXA4067,07:43.2
738,COCDR,G.ADTPSYL,ADULT DAY PSYCH (LEWISVILLE),AL,N,NO MATCH,0,COCDR,,,,,N,Y,None,FAK3017,08:59.7,corpsvcmtxcutoverrpt_sql,43:36.1,xrdcwddbsuip06,MTX_ACOE_Cutover_Reporting,UI_Excel_Select_Xwalk_Source_Accommodations,facility,*ALL*,QXA4067,07:43.2
739,COCDR,G.ADULTPSY,ADULT DAY PSYCH FLOW CAMPUS,AF,N,NO MATCH,0,COCDR,,,,,N,Y,None,FAK3017,08:59.7,corpsvcmtxcutoverrpt_sql,43:36.1,xrdcwddbsuip06,MTX_ACOE_Cutover_Reporting,UI_Excel_Select_Xwalk_Source_Accommodations,facility,*ALL*,QXA4067,07:43.2
740,COCDR,G.ARGHLD,ARGYLE SURGICAL ED HOLD,SH,Y,NO MATCH,1,COCDR,MS,MED SURG,MS,Y,Y,N,None,QVO8748,18:38.7,corpsvcmtxcutoverrpt_sql,43:36.1,xrdcwddbsuip06,MTX_ACOE_Cutover_Reporting,UI_Excel_Select_Xwalk_Source_Accommodations,facility,*ALL*,QXA4067,07:43.2
741,COCDR,G.ARGSURG,ARGYLE POST SURGICAL UNIT,AS,Y,NO MATCH,0,COCDR,MS,MED SURG,MS,Y,Y,N,None,QVO8748,18:38.7,corpsvcmtxcutoverrpt_sql,43:36.1,xrdcwddbsuip06,MTX_ACOE_Cutover_Reporting,UI_Excel_Select_Xwalk_Source_Accommodations,facility,*ALL*,QXA4067,07:43.2
742,COCDR,G.BM,BABY WITH MOTHER,BM,N,NO MATCH,0,COCDR,,,,,N,Y,None,FAK3017,08:59.8,corpsvcmtxcutoverrpt_sql,43:36.1,xrdcwddbsuip06,MTX_ACOE_Cutover_Reporting,UI_Excel_Select_Xwalk_Source_Accommodations,facility,*ALL*,QXA4067,07:43.2
743,COCDR,G.CC,CARDIAC CARE UNIT,CC,N,NO MATCH,0,COCDR,,,,,N,Y,None,FAK3017,35:38.0,corpsvcmtxcutoverrpt_sql,00:07.2,xrdcwddbsuip06,MTX_ACOE_Cutover_Reporting,UI_Excel_Select_Xwalk_Source_Accommodations,facility,*ALL*,QXA4067,07:43.2
744,COCDR,G.COVID,ICU OVERFLOW,CV,N,NO MATCH,0,COCDR,,,,,N,Y,None,FAK3017,08:59.8,corpsvcmtxcutoverrpt_sql,43:36.1,xrdcwddbsuip06,MTX_ACOE_Cutover_Reporting,UI_Excel_Select_Xwalk_Source_Accommodations,facility,*ALL*,QXA4067,07:43.2
745,COCDR,G.ECMO,ECMO,EC,Y,NO MATCH,0,COCDR,EC,ECMO,EC,Y,Y,N,None,FAK3017,07:04.6,corpsvcmtxcutoverrpt_sql,43:36.1,xrdcwddbsuip06,MTX_ACOE_Cutover_Reporting,UI_Excel_Select_Xwalk_Source_Accommodations,facility,*ALL*,QXA4067,07:43.2
746,COCDR,G.IC,INTENSIVE CARE UNIT,IC,N,NO MATCH,0,COCDR,,,,,N,Y,None,FAK3017,08:59.8,corpsvcmtxcutoverrpt_sql,43:36.1,xrdcwddbsuip06,MTX_ACOE_Cutover_Reporting,UI_Excel_Select_Xwalk_Source_Accommodations,facility,*ALL*,QXA4067,07:43.2
747,COCDR,G.ICU,ICU INTENSIVE CARE UNIT,IU,Y,NO MATCH,58,COCDR,IC,INTENSIVE CARE,IC,Y,Y,N,None,FAK3017,07:04.6,corpsvcmtxcutoverrpt_sql,43:36.1,xrdcwddbsuip06,MTX_ACOE_Cutover_Reporting,UI_Excel_Select_Xwalk_Source_Accommodations,facility,*ALL*,QXA4067,07:43.2
748,COCDR,G.IPR,INPATIENT REHAB,RP,Y,NO MATCH,26,COCDR,R,REHABILITATION,R,Y,Y,N,None,FAK3017,05:18.6,corpsvcmtxcutoverrpt_sql,00:04.1,xrdcwddbsuip06,MTX_ACOE_Cutover_Reporting,UI_Excel_Select_Xwalk_Source_Accommodations,facility,*ALL*,QXA4067,07:43.2
749,COCDR,G.IPR Tele,PRIVATE REHAB MONITORED,RT,Y,NO MATCH,0,COCDR,TEL,TELEMETRY,TE,Y,Y,N,None,FAK3017,35:38.0,corpsvcmtxcutoverrpt_sql,00:04.1,xrdcwddbsuip06,MTX_ACOE_Cutover_Reporting,UI_Excel_Select_Xwalk_Source_Accommodations,facility,*ALL*,QXA4067,07:43.2
750,COCDR,G.IS,ISOLATION,IS,N,NO MATCH,0,COCDR,,,,,N,Y,None,FAK3017,35:38.1,corpsvcmtxcutoverrpt_sql,00:07.2,xrdcwddbsuip06,MTX_ACOE_Cutover_Reporting,UI_Excel_Select_Xwalk_Source_Accommodations,facility,*ALL*,QXA4067,07:43.2
751,COCDR,G.LD,L/D ER HOLDING,LD,N,NO MATCH,0,COCDR,,,,,N,Y,None,FAK3017,08:59.8,corpsvcmtxcutoverrpt_sql,43:36.1,xrdcwddbsuip06,MTX_ACOE_Cutover_Reporting,UI_Excel_Select_Xwalk_Source_Accommodations,facility,*ALL*,QXA4067,07:43.2
752,COCDR,G.MB,MONITORED BED,MB,N,NO MATCH,0,COCDR,,,,,N,Y,None,FAK3017,08:59.9,corpsvcmtxcutoverrpt_sql,43:36.1,xrdcwddbsuip06,MTX_ACOE_Cutover_Reporting,UI_Excel_Select_Xwalk_Source_Accommodations,facility,*ALL*,QXA4067,07:43.2
753,COCDR,G.MED,MEDICAL ER HOLDING,ME,N,NO MATCH,0,COCDR,,,,,N,Y,None,FAK3017,35:38.1,corpsvcmtxcutoverrpt_sql,00:07.2,xrdcwddbsuip06,MTX_ACOE_Cutover_Reporting,UI_Excel_Select_Xwalk_Source_Accommodations,facility,*ALL*,QXA4067,07:43.2
754,COCDR,G.MS,Med Surg W/O Tele,MS,Y,NO MATCH,383,COCDR,MS,MED SURG,MS,Y,Y,N,None,FAK3017,35:38.2,corpsvcmtxcutoverrpt_sql,00:07.2,xrdcwddbsuip06,MTX_ACOE_Cutover_Reporting,UI_Excel_Select_Xwalk_Source_Accommodations,facility,*ALL*,QXA4067,07:43.2
755,COCDR,G.NB,NURSERY NEWBORN,NB,N,NO MATCH,0,COCDR,,,,,N,Y,None,FAK3017,08:59.9,corpsvcmtxcutoverrpt_sql,43:36.1,xrdcwddbsuip06,MTX_ACOE_Cutover_Reporting,UI_Excel_Select_Xwalk_Source_Accommodations,facility,*ALL*,QXA4067,07:43.2
756,COCDR,G.NC,NURSERY ACUTE ICU,NC,N,NO MATCH,0,COCDR,,,,,N,Y,None,FAK3017,08:59.9,corpsvcmtxcutoverrpt_sql,43:36.1,xrdcwddbsuip06,MTX_ACOE_Cutover_Reporting,UI_Excel_Select_Xwalk_Source_Accommodations,facility,*ALL*,QXA4067,07:43.2
757,COCDR,G.NI,NURSERY INTERMEDIATE,NI,N,NO MATCH,0,COCDR,,,,,N,Y,None,FAK3017,09:00.0,corpsvcmtxcutoverrpt_sql,43:36.1,xrdcwddbsuip06,MTX_ACOE_Cutover_Reporting,UI_Excel_Select_Xwalk_Source_Accommodations,facility,*ALL*,QXA4067,07:43.2
758,COCDR,G.NP,NURSERY PROGRESSIVE CARE,NP,N,NO MATCH,0,COCDR,,,,,N,Y,None,FAK3017,09:00.0,corpsvcmtxcutoverrpt_sql,43:36.1,xrdcwddbsuip06,MTX_ACOE_Cutover_Reporting,UI_Excel_Select_Xwalk_Source_Accommodations,facility,*ALL*,QXA4067,07:43.2
759,COCDR,G.OB/GYN,OB/GYN ER HOLDING,OB,N,NO MATCH,0,COCDR,,,,,N,Y,None,FAK3017,09:00.0,corpsvcmtxcutoverrpt_sql,43:36.1,xrdcwddbsuip06,MTX_ACOE_Cutover_Reporting,UI_Excel_Select_Xwalk_Source_Accommodations,facility,*ALL*,QXA4067,07:43.2
760,COCDR,G.OMS,OVERFLOW FOR MED - SURG,OF,N,NO MATCH,0,COCDR,,,,,N,Y,None,FAK3017,09:00.0,corpsvcmtxcutoverrpt_sql,43:36.1,xrdcwddbsuip06,MTX_ACOE_Cutover_Reporting,UI_Excel_Select_Xwalk_Source_Accommodations,facility,*ALL*,QXA4067,07:43.2
761,COCDR,G.OTEL,OVERFLOW FOR TELE,OV,N,NO MATCH,0,COCDR,,,,,N,Y,None,FAK3017,09:00.1,corpsvcmtxcutoverrpt_sql,43:36.1,xrdcwddbsuip06,MTX_ACOE_Cutover_Reporting,UI_Excel_Select_Xwalk_Source_Accommodations,facility,*ALL*,QXA4067,07:43.2
762,COCDR,G.PB,NURSERY PROG CARE BOARDER,PB,N,NO MATCH,0,COCDR,,,,,N,Y,None,FAK3017,09:00.1,corpsvcmtxcutoverrpt_sql,43:36.1,xrdcwddbsuip06,MTX_ACOE_Cutover_Reporting,UI_Excel_Select_Xwalk_Source_Accommodations,facility,*ALL*,QXA4067,07:43.2
763,COCDR,G.PCU,PCU STEPDOWN,PC,Y,NO MATCH,323,COCDR,PC,PROGRESSIVE CARE,PC,Y,Y,N,None,FAK3017,07:04.7,corpsvcmtxcutoverrpt_sql,43:36.1,xrdcwddbsuip06,MTX_ACOE_Cutover_Reporting,UI_Excel_Select_Xwalk_Source_Accommodations,facility,*ALL*,QXA4067,07:43.2
764,COCDR,G.PED,PED ER HOLDING,PE,N,NO MATCH,0,COCDR,,,,,N,Y,None,FAK3017,09:00.2,corpsvcmtxcutoverrpt_sql,43:36.1,xrdcwddbsuip06,MTX_ACOE_Cutover_Reporting,UI_Excel_Select_Xwalk_Source_Accommodations,facility,*ALL*,QXA4067,07:43.2
765,COCDR,G.PP,PSYCH PRIVATE,PP,N,NO MATCH,0,COCDR,,,,,N,Y,None,FAK3017,09:00.2,corpsvcmtxcutoverrpt_sql,43:36.1,xrdcwddbsuip06,MTX_ACOE_Cutover_Reporting,UI_Excel_Select_Xwalk_Source_Accommodations,facility,*ALL*,QXA4067,07:43.2
766,COCDR,G.PR,PRIVATE,PR,N,NO MATCH,0,COCDR,,,,,N,Y,None,FAK3017,19:25.9,corpsvcmtxcutoverrpt_sql,43:36.1,xrdcwddbsuip06,MTX_ACOE_Cutover_Reporting,UI_Excel_Select_Xwalk_Source_Accommodations,facility,*ALL*,QXA4067,07:43.2
767,COCDR,G.PRH,HVU STEPDOWN,HS,N,NO MATCH,0,COCDR,,,,,N,Y,None,FAK3017,35:38.2,corpsvcmtxcutoverrpt_sql,00:07.2,xrdcwddbsuip06,MTX_ACOE_Cutover_Reporting,UI_Excel_Select_Xwalk_Source_Accommodations,facility,*ALL*,QXA4067,07:43.2
768,COCDR,G.PRI,IMCU STEPDOWN,IM,N,NO MATCH,0,COCDR,,,,,N,Y,None,FAK3017,09:00.2,corpsvcmtxcutoverrpt_sql,43:36.1,xrdcwddbsuip06,MTX_ACOE_Cutover_Reporting,UI_Excel_Select_Xwalk_Source_Accommodations,facility,*ALL*,QXA4067,07:43.2
769,COCDR,G.PRS,PCU STEPDOWN,SD,N,NO MATCH,0,COCDR,,,,,N,Y,None,FAK3017,09:00.2,corpsvcmtxcutoverrpt_sql,43:36.1,xrdcwddbsuip06,MTX_ACOE_Cutover_Reporting,UI_Excel_Select_Xwalk_Source_Accommodations,facility,*ALL*,QXA4067,07:43.2
770,COCDR,G.PS,PSYCH SEMI-PRIVATE,PS,N,NO MATCH,0,COCDR,,,,,N,Y,None,FAK3017,09:00.3,corpsvcmtxcutoverrpt_sql,43:36.1,xrdcwddbsuip06,MTX_ACOE_Cutover_Reporting,UI_Excel_Select_Xwalk_Source_Accommodations,facility,*ALL*,QXA4067,07:43.2
771,COCDR,G.RP,REHAB PRIVATE,RP,N,NO MATCH,0,COCDR,,,,,N,Y,None,FAK3017,09:00.3,corpsvcmtxcutoverrpt_sql,43:36.1,xrdcwddbsuip06,MTX_ACOE_Cutover_Reporting,UI_Excel_Select_Xwalk_Source_Accommodations,facility,*ALL*,QXA4067,07:43.2
772,COCDR,G.RS,REHAB SEMI-PRIVATE,RS,N,NO MATCH,0,COCDR,,,,,N,Y,None,FAK3017,09:00.3,corpsvcmtxcutoverrpt_sql,43:36.1,xrdcwddbsuip06,MTX_ACOE_Cutover_Reporting,UI_Excel_Select_Xwalk_Source_Accommodations,facility,*ALL*,QXA4067,07:43.2
773,COCDR,G.SF,SKILLED NURSING PRIVATE,SF,N,NO MATCH,0,COCDR,,,,,N,Y,None,FAK3017,09:00.4,corpsvcmtxcutoverrpt_sql,43:36.1,xrdcwddbsuip06,MTX_ACOE_Cutover_Reporting,UI_Excel_Select_Xwalk_Source_Accommodations,facility,*ALL*,QXA4067,07:43.2
774,COCDR,G.SP,SEMI PRIVATE,SP,Y,NO MATCH,7,COCDR,SP,SEMI PRIVATE ROOM,SP,Y,Y,N,None,FAK3017,07:04.8,corpsvcmtxcutoverrpt_sql,43:36.1,xrdcwddbsuip06,MTX_ACOE_Cutover_Reporting,UI_Excel_Select_Xwalk_Source_Accommodations,facility,*ALL*,QXA4067,07:43.2
775,COCDR,G.SS,SKILLED NURSING SEMI-PRIVATE,SS,N,NO MATCH,0,COCDR,,,,,N,Y,None,FAK3017,09:00.4,corpsvcmtxcutoverrpt_sql,43:36.1,xrdcwddbsuip06,MTX_ACOE_Cutover_Reporting,UI_Excel_Select_Xwalk_Source_Accommodations,facility,*ALL*,QXA4067,07:43.2
776,COCDR,G.SUR,SURGICAL ER HOLDING,SU,N,NO MATCH,0,COCDR,,,,,N,Y,None,FAK3017,35:38.3,corpsvcmtxcutoverrpt_sql,00:07.2,xrdcwddbsuip06,MTX_ACOE_Cutover_Reporting,UI_Excel_Select_Xwalk_Source_Accommodations,facility,*ALL*,QXA4067,07:43.2
777,COCDR,G.TeleMS,Med Surg w/ Tele,MT,Y,NO MATCH,49,COCDR,TEL,TELEMETRY,TE,Y,Y,N,None,FAK3017,37:46.1,corpsvcmtxcutoverrpt_sql,00:07.2,xrdcwddbsuip06,MTX_ACOE_Cutover_Reporting,UI_Excel_Select_Xwalk_Source_Accommodations,facility,*ALL*,QXA4067,07:43.2
778,COCDR,G.TR,TRAUMA,TR,Y,NO MATCH,63,COCDR,TR,TRAUMA,TR,Y,Y,N,None,FAK3017,07:04.9,corpsvcmtxcutoverrpt_sql,43:36.1,xrdcwddbsuip06,MTX_ACOE_Cutover_Reporting,UI_Excel_Select_Xwalk_Source_Accommodations,facility,*ALL*,QXA4067,07:43.2
779,COCDR,J.SEMI,SEMI PRIVATE *****TEST*****,01,N,NO MATCH,0,COCDR,,,,,N,Y,None,FAK3017,09:00.4,corpsvcmtxcutoverrpt_sql,43:36.1,xrdcwddbsuip06,MTX_ACOE_Cutover_Reporting,UI_Excel_Select_Xwalk_Source_Accommodations,facility,*ALL*,QXA4067,07:43.2
780,COCDR,P,PRIVATE,05,N,NO MATCH,0,COCDR,,,,,N,Y,None,FAK3017,09:00.4,corpsvcmtxcutoverrpt_sql,43:36.1,xrdcwddbsuip06,MTX_ACOE_Cutover_Reporting,UI_Excel_Select_Xwalk_Source_Accommodations,facility,*ALL*,QXA4067,07:43.2
781,COCEAF,AD,ADOLESCENT PSYCHIATRIC,AD,Y,"TEST (2026-04-21),ZCON (2026-04-21),LIVE (2026-02-12)",0,COCEAF,BH,BEHAVIORAL HEALTH,BH,N,Y,N,None,DOF3224,22:30.5,corpsvcmtxcutoverrpt_sql,38:19.0,xrdcwddbsuip06,MTX_ACOE_Cutover_Reporting,UI_Excel_Select_Xwalk_Source_Accommodations,facility,*ALL*,QXA4067,07:43.2
782,COCEAF,BH,BEHAVIORAL HEALTH,BH,Y,"TEST (2026-04-21),ZCON (2026-04-21),LIVE (2026-02-12)",0,COCEAF,BH,BEHAVIORAL HEALTH,BH,Y,Y,N,None,DOF3224,22:30.5,corpsvcmtxcutoverrpt_sql,38:19.0,xrdcwddbsuip06,MTX_ACOE_Cutover_Reporting,UI_Excel_Select_Xwalk_Source_Accommodations,facility,*ALL*,QXA4067,07:43.2
783,COCEAF,CC,CORONARY CARE,CC,Y,"TEST (2026-04-21),ZCON (2026-04-21),LIVE (2026-02-12)",0,COCEAF,CC,CORONARY CARE,CC,Y,Y,N,None,DOF3224,22:30.5,corpsvcmtxcutoverrpt_sql,38:19.0,xrdcwddbsuip06,MTX_ACOE_Cutover_Reporting,UI_Excel_Select_Xwalk_Source_Accommodations,facility,*ALL*,QXA4067,07:43.2
784,COCEAF,CD,DETOX,CD,Y,"TEST (2026-04-21),ZCON (2026-04-21),LIVE (2026-02-12)",0,COCEAF,D,DETOX,CD,Y,Y,N,None,DOF3224,22:30.5,corpsvcmtxcutoverrpt_sql,38:19.0,xrdcwddbsuip06,MTX_ACOE_Cutover_Reporting,UI_Excel_Select_Xwalk_Source_Accommodations,facility,*ALL*,QXA4067,07:43.2
785,COCEAF,CH,CHILDRENS PYSCHIATRIC,CH,Y,"TEST (2026-04-21),ZCON (2026-04-21),LIVE (2026-02-12)",0,COCEAF,PR,PRIVATE ROOM,PR,N,Y,N,None,DOF3224,22:30.5,corpsvcmtxcutoverrpt_sql,38:19.0,xrdcwddbsuip06,MTX_ACOE_Cutover_Reporting,UI_Excel_Select_Xwalk_Source_Accommodations,facility,*ALL*,QXA4067,07:43.2
786,COCEAF,CO,COMPREHENSIVE SERVICES ACT,CO,Y,"TEST (2026-04-21),ZCON (2026-04-21),LIVE (2026-02-12)",0,COCEAF,PR,PRIVATE ROOM,PR,N,Y,N,None,DOF3224,22:30.5,corpsvcmtxcutoverrpt_sql,38:19.0,xrdcwddbsuip06,MTX_ACOE_Cutover_Reporting,UI_Excel_Select_Xwalk_Source_Accommodations,facility,*ALL*,QXA4067,07:43.2
787,COCEAF,CP,CHEST PAIN CENTER,CP,Y,"TEST (2026-04-21),ZCON (2026-04-21),LIVE (2026-02-12)",0,COCEAF,PR,PRIVATE ROOM,PR,N,Y,N,None,DOF3224,22:30.5,corpsvcmtxcutoverrpt_sql,38:19.0,xrdcwddbsuip06,MTX_ACOE_Cutover_Reporting,UI_Excel_Select_Xwalk_Source_Accommodations,facility,*ALL*,QXA4067,07:43.2
788,COCEAF,CR,CHEMICAL DEPENDENCY REHAB,DR,Y,"TEST (2026-04-21),ZCON (2026-04-21),LIVE (2026-02-12)",0,COCEAF,PR,PRIVATE ROOM,PR,N,Y,N,None,DOF3224,22:30.5,corpsvcmtxcutoverrpt_sql,38:19.0,xrdcwddbsuip06,MTX_ACOE_Cutover_Reporting,UI_Excel_Select_Xwalk_Source_Accommodations,facility,*ALL*,QXA4067,07:43.2
789,COCEAF,CS,CARDIAC STEP DOWN UNIT,CS,Y,"TEST (2026-04-21),ZCON (2026-04-21),LIVE (2026-02-12)",0,COCEAF,PR,PRIVATE ROOM,PR,N,Y,N,None,DOF3224,22:30.5,corpsvcmtxcutoverrpt_sql,38:19.0,xrdcwddbsuip06,MTX_ACOE_Cutover_Reporting,UI_Excel_Select_Xwalk_Source_Accommodations,facility,*ALL*,QXA4067,07:43.2
790,COCEAF,D,DETOX,D,Y,"TEST (2026-04-21),ZCON (2026-04-21),LIVE (2026-02-12)",0,COCEAF,D,DETOX,CD,Y,Y,N,None,KSI8889,33:56.6,corpsvcmtxcutoverrpt_sql,38:19.0,xrdcwddbsuip06,MTX_ACOE_Cutover_Reporting,UI_Excel_Select_Xwalk_Source_Accommodations,facility,*ALL*,QXA4067,07:43.2
791,COCEAF,ED,EMERGENGY DEPARTMENT INPATIENT,ED,Y,"TEST (2026-04-21),ZCON (2026-04-21),LIVE (2026-02-12)",0,COCEAF,PR,PRIVATE ROOM,PR,N,Y,N,None,DOF3224,22:30.5,corpsvcmtxcutoverrpt_sql,38:19.0,xrdcwddbsuip06,MTX_ACOE_Cutover_Reporting,UI_Excel_Select_Xwalk_Source_Accommodations,facility,*ALL*,QXA4067,07:43.2
792,COCEAF,IC,INTENSIVE CARE,IC,Y,"TEST (2026-04-21),ZCON (2026-04-21),LIVE (2026-02-12)",0,COCEAF,IC,INTENSIVE CARE,IC,Y,Y,N,None,DOF3224,22:30.5,corpsvcmtxcutoverrpt_sql,38:19.0,xrdcwddbsuip06,MTX_ACOE_Cutover_Reporting,UI_Excel_Select_Xwalk_Source_Accommodations,facility,*ALL*,QXA4067,07:43.2
793,COCEAF,IS,ISOLATION,IS,Y,"TEST (2026-04-21),ZCON (2026-04-21),LIVE (2026-02-12)",0,COCEAF,PR,PRIVATE ROOM,PR,N,Y,N,None,DOF3224,22:30.5,corpsvcmtxcutoverrpt_sql,38:19.0,xrdcwddbsuip06,MTX_ACOE_Cutover_Reporting,UI_Excel_Select_Xwalk_Source_Accommodations,facility,*ALL*,QXA4067,07:43.2
794,COCEAF,IT,INTENSIVE TREATMENT,IT,Y,"TEST (2026-04-21),ZCON (2026-04-21),LIVE (2026-02-12)",0,COCEAF,PR,PRIVATE ROOM,PR,N,Y,N,None,DOF3224,22:30.5,corpsvcmtxcutoverrpt_sql,38:19.0,xrdcwddbsuip06,MTX_ACOE_Cutover_Reporting,UI_Excel_Select_Xwalk_Source_Accommodations,facility,*ALL*,QXA4067,07:43.2
795,COCEAF,JP,JUSTIFIED PRIVATE,JP,Y,"TEST (2026-04-21),ZCON (2026-04-21),LIVE (2026-02-12)",0,COCEAF,PR,PRIVATE ROOM,PR,Y,Y,N,None,DOF3224,22:30.5,corpsvcmtxcutoverrpt_sql,38:19.0,xrdcwddbsuip06,MTX_ACOE_Cutover_Reporting,UI_Excel_Select_Xwalk_Source_Accommodations,facility,*ALL*,QXA4067,07:43.2
796,COCEAF,L1,NEWBORN LEVEL 1,L1,Y,"TEST (2026-04-21),ZCON (2026-04-21),LIVE (2026-02-12)",0,COCEAF,L1,NEWBORN LEVEL I CARE,L1,Y,Y,N,None,DOF3224,22:30.5,corpsvcmtxcutoverrpt_sql,38:19.0,xrdcwddbsuip06,MTX_ACOE_Cutover_Reporting,UI_Excel_Select_Xwalk_Source_Accommodations,facility,*ALL*,QXA4067,07:43.2
797,COCEAF,L2,NURSERY LEVEL II,L2,Y,"TEST (2026-04-21),ZCON (2026-04-21),LIVE (2026-02-12)",0,COCEAF,L2,NEWBORN LEVEL II CARE,L2,Y,Y,N,None,DOF3224,22:30.5,corpsvcmtxcutoverrpt_sql,38:19.0,xrdcwddbsuip06,MTX_ACOE_Cutover_Reporting,UI_Excel_Select_Xwalk_Source_Accommodations,facility,*ALL*,QXA4067,07:43.2
798,COCEAF,L3,NURSERY NICU LEVEL III,L3,Y,"TEST (2026-04-21),ZCON (2026-04-21),LIVE (2026-02-12)",0,COCEAF,L3,NEWBORN LEVEL III CARE,L3,Y,Y,N,None,DOF3224,22:30.5,corpsvcmtxcutoverrpt_sql,38:19.0,xrdcwddbsuip06,MTX_ACOE_Cutover_Reporting,UI_Excel_Select_Xwalk_Source_Accommodations,facility,*ALL*,QXA4067,07:43.2
799,COCEAF,L4,NURSERY NICU IV,L4,Y,"TEST (2026-04-21),ZCON (2026-04-21),LIVE (2026-02-12)",0,COCEAF,L4,NEWBORN LEVEL IV CARE,L4,Y,Y,N,None,DOF3224,22:30.5,corpsvcmtxcutoverrpt_sql,38:19.0,xrdcwddbsuip06,MTX_ACOE_Cutover_Reporting,UI_Excel_Select_Xwalk_Source_Accommodations,facility,*ALL*,QXA4067,07:43.2
800,COCEAF,LA,LEAVE OF ABSENCE,LA,Y,"TEST (2026-04-21),ZCON (2026-04-21),LIVE (2026-02-12)",0,COCEAF,PR,PRIVATE ROOM,PR,N,Y,N,None,DOF3224,22:30.5,corpsvcmtxcutoverrpt_sql,38:19.0,xrdcwddbsuip06,MTX_ACOE_Cutover_Reporting,UI_Excel_Select_Xwalk_Source_Accommodations,facility,*ALL*,QXA4067,07:43.2
801,COCEAF,MD,MOOD DISORDER-PSYCH,MD,Y,"TEST (2026-04-21),ZCON (2026-04-21),LIVE (2026-02-12)",0,COCEAF,BH,BEHAVIORAL HEALTH,BH,N,Y,N,None,DOF3224,22:30.5,corpsvcmtxcutoverrpt_sql,38:19.0,xrdcwddbsuip06,MTX_ACOE_Cutover_Reporting,UI_Excel_Select_Xwalk_Source_Accommodations,facility,*ALL*,QXA4067,07:43.2
802,COCEAF,NA,NURSERY ADMISSION,NA,Y,"TEST (2026-04-21),ZCON (2026-04-21),LIVE (2026-02-12)",0,COCEAF,PR,PRIVATE ROOM,PR,N,Y,N,None,DOF3224,22:30.5,corpsvcmtxcutoverrpt_sql,38:19.0,xrdcwddbsuip06,MTX_ACOE_Cutover_Reporting,UI_Excel_Select_Xwalk_Source_Accommodations,facility,*ALL*,QXA4067,07:43.2
803,COCEAF,NB,NURSERY,NB,Y,"TEST (2026-04-21),ZCON (2026-04-21),LIVE (2026-02-12)",0,COCEAF,L1,NEWBORN LEVEL I CARE,L1,N,Y,N,None,DOF3224,22:30.5,corpsvcmtxcutoverrpt_sql,38:19.0,xrdcwddbsuip06,MTX_ACOE_Cutover_Reporting,UI_Excel_Select_Xwalk_Source_Accommodations,facility,*ALL*,QXA4067,07:43.2
804,COCEAF,NI,NURSERY ISOLATION,NI,Y,"TEST (2026-04-21),ZCON (2026-04-21),LIVE (2026-02-12)",0,COCEAF,PR,PRIVATE ROOM,PR,N,Y,N,None,DOF3224,22:30.5,corpsvcmtxcutoverrpt_sql,38:19.0,xrdcwddbsuip06,MTX_ACOE_Cutover_Reporting,UI_Excel_Select_Xwalk_Source_Accommodations,facility,*ALL*,QXA4067,07:43.2
805,COCEAF,NM,NON-MONITORED PCU,NM,Y,"TEST (2026-04-21),ZCON (2026-04-21),LIVE (2026-02-12)",0,COCEAF,PR,PRIVATE ROOM,PR,N,Y,N,None,DOF3224,22:30.5,corpsvcmtxcutoverrpt_sql,38:19.0,xrdcwddbsuip06,MTX_ACOE_Cutover_Reporting,UI_Excel_Select_Xwalk_Source_Accommodations,facility,*ALL*,QXA4067,07:43.2
806,COCEAF,OS,OBSERVATION,OS,Y,"TEST (2026-04-21),ZCON (2026-04-21),LIVE (2026-02-12)",0,COCEAF,PR,PRIVATE ROOM,PR,N,Y,N,None,DOF3224,22:30.5,corpsvcmtxcutoverrpt_sql,38:19.0,xrdcwddbsuip06,MTX_ACOE_Cutover_Reporting,UI_Excel_Select_Xwalk_Source_Accommodations,facility,*ALL*,QXA4067,07:43.2
807,COCEAF,OV,OVERFLOW-PSYCH,OV,N,NO MATCH,0,COCEAF,,,,,N,Y,None,KSI8889,53:12.6,corpsvcmtxcutoverrpt_sql,38:19.0,xrdcwddbsuip06,MTX_ACOE_Cutover_Reporting,UI_Excel_Select_Xwalk_Source_Accommodations,facility,*ALL*,QXA4067,07:43.2
808,COCEAF,PC,PROGRESSIVE CARE,PC,Y,"TEST (2026-04-21),ZCON (2026-04-21),LIVE (2026-02-12)",0,COCEAF,PC,PROGRESSIVE CARE,PC,Y,Y,N,None,DOF3224,22:30.5,corpsvcmtxcutoverrpt_sql,38:19.0,xrdcwddbsuip06,MTX_ACOE_Cutover_Reporting,UI_Excel_Select_Xwalk_Source_Accommodations,facility,*ALL*,QXA4067,07:43.2
809,COCEAF,PR,PRIVATE ROOM,P,Y,"TEST (2026-04-21),ZCON (2026-04-21),LIVE (2026-02-12)",0,COCEAF,PR,PRIVATE ROOM,PR,N,Y,N,None,DOF3224,22:30.5,corpsvcmtxcutoverrpt_sql,38:19.0,xrdcwddbsuip06,MTX_ACOE_Cutover_Reporting,UI_Excel_Select_Xwalk_Source_Accommodations,facility,*ALL*,QXA4067,07:43.2
810,COCEAF,PS,ADULT PSYCHIATRIC,PS,Y,"TEST (2026-04-21),ZCON (2026-04-21),LIVE (2026-02-12)",0,COCEAF,PR,PRIVATE ROOM,PR,N,Y,N,None,DOF3224,22:30.6,corpsvcmtxcutoverrpt_sql,38:19.0,xrdcwddbsuip06,MTX_ACOE_Cutover_Reporting,UI_Excel_Select_Xwalk_Source_Accommodations,facility,*ALL*,QXA4067,07:43.2
811,COCEAF,RH,REHAB,RH,Y,"TEST (2026-04-21),ZCON (2026-04-21),LIVE (2026-02-12)",0,COCEAF,R,REHABILITATION,RH,Y,Y,N,None,DOF3224,22:30.6,corpsvcmtxcutoverrpt_sql,38:19.0,xrdcwddbsuip06,MTX_ACOE_Cutover_Reporting,UI_Excel_Select_Xwalk_Source_Accommodations,facility,*ALL*,QXA4067,07:43.2
812,COCEAF,RM,REHAB/MED/SURG,S,Y,"TEST (2026-04-21),ZCON (2026-04-21),LIVE (2026-02-12)",0,COCEAF,PR,PRIVATE ROOM,PR,N,Y,N,None,DOF3224,22:30.6,corpsvcmtxcutoverrpt_sql,38:19.0,xrdcwddbsuip06,MTX_ACOE_Cutover_Reporting,UI_Excel_Select_Xwalk_Source_Accommodations,facility,*ALL*,QXA4067,07:43.2
813,COCEAF,SC,SURGICAL CARE,SC,Y,"TEST (2026-04-21),ZCON (2026-04-21),LIVE (2026-02-12)",0,COCEAF,MS,MED SURG,MS,Y,Y,N,None,DOF3224,22:30.6,corpsvcmtxcutoverrpt_sql,38:19.0,xrdcwddbsuip06,MTX_ACOE_Cutover_Reporting,UI_Excel_Select_Xwalk_Source_Accommodations,facility,*ALL*,QXA4067,07:43.2
814,COCEAF,SP,SEMI-PRIVATE ROOM,SP,Y,"TEST (2026-04-21),ZCON (2026-04-21),LIVE (2026-02-12)",0,COCEAF,SP,SEMI PRIVATE ROOM,SP,Y,Y,N,None,DOF3224,22:30.6,corpsvcmtxcutoverrpt_sql,38:19.0,xrdcwddbsuip06,MTX_ACOE_Cutover_Reporting,UI_Excel_Select_Xwalk_Source_Accommodations,facility,*ALL*,QXA4067,07:43.2
815,COCEAF,TD,THOUGHT DISORDER-PSYCH,TD,Y,"TEST (2026-04-21),ZCON (2026-04-21),LIVE (2026-02-12)",0,COCEAF,BH,BEHAVIORAL HEALTH,BH,N,Y,N,None,DOF3224,22:30.6,corpsvcmtxcutoverrpt_sql,38:19.0,xrdcwddbsuip06,MTX_ACOE_Cutover_Reporting,UI_Excel_Select_Xwalk_Source_Accommodations,facility,*ALL*,QXA4067,07:43.2
816,COCEAF,TM,TELEMETRY MONITOR,T,Y,"TEST (2026-04-21),ZCON (2026-04-21),LIVE (2026-02-12)",0,COCEAF,TEL,TELEMETRY,TE,Y,Y,N,None,QVO8748,08:17.5,corpsvcmtxcutoverrpt_sql,38:19.0,xrdcwddbsuip06,MTX_ACOE_Cutover_Reporting,UI_Excel_Select_Xwalk_Source_Accommodations,facility,*ALL*,QXA4067,07:43.2
817,COCEAF,TR,TRAUMA,TR,Y,"TEST (2026-04-21),ZCON (2026-04-21),LIVE (2026-02-12)",0,COCEAF,TR,TRAUMA,TR,Y,Y,N,None,DOF3224,22:30.6,corpsvcmtxcutoverrpt_sql,38:19.0,xrdcwddbsuip06,MTX_ACOE_Cutover_Reporting,UI_Excel_Select_Xwalk_Source_Accommodations,facility,*ALL*,QXA4067,07:43.2
818,COCEAF,ZZ,CONVERSION,ZZ,Y,"TEST (2026-04-21),ZCON (2026-04-21),LIVE (2026-02-12)",0,COCEAF,PR,PRIVATE ROOM,PR,N,Y,N,None,DOF3224,22:30.6,corpsvcmtxcutoverrpt_sql,38:19.0,xrdcwddbsuip06,MTX_ACOE_Cutover_Reporting,UI_Excel_Select_Xwalk_Source_Accommodations,facility,*ALL*,QXA4067,07:43.2
819,COCFPA,BF.ANTE,ANTEPARTUM,AN,Y,NO MATCH,0,COCFPA,,,,,Y,N,None,MLT6916,07:50.9,corpsvcmtxcutoverrpt_sql,12:30.1,xrdcwddbsuip06,MTX_ACOE_Cutover_Reporting,UI_Excel_Select_Xwalk_Source_Accommodations,facility,*ALL*,QXA4067,07:43.2
820,COCFPA,BF.ANTEMON,ANTEPARTUM MONITORED,AM,Y,NO MATCH,0,COCFPA,,,,,Y,N,None,MLT6916,07:51.0,corpsvcmtxcutoverrpt_sql,12:30.1,xrdcwddbsuip06,MTX_ACOE_Cutover_Reporting,UI_Excel_Select_Xwalk_Source_Accommodations,facility,*ALL*,QXA4067,07:43.2
821,COCFPA,BF.B2,Neonatal ICU,B2,N,NO MATCH,0,COCFPA,,,,,N,Y,None,MLT6916,07:51.0,corpsvcmtxcutoverrpt_sql,12:30.1,xrdcwddbsuip06,MTX_ACOE_Cutover_Reporting,UI_Excel_Select_Xwalk_Source_Accommodations,facility,*ALL*,QXA4067,07:43.2
822,COCFPA,BF.B4,Neonatal Acute,B4,N,NO MATCH,0,COCFPA,,,,,N,Y,None,MLT6916,07:51.0,corpsvcmtxcutoverrpt_sql,12:30.1,xrdcwddbsuip06,MTX_ACOE_Cutover_Reporting,UI_Excel_Select_Xwalk_Source_Accommodations,facility,*ALL*,QXA4067,07:43.2
823,COCFPA,BF.B6,Neonatal Intermediate,B6,N,NO MATCH,0,COCFPA,,,,,N,Y,None,MLT6916,07:51.1,corpsvcmtxcutoverrpt_sql,12:30.1,xrdcwddbsuip06,MTX_ACOE_Cutover_Reporting,UI_Excel_Select_Xwalk_Source_Accommodations,facility,*ALL*,QXA4067,07:43.2
824,COCFPA,BF.ECMO,ECMO,EC,Y,NO MATCH,0,COCFPA,EC,ECMO,EC,Y,Y,N,None,MLT6916,07:51.1,corpsvcmtxcutoverrpt_sql,12:30.1,xrdcwddbsuip06,MTX_ACOE_Cutover_Reporting,UI_Excel_Select_Xwalk_Source_Accommodations,facility,*ALL*,QXA4067,07:43.2
825,COCFPA,BF.ICU,INTENSIVE CARE UNIT,IC,Y,NO MATCH,20,COCFPA,IC,INTENSIVE CARE,IC,Y,Y,N,None,MLT6916,07:51.2,corpsvcmtxcutoverrpt_sql,12:30.1,xrdcwddbsuip06,MTX_ACOE_Cutover_Reporting,UI_Excel_Select_Xwalk_Source_Accommodations,facility,*ALL*,QXA4067,07:43.2
826,COCFPA,BF.L1,NEWBORN LEVEL I,N1,Y,NO MATCH,0,COCFPA,L1,NEWBORN LEVEL I CARE,L1,Y,Y,N,None,MLT6916,07:51.2,corpsvcmtxcutoverrpt_sql,12:30.1,xrdcwddbsuip06,MTX_ACOE_Cutover_Reporting,UI_Excel_Select_Xwalk_Source_Accommodations,facility,*ALL*,QXA4067,07:43.2
827,COCFPA,BF.L2,NEONATAL INTERMED (L2),N2,Y,NO MATCH,0,COCFPA,L2,NEWBORN LEVEL II CARE,L2,Y,Y,N,None,MLT6916,07:51.2,corpsvcmtxcutoverrpt_sql,12:30.1,xrdcwddbsuip06,MTX_ACOE_Cutover_Reporting,UI_Excel_Select_Xwalk_Source_Accommodations,facility,*ALL*,QXA4067,07:43.2
828,COCFPA,BF.L3,NEONATAL ACUTE (L3),N3,Y,NO MATCH,0,COCFPA,L3,NEWBORN LEVEL III CARE,L3,Y,Y,N,None,MLT6916,07:51.3,corpsvcmtxcutoverrpt_sql,12:30.1,xrdcwddbsuip06,MTX_ACOE_Cutover_Reporting,UI_Excel_Select_Xwalk_Source_Accommodations,facility,*ALL*,QXA4067,07:43.2
829,COCFPA,BF.L4,NEONATAL ICU (L4),N4,Y,NO MATCH,0,COCFPA,L4,NEWBORN LEVEL IV CARE,L4,Y,Y,N,None,MLT6916,07:51.3,corpsvcmtxcutoverrpt_sql,12:30.1,xrdcwddbsuip06,MTX_ACOE_Cutover_Reporting,UI_Excel_Select_Xwalk_Source_Accommodations,facility,*ALL*,QXA4067,07:43.2
830,COCFPA,BF.MB,MONITORED BED,MB,Y,NO MATCH,18,COCFPA,TEL,TELEMETRY,MB,Y,Y,N,None,MLT6916,07:51.3,corpsvcmtxcutoverrpt_sql,12:30.1,xrdcwddbsuip06,MTX_ACOE_Cutover_Reporting,UI_Excel_Select_Xwalk_Source_Accommodations,facility,*ALL*,QXA4067,07:43.2
831,COCFPA,BF.NU,NURSERY,NB,Y,NO MATCH,0,COCFPA,,,,,Y,N,None,MLT6916,07:51.4,corpsvcmtxcutoverrpt_sql,12:30.1,xrdcwddbsuip06,MTX_ACOE_Cutover_Reporting,UI_Excel_Select_Xwalk_Source_Accommodations,facility,*ALL*,QXA4067,07:43.2
832,COCFPA,BF.OB,OB,OB,Y,NO MATCH,42,COCFPA,LD,LABOR AND DELIVERY,OB,Y,Y,N,None,MLT6916,07:51.4,corpsvcmtxcutoverrpt_sql,12:30.1,xrdcwddbsuip06,MTX_ACOE_Cutover_Reporting,UI_Excel_Select_Xwalk_Source_Accommodations,facility,*ALL*,QXA4067,07:43.2
833,COCFPA,BF.P,PRIVATE,P,Y,NO MATCH,216,COCFPA,PR,PRIVATE ROOM,P,Y,Y,N,None,MLT6916,07:51.4,corpsvcmtxcutoverrpt_sql,12:30.1,xrdcwddbsuip06,MTX_ACOE_Cutover_Reporting,UI_Excel_Select_Xwalk_Source_Accommodations,facility,*ALL*,QXA4067,07:43.2
834,COCFPA,BF.PC,Progressive Care,PC,Y,NO MATCH,58,COCFPA,PC,PROGRESSIVE CARE,PC,Y,Y,N,None,MLT6916,07:51.5,corpsvcmtxcutoverrpt_sql,12:30.1,xrdcwddbsuip06,MTX_ACOE_Cutover_Reporting,UI_Excel_Select_Xwalk_Source_Accommodations,facility,*ALL*,QXA4067,07:43.2
835,COCFPA,BF.PPOP,PRIVATE POSTPARTUM OVERFLOW,PO,Y,NO MATCH,0,COCFPA,,,,,Y,N,None,MLT6916,07:51.5,corpsvcmtxcutoverrpt_sql,12:30.1,xrdcwddbsuip06,MTX_ACOE_Cutover_Reporting,UI_Excel_Select_Xwalk_Source_Accommodations,facility,*ALL*,QXA4067,07:43.2
836,COCFPA,BF.SP,Semi Private,SP,N,NO MATCH,0,COCFPA,,,,,N,Y,None,MLT6916,07:51.5,corpsvcmtxcutoverrpt_sql,12:30.1,xrdcwddbsuip06,MTX_ACOE_Cutover_Reporting,UI_Excel_Select_Xwalk_Source_Accommodations,facility,*ALL*,QXA4067,07:43.2
837,COCFPA,BF.SUITE,PRIVATE SUITE,SU,Y,NO MATCH,0,COCFPA,,,,,N,Y,None,MLT6916,07:51.6,corpsvcmtxcutoverrpt_sql,12:30.1,xrdcwddbsuip06,MTX_ACOE_Cutover_Reporting,UI_Excel_Select_Xwalk_Source_Accommodations,facility,*ALL*,QXA4067,07:43.2
838,COCFPA,BF.TR,INTENSIVE CARE TRAUMA,TR,Y,NO MATCH,0,COCFPA,TRIC,TRAUMA INTENSIVE CARE,TR,Y,Y,N,None,MLT6916,07:51.6,corpsvcmtxcutoverrpt_sql,12:30.1,xrdcwddbsuip06,MTX_ACOE_Cutover_Reporting,UI_Excel_Select_Xwalk_Source_Accommodations,facility,*ALL*,QXA4067,07:43.2
839,COCFPA,L1,NEWBORN LEVEL 1,L1,Y,NO MATCH,30,COCFPA,L1,NEWBORN LEVEL I CARE,L1,Y,Y,N,None,MLT6916,07:51.7,corpsvcmtxcutoverrpt_sql,12:30.1,xrdcwddbsuip06,MTX_ACOE_Cutover_Reporting,UI_Excel_Select_Xwalk_Source_Accommodations,facility,*ALL*,QXA4067,07:43.2
840,COCFPA,L2,NEWBORN LEVEL 2,L2,Y,NO MATCH,6,COCFPA,L2,NEWBORN LEVEL II CARE,L2,Y,Y,N,None,MLT6916,07:51.7,corpsvcmtxcutoverrpt_sql,12:30.1,xrdcwddbsuip06,MTX_ACOE_Cutover_Reporting,UI_Excel_Select_Xwalk_Source_Accommodations,facility,*ALL*,QXA4067,07:43.2
841,COCFPA,L3,NEWBORN LEVEL 3,L3,Y,NO MATCH,16,COCFPA,L3,NEWBORN LEVEL III CARE,L3,Y,Y,N,None,MLT6916,07:51.7,corpsvcmtxcutoverrpt_sql,12:30.1,xrdcwddbsuip06,MTX_ACOE_Cutover_Reporting,UI_Excel_Select_Xwalk_Source_Accommodations,facility,*ALL*,QXA4067,07:43.2
842,COCFPA,L4,NEWBORN LEVEL 4,L4,Y,NO MATCH,0,COCFPA,L4,NEWBORN LEVEL IV CARE,L4,Y,Y,N,None,MLT6916,07:51.8,corpsvcmtxcutoverrpt_sql,12:30.1,xrdcwddbsuip06,MTX_ACOE_Cutover_Reporting,UI_Excel_Select_Xwalk_Source_Accommodations,facility,*ALL*,QXA4067,07:43.2
843,COCFV,B,WELL NEWBORN,NB,N,NO MATCH,0,COCFV,,,,,N,Y,None,FAK3017,57:35.9,corpsvcmtxcutoverrpt_sql,53:33.3,xrdcwddbsuip06,MTX_ACOE_Cutover_Reporting,UI_Excel_Select_Xwalk_Source_Accommodations,facility,*ALL*,QXA4067,07:43.2
844,COCFV,BB,BOARDER BABY,BB,N,NO MATCH,0,COCFV,,,,,N,Y,None,FAK3017,57:36.0,corpsvcmtxcutoverrpt_sql,53:33.3,xrdcwddbsuip06,MTX_ACOE_Cutover_Reporting,UI_Excel_Select_Xwalk_Source_Accommodations,facility,*ALL*,QXA4067,07:43.2
845,COCFV,CC,CORONARY CARE,CC,Y,NO MATCH,1,COCFV,CC,CORONARY CARE,CC,Y,Y,N,None,FAK3017,56:18.8,corpsvcmtxcutoverrpt_sql,53:33.3,xrdcwddbsuip06,MTX_ACOE_Cutover_Reporting,UI_Excel_Select_Xwalk_Source_Accommodations,facility,*ALL*,QXA4067,07:43.2
846,COCFV,EH,ER HOLD BEDS,EH,Y,NO MATCH,0,COCFV,M,MEDICAL,M,Y,Y,N,None,FAK3017,56:18.8,corpsvcmtxcutoverrpt_sql,53:33.3,xrdcwddbsuip06,MTX_ACOE_Cutover_Reporting,UI_Excel_Select_Xwalk_Source_Accommodations,facility,*ALL*,QXA4067,07:43.2
847,COCFV,F,FAIRVIEW,1,N,NO MATCH,0,COCFV,,,,,N,Y,None,FAK3017,56:55.5,corpsvcmtxcutoverrpt_sql,53:33.3,xrdcwddbsuip06,MTX_ACOE_Cutover_Reporting,UI_Excel_Select_Xwalk_Source_Accommodations,facility,*ALL*,QXA4067,07:43.2
848,COCFV,GY,GYN,GY,Y,NO MATCH,0,COCFV,LD,LABOR AND DELIVERY,LD,Y,Y,N,None,FAK3017,56:18.8,corpsvcmtxcutoverrpt_sql,53:33.3,xrdcwddbsuip06,MTX_ACOE_Cutover_Reporting,UI_Excel_Select_Xwalk_Source_Accommodations,facility,*ALL*,QXA4067,07:43.2
849,COCFV,I,ISOLATION,IS,Y,NO MATCH,0,COCFV,M,MEDICAL,M,Y,Y,N,None,FAK3017,56:18.9,corpsvcmtxcutoverrpt_sql,53:33.3,xrdcwddbsuip06,MTX_ACOE_Cutover_Reporting,UI_Excel_Select_Xwalk_Source_Accommodations,facility,*ALL*,QXA4067,07:43.2
850,COCFV,IC,INTENSIVE CARE,IC,Y,NO MATCH,57,COCFV,IC,INTENSIVE CARE,IC,Y,Y,N,None,FAK3017,56:18.9,corpsvcmtxcutoverrpt_sql,53:33.3,xrdcwddbsuip06,MTX_ACOE_Cutover_Reporting,UI_Excel_Select_Xwalk_Source_Accommodations,facility,*ALL*,QXA4067,07:43.2
851,COCFV,J,"PRIVATE, MEDICALLY JUSTIFIED",MJ,Y,NO MATCH,0,COCFV,M,MEDICAL,M,Y,Y,N,None,FAK3017,56:18.9,corpsvcmtxcutoverrpt_sql,53:33.3,xrdcwddbsuip06,MTX_ACOE_Cutover_Reporting,UI_Excel_Select_Xwalk_Source_Accommodations,facility,*ALL*,QXA4067,07:43.2
852,COCFV,L1,NEWBORN LEVEL I,L1,Y,NO MATCH,29,COCFV,L1,NEWBORN LEVEL I CARE,L1,Y,Y,N,None,FAK3017,56:19.0,corpsvcmtxcutoverrpt_sql,53:33.3,xrdcwddbsuip06,MTX_ACOE_Cutover_Reporting,UI_Excel_Select_Xwalk_Source_Accommodations,facility,*ALL*,QXA4067,07:43.2
853,COCFV,L2,NEWBORN LEVEL II,L2,Y,NO MATCH,12,COCFV,L2,NEWBORN LEVEL II CARE,L2,Y,Y,N,None,FAK3017,56:19.0,corpsvcmtxcutoverrpt_sql,53:33.3,xrdcwddbsuip06,MTX_ACOE_Cutover_Reporting,UI_Excel_Select_Xwalk_Source_Accommodations,facility,*ALL*,QXA4067,07:43.2
854,COCFV,L3,NEWBORN LEVEL III,L3,Y,NO MATCH,4,COCFV,L3,NEWBORN LEVEL III CARE,L3,Y,Y,N,None,FAK3017,56:19.1,corpsvcmtxcutoverrpt_sql,53:33.3,xrdcwddbsuip06,MTX_ACOE_Cutover_Reporting,UI_Excel_Select_Xwalk_Source_Accommodations,facility,*ALL*,QXA4067,07:43.2
855,COCFV,L4,NEWBORN LEVEL IV,L4,Y,NO MATCH,0,COCFV,L4,NEWBORN LEVEL IV CARE,L4,Y,Y,N,None,FAK3017,56:19.1,corpsvcmtxcutoverrpt_sql,53:33.3,xrdcwddbsuip06,MTX_ACOE_Cutover_Reporting,UI_Excel_Select_Xwalk_Source_Accommodations,facility,*ALL*,QXA4067,07:43.2
856,COCFV,M,CORONARY CARE,00,N,NO MATCH,0,COCFV,,,,,N,Y,None,FAK3017,56:55.5,corpsvcmtxcutoverrpt_sql,53:33.3,xrdcwddbsuip06,MTX_ACOE_Cutover_Reporting,UI_Excel_Select_Xwalk_Source_Accommodations,facility,*ALL*,QXA4067,07:43.2
857,COCFV,MP,MEDICAL PRIVATE,MP,Y,NO MATCH,414,COCFV,M,MEDICAL,M,Y,Y,N,None,FAK3017,56:19.1,corpsvcmtxcutoverrpt_sql,53:33.3,xrdcwddbsuip06,MTX_ACOE_Cutover_Reporting,UI_Excel_Select_Xwalk_Source_Accommodations,facility,*ALL*,QXA4067,07:43.2
858,COCFV,NB,NI WELL NEWBORN (NI),NR,Y,NO MATCH,0,COCFV,L1,NEWBORN LEVEL I CARE,L1,Y,Y,N,None,FAK3017,56:19.2,corpsvcmtxcutoverrpt_sql,53:33.3,xrdcwddbsuip06,MTX_ACOE_Cutover_Reporting,UI_Excel_Select_Xwalk_Source_Accommodations,facility,*ALL*,QXA4067,07:43.2
859,COCFV,NN,NEWBORN NURSERY,NN,Y,NO MATCH,1,COCFV,L1,NEWBORN LEVEL I CARE,L1,Y,Y,N,None,FAK3017,56:19.2,corpsvcmtxcutoverrpt_sql,53:33.3,xrdcwddbsuip06,MTX_ACOE_Cutover_Reporting,UI_Excel_Select_Xwalk_Source_Accommodations,facility,*ALL*,QXA4067,07:43.2
860,COCFV,OBGP,OB GYN PRIVATE,OB,Y,NO MATCH,59,COCFV,LD,LABOR AND DELIVERY,LD,Y,Y,N,None,FAK3017,56:19.2,corpsvcmtxcutoverrpt_sql,53:33.3,xrdcwddbsuip06,MTX_ACOE_Cutover_Reporting,UI_Excel_Select_Xwalk_Source_Accommodations,facility,*ALL*,QXA4067,07:43.2
861,COCFV,P2,PRIVATE - 2ND FL,P2,N,NO MATCH,0,COCFV,,,,,N,Y,None,FAK3017,56:55.5,corpsvcmtxcutoverrpt_sql,53:33.3,xrdcwddbsuip06,MTX_ACOE_Cutover_Reporting,UI_Excel_Select_Xwalk_Source_Accommodations,facility,*ALL*,QXA4067,07:43.2
862,COCFV,P3,PEDIATRIC-3RD FL,P3,N,NO MATCH,0,COCFV,,,,,N,Y,None,FAK3017,56:55.6,corpsvcmtxcutoverrpt_sql,53:33.3,xrdcwddbsuip06,MTX_ACOE_Cutover_Reporting,UI_Excel_Select_Xwalk_Source_Accommodations,facility,*ALL*,QXA4067,07:43.2
863,COCFV,P4,PEDIATRIC-4TH FL,P4,N,NO MATCH,0,COCFV,,,,,N,Y,None,FAK3017,56:55.6,corpsvcmtxcutoverrpt_sql,53:33.3,xrdcwddbsuip06,MTX_ACOE_Cutover_Reporting,UI_Excel_Select_Xwalk_Source_Accommodations,facility,*ALL*,QXA4067,07:43.2
864,COCFV,P5,PRIVATE - 5TH FL,P5,N,NO MATCH,0,COCFV,,,,,N,Y,None,FAK3017,56:55.6,corpsvcmtxcutoverrpt_sql,53:33.3,xrdcwddbsuip06,MTX_ACOE_Cutover_Reporting,UI_Excel_Select_Xwalk_Source_Accommodations,facility,*ALL*,QXA4067,07:43.2
865,COCFV,P6,PRIVATE - 6TH FL,P6,N,NO MATCH,0,COCFV,,,,,N,Y,None,FAK3017,56:55.7,corpsvcmtxcutoverrpt_sql,53:33.3,xrdcwddbsuip06,MTX_ACOE_Cutover_Reporting,UI_Excel_Select_Xwalk_Source_Accommodations,facility,*ALL*,QXA4067,07:43.2
866,COCFV,PED,PEDIATRICS - PRIVATE,PP,Y,NO MATCH,24,COCFV,PP,PEDIATRIC PRIVATE,PD,Y,Y,N,None,FAK3017,56:19.2,corpsvcmtxcutoverrpt_sql,53:33.3,xrdcwddbsuip06,MTX_ACOE_Cutover_Reporting,UI_Excel_Select_Xwalk_Source_Accommodations,facility,*ALL*,QXA4067,07:43.2
867,COCFV,PEDS,PEDIATRICS - SEMIPRIVATE,PS,Y,NO MATCH,1,COCFV,M,MEDICAL,M,Y,Y,N,None,FAK3017,56:19.3,corpsvcmtxcutoverrpt_sql,53:33.3,xrdcwddbsuip06,MTX_ACOE_Cutover_Reporting,UI_Excel_Select_Xwalk_Source_Accommodations,facility,*ALL*,QXA4067,07:43.2
868,COCFV,PV,PRIVATE,PV,Y,NO MATCH,10,COCFV,PR,PRIVATE ROOM,PR,Y,Y,N,None,FAK3017,56:19.3,corpsvcmtxcutoverrpt_sql,53:33.3,xrdcwddbsuip06,MTX_ACOE_Cutover_Reporting,UI_Excel_Select_Xwalk_Source_Accommodations,facility,*ALL*,QXA4067,07:43.2
869,COCFV,R,REHABILITATION,RH,Y,NO MATCH,52,COCFV,R,REHABILITATION,R,Y,Y,N,None,FAK3017,56:19.3,corpsvcmtxcutoverrpt_sql,53:33.3,xrdcwddbsuip06,MTX_ACOE_Cutover_Reporting,UI_Excel_Select_Xwalk_Source_Accommodations,facility,*ALL*,QXA4067,07:43.2
870,COCFV,S,SEMI PRIVATE ROOM,3,Y,NO MATCH,2,COCFV,SP,SEMI PRIVATE ROOM,SP,Y,Y,N,None,FAK3017,56:19.4,corpsvcmtxcutoverrpt_sql,53:33.3,xrdcwddbsuip06,MTX_ACOE_Cutover_Reporting,UI_Excel_Select_Xwalk_Source_Accommodations,facility,*ALL*,QXA4067,07:43.2
871,COCFV,SP,SURGICAL PRIVATE,SP,Y,NO MATCH,74,COCFV,MS,MED SURG,MS,Y,Y,N,None,FAK3017,56:19.4,corpsvcmtxcutoverrpt_sql,53:33.3,xrdcwddbsuip06,MTX_ACOE_Cutover_Reporting,UI_Excel_Select_Xwalk_Source_Accommodations,facility,*ALL*,QXA4067,07:43.2
872,COCFV,TR,TRAUMA ICU,TR,Y,NO MATCH,0,COCFV,TR,TRAUMA,TR,Y,Y,N,None,FAK3017,56:19.4,corpsvcmtxcutoverrpt_sql,53:33.3,xrdcwddbsuip06,MTX_ACOE_Cutover_Reporting,UI_Excel_Select_Xwalk_Source_Accommodations,facility,*ALL*,QXA4067,07:43.2
873,COCFV,W,WARD,WA,Y,NO MATCH,0,COCFV,M,MEDICAL,M,Y,Y,N,None,FAK3017,56:19.5,corpsvcmtxcutoverrpt_sql,53:33.3,xrdcwddbsuip06,MTX_ACOE_Cutover_Reporting,UI_Excel_Select_Xwalk_Source_Accommodations,facility,*ALL*,QXA4067,07:43.2
874,COCFV,Y,PED (PED NSY),Y,Y,NO MATCH,0,COCFV,M,MEDICAL,M,Y,Y,N,None,FAK3017,56:19.6,corpsvcmtxcutoverrpt_sql,53:33.3,xrdcwddbsuip06,MTX_ACOE_Cutover_Reporting,UI_Excel_Select_Xwalk_Source_Accommodations,facility,*ALL*,QXA4067,07:43.2
875,COCFV,Z.OPS,OUTPATIENT SURGERY,OP,Y,NO MATCH,0,COCFV,MS,MED SURG,MS,Y,Y,N,None,FAK3017,56:19.6,corpsvcmtxcutoverrpt_sql,53:33.3,xrdcwddbsuip06,MTX_ACOE_Cutover_Reporting,UI_Excel_Select_Xwalk_Source_Accommodations,facility,*ALL*,QXA4067,07:43.2
876,COCFV,ZT,TEST,T,N,NO MATCH,0,COCFV,,,,,N,Y,None,FAK3017,56:55.7,corpsvcmtxcutoverrpt_sql,53:33.3,xrdcwddbsuip06,MTX_ACOE_Cutover_Reporting,UI_Excel_Select_Xwalk_Source_Accommodations,facility,*ALL*,QXA4067,07:43.2
877,COCFW,___N/A___20250926170906,Net New Expanse Location--no MT56 data,___N/A___20250926170906,Y,"TEST (2025-12-11),LIVE (2025-12-05)",0,COCFW,TREC,TRAUMA WITH ECMO,ET,Y,Y,N,None,UDP4850,00:12.7,HCA\udp4850,58:32.4,xrdcwddbsuip06,MTX_ACOE_Cutover_Reporting,UI_Excel_Select_Xwalk_Source_Accommodations,facility,*ALL*,QXA4067,07:43.2
878,COCFW,BB,BOARDER BABY,BB,Y,NO MATCH,0,COCFW,MED,MEDICAL,M,,Y,N,None,IIU4396,27:15.6,corpsvcmtxcutoverrpt_sql,14:06.0,xrdcwddbsuip06,MTX_ACOE_Cutover_Reporting,UI_Excel_Select_Xwalk_Source_Accommodations,facility,*ALL*,QXA4067,07:43.2
879,COCFW,CC,CORONARY CARE,CC,Y,NO MATCH,0,COCFW,MED,MEDICAL,M,,Y,N,None,IIU4396,27:15.6,HCA\IIU4396,46:47.7,xrdcwddbsuip06,MTX_ACOE_Cutover_Reporting,UI_Excel_Select_Xwalk_Source_Accommodations,facility,*ALL*,QXA4067,07:43.2
880,COCFW,CM,CLOSED PSYCHIATRIC PRIVATE,CM,Y,NO MATCH,0,COCFW,MED,MEDICAL,M,,Y,N,None,IIU4396,27:15.7,HCA\IIU4396,46:47.7,xrdcwddbsuip06,MTX_ACOE_Cutover_Reporting,UI_Excel_Select_Xwalk_Source_Accommodations,facility,*ALL*,QXA4067,07:43.2
881,COCFW,CS,CLOSED PSYCH SEMI PRIVATE,CS,Y,NO MATCH,0,COCFW,MED,MEDICAL,M,,Y,N,None,IIU4396,27:15.7,HCA\IIU4396,46:47.7,xrdcwddbsuip06,MTX_ACOE_Cutover_Reporting,UI_Excel_Select_Xwalk_Source_Accommodations,facility,*ALL*,QXA4067,07:43.2
882,COCFW,CV,CV ICU,CV,Y,"TEST (2025-12-11),ZCON (2025-12-11),LIVE (2025-12-05)",0,COCFW,IC,INTENSIVE CARE,IC,,Y,N,None,IIU4396,27:15.7,HCA\IIU4396,46:47.7,xrdcwddbsuip06,MTX_ACOE_Cutover_Reporting,UI_Excel_Select_Xwalk_Source_Accommodations,facility,*ALL*,QXA4067,07:43.2
883,COCFW,EC,ECMO,EC,Y,"TEST (2025-12-11),LIVE (2025-12-05)",0,COCFW,EC,ECMO,EC,,Y,N,None,JKB0282,36:24.9,corpsvcmtxcutoverrpt_sql,47:33.7,xrdcwddbsuip06,MTX_ACOE_Cutover_Reporting,UI_Excel_Select_Xwalk_Source_Accommodations,facility,*ALL*,QXA4067,07:43.2
884,COCFW,ER,EMERGENCY ROOM,ER,Y,NO MATCH,0,COCFW,MED,MEDICAL,M,,Y,N,None,IIU4396,27:15.8,HCA\IIU4396,46:47.7,xrdcwddbsuip06,MTX_ACOE_Cutover_Reporting,UI_Excel_Select_Xwalk_Source_Accommodations,facility,*ALL*,QXA4067,07:43.2
885,COCFW,GYN,GYNECOLOGY,GY,Y,NO MATCH,0,COCFW,MED,MEDICAL,M,,Y,N,None,IIU4396,27:15.8,HCA\IIU4396,46:47.7,xrdcwddbsuip06,MTX_ACOE_Cutover_Reporting,UI_Excel_Select_Xwalk_Source_Accommodations,facility,*ALL*,QXA4067,07:43.2
886,COCFW,IC,INTENSIVE CARE,IC,Y,"TEST (2025-12-11),ZCON (2025-12-11),LIVE (2025-12-05)",0,COCFW,IC,INTENSIVE CARE,IC,,Y,N,None,IIU4396,27:15.9,HCA\IIU4396,46:47.7,xrdcwddbsuip06,MTX_ACOE_Cutover_Reporting,UI_Excel_Select_Xwalk_Source_Accommodations,facility,*ALL*,QXA4067,07:43.2
887,COCFW,IS,ISOLATION,IS,Y,NO MATCH,0,COCFW,MED,MEDICAL,M,,Y,N,None,IIU4396,27:15.9,HCA\IIU4396,46:47.7,xrdcwddbsuip06,MTX_ACOE_Cutover_Reporting,UI_Excel_Select_Xwalk_Source_Accommodations,facility,*ALL*,QXA4067,07:43.2
888,COCFW,L1,NEWBORN LEVEL I,L1,Y,"TEST (2025-12-11),ZCON (2025-12-11),LIVE (2025-12-05)",0,COCFW,L1,NEWBORN LEVEL 1 CARE,L1,,Y,N,None,JKB0282,49:14.6,HCA\CORPSVCACOESSISPROXY,14:04.6,xrdcwddbsuip06,MTX_ACOE_Cutover_Reporting,UI_Excel_Select_Xwalk_Source_Accommodations,facility,*ALL*,QXA4067,07:43.2
889,COCFW,L2,NEWBORN LEVEL II,L2,Y,"TEST (2025-12-11),ZCON (2025-12-11),LIVE (2025-12-05)",0,COCFW,L2,NEWBORN LEVEL II CARE,L2,,Y,N,None,IIU4396,27:15.9,HCA\CORPSVCACOESSISPROXY,14:04.6,xrdcwddbsuip06,MTX_ACOE_Cutover_Reporting,UI_Excel_Select_Xwalk_Source_Accommodations,facility,*ALL*,QXA4067,07:43.2
890,COCFW,L3,NEWBORN LEVEL III,L3,Y,"TEST (2025-12-11),ZCON (2025-12-11),LIVE (2025-12-05)",0,COCFW,L3,NEWBORN LEVEL III CARE,L3,,Y,N,None,IIU4396,27:16.0,HCA\CORPSVCACOESSISPROXY,14:04.6,xrdcwddbsuip06,MTX_ACOE_Cutover_Reporting,UI_Excel_Select_Xwalk_Source_Accommodations,facility,*ALL*,QXA4067,07:43.2
891,COCFW,L4,NEWBORN LEVEL IV,L4,Y,"TEST (2025-12-11),ZCON (2025-12-11),LIVE (2025-12-05)",0,COCFW,L4,NEWBORN LEVEL IV CARE,L4,,Y,N,None,IIU4396,27:16.0,HCA\CORPSVCACOESSISPROXY,14:04.6,xrdcwddbsuip06,MTX_ACOE_Cutover_Reporting,UI_Excel_Select_Xwalk_Source_Accommodations,facility,*ALL*,QXA4067,07:43.2
892,COCFW,LA,LEAVE OF ABSENCE,LA,Y,NO MATCH,0,COCFW,MED,MEDICAL,M,,Y,N,None,IIU4396,27:16.1,HCA\IIU4396,46:47.7,xrdcwddbsuip06,MTX_ACOE_Cutover_Reporting,UI_Excel_Select_Xwalk_Source_Accommodations,facility,*ALL*,QXA4067,07:43.2
893,COCFW,LD,LABOR AND DELIVERY,LD,Y,"TEST (2025-12-11),ZCON (2025-12-11),LIVE (2025-12-05)",0,COCFW,LD,LABOR AND DELIVERY,LD,,Y,N,None,IIU4396,27:16.1,HCA\IIU4396,46:47.7,xrdcwddbsuip06,MTX_ACOE_Cutover_Reporting,UI_Excel_Select_Xwalk_Source_Accommodations,facility,*ALL*,QXA4067,07:43.2
894,COCFW,MAPU,MEDICAL ADM PROCESSING UNIT,MA,Y,NO MATCH,0,COCFW,MED,MEDICAL,M,,Y,N,None,IIU4396,27:16.1,HCA\IIU4396,46:47.7,xrdcwddbsuip06,MTX_ACOE_Cutover_Reporting,UI_Excel_Select_Xwalk_Source_Accommodations,facility,*ALL*,QXA4067,07:43.2
895,COCFW,MD,MEDICAL,MD,Y,NO MATCH,0,COCFW,MED,MEDICAL,M,,Y,N,None,IIU4396,27:16.2,HCA\IIU4396,46:47.7,xrdcwddbsuip06,MTX_ACOE_Cutover_Reporting,UI_Excel_Select_Xwalk_Source_Accommodations,facility,*ALL*,QXA4067,07:43.2
896,COCFW,MJ,MEDICALLY JUSTIFIED,J,Y,"TEST (2025-12-11),ZCON (2025-12-11),LIVE (2025-12-05)",0,COCFW,BH,BEHAVORIAL HEALTH,BH,,Y,N,None,IIU4396,27:16.2,HCA\IIU4396,46:47.7,xrdcwddbsuip06,MTX_ACOE_Cutover_Reporting,UI_Excel_Select_Xwalk_Source_Accommodations,facility,*ALL*,QXA4067,07:43.2
897,COCFW,MP,PSYCHIATRIC PRIVATE,MP,Y,NO MATCH,0,COCFW,MED,MEDICAL,M,,Y,N,None,IIU4396,27:16.3,HCA\IIU4396,46:47.7,xrdcwddbsuip06,MTX_ACOE_Cutover_Reporting,UI_Excel_Select_Xwalk_Source_Accommodations,facility,*ALL*,QXA4067,07:43.2
898,COCFW,NBB,NURSERY BORDER BABY,NB,Y,NO MATCH,0,COCFW,MED,MEDICAL,M,,Y,N,None,IIU4396,27:16.3,HCA\IIU4396,46:47.7,xrdcwddbsuip06,MTX_ACOE_Cutover_Reporting,UI_Excel_Select_Xwalk_Source_Accommodations,facility,*ALL*,QXA4067,07:43.2
899,COCFW,NI,NEONATAL INTENSIVE,NI,Y,NO MATCH,0,COCFW,MED,MEDICAL,M,,Y,N,None,IIU4396,27:16.3,corpsvcmtxcutoverrpt_sql,14:06.0,xrdcwddbsuip06,MTX_ACOE_Cutover_Reporting,UI_Excel_Select_Xwalk_Source_Accommodations,facility,*ALL*,QXA4067,07:43.2
900,COCFW,NU,NEWBORN NURSERY,B,Y,"TEST (2025-12-11),ZCON (2025-12-11),LIVE (2025-12-05)",0,COCFW,L1,NEWBORN LEVEL 1 CARE,L1,,Y,N,None,IIU4396,27:16.4,HCA\IIU4396,46:47.7,xrdcwddbsuip06,MTX_ACOE_Cutover_Reporting,UI_Excel_Select_Xwalk_Source_Accommodations,facility,*ALL*,QXA4067,07:43.2
901,COCFW,OB,MATERNITY,OB,Y,NO MATCH,0,COCFW,MED,MEDICAL,M,,Y,N,None,IIU4396,27:16.4,HCA\IIU4396,46:47.7,xrdcwddbsuip06,MTX_ACOE_Cutover_Reporting,UI_Excel_Select_Xwalk_Source_Accommodations,facility,*ALL*,QXA4067,07:43.2
902,COCFW,OCAT,OVERFLOW CATHLAB,OC,Y,"TEST (2025-12-11),ZCON (2025-12-11),LIVE (2025-12-05)",0,COCFW,PR,PRIVATE ROOM,PR,,Y,N,None,IIU4396,27:16.5,HCA\IIU4396,46:47.7,xrdcwddbsuip06,MTX_ACOE_Cutover_Reporting,UI_Excel_Select_Xwalk_Source_Accommodations,facility,*ALL*,QXA4067,07:43.2
903,COCFW,OED,OVERFLOW ED,OE,Y,NO MATCH,0,COCFW,MED,MEDICAL,M,,Y,N,None,IIU4396,27:16.5,HCA\IIU4396,46:47.7,xrdcwddbsuip06,MTX_ACOE_Cutover_Reporting,UI_Excel_Select_Xwalk_Source_Accommodations,facility,*ALL*,QXA4067,07:43.2
904,COCFW,ON,ONCOLOGY,ON,Y,NO MATCH,0,COCFW,MED,MEDICAL,M,,Y,N,None,IIU4396,27:16.5,HCA\IIU4396,46:47.7,xrdcwddbsuip06,MTX_ACOE_Cutover_Reporting,UI_Excel_Select_Xwalk_Source_Accommodations,facility,*ALL*,QXA4067,07:43.2
905,COCFW,OS,SURGICAL OVERFLOW,OS,Y,"TEST (2025-12-11),ZCON (2025-12-11),LIVE (2025-12-05)",0,COCFW,PR,PRIVATE ROOM,PR,,Y,N,None,IIU4396,27:16.6,HCA\IIU4396,46:47.7,xrdcwddbsuip06,MTX_ACOE_Cutover_Reporting,UI_Excel_Select_Xwalk_Source_Accommodations,facility,*ALL*,QXA4067,07:43.2
906,COCFW,P,PRIVATE ROOM,P,Y,"TEST (2025-12-11),ZCON (2025-12-11),LIVE (2025-12-05)",0,COCFW,PR,PRIVATE ROOM,PR,,Y,N,None,IIU4396,27:16.6,HCA\IIU4396,46:47.7,xrdcwddbsuip06,MTX_ACOE_Cutover_Reporting,UI_Excel_Select_Xwalk_Source_Accommodations,facility,*ALL*,QXA4067,07:43.2
907,COCFW,PC,PROGRESSIVE CARE,PC,Y,"TEST (2025-12-11),ZCON (2025-12-11),LIVE (2025-12-05)",0,COCFW,PC,PROGRESSIVE CARE,PC,,Y,N,None,IIU4396,27:16.7,HCA\IIU4396,46:47.7,xrdcwddbsuip06,MTX_ACOE_Cutover_Reporting,UI_Excel_Select_Xwalk_Source_Accommodations,facility,*ALL*,QXA4067,07:43.2
908,COCFW,PD,PEDIATRICS,PD,Y,NO MATCH,0,COCFW,MED,MEDICAL,M,,Y,N,None,IIU4396,27:16.7,HCA\IIU4396,46:47.7,xrdcwddbsuip06,MTX_ACOE_Cutover_Reporting,UI_Excel_Select_Xwalk_Source_Accommodations,facility,*ALL*,QXA4067,07:43.2
909,COCFW,PN,PEDIATRIC NURSERY,PN,Y,NO MATCH,0,COCFW,MED,MEDICAL,M,,Y,N,None,IIU4396,27:16.7,HCA\IIU4396,46:47.7,xrdcwddbsuip06,MTX_ACOE_Cutover_Reporting,UI_Excel_Select_Xwalk_Source_Accommodations,facility,*ALL*,QXA4067,07:43.2
910,COCFW,PS,PSYCHIATRIC SEMI PRIVATE,PS,Y,"TEST (2025-12-11),ZCON (2025-12-11),LIVE (2025-12-05)",0,COCFW,BH,BEHAVORIAL HEALTH,BH,,Y,N,None,IIU4396,27:16.8,HCA\IIU4396,46:47.7,xrdcwddbsuip06,MTX_ACOE_Cutover_Reporting,UI_Excel_Select_Xwalk_Source_Accommodations,facility,*ALL*,QXA4067,07:43.2
911,COCFW,RH,REHAB SEMI PRIVATE,RH,Y,"TEST (2025-12-11),ZCON (2025-12-11),LIVE (2025-12-05)",0,COCFW,R,REHABILITATION,R,,Y,N,None,IIU4396,27:16.8,HCA\IIU4396,46:47.7,xrdcwddbsuip06,MTX_ACOE_Cutover_Reporting,UI_Excel_Select_Xwalk_Source_Accommodations,facility,*ALL*,QXA4067,07:43.2
912,COCFW,SOB,SURGICAL ON OB,SO,Y,NO MATCH,0,COCFW,MED,MEDICAL,M,,Y,N,None,IIU4396,27:16.8,HCA\IIU4396,46:47.7,xrdcwddbsuip06,MTX_ACOE_Cutover_Reporting,UI_Excel_Select_Xwalk_Source_Accommodations,facility,*ALL*,QXA4067,07:43.2
913,COCFW,SP,SEMI-PRIVATE,S,Y,"TEST (2025-12-11),ZCON (2025-12-11),LIVE (2025-12-05)",0,COCFW,SP,SEMI PRIVATE ROOM,SP,,Y,N,None,IIU4396,27:17.1,HCA\IIU4396,46:47.7,xrdcwddbsuip06,MTX_ACOE_Cutover_Reporting,UI_Excel_Select_Xwalk_Source_Accommodations,facility,*ALL*,QXA4067,07:43.2
914,COCFW,SU,SURGICAL,SU,Y,"TEST (2025-12-11),ZCON (2025-12-11),LIVE (2025-12-05)",0,COCFW,MS,MED SURG,MS,,Y,N,None,JKB0282,52:09.4,HCA\IIU4396,46:47.7,xrdcwddbsuip06,MTX_ACOE_Cutover_Reporting,UI_Excel_Select_Xwalk_Source_Accommodations,facility,*ALL*,QXA4067,07:43.2
915,COCFW,T1,TRICARE REHAB LEVEL 1,T1,Y,NO MATCH,0,COCFW,MED,MEDICAL,M,,Y,N,None,IIU4396,27:17.2,HCA\IIU4396,46:47.7,xrdcwddbsuip06,MTX_ACOE_Cutover_Reporting,UI_Excel_Select_Xwalk_Source_Accommodations,facility,*ALL*,QXA4067,07:43.2
916,COCFW,T2,TRICARE REHAB LEVEL 2,T2,Y,NO MATCH,0,COCFW,MED,MEDICAL,M,,Y,N,None,IIU4396,27:17.2,HCA\IIU4396,46:47.7,xrdcwddbsuip06,MTX_ACOE_Cutover_Reporting,UI_Excel_Select_Xwalk_Source_Accommodations,facility,*ALL*,QXA4067,07:43.2
917,COCFW,T3,TRICARE REHAB LEVEL 3,T3,Y,NO MATCH,0,COCFW,MED,MEDICAL,M,,Y,N,None,IIU4396,27:17.3,HCA\IIU4396,46:47.7,xrdcwddbsuip06,MTX_ACOE_Cutover_Reporting,UI_Excel_Select_Xwalk_Source_Accommodations,facility,*ALL*,QXA4067,07:43.2
918,COCFW,TR,TRAUMA,TR,Y,"TEST (2025-12-11),ZCON (2025-12-11),LIVE (2025-12-05)",0,COCFW,TR,TRAUMA,TR,,Y,N,None,IIU4396,27:17.3,HCA\IIU4396,46:47.7,xrdcwddbsuip06,MTX_ACOE_Cutover_Reporting,UI_Excel_Select_Xwalk_Source_Accommodations,facility,*ALL*,QXA4067,07:43.2
919,COCFW,TU,TRANSITION UNIT,TU,Y,NO MATCH,0,COCFW,MED,MEDICAL,M,,Y,N,None,IIU4396,27:17.4,HCA\IIU4396,46:47.7,xrdcwddbsuip06,MTX_ACOE_Cutover_Reporting,UI_Excel_Select_Xwalk_Source_Accommodations,facility,*ALL*,QXA4067,07:43.2
920,COCFW,WCS,WOMEN AND CHILDREN,WC,Y,"TEST (2025-12-11),ZCON (2025-12-11),LIVE (2025-12-05)",0,COCFW,SP,SEMI PRIVATE ROOM,SP,,Y,N,None,IIU4396,27:17.4,HCA\IIU4396,46:47.7,xrdcwddbsuip06,MTX_ACOE_Cutover_Reporting,UI_Excel_Select_Xwalk_Source_Accommodations,facility,*ALL*,QXA4067,07:43.2
921,COCGBE,BA.ACU,ACUTE CARE UNIT SEMI-PRVT,AC,N,NO MATCH,0,COCGBE,,,,,N,Y,None,KKO3457,56:08.0,corpsvcmtxcutoverrpt_sql,12:30.1,xrdcwddbsuip06,MTX_ACOE_Cutover_Reporting,UI_Excel_Select_Xwalk_Source_Accommodations,facility,*ALL*,QXA4067,07:43.2
922,COCGBE,BA.ACUTR,ACU/TRIAGE SEMI PRIVATE,AT,N,NO MATCH,0,COCGBE,,,,,N,Y,None,KKO3457,56:08.1,corpsvcmtxcutoverrpt_sql,12:30.1,xrdcwddbsuip06,MTX_ACOE_Cutover_Reporting,UI_Excel_Select_Xwalk_Source_Accommodations,facility,*ALL*,QXA4067,07:43.2
923,COCGBE,BA.ADDTX,ADOLESCENT DETOX SEMI-PRIVATE,AD,Y,NO MATCH,0,COCGBE,A,ADOLESCENT,AD,Y,Y,N,None,KKO3457,56:08.1,corpsvcmtxcutoverrpt_sql,12:30.1,xrdcwddbsuip06,MTX_ACOE_Cutover_Reporting,UI_Excel_Select_Xwalk_Source_Accommodations,facility,*ALL*,QXA4067,07:43.2
924,COCGBE,BA.ADOL,ADOLESCENT SEMI PRIVATE,AS,N,NO MATCH,0,COCGBE,,,,,N,Y,None,KKO3457,56:08.2,corpsvcmtxcutoverrpt_sql,12:30.1,xrdcwddbsuip06,MTX_ACOE_Cutover_Reporting,UI_Excel_Select_Xwalk_Source_Accommodations,facility,*ALL*,QXA4067,07:43.2
925,COCGBE,BA.ADPSY,ADOLESCENT PSYCHIATRIC SEMI-P,AP,Y,NO MATCH,70,COCGBE,A,ADOLESCENT,AD,Y,Y,N,None,KKO3457,56:08.2,corpsvcmtxcutoverrpt_sql,12:30.1,xrdcwddbsuip06,MTX_ACOE_Cutover_Reporting,UI_Excel_Select_Xwalk_Source_Accommodations,facility,*ALL*,QXA4067,07:43.2
926,COCGBE,BA.ADULT,ADULT SEMI PRIVATE,AE,N,NO MATCH,0,COCGBE,,,,,N,Y,None,KKO3457,56:08.3,corpsvcmtxcutoverrpt_sql,12:30.1,xrdcwddbsuip06,MTX_ACOE_Cutover_Reporting,UI_Excel_Select_Xwalk_Source_Accommodations,facility,*ALL*,QXA4067,07:43.2
927,COCGBE,BA.ADULTII,ADULT II SEMI PRIVATE,A2,N,NO MATCH,0,COCGBE,,,,,N,Y,None,KKO3457,56:08.4,corpsvcmtxcutoverrpt_sql,12:30.1,xrdcwddbsuip06,MTX_ACOE_Cutover_Reporting,UI_Excel_Select_Xwalk_Source_Accommodations,facility,*ALL*,QXA4067,07:43.2
928,COCGBE,BA.CD,CHEMICAL DEPENDENCY,CD,N,NO MATCH,0,COCGBE,,,,,N,Y,None,KKO3457,56:08.4,corpsvcmtxcutoverrpt_sql,12:30.1,xrdcwddbsuip06,MTX_ACOE_Cutover_Reporting,UI_Excel_Select_Xwalk_Source_Accommodations,facility,*ALL*,QXA4067,07:43.2
929,COCGBE,BA.CHILD,CHILD,CH,N,NO MATCH,0,COCGBE,,,,,N,Y,None,KKO3457,56:08.5,corpsvcmtxcutoverrpt_sql,12:30.1,xrdcwddbsuip06,MTX_ACOE_Cutover_Reporting,UI_Excel_Select_Xwalk_Source_Accommodations,facility,*ALL*,QXA4067,07:43.2
930,COCGBE,BA.DTX,DETOX,DT,Y,NO MATCH,0,COCGBE,D,DETOX,DT,Y,Y,N,None,KKO3457,56:08.5,corpsvcmtxcutoverrpt_sql,12:30.1,xrdcwddbsuip06,MTX_ACOE_Cutover_Reporting,UI_Excel_Select_Xwalk_Source_Accommodations,facility,*ALL*,QXA4067,07:43.2
931,COCGBE,BA.DTXP,DETOX PRIVATE,DP,Y,NO MATCH,0,COCGBE,D,DETOX,DT,Y,Y,N,None,KKO3457,56:08.6,corpsvcmtxcutoverrpt_sql,12:30.1,xrdcwddbsuip06,MTX_ACOE_Cutover_Reporting,UI_Excel_Select_Xwalk_Source_Accommodations,facility,*ALL*,QXA4067,07:43.2
932,COCGBE,BA.ER,EMERGENCY ROOM,O,N,NO MATCH,0,COCGBE,,,,,N,Y,None,KKO3457,56:08.6,corpsvcmtxcutoverrpt_sql,12:30.1,xrdcwddbsuip06,MTX_ACOE_Cutover_Reporting,UI_Excel_Select_Xwalk_Source_Accommodations,facility,*ALL*,QXA4067,07:43.2
933,COCGBE,BA.IC,PSYC INTENSIVE CARE,IC,N,NO MATCH,0,COCGBE,,,,,N,Y,None,KKO3457,56:08.7,corpsvcmtxcutoverrpt_sql,12:30.1,xrdcwddbsuip06,MTX_ACOE_Cutover_Reporting,UI_Excel_Select_Xwalk_Source_Accommodations,facility,*ALL*,QXA4067,07:43.2
934,COCGBE,BA.OBS,OBSERVATION,OB,N,NO MATCH,0,COCGBE,,,,,N,Y,None,KKO3457,56:08.7,corpsvcmtxcutoverrpt_sql,12:30.1,xrdcwddbsuip06,MTX_ACOE_Cutover_Reporting,UI_Excel_Select_Xwalk_Source_Accommodations,facility,*ALL*,QXA4067,07:43.2
935,COCGBE,BA.PES,PSYCHIATRIC EMERGENCY SERVICES,ER,Y,NO MATCH,1,COCGBE,BH,BEHAVORIAL HEALTH,BH,Y,Y,N,None,KKO3457,56:08.8,corpsvcmtxcutoverrpt_sql,12:30.1,xrdcwddbsuip06,MTX_ACOE_Cutover_Reporting,UI_Excel_Select_Xwalk_Source_Accommodations,facility,*ALL*,QXA4067,07:43.2
936,COCGBE,BA.PES1,PSYCHIATRIC EMERGENCY SERVICES,E,N,NO MATCH,0,COCGBE,,,,,N,Y,None,KKO3457,56:08.8,corpsvcmtxcutoverrpt_sql,12:30.1,xrdcwddbsuip06,MTX_ACOE_Cutover_Reporting,UI_Excel_Select_Xwalk_Source_Accommodations,facility,*ALL*,QXA4067,07:43.2
937,COCGBE,BA.PES2,EMERGENCY SERVICES,C,N,NO MATCH,0,COCGBE,,,,,N,Y,None,KKO3457,56:08.9,corpsvcmtxcutoverrpt_sql,12:30.1,xrdcwddbsuip06,MTX_ACOE_Cutover_Reporting,UI_Excel_Select_Xwalk_Source_Accommodations,facility,*ALL*,QXA4067,07:43.2
938,COCGBE,BA.PSY,PSYCHIATRIC,PS,Y,NO MATCH,311,COCGBE,BH,BEHAVORIAL HEALTH,BH,Y,Y,N,None,KKO3457,56:08.9,corpsvcmtxcutoverrpt_sql,12:30.1,xrdcwddbsuip06,MTX_ACOE_Cutover_Reporting,UI_Excel_Select_Xwalk_Source_Accommodations,facility,*ALL*,QXA4067,07:43.2
939,COCGBE,BA.PSYCH,PSYCHIATRIC,PY,N,NO MATCH,0,COCGBE,,,,,N,Y,None,KKO3457,56:08.9,corpsvcmtxcutoverrpt_sql,12:30.1,xrdcwddbsuip06,MTX_ACOE_Cutover_Reporting,UI_Excel_Select_Xwalk_Source_Accommodations,facility,*ALL*,QXA4067,07:43.2
940,COCGBE,BA.PSYP,PSYCHIATRIC PRIVATE,PP,Y,NO MATCH,0,COCGBE,BH,BEHAVORIAL HEALTH,BH,Y,Y,N,None,KKO3457,56:09.0,corpsvcmtxcutoverrpt_sql,12:30.1,xrdcwddbsuip06,MTX_ACOE_Cutover_Reporting,UI_Excel_Select_Xwalk_Source_Accommodations,facility,*ALL*,QXA4067,07:43.2
941,COCGBE,XMU,EXCHANGE CLINICAL DATA CODE,XM,Y,NO MATCH,0,COCGBE,BH,BEHAVORIAL HEALTH,BH,Y,Y,N,None,KKO3457,56:09.0,corpsvcmtxcutoverrpt_sql,12:30.1,xrdcwddbsuip06,MTX_ACOE_Cutover_Reporting,UI_Excel_Select_Xwalk_Source_Accommodations,facility,*ALL*,QXA4067,07:43.2
942,COCGV,M,CORONARY CARE,CC,Y,"TEST (2026-01-06),ZCON (2026-01-27)",0,COCGV,CC,CORONARY CARE,CC,Y,Y,N,None,DOF3224,23:33.4,corpsvcmtxcutoverrpt_sql,38:19.0,xrdcwddbsuip06,MTX_ACOE_Cutover_Reporting,UI_Excel_Select_Xwalk_Source_Accommodations,facility,*ALL*,QXA4067,07:43.2
943,COCGV,OF,OVERFLOW PRIVATE,OF,Y,"TEST (2026-01-06),ZCON (2026-01-27)",0,COCGV,MS,MED SURG,MS,Y,Y,N,None,DJU8757,33:15.0,corpsvcmtxcutoverrpt_sql,00:04.1,xrdcwddbsuip06,MTX_ACOE_Cutover_Reporting,UI_Excel_Select_Xwalk_Source_Accommodations,facility,*ALL*,QXA4067,07:43.2
944,COCGV,P,PRIVATE ROOM,P,Y,"TEST (2026-01-06),ZCON (2026-01-27)",0,COCGV,PR,PRIVATE ROOM,P,Y,Y,N,None,DOF3224,23:33.5,corpsvcmtxcutoverrpt_sql,38:19.0,xrdcwddbsuip06,MTX_ACOE_Cutover_Reporting,UI_Excel_Select_Xwalk_Source_Accommodations,facility,*ALL*,QXA4067,07:43.2
945,COCGV,PC,PROGRESSIVE CARE UNIT,PC,Y,"TEST (2026-01-06),ZCON (2026-01-27)",0,COCGV,PC,PROGRESSIVE CARE,PC,Y,Y,N,None,DJU8757,33:15.0,corpsvcmtxcutoverrpt_sql,00:04.1,xrdcwddbsuip06,MTX_ACOE_Cutover_Reporting,UI_Excel_Select_Xwalk_Source_Accommodations,facility,*ALL*,QXA4067,07:43.2
946,COCGV,TE,TELEMETRY,T,Y,"TEST (2026-01-06),ZCON (2026-01-27)",0,COCGV,TEL,TELEMETRY,T,Y,Y,N,None,DOF3224,23:33.5,corpsvcmtxcutoverrpt_sql,38:19.0,xrdcwddbsuip06,MTX_ACOE_Cutover_Reporting,UI_Excel_Select_Xwalk_Source_Accommodations,facility,*ALL*,QXA4067,07:43.2
947,COCHM,BB,BOARDER BABY,BB,N,NO MATCH,0,COCHM,,,,,N,Y,None,BMB1734,42:38.0,corpsvcmtxcutoverrpt_sql,38:19.0,xrdcwddbsuip06,MTX_ACOE_Cutover_Reporting,UI_Excel_Select_Xwalk_Source_Accommodations,facility,*ALL*,QXA4067,07:43.2
948,COCHM,HLP,HIGH LEVEL PRIVATE,HP,N,NO MATCH,0,COCHM,,,,,N,Y,None,BMB1734,42:38.1,corpsvcmtxcutoverrpt_sql,38:19.0,xrdcwddbsuip06,MTX_ACOE_Cutover_Reporting,UI_Excel_Select_Xwalk_Source_Accommodations,facility,*ALL*,QXA4067,07:43.2
949,COCHM,HLS,HIGH LEVEL SEMI-PRIVATE,HS,N,NO MATCH,0,COCHM,,,,,N,Y,None,BMB1734,42:38.2,corpsvcmtxcutoverrpt_sql,38:19.0,xrdcwddbsuip06,MTX_ACOE_Cutover_Reporting,UI_Excel_Select_Xwalk_Source_Accommodations,facility,*ALL*,QXA4067,07:43.2
950,COCHM,I,INTENSIVE CARE,IC,Y,"TEST (2026-01-06),ZCON (2026-01-27)",0,COCHM,IC,INTENSIVE CARE,IC,Y,Y,N,None,DOF3224,22:06.6,corpsvcmtxcutoverrpt_sql,38:19.0,xrdcwddbsuip06,MTX_ACOE_Cutover_Reporting,UI_Excel_Select_Xwalk_Source_Accommodations,facility,*ALL*,QXA4067,07:43.2
951,COCHM,IN,INTERMEDIATE NICU,SB,N,NO MATCH,0,COCHM,,,,,N,Y,None,BMB1734,42:38.4,corpsvcmtxcutoverrpt_sql,38:19.0,xrdcwddbsuip06,MTX_ACOE_Cutover_Reporting,UI_Excel_Select_Xwalk_Source_Accommodations,facility,*ALL*,QXA4067,07:43.2
952,COCHM,L1,NEWBORN LEVEL 1,L1,Y,"TEST (2026-01-06),ZCON (2026-01-27)",0,COCHM,L1,NEWBORN LEVEL I CARE,L1,Y,Y,N,None,DOF3224,22:06.7,corpsvcmtxcutoverrpt_sql,38:19.0,xrdcwddbsuip06,MTX_ACOE_Cutover_Reporting,UI_Excel_Select_Xwalk_Source_Accommodations,facility,*ALL*,QXA4067,07:43.2
953,COCHM,L2,NEWBORN LEVEL 2,L2,Y,"TEST (2026-01-06),ZCON (2026-01-27)",0,COCHM,L2,NEWBORN LEVEL II CARE,L2,Y,Y,N,None,DOF3224,22:06.8,corpsvcmtxcutoverrpt_sql,38:19.0,xrdcwddbsuip06,MTX_ACOE_Cutover_Reporting,UI_Excel_Select_Xwalk_Source_Accommodations,facility,*ALL*,QXA4067,07:43.2
954,COCHM,L3,NEWBORN LEVEL 3,L3,Y,"TEST (2026-01-06),ZCON (2026-01-27)",0,COCHM,L3,NEWBORN LEVEL III CARE,L3,Y,Y,N,None,DOF3224,22:06.8,corpsvcmtxcutoverrpt_sql,38:19.0,xrdcwddbsuip06,MTX_ACOE_Cutover_Reporting,UI_Excel_Select_Xwalk_Source_Accommodations,facility,*ALL*,QXA4067,07:43.2
955,COCHM,L4,NEWBORN LEVEL 4,L4,Y,"TEST (2026-01-06),ZCON (2026-01-27)",0,COCHM,L4,NEWBORN LEVEL IV CARE,L4,Y,Y,N,None,DOF3224,22:06.9,corpsvcmtxcutoverrpt_sql,38:19.0,xrdcwddbsuip06,MTX_ACOE_Cutover_Reporting,UI_Excel_Select_Xwalk_Source_Accommodations,facility,*ALL*,QXA4067,07:43.2
956,COCHM,LD,LABOR AND DELIVERY,LD,Y,"TEST (2026-01-06),ZCON (2026-01-27)",0,COCHM,LD,LABOR AND DELIVERY,LD,Y,Y,N,None,DOF3224,22:07.0,corpsvcmtxcutoverrpt_sql,38:19.0,xrdcwddbsuip06,MTX_ACOE_Cutover_Reporting,UI_Excel_Select_Xwalk_Source_Accommodations,facility,*ALL*,QXA4067,07:43.2
957,COCHM,OF,OVERFLOW PRIVATE,OF,Y,"TEST (2026-01-06),ZCON (2026-01-27)",0,COCHM,MS,MED SURG,MS,Y,Y,N,None,DOF3224,22:07.0,corpsvcmtxcutoverrpt_sql,38:19.0,xrdcwddbsuip06,MTX_ACOE_Cutover_Reporting,UI_Excel_Select_Xwalk_Source_Accommodations,facility,*ALL*,QXA4067,07:43.2
958,COCHM,P,PRIVATE ROOM,P,Y,"TEST (2026-01-06),ZCON (2026-01-27)",0,COCHM,PR,PRIVATE ROOM,P,Y,Y,N,None,DOF3224,22:07.2,corpsvcmtxcutoverrpt_sql,38:19.0,xrdcwddbsuip06,MTX_ACOE_Cutover_Reporting,UI_Excel_Select_Xwalk_Source_Accommodations,facility,*ALL*,QXA4067,07:43.2
959,COCHM,PC,PROGRESSIVE CARE UNIT,PC,Y,"TEST (2026-01-06),ZCON (2026-01-27)",0,COCHM,PC,PROGRESSIVE CARE,PC,Y,Y,N,None,DOF3224,22:07.3,corpsvcmtxcutoverrpt_sql,38:19.0,xrdcwddbsuip06,MTX_ACOE_Cutover_Reporting,UI_Excel_Select_Xwalk_Source_Accommodations,facility,*ALL*,QXA4067,07:43.2
960,COCHM,PT,PRIVATE TRANSITION,PT,N,NO MATCH,0,COCHM,,,,,N,Y,None,BMB1734,42:39.0,corpsvcmtxcutoverrpt_sql,38:19.0,xrdcwddbsuip06,MTX_ACOE_Cutover_Reporting,UI_Excel_Select_Xwalk_Source_Accommodations,facility,*ALL*,QXA4067,07:43.2
961,COCHM,RP,REHAB PRIVATE,RP,Y,"TEST (2026-01-06),ZCON (2026-01-27)",0,COCHM,RP,REHAB PRIVATE,RP,Y,Y,N,None,DOF3224,22:07.4,corpsvcmtxcutoverrpt_sql,38:19.0,xrdcwddbsuip06,MTX_ACOE_Cutover_Reporting,UI_Excel_Select_Xwalk_Source_Accommodations,facility,*ALL*,QXA4067,07:43.2
962,COCHM,SNP,SNF PRIVATE ACCOMODATION,SN,N,NO MATCH,0,COCHM,,,,,N,Y,None,BMB1734,42:39.2,corpsvcmtxcutoverrpt_sql,38:19.0,xrdcwddbsuip06,MTX_ACOE_Cutover_Reporting,UI_Excel_Select_Xwalk_Source_Accommodations,facility,*ALL*,QXA4067,07:43.2
963,COCHM,TP,TRANSITION-PRIVATE,TP,N,NO MATCH,0,COCHM,,,,,N,Y,None,BMB1734,42:39.3,corpsvcmtxcutoverrpt_sql,38:19.0,xrdcwddbsuip06,MTX_ACOE_Cutover_Reporting,UI_Excel_Select_Xwalk_Source_Accommodations,facility,*ALL*,QXA4067,07:43.2
964,COCHM,TRI,TRAUMA INTENSIVE CARE,TI,Y,"TEST (2026-01-06),ZCON (2026-01-27)",0,COCHM,TRIC,TRAUMA INTENSIVE CARE,TI,Y,Y,N,None,BMB1734,13:51.9,corpsvcmtxcutoverrpt_sql,38:19.0,xrdcwddbsuip06,MTX_ACOE_Cutover_Reporting,UI_Excel_Select_Xwalk_Source_Accommodations,facility,*ALL*,QXA4067,07:43.2
965,COCHN,I,INTENSIVE CARE,IC,Y,"TEST (2026-01-06),ZCON (2026-01-27)",0,COCHN,IC,INTENSIVE CARE,IC,Y,Y,N,None,DOF3224,07:54.8,corpsvcmtxcutoverrpt_sql,38:19.0,xrdcwddbsuip06,MTX_ACOE_Cutover_Reporting,UI_Excel_Select_Xwalk_Source_Accommodations,facility,*ALL*,QXA4067,07:43.2
966,COCHN,L1,NEWBORN LEVEL 1,L1,Y,"TEST (2026-01-06),ZCON (2026-01-27)",0,COCHN,L1,NEWBORN LEVEL I CARE,L1,Y,Y,N,None,DOF3224,07:54.8,corpsvcmtxcutoverrpt_sql,38:19.0,xrdcwddbsuip06,MTX_ACOE_Cutover_Reporting,UI_Excel_Select_Xwalk_Source_Accommodations,facility,*ALL*,QXA4067,07:43.2
967,COCHN,L2,NEWBORN LEVEL 2,L2,Y,"TEST (2026-01-06),ZCON (2026-01-27)",0,COCHN,L2,NEWBORN LEVEL II CARE,L2,Y,Y,N,None,DOF3224,07:54.9,corpsvcmtxcutoverrpt_sql,38:19.0,xrdcwddbsuip06,MTX_ACOE_Cutover_Reporting,UI_Excel_Select_Xwalk_Source_Accommodations,facility,*ALL*,QXA4067,07:43.2
968,COCHN,L3,NEWBORN LEVEL 3,L3,Y,"TEST (2026-01-06),ZCON (2026-01-27)",0,COCHN,L3,NEWBORN LEVEL III CARE,L3,Y,Y,N,None,DOF3224,07:54.9,corpsvcmtxcutoverrpt_sql,38:19.0,xrdcwddbsuip06,MTX_ACOE_Cutover_Reporting,UI_Excel_Select_Xwalk_Source_Accommodations,facility,*ALL*,QXA4067,07:43.2
969,COCHN,L4,NEWBORN LEVEL 4,L4,Y,"TEST (2026-01-06),ZCON (2026-01-27)",0,COCHN,L4,NEWBORN LEVEL IV CARE,L4,Y,Y,N,None,DOF3224,07:55.0,corpsvcmtxcutoverrpt_sql,38:19.0,xrdcwddbsuip06,MTX_ACOE_Cutover_Reporting,UI_Excel_Select_Xwalk_Source_Accommodations,facility,*ALL*,QXA4067,07:43.2
970,COCHN,NV,NON-VIABLE INFANT,NV,Y,"TEST (2026-01-06),ZCON (2026-01-27)",0,COCHN,L1,NEWBORN LEVEL I CARE,L1,Y,Y,N,None,DOF3224,07:55.0,corpsvcmtxcutoverrpt_sql,38:19.0,xrdcwddbsuip06,MTX_ACOE_Cutover_Reporting,UI_Excel_Select_Xwalk_Source_Accommodations,facility,*ALL*,QXA4067,07:43.2
971,COCHN,OF,OVERFLOW PRIVATE,OF,Y,"TEST (2026-01-06),ZCON (2026-01-27)",0,COCHN,MS,MED SURG,MS,Y,Y,N,None,DOF3224,07:55.1,corpsvcmtxcutoverrpt_sql,38:19.0,xrdcwddbsuip06,MTX_ACOE_Cutover_Reporting,UI_Excel_Select_Xwalk_Source_Accommodations,facility,*ALL*,QXA4067,07:43.2
972,COCHN,P,PRIVATE ROOM,P,Y,"TEST (2026-01-06),ZCON (2026-01-27)",0,COCHN,PR,PRIVATE ROOM,P,Y,Y,N,None,DOF3224,07:55.1,corpsvcmtxcutoverrpt_sql,38:19.0,xrdcwddbsuip06,MTX_ACOE_Cutover_Reporting,UI_Excel_Select_Xwalk_Source_Accommodations,facility,*ALL*,QXA4067,07:43.2
973,COCHN,PS,SURGICAL PRIVATE,PS,Y,"TEST (2026-01-06),ZCON (2026-01-27)",0,COCHN,TEL,TELEMETRY,TE,Y,Y,N,None,FRE8115,14:46.6,corpsvcmtxcutoverrpt_sql,38:19.0,xrdcwddbsuip06,MTX_ACOE_Cutover_Reporting,UI_Excel_Select_Xwalk_Source_Accommodations,facility,*ALL*,QXA4067,07:43.2
974,COCHN,TE,TELEMETRY,TE,Y,"TEST (2026-01-06),ZCON (2026-01-27)",0,COCHN,TEL,TELEMETRY,TE,Y,Y,N,None,FRE8115,14:46.6,corpsvcmtxcutoverrpt_sql,38:19.0,xrdcwddbsuip06,MTX_ACOE_Cutover_Reporting,UI_Excel_Select_Xwalk_Source_Accommodations,facility,*ALL*,QXA4067,07:43.2
975,COCHNA,HROB,HIGH RISK OB PRIVATE,HR,Y,"TEST (2025-12-11),ZCON (2025-12-11),LIVE (2025-12-05)",0,COCHNA,PR,PRIVATE ROOM,P,Y,Y,N,None,MLT6916,13:12.4,HCA\IIU4396,46:47.7,xrdcwddbsuip06,MTX_ACOE_Cutover_Reporting,UI_Excel_Select_Xwalk_Source_Accommodations,facility,*ALL*,QXA4067,07:43.2
976,COCHNA,I,INTENSIVE CARE,I,Y,"TEST (2025-12-11),ZCON (2025-12-11),LIVE (2025-12-05)",0,COCHNA,IC,INTENSIVE CARE,I,Y,Y,N,None,MLT6916,13:12.4,HCA\IIU4396,46:47.7,xrdcwddbsuip06,MTX_ACOE_Cutover_Reporting,UI_Excel_Select_Xwalk_Source_Accommodations,facility,*ALL*,QXA4067,07:43.2
977,COCHNA,IC,INTENSIVE CARE,IC,Y,"TEST (2025-12-11),ZCON (2025-12-11),LIVE (2025-12-05)",0,COCHNA,IC,INTENSIVE CARE,I,Y,Y,N,None,MLT6916,13:12.5,HCA\IIU4396,46:47.7,xrdcwddbsuip06,MTX_ACOE_Cutover_Reporting,UI_Excel_Select_Xwalk_Source_Accommodations,facility,*ALL*,QXA4067,07:43.2
978,COCHNA,ICUS,ICU SEMI-PRIVATE,IU,Y,"TEST (2025-12-11),ZCON (2025-12-11),LIVE (2025-12-05)",0,COCHNA,SP,SEMI PRIVATE ROOM,SP,Y,Y,N,None,MLT6916,13:12.5,HCA\IIU4396,46:47.7,xrdcwddbsuip06,MTX_ACOE_Cutover_Reporting,UI_Excel_Select_Xwalk_Source_Accommodations,facility,*ALL*,QXA4067,07:43.2
979,COCHNA,IM,INTERMEDIATE CARE,IM,Y,"TEST (2025-12-11),ZCON (2025-12-11),LIVE (2025-12-05)",0,COCHNA,PC,PROGRESSIVE CARE,IM,Y,Y,N,None,MLT6916,13:12.5,HCA\IIU4396,46:47.7,xrdcwddbsuip06,MTX_ACOE_Cutover_Reporting,UI_Excel_Select_Xwalk_Source_Accommodations,facility,*ALL*,QXA4067,07:43.2
980,COCHNA,IS,ISOLATION,IS,Y,"TEST (2025-12-11),ZCON (2025-12-11),LIVE (2025-12-05)",0,COCHNA,IS,ISOLATION,IS,Y,Y,N,None,MLT6916,13:12.6,HCA\IIU4396,46:47.7,xrdcwddbsuip06,MTX_ACOE_Cutover_Reporting,UI_Excel_Select_Xwalk_Source_Accommodations,facility,*ALL*,QXA4067,07:43.2
981,COCHNA,L1,L1 Newborn Level 1,L1,Y,"TEST (2025-12-11),ZCON (2025-12-11),LIVE (2025-12-05)",0,COCHNA,L1,NEWBORN LEVEL I CARE,L1,Y,Y,N,None,MLT6916,13:12.6,HCA\CORPSVCACOESSISPROXY,14:04.1,xrdcwddbsuip06,MTX_ACOE_Cutover_Reporting,UI_Excel_Select_Xwalk_Source_Accommodations,facility,*ALL*,QXA4067,07:43.2
982,COCHNA,L2,NEWBORN L2 NURSERY,L2,Y,"TEST (2025-12-11),ZCON (2025-12-11),LIVE (2025-12-05)",0,COCHNA,L2,NEWBORN LEVEL II CARE,L2,Y,Y,N,None,MLT6916,13:12.6,HCA\IIU4396,46:47.7,xrdcwddbsuip06,MTX_ACOE_Cutover_Reporting,UI_Excel_Select_Xwalk_Source_Accommodations,facility,*ALL*,QXA4067,07:43.2
983,COCHNA,L3,NEWBORN L3 NURSERY,L3,Y,"TEST (2025-12-11),ZCON (2025-12-11),LIVE (2025-12-05)",0,COCHNA,L3,NEWBORN LEVEL III CARE,L3,Y,Y,N,None,MLT6916,13:12.7,HCA\IIU4396,46:47.7,xrdcwddbsuip06,MTX_ACOE_Cutover_Reporting,UI_Excel_Select_Xwalk_Source_Accommodations,facility,*ALL*,QXA4067,07:43.2
984,COCHNA,L4,NEWBORN L4 NURSERY,L4,Y,"TEST (2025-12-11),ZCON (2025-12-11),LIVE (2025-12-05)",0,COCHNA,L4,NEWBORN LEVEL IV CARE,L4,Y,Y,N,None,MLT6916,13:12.7,HCA\IIU4396,46:47.7,xrdcwddbsuip06,MTX_ACOE_Cutover_Reporting,UI_Excel_Select_Xwalk_Source_Accommodations,facility,*ALL*,QXA4067,07:43.2
985,COCHNA,MED,MEDICAL UNIT,ME,N,NO MATCH,0,COCHNA,,,,,N,Y,None,MLT6916,13:12.8,HCA\IIU4396,46:47.7,xrdcwddbsuip06,MTX_ACOE_Cutover_Reporting,UI_Excel_Select_Xwalk_Source_Accommodations,facility,*ALL*,QXA4067,07:43.2
986,COCHNA,MEDIM,MEDICAL INTERMEDIATE,MI,N,NO MATCH,0,COCHNA,,,,,N,Y,None,MLT6916,13:12.8,HCA\IIU4396,46:47.7,xrdcwddbsuip06,MTX_ACOE_Cutover_Reporting,UI_Excel_Select_Xwalk_Source_Accommodations,facility,*ALL*,QXA4067,07:43.2
987,COCHNA,N1,NURSERY LEVEL 1,N1,Y,"TEST (2025-12-11),ZCON (2025-12-11),LIVE (2025-12-05)",0,COCHNA,L1,NEWBORN LEVEL I CARE,L1,Y,Y,N,None,MLT6916,13:12.8,HCA\IIU4396,46:47.7,xrdcwddbsuip06,MTX_ACOE_Cutover_Reporting,UI_Excel_Select_Xwalk_Source_Accommodations,facility,*ALL*,QXA4067,07:43.2
988,COCHNA,N2,NURSERY LEVEL II,N2,Y,"TEST (2025-12-11),ZCON (2025-12-11),LIVE (2025-12-05)",0,COCHNA,L2,NEWBORN LEVEL II CARE,L2,Y,Y,N,None,MLT6916,13:12.9,HCA\IIU4396,46:47.7,xrdcwddbsuip06,MTX_ACOE_Cutover_Reporting,UI_Excel_Select_Xwalk_Source_Accommodations,facility,*ALL*,QXA4067,07:43.2
989,COCHNA,N3,NURSERY LEVEL III,N3,Y,"TEST (2025-12-11),ZCON (2025-12-11),LIVE (2025-12-05)",0,COCHNA,L3,NEWBORN LEVL III CARE,L3,Y,Y,N,None,MLT6916,13:12.9,HCA\IIU4396,46:47.7,xrdcwddbsuip06,MTX_ACOE_Cutover_Reporting,UI_Excel_Select_Xwalk_Source_Accommodations,facility,*ALL*,QXA4067,07:43.2
990,COCHNA,NICU,NEO-NATAL INTENSIVE CARE,NI,N,NO MATCH,0,COCHNA,,,,,N,Y,None,MLT6916,13:12.9,HCA\IIU4396,46:47.7,xrdcwddbsuip06,MTX_ACOE_Cutover_Reporting,UI_Excel_Select_Xwalk_Source_Accommodations,facility,*ALL*,QXA4067,07:43.2
991,COCHNA,OB,OB/GYN,OB,Y,"TEST (2025-12-11),ZCON (2025-12-11),LIVE (2025-12-05)",0,COCHNA,PR,PRIVATE ROOM,P,Y,Y,N,None,MLT6916,13:13.0,HCA\IIU4396,46:47.7,xrdcwddbsuip06,MTX_ACOE_Cutover_Reporting,UI_Excel_Select_Xwalk_Source_Accommodations,facility,*ALL*,QXA4067,07:43.2
992,COCHNA,OBSP,OBSTETRICS SEMI-PRIVATE,SO,Y,"TEST (2025-12-11),ZCON (2025-12-11),LIVE (2025-12-05)",0,COCHNA,PR,PRIVATE ROOM,P,Y,Y,N,None,MLT6916,13:13.0,HCA\IIU4396,46:47.7,xrdcwddbsuip06,MTX_ACOE_Cutover_Reporting,UI_Excel_Select_Xwalk_Source_Accommodations,facility,*ALL*,QXA4067,07:43.2
993,COCHNA,P,PRIVATE ROOM,P,Y,"TEST (2025-12-11),ZCON (2025-12-11),LIVE (2025-12-05)",0,COCHNA,PR,PRIVATE ROOM,P,Y,Y,N,None,MLT6916,13:13.1,HCA\IIU4396,46:47.7,xrdcwddbsuip06,MTX_ACOE_Cutover_Reporting,UI_Excel_Select_Xwalk_Source_Accommodations,facility,*ALL*,QXA4067,07:43.2
994,COCHNA,PC,INTERMEDIATE/PRIVATE CARE,IP,N,NO MATCH,0,COCHNA,,,,,N,Y,None,MLT6916,13:13.1,HCA\IIU4396,46:47.7,xrdcwddbsuip06,MTX_ACOE_Cutover_Reporting,UI_Excel_Select_Xwalk_Source_Accommodations,facility,*ALL*,QXA4067,07:43.2
995,COCHNA,PCP,PEDIATRIC CARE PRIVATE,PC,N,NO MATCH,0,COCHNA,,,,,N,Y,None,MLT6916,13:13.1,HCA\IIU4396,46:47.7,xrdcwddbsuip06,MTX_ACOE_Cutover_Reporting,UI_Excel_Select_Xwalk_Source_Accommodations,facility,*ALL*,QXA4067,07:43.2
996,COCHNA,PD,PRIVATE PEDIATRICS,PD,Y,"TEST (2025-12-11),ZCON (2025-12-11),LIVE (2025-12-05)",0,COCHNA,PR,PRIVATE ROOM,P,Y,Y,N,None,MLT6916,13:13.2,HCA\IIU4396,46:47.7,xrdcwddbsuip06,MTX_ACOE_Cutover_Reporting,UI_Excel_Select_Xwalk_Source_Accommodations,facility,*ALL*,QXA4067,07:43.2
997,COCHNA,PO,Private Oncology,PO,Y,"TEST (2025-12-11),ZCON (2025-12-11),LIVE (2025-12-05)",0,COCHNA,PR,PRIVATE ROOM,P,Y,Y,N,None,MLT6916,13:13.2,HCA\IIU4396,46:47.7,xrdcwddbsuip06,MTX_ACOE_Cutover_Reporting,UI_Excel_Select_Xwalk_Source_Accommodations,facility,*ALL*,QXA4067,07:43.2
998,COCHNA,S,SEMI-PRIVATE ROOM,SP,Y,"TEST (2025-12-11),ZCON (2025-12-11),LIVE (2025-12-05)",0,COCHNA,SP,SEMI PRIVATE ROOM,SP,Y,Y,N,None,MLT6916,13:13.3,HCA\IIU4396,46:47.7,xrdcwddbsuip06,MTX_ACOE_Cutover_Reporting,UI_Excel_Select_Xwalk_Source_Accommodations,facility,*ALL*,QXA4067,07:43.2
999,COCHNA,SI,TRAUMA SICU,SI,Y,"TEST (2025-12-11),ZCON (2025-12-11),LIVE (2025-12-05)",0,COCHNA,TR,TRAUMA,SI,Y,Y,N,None,MLT6916,13:13.3,HCA\IIU4396,46:47.7,xrdcwddbsuip06,MTX_ACOE_Cutover_Reporting,UI_Excel_Select_Xwalk_Source_Accommodations,facility,*ALL*,QXA4067,07:43.2
1000,COCHNA,TE,TELEMETRY,TE,Y,"TEST (2025-12-11),ZCON (2025-12-11),LIVE (2025-12-05)",0,COCHNA,TEL,TELEMETRY,TE,Y,Y,N,None,MLT6916,13:13.3,HCA\IIU4396,46:47.7,xrdcwddbsuip06,MTX_ACOE_Cutover_Reporting,UI_Excel_Select_Xwalk_Source_Accommodations,facility,*ALL*,QXA4067,07:43.2
1001,COCHR,BB,BORDER BABY,BB,Y,NO MATCH,0,COCHR,L1,NEWBORN LEVEL I CARE,L1,Y,Y,N,None,MLT6916,29:18.0,HCA\IIU4396,46:47.7,xrdcwddbsuip06,MTX_ACOE_Cutover_Reporting,UI_Excel_Select_Xwalk_Source_Accommodations,facility,*ALL*,QXA4067,07:43.2
1002,COCHR,CC,CORONARY CARE,CC,Y,NO MATCH,0,COCHR,IC,INTENSIVE CARE,IC,Y,Y,N,None,MLT6916,29:18.0,HCA\IIU4396,46:47.7,xrdcwddbsuip06,MTX_ACOE_Cutover_Reporting,UI_Excel_Select_Xwalk_Source_Accommodations,facility,*ALL*,QXA4067,07:43.2
1003,COCHR,CI,HEART TRANSPLANT WAITING,CI,N,NO MATCH,0,COCHR,,,,,N,Y,None,MLT6916,18:52.4,HCA\IIU4396,46:47.7,xrdcwddbsuip06,MTX_ACOE_Cutover_Reporting,UI_Excel_Select_Xwalk_Source_Accommodations,facility,*ALL*,QXA4067,07:43.2
1004,COCHR,CP,CHEST PAIN,CP,N,NO MATCH,0,COCHR,,,,,N,Y,None,MLT6916,18:52.4,HCA\IIU4396,46:47.7,xrdcwddbsuip06,MTX_ACOE_Cutover_Reporting,UI_Excel_Select_Xwalk_Source_Accommodations,facility,*ALL*,QXA4067,07:43.2
1005,COCHR,CS,CARDIAC SURGERY ICU,CS,N,NO MATCH,0,COCHR,,,,,N,Y,None,MLT6916,18:52.5,HCA\IIU4396,46:47.7,xrdcwddbsuip06,MTX_ACOE_Cutover_Reporting,UI_Excel_Select_Xwalk_Source_Accommodations,facility,*ALL*,QXA4067,07:43.2
1006,COCHR,HOS,HOSPICE,HO,N,NO MATCH,0,COCHR,,,,,N,Y,None,MLT6916,18:52.5,HCA\IIU4396,46:47.7,xrdcwddbsuip06,MTX_ACOE_Cutover_Reporting,UI_Excel_Select_Xwalk_Source_Accommodations,facility,*ALL*,QXA4067,07:43.2
1007,COCHR,IC,INTENSIVE CARE,IC,Y,NO MATCH,0,COCHR,PR,PRIVATE ROOM,P,Y,Y,N,None,MLT6916,29:18.0,HCA\IIU4396,46:47.7,xrdcwddbsuip06,MTX_ACOE_Cutover_Reporting,UI_Excel_Select_Xwalk_Source_Accommodations,facility,*ALL*,QXA4067,07:43.2
1008,COCHR,IS,ISOLATION,IS,Y,NO MATCH,0,COCHR,PR,PRIVATE ROOM,P,Y,Y,N,None,MLT6916,29:18.1,HCA\IIU4396,46:47.7,xrdcwddbsuip06,MTX_ACOE_Cutover_Reporting,UI_Excel_Select_Xwalk_Source_Accommodations,facility,*ALL*,QXA4067,07:43.2
1009,COCHR,ISP,ISOLATION - PRIVATE,IR,Y,NO MATCH,0,COCHR,PR,PRIVATE ROOM,P,Y,Y,N,None,MLT6916,29:18.1,HCA\IIU4396,46:47.7,xrdcwddbsuip06,MTX_ACOE_Cutover_Reporting,UI_Excel_Select_Xwalk_Source_Accommodations,facility,*ALL*,QXA4067,07:43.2
1010,COCHR,ISS,ISOLATION - SEMIPRIVATE,IL,Y,NO MATCH,0,COCHR,SP,SEMI PRIVATE ROOM,S,Y,Y,N,None,MLT6916,29:18.2,HCA\IIU4396,46:47.7,xrdcwddbsuip06,MTX_ACOE_Cutover_Reporting,UI_Excel_Select_Xwalk_Source_Accommodations,facility,*ALL*,QXA4067,07:43.2
1011,COCHR,IV,LEVEL IV - NICU NURSERY,IV,N,NO MATCH,0,COCHR,,,,,N,Y,None,JKB0282,47:03.2,HCA\IIU4396,46:47.7,xrdcwddbsuip06,MTX_ACOE_Cutover_Reporting,UI_Excel_Select_Xwalk_Source_Accommodations,facility,*ALL*,QXA4067,07:43.2
1012,COCHR,IVU,INTERVENTIONAL CARE UNIT,IU,Y,NO MATCH,0,COCHR,PR,PRIVATE ROOM,P,Y,Y,N,None,MLT6916,29:18.2,HCA\IIU4396,46:47.7,xrdcwddbsuip06,MTX_ACOE_Cutover_Reporting,UI_Excel_Select_Xwalk_Source_Accommodations,facility,*ALL*,QXA4067,07:43.2
1013,COCHR,J,"PRIVATE, MEDICALLY JUSTIFIED",J,N,NO MATCH,0,COCHR,,,,,N,Y,None,JKB0282,47:03.3,HCA\IIU4396,46:47.7,xrdcwddbsuip06,MTX_ACOE_Cutover_Reporting,UI_Excel_Select_Xwalk_Source_Accommodations,facility,*ALL*,QXA4067,07:43.2
1014,COCHR,JR,JOINT REPLACEMENT,JR,N,NO MATCH,0,COCHR,,,,,N,Y,None,JKB0282,47:03.4,HCA\IIU4396,46:47.7,xrdcwddbsuip06,MTX_ACOE_Cutover_Reporting,UI_Excel_Select_Xwalk_Source_Accommodations,facility,*ALL*,QXA4067,07:43.2
1015,COCHR,L1,NEWBORN,L1,Y,NO MATCH,0,COCHR,L1,NEWBORN LEVEL I CARE,L1,Y,Y,N,None,MLT6916,29:18.2,HCA\IIU4396,46:47.7,xrdcwddbsuip06,MTX_ACOE_Cutover_Reporting,UI_Excel_Select_Xwalk_Source_Accommodations,facility,*ALL*,QXA4067,07:43.2
1016,COCHR,L2,NEWBORN LEVEL II,L2,Y,NO MATCH,0,COCHR,L2,NEWBORN LEVEL II CARE,L2,Y,Y,N,None,MLT6916,29:18.3,HCA\IIU4396,46:47.7,xrdcwddbsuip06,MTX_ACOE_Cutover_Reporting,UI_Excel_Select_Xwalk_Source_Accommodations,facility,*ALL*,QXA4067,07:43.2
1017,COCHR,L3,NEWBORN NICU LEVEL III,L3,Y,NO MATCH,0,COCHR,L3,NEWBORN LEVEL III CARE,L3,Y,Y,N,None,MLT6916,29:18.3,HCA\IIU4396,46:47.7,xrdcwddbsuip06,MTX_ACOE_Cutover_Reporting,UI_Excel_Select_Xwalk_Source_Accommodations,facility,*ALL*,QXA4067,07:43.2
1018,COCHR,L4,NEWBORN NICU LEVEL IV,L4,Y,NO MATCH,0,COCHR,L4,NEWBORN LEVEL IV CARE,L4,Y,Y,N,None,MLT6916,29:18.3,HCA\IIU4396,46:47.7,xrdcwddbsuip06,MTX_ACOE_Cutover_Reporting,UI_Excel_Select_Xwalk_Source_Accommodations,facility,*ALL*,QXA4067,07:43.2
1019,COCHR,LD,LABOR AND DELIVERY,LD,Y,NO MATCH,0,COCHR,LD,LABOR AND DELIVERY,LD,Y,Y,N,None,MLT6916,29:18.4,HCA\IIU4396,46:47.7,xrdcwddbsuip06,MTX_ACOE_Cutover_Reporting,UI_Excel_Select_Xwalk_Source_Accommodations,facility,*ALL*,QXA4067,07:43.2
1020,COCHR,M,CORONARY CARE,MM,N,NO MATCH,0,COCHR,,,,,N,Y,None,JKB0282,47:03.5,HCA\IIU4396,46:47.7,xrdcwddbsuip06,MTX_ACOE_Cutover_Reporting,UI_Excel_Select_Xwalk_Source_Accommodations,facility,*ALL*,QXA4067,07:43.2
1021,COCHR,MI,MEDICAL ICU,MI,N,NO MATCH,0,COCHR,,,,,N,Y,None,JKB0282,47:03.6,HCA\IIU4396,46:47.7,xrdcwddbsuip06,MTX_ACOE_Cutover_Reporting,UI_Excel_Select_Xwalk_Source_Accommodations,facility,*ALL*,QXA4067,07:43.2
1022,COCHR,N1,NICU LEVEL 1,N1,N,NO MATCH,0,COCHR,,,,,N,Y,None,JKB0282,47:03.7,HCA\IIU4396,46:47.7,xrdcwddbsuip06,MTX_ACOE_Cutover_Reporting,UI_Excel_Select_Xwalk_Source_Accommodations,facility,*ALL*,QXA4067,07:43.2
1023,COCHR,N2,NICU LEVEL 2,N2,N,NO MATCH,0,COCHR,,,,,N,Y,None,JKB0282,47:03.8,HCA\IIU4396,46:47.7,xrdcwddbsuip06,MTX_ACOE_Cutover_Reporting,UI_Excel_Select_Xwalk_Source_Accommodations,facility,*ALL*,QXA4067,07:43.2
1024,COCHR,N3,NICU LEVEL 3,N3,N,NO MATCH,0,COCHR,,,,,N,Y,None,JKB0282,47:03.9,HCA\IIU4396,46:47.7,xrdcwddbsuip06,MTX_ACOE_Cutover_Reporting,UI_Excel_Select_Xwalk_Source_Accommodations,facility,*ALL*,QXA4067,07:43.2
1025,COCHR,NB,NEWBORN WELL BABY,NB,Y,NO MATCH,0,COCHR,L1,NEWBORN LEVEL I CARE,L1,Y,Y,N,None,MLT6916,29:18.4,HCA\IIU4396,46:47.7,xrdcwddbsuip06,MTX_ACOE_Cutover_Reporting,UI_Excel_Select_Xwalk_Source_Accommodations,facility,*ALL*,QXA4067,07:43.2
1026,COCHR,NI,NICU,NI,N,NO MATCH,0,COCHR,,,,,N,Y,None,JKB0282,47:04.0,HCA\IIU4396,46:47.7,xrdcwddbsuip06,MTX_ACOE_Cutover_Reporting,UI_Excel_Select_Xwalk_Source_Accommodations,facility,*ALL*,QXA4067,07:43.2
1027,COCHR,NIH,NICU-NEWBORN,NZ,N,NO MATCH,0,COCHR,,,,,N,Y,None,JKB0282,47:04.1,HCA\IIU4396,46:47.7,xrdcwddbsuip06,MTX_ACOE_Cutover_Reporting,UI_Excel_Select_Xwalk_Source_Accommodations,facility,*ALL*,QXA4067,07:43.2
1028,COCHR,NS,NICU,NS,N,NO MATCH,0,COCHR,,,,,N,Y,None,JKB0282,47:04.2,HCA\IIU4396,46:47.7,xrdcwddbsuip06,MTX_ACOE_Cutover_Reporting,UI_Excel_Select_Xwalk_Source_Accommodations,facility,*ALL*,QXA4067,07:43.2
1029,COCHR,NV,NEUROVASCULAR UNIT,NV,N,NO MATCH,0,COCHR,,,,,N,Y,None,JKB0282,47:04.3,HCA\IIU4396,46:47.7,xrdcwddbsuip06,MTX_ACOE_Cutover_Reporting,UI_Excel_Select_Xwalk_Source_Accommodations,facility,*ALL*,QXA4067,07:43.2
1030,COCHR,OF,OVERFLOW,OF,N,NO MATCH,0,COCHR,,,,,N,Y,None,JKB0282,47:04.4,HCA\IIU4396,46:47.7,xrdcwddbsuip06,MTX_ACOE_Cutover_Reporting,UI_Excel_Select_Xwalk_Source_Accommodations,facility,*ALL*,QXA4067,07:43.2
1031,COCHR,OS,OBSERVATION,OS,N,NO MATCH,0,COCHR,,,,,N,Y,None,JKB0282,47:04.5,HCA\IIU4396,46:47.7,xrdcwddbsuip06,MTX_ACOE_Cutover_Reporting,UI_Excel_Select_Xwalk_Source_Accommodations,facility,*ALL*,QXA4067,07:43.2
1032,COCHR,P,PRIVATE ROOM,P,Y,NO MATCH,0,COCHR,PR,PRIVATE ROOM,P,Y,Y,N,None,MLT6916,29:18.4,HCA\IIU4396,46:47.7,xrdcwddbsuip06,MTX_ACOE_Cutover_Reporting,UI_Excel_Select_Xwalk_Source_Accommodations,facility,*ALL*,QXA4067,07:43.2
1033,COCHR,PC,PROGRESSIVE CARE,PC,Y,NO MATCH,0,COCHR,PC,PROGRESSIVE CARE,PC,Y,Y,N,None,MLT6916,29:18.5,HCA\IIU4396,46:47.7,xrdcwddbsuip06,MTX_ACOE_Cutover_Reporting,UI_Excel_Select_Xwalk_Source_Accommodations,facility,*ALL*,QXA4067,07:43.2
1034,COCHR,PM,PROGRESSIVE CARE MED UNIT,PM,N,NO MATCH,0,COCHR,,,,,N,Y,None,JKB0282,47:04.6,HCA\IIU4396,46:47.7,xrdcwddbsuip06,MTX_ACOE_Cutover_Reporting,UI_Excel_Select_Xwalk_Source_Accommodations,facility,*ALL*,QXA4067,07:43.2
1035,COCHR,PNH,PROGRESSIVE NURS HDH,PZ,N,NO MATCH,0,COCHR,,,,,N,Y,None,JKB0282,47:04.7,HCA\IIU4396,46:47.7,xrdcwddbsuip06,MTX_ACOE_Cutover_Reporting,UI_Excel_Select_Xwalk_Source_Accommodations,facility,*ALL*,QXA4067,07:43.2
1036,COCHR,PP,POST PARTUM,PP,Y,NO MATCH,0,COCHR,PR,PRIVATE ROOM,P,Y,Y,N,None,MLT6916,29:18.5,HCA\IIU4396,46:47.7,xrdcwddbsuip06,MTX_ACOE_Cutover_Reporting,UI_Excel_Select_Xwalk_Source_Accommodations,facility,*ALL*,QXA4067,07:43.2
1037,COCHR,PR,PRIVATE,PR,N,NO MATCH,0,COCHR,,,,,N,Y,None,JKB0282,47:04.8,HCA\IIU4396,46:47.7,xrdcwddbsuip06,MTX_ACOE_Cutover_Reporting,UI_Excel_Select_Xwalk_Source_Accommodations,facility,*ALL*,QXA4067,07:43.2
1038,COCHR,PS,POST SURGICAL CARE UNIT,PS,Y,NO MATCH,0,COCHR,PR,PRIVATE ROOM,P,Y,Y,N,None,MLT6916,29:18.6,HCA\IIU4396,46:47.7,xrdcwddbsuip06,MTX_ACOE_Cutover_Reporting,UI_Excel_Select_Xwalk_Source_Accommodations,facility,*ALL*,QXA4067,07:43.2
1039,COCHR,RB,RENAL CARE INTERMEDIATE,RB,N,NO MATCH,0,COCHR,,,,,N,Y,None,JKB0282,47:04.9,HCA\IIU4396,46:47.7,xrdcwddbsuip06,MTX_ACOE_Cutover_Reporting,UI_Excel_Select_Xwalk_Source_Accommodations,facility,*ALL*,QXA4067,07:43.2
1040,COCHR,RC,RENAL CARE PROGRESSIVE,RC,N,NO MATCH,0,COCHR,,,,,N,Y,None,JKB0282,47:05.0,HCA\IIU4396,46:47.7,xrdcwddbsuip06,MTX_ACOE_Cutover_Reporting,UI_Excel_Select_Xwalk_Source_Accommodations,facility,*ALL*,QXA4067,07:43.2
1041,COCHR,RP,RENAL CARE PRIVATE ROOM,RP,N,NO MATCH,0,COCHR,,,,,N,Y,None,JKB0282,47:05.1,HCA\IIU4396,46:47.7,xrdcwddbsuip06,MTX_ACOE_Cutover_Reporting,UI_Excel_Select_Xwalk_Source_Accommodations,facility,*ALL*,QXA4067,07:43.2
1042,COCHR,RS,REHAB SEMI-PRIVATE,RS,N,NO MATCH,0,COCHR,,,,,N,Y,None,JKB0282,47:05.2,HCA\IIU4396,46:47.7,xrdcwddbsuip06,MTX_ACOE_Cutover_Reporting,UI_Excel_Select_Xwalk_Source_Accommodations,facility,*ALL*,QXA4067,07:43.2
1043,COCHR,S,SEMI-PRIVATE ROOM,S,Y,NO MATCH,0,COCHR,SP,SEMI PRIVATE ROOM,S,Y,Y,N,None,MLT6916,29:18.6,HCA\IIU4396,46:47.7,xrdcwddbsuip06,MTX_ACOE_Cutover_Reporting,UI_Excel_Select_Xwalk_Source_Accommodations,facility,*ALL*,QXA4067,07:43.2
1044,COCHR,SI,SURGICAL ICU,SI,Y,NO MATCH,0,COCHR,SIC,SURGICAL INTENSIVE CARE,SI,Y,Y,N,None,MLT6916,29:18.6,HCA\IIU4396,46:47.7,xrdcwddbsuip06,MTX_ACOE_Cutover_Reporting,UI_Excel_Select_Xwalk_Source_Accommodations,facility,*ALL*,QXA4067,07:43.2
1045,COCHR,SP,SEMI-PRIVATE,SP,N,NO MATCH,0,COCHR,,,,,N,Y,None,JKB0282,47:05.3,HCA\IIU4396,46:47.7,xrdcwddbsuip06,MTX_ACOE_Cutover_Reporting,UI_Excel_Select_Xwalk_Source_Accommodations,facility,*ALL*,QXA4067,07:43.2
1046,COCHR,SPEC,SPECIAL CARE BED,SB,Y,NO MATCH,0,COCHR,PR,PRIVATE ROOM,P,Y,Y,N,None,MLT6916,29:18.7,HCA\IIU4396,46:47.7,xrdcwddbsuip06,MTX_ACOE_Cutover_Reporting,UI_Excel_Select_Xwalk_Source_Accommodations,facility,*ALL*,QXA4067,07:43.2
1047,COCHR,SPECP,SPECIALITY BED - PRIVATE,BP,Y,NO MATCH,0,COCHR,PR,PRIVATE ROOM,P,Y,Y,N,None,MLT6916,29:18.7,HCA\IIU4396,46:47.7,xrdcwddbsuip06,MTX_ACOE_Cutover_Reporting,UI_Excel_Select_Xwalk_Source_Accommodations,facility,*ALL*,QXA4067,07:43.2
1048,COCHR,SPECS,SPECIALITY BED - SEMIPRIVATE,BS,Y,NO MATCH,0,COCHR,PR,PRIVATE ROOM,P,Y,Y,N,None,MLT6916,29:18.7,HCA\IIU4396,46:47.7,xrdcwddbsuip06,MTX_ACOE_Cutover_Reporting,UI_Excel_Select_Xwalk_Source_Accommodations,facility,*ALL*,QXA4067,07:43.2
1049,COCHR,TEL,STEPDOWN/TEL,TE,Y,NO MATCH,0,COCHR,TEL,TELEMETRY,TE,Y,Y,N,None,MLT6916,29:18.8,HCA\IIU4396,46:47.7,xrdcwddbsuip06,MTX_ACOE_Cutover_Reporting,UI_Excel_Select_Xwalk_Source_Accommodations,facility,*ALL*,QXA4067,07:43.2
1050,COCHR,TR,TRAUMA,TR,Y,NO MATCH,0,COCHR,TR,TRAUMA,TR,Y,Y,N,None,MLT6916,29:18.8,HCA\IIU4396,46:47.7,xrdcwddbsuip06,MTX_ACOE_Cutover_Reporting,UI_Excel_Select_Xwalk_Source_Accommodations,facility,*ALL*,QXA4067,07:43.2
1051,COCHRA,IC,INTENSIVE CARE,IN,Y,NO MATCH,22,COCHRA,,,,,N,N,None,,,HCA\IIU4396,46:47.7,xrdcwddbsuip06,MTX_ACOE_Cutover_Reporting,UI_Excel_Select_Xwalk_Source_Accommodations,facility,*ALL*,QXA4067,07:43.2
1052,COCHRA,MS,MED SURG,MD,Y,NO MATCH,120,COCHRA,,,,,N,N,None,,,HCA\IIU4396,46:47.7,xrdcwddbsuip06,MTX_ACOE_Cutover_Reporting,UI_Excel_Select_Xwalk_Source_Accommodations,facility,*ALL*,QXA4067,07:43.2
1053,COCHRA,NB,Newborn Basic Care,NB,Y,NO MATCH,0,COCHRA,,,,,N,N,None,,,HCA\IIU4396,46:47.7,xrdcwddbsuip06,MTX_ACOE_Cutover_Reporting,UI_Excel_Select_Xwalk_Source_Accommodations,facility,*ALL*,QXA4067,07:43.2
1054,COCHRA,OC,OBSTETRICS,OC,Y,NO MATCH,0,COCHRA,,,,,N,N,None,,,HCA\IIU4396,46:47.7,xrdcwddbsuip06,MTX_ACOE_Cutover_Reporting,UI_Excel_Select_Xwalk_Source_Accommodations,facility,*ALL*,QXA4067,07:43.2
1055,COCHRA,P,PRIVATE ROOM,P,N,NO MATCH,0,COCHRA,,,,,N,Y,None,JKB0282,47:05.4,HCA\IIU4396,46:47.7,xrdcwddbsuip06,MTX_ACOE_Cutover_Reporting,UI_Excel_Select_Xwalk_Source_Accommodations,facility,*ALL*,QXA4067,07:43.2
1056,COCHRA,SB,SWING BED,SB,N,NO MATCH,0,COCHRA,,,,,N,Y,None,JKB0282,47:05.5,HCA\IIU4396,46:47.7,xrdcwddbsuip06,MTX_ACOE_Cutover_Reporting,UI_Excel_Select_Xwalk_Source_Accommodations,facility,*ALL*,QXA4067,07:43.2
1057,COCHRA,SP,SEMI PRIVATE,SP,N,NO MATCH,0,COCHRA,,,,,N,Y,None,JKB0282,47:05.6,HCA\IIU4396,46:47.7,xrdcwddbsuip06,MTX_ACOE_Cutover_Reporting,UI_Excel_Select_Xwalk_Source_Accommodations,facility,*ALL*,QXA4067,07:43.2
1058,COCHRA,T,Tele,T,Y,NO MATCH,0,COCHRA,,,,,N,N,None,,,HCA\IIU4396,46:47.7,xrdcwddbsuip06,MTX_ACOE_Cutover_Reporting,UI_Excel_Select_Xwalk_Source_Accommodations,facility,*ALL*,QXA4067,07:43.2
1059,COCJFK,3WHOLD,3 WEST,,N,NO MATCH,0,COCJFK,,,,,N,Y,None,JKB0282,47:05.7,corpsvcmtxcutoverrpt_dev,12:24.8,xrdcwddbsuip06,MTX_ACOE_Cutover_Reporting,UI_Excel_Select_Xwalk_Source_Accommodations,facility,*ALL*,QXA4067,07:43.2
1060,COCJFK,ADP,ADULT CARE PSYCH,DP,N,NO MATCH,0,COCJFK,,,,,N,Y,None,JKB0282,47:05.8,corpsvcmtxcutoverrpt_dev,12:24.8,xrdcwddbsuip06,MTX_ACOE_Cutover_Reporting,UI_Excel_Select_Xwalk_Source_Accommodations,facility,*ALL*,QXA4067,07:43.2
1061,COCJFK,BA,BAKER ACT,BA,N,NO MATCH,0,COCJFK,,,,,N,Y,None,JKB0282,47:05.9,corpsvcmtxcutoverrpt_dev,12:24.8,xrdcwddbsuip06,MTX_ACOE_Cutover_Reporting,UI_Excel_Select_Xwalk_Source_Accommodations,facility,*ALL*,QXA4067,07:43.2
1062,COCJFK,BURN,Burn Intensive Care,BU,N,NO MATCH,0,COCJFK,,,,,N,Y,None,JKB0282,47:06.0,corpsvcmtxcutoverrpt_dev,12:24.8,xrdcwddbsuip06,MTX_ACOE_Cutover_Reporting,UI_Excel_Select_Xwalk_Source_Accommodations,facility,*ALL*,QXA4067,07:43.2
1063,COCJFK,CC,Coronary Care,CO,N,NO MATCH,0,COCJFK,,,,,N,Y,None,JKB0282,47:06.1,corpsvcmtxcutoverrpt_dev,12:24.8,xrdcwddbsuip06,MTX_ACOE_Cutover_Reporting,UI_Excel_Select_Xwalk_Source_Accommodations,facility,*ALL*,QXA4067,07:43.2
1064,COCJFK,CICU,CARDIAC INTENSIVE CARE UNIT,,N,NO MATCH,0,COCJFK,,,,,N,Y,None,JKB0282,47:06.2,corpsvcmtxcutoverrpt_dev,12:24.8,xrdcwddbsuip06,MTX_ACOE_Cutover_Reporting,UI_Excel_Select_Xwalk_Source_Accommodations,facility,*ALL*,QXA4067,07:43.2
1065,COCJFK,CV,CVICU,CV,Y,NO MATCH,0,COCJFK,IC,INTENSIVE CARE,IC,Y,Y,N,None,QVO8748,33:33.1,corpsvcmtxcutoverrpt_dev,12:24.8,xrdcwddbsuip06,MTX_ACOE_Cutover_Reporting,UI_Excel_Select_Xwalk_Source_Accommodations,facility,*ALL*,QXA4067,07:43.2
1066,COCJFK,DX,Detox,DX,N,NO MATCH,0,COCJFK,,,,,N,Y,None,JKB0282,47:06.3,corpsvcmtxcutoverrpt_dev,12:24.8,xrdcwddbsuip06,MTX_ACOE_Cutover_Reporting,UI_Excel_Select_Xwalk_Source_Accommodations,facility,*ALL*,QXA4067,07:43.2
1067,COCJFK,ERC,EMERGENCY ROOM PART C,,N,NO MATCH,0,COCJFK,,,,,N,Y,None,JKB0282,47:06.4,corpsvcmtxcutoverrpt_dev,12:24.8,xrdcwddbsuip06,MTX_ACOE_Cutover_Reporting,UI_Excel_Select_Xwalk_Source_Accommodations,facility,*ALL*,QXA4067,07:43.2
1068,COCJFK,ERIC,ER INTENSIVE CARE,,N,NO MATCH,0,COCJFK,,,,,N,Y,None,JKB0282,47:06.5,corpsvcmtxcutoverrpt_dev,12:24.8,xrdcwddbsuip06,MTX_ACOE_Cutover_Reporting,UI_Excel_Select_Xwalk_Source_Accommodations,facility,*ALL*,QXA4067,07:43.2
1069,COCJFK,ERS,ERHD SEMI,,N,NO MATCH,0,COCJFK,,,,,N,Y,None,JKB0282,47:06.6,corpsvcmtxcutoverrpt_dev,12:24.8,xrdcwddbsuip06,MTX_ACOE_Cutover_Reporting,UI_Excel_Select_Xwalk_Source_Accommodations,facility,*ALL*,QXA4067,07:43.2
1070,COCJFK,EXT,EXTENDED,,N,NO MATCH,0,COCJFK,,,,,N,Y,None,JKB0282,47:06.7,corpsvcmtxcutoverrpt_dev,12:24.8,xrdcwddbsuip06,MTX_ACOE_Cutover_Reporting,UI_Excel_Select_Xwalk_Source_Accommodations,facility,*ALL*,QXA4067,07:43.2
1071,COCJFK,EXTENDED,EXTENDEF,,N,NO MATCH,0,COCJFK,,,,,N,Y,None,JKB0282,47:06.8,corpsvcmtxcutoverrpt_dev,12:24.8,xrdcwddbsuip06,MTX_ACOE_Cutover_Reporting,UI_Excel_Select_Xwalk_Source_Accommodations,facility,*ALL*,QXA4067,07:43.2
1072,COCJFK,IC,INTENSIVE CARE UNIT,IN,Y,NO MATCH,0,COCJFK,IC,INTENSIVE CARE,IC,Y,Y,N,None,QVO8748,33:33.4,corpsvcmtxcutoverrpt_dev,12:24.8,xrdcwddbsuip06,MTX_ACOE_Cutover_Reporting,UI_Excel_Select_Xwalk_Source_Accommodations,facility,*ALL*,QXA4067,07:43.2
1073,COCJFK,IM,INTERMEDIATE CARE,IR,Y,NO MATCH,0,COCJFK,PC,PROGRESSIVE CARE,PC,Y,Y,N,None,QVO8748,33:33.5,corpsvcmtxcutoverrpt_dev,12:24.8,xrdcwddbsuip06,MTX_ACOE_Cutover_Reporting,UI_Excel_Select_Xwalk_Source_Accommodations,facility,*ALL*,QXA4067,07:43.2
1074,COCJFK,IMCU,Intermediate Care CCU,CR,N,NO MATCH,0,COCJFK,,,,,N,Y,None,JKB0282,47:06.9,corpsvcmtxcutoverrpt_dev,12:24.8,xrdcwddbsuip06,MTX_ACOE_Cutover_Reporting,UI_Excel_Select_Xwalk_Source_Accommodations,facility,*ALL*,QXA4067,07:43.2
1075,COCJFK,J,MEDICALLY JUSTIFIED,J,N,NO MATCH,0,COCJFK,,,,,N,Y,None,JKB0282,47:07.0,corpsvcmtxcutoverrpt_dev,12:24.8,xrdcwddbsuip06,MTX_ACOE_Cutover_Reporting,UI_Excel_Select_Xwalk_Source_Accommodations,facility,*ALL*,QXA4067,07:43.2
1076,COCJFK,JR,JUNIOR SUITE,JS,N,NO MATCH,0,COCJFK,,,,,N,Y,None,JKB0282,47:07.1,corpsvcmtxcutoverrpt_dev,12:24.8,xrdcwddbsuip06,MTX_ACOE_Cutover_Reporting,UI_Excel_Select_Xwalk_Source_Accommodations,facility,*ALL*,QXA4067,07:43.2
1077,COCJFK,JRSTE,JR SUITE,,N,NO MATCH,0,COCJFK,,,,,N,Y,None,JKB0282,47:07.2,corpsvcmtxcutoverrpt_dev,12:24.8,xrdcwddbsuip06,MTX_ACOE_Cutover_Reporting,UI_Excel_Select_Xwalk_Source_Accommodations,facility,*ALL*,QXA4067,07:43.2
1078,COCJFK,JRSUITE,JR. SUIT,,N,NO MATCH,0,COCJFK,,,,,N,Y,None,JKB0282,47:07.3,corpsvcmtxcutoverrpt_dev,12:24.8,xrdcwddbsuip06,MTX_ACOE_Cutover_Reporting,UI_Excel_Select_Xwalk_Source_Accommodations,facility,*ALL*,QXA4067,07:43.2
1079,COCJFK,LD,LABOR & DELIVERY,LD,Y,NO MATCH,0,COCJFK,,,,,N,Y,None,QVO8748,33:33.7,corpsvcmtxcutoverrpt_dev,12:24.8,xrdcwddbsuip06,MTX_ACOE_Cutover_Reporting,UI_Excel_Select_Xwalk_Source_Accommodations,facility,*ALL*,QXA4067,07:43.2
1080,COCJFK,MICU,MEDICAL INTENSIVE CARE UNIT,,N,NO MATCH,0,COCJFK,,,,,N,Y,None,JKB0282,47:07.4,corpsvcmtxcutoverrpt_dev,12:24.8,xrdcwddbsuip06,MTX_ACOE_Cutover_Reporting,UI_Excel_Select_Xwalk_Source_Accommodations,facility,*ALL*,QXA4067,07:43.2
1081,COCJFK,MS,Med Surg,MD,Y,NO MATCH,0,COCJFK,MS,MED SURG,MS,Y,Y,N,None,QVO8748,33:33.8,corpsvcmtxcutoverrpt_dev,12:24.8,xrdcwddbsuip06,MTX_ACOE_Cutover_Reporting,UI_Excel_Select_Xwalk_Source_Accommodations,facility,*ALL*,QXA4067,07:43.2
1082,COCJFK,N1,NICU Level 1,NO,N,NO MATCH,0,COCJFK,,,,,N,Y,None,JKB0282,47:07.5,corpsvcmtxcutoverrpt_dev,12:24.8,xrdcwddbsuip06,MTX_ACOE_Cutover_Reporting,UI_Excel_Select_Xwalk_Source_Accommodations,facility,*ALL*,QXA4067,07:43.2
1083,COCJFK,NB,NEWBORN,NB,Y,NO MATCH,0,COCJFK,,,,,N,Y,None,QVO8748,33:33.9,corpsvcmtxcutoverrpt_dev,12:24.8,xrdcwddbsuip06,MTX_ACOE_Cutover_Reporting,UI_Excel_Select_Xwalk_Source_Accommodations,facility,*ALL*,QXA4067,07:43.2
1084,COCJFK,OBS,Observation,O,N,NO MATCH,0,COCJFK,,,,,N,Y,None,JKB0282,47:07.6,corpsvcmtxcutoverrpt_dev,12:24.8,xrdcwddbsuip06,MTX_ACOE_Cutover_Reporting,UI_Excel_Select_Xwalk_Source_Accommodations,facility,*ALL*,QXA4067,07:43.2
1085,COCJFK,OC,Obstetrics,OC,Y,NO MATCH,0,COCJFK,,,,,N,Y,None,QVO8748,33:34.0,corpsvcmtxcutoverrpt_dev,12:24.8,xrdcwddbsuip06,MTX_ACOE_Cutover_Reporting,UI_Excel_Select_Xwalk_Source_Accommodations,facility,*ALL*,QXA4067,07:43.2
1086,COCJFK,PMJ,PRIVATE MEDICALLY JUSTIFIED,PJ,N,NO MATCH,0,COCJFK,,,,,N,Y,None,JKB0282,47:07.7,corpsvcmtxcutoverrpt_dev,12:24.8,xrdcwddbsuip06,MTX_ACOE_Cutover_Reporting,UI_Excel_Select_Xwalk_Source_Accommodations,facility,*ALL*,QXA4067,07:43.2
1087,COCJFK,PN,Perinatal Unit,PN,Y,NO MATCH,0,COCJFK,,,,,N,Y,None,QVO8748,33:34.1,corpsvcmtxcutoverrpt_dev,12:24.8,xrdcwddbsuip06,MTX_ACOE_Cutover_Reporting,UI_Excel_Select_Xwalk_Source_Accommodations,facility,*ALL*,QXA4067,07:43.2
1088,COCJFK,PNO,PRIVATE NO OTHER AVAILABLE,PO,N,NO MATCH,0,COCJFK,,,,,N,Y,None,JKB0282,47:07.8,corpsvcmtxcutoverrpt_dev,12:24.8,xrdcwddbsuip06,MTX_ACOE_Cutover_Reporting,UI_Excel_Select_Xwalk_Source_Accommodations,facility,*ALL*,QXA4067,07:43.2
1089,COCJFK,PPR,PRIVATE PATIENT REQUEST,PR,N,NO MATCH,0,COCJFK,,,,,N,Y,None,JKB0282,47:07.9,corpsvcmtxcutoverrpt_dev,12:24.8,xrdcwddbsuip06,MTX_ACOE_Cutover_Reporting,UI_Excel_Select_Xwalk_Source_Accommodations,facility,*ALL*,QXA4067,07:43.2
1090,COCJFK,RH,Rehabilitation,RH,Y,NO MATCH,0,COCJFK,R,REHABILITATION,R,Y,Y,N,None,QVO8748,33:34.2,corpsvcmtxcutoverrpt_dev,12:24.8,xrdcwddbsuip06,MTX_ACOE_Cutover_Reporting,UI_Excel_Select_Xwalk_Source_Accommodations,facility,*ALL*,QXA4067,07:43.2
1091,COCJFK,SB,SWING BED,SB,N,NO MATCH,0,COCJFK,,,,,N,Y,None,JKB0282,47:08.0,corpsvcmtxcutoverrpt_dev,12:24.8,xrdcwddbsuip06,MTX_ACOE_Cutover_Reporting,UI_Excel_Select_Xwalk_Source_Accommodations,facility,*ALL*,QXA4067,07:43.2
1092,COCJFK,SD,STEP DOWN,SD,N,NO MATCH,0,COCJFK,,,,,N,Y,None,JKB0282,47:08.1,corpsvcmtxcutoverrpt_dev,12:24.8,xrdcwddbsuip06,MTX_ACOE_Cutover_Reporting,UI_Excel_Select_Xwalk_Source_Accommodations,facility,*ALL*,QXA4067,07:43.2
1093,COCJFK,SP,SEMI-PRIVATE,SP,N,NO MATCH,0,COCJFK,,,,,N,Y,None,JKB0282,47:08.2,corpsvcmtxcutoverrpt_dev,12:24.8,xrdcwddbsuip06,MTX_ACOE_Cutover_Reporting,UI_Excel_Select_Xwalk_Source_Accommodations,facility,*ALL*,QXA4067,07:43.2
1094,COCJFK,SW,SWING BED,S,N,NO MATCH,0,COCJFK,,,,,N,Y,None,JKB0282,47:08.3,corpsvcmtxcutoverrpt_dev,12:24.8,xrdcwddbsuip06,MTX_ACOE_Cutover_Reporting,UI_Excel_Select_Xwalk_Source_Accommodations,facility,*ALL*,QXA4067,07:43.2
1095,COCJFK,T,Tele,T,Y,NO MATCH,0,COCJFK,TEL,TELEMETRY,TE,Y,Y,N,None,QVO8748,33:34.4,corpsvcmtxcutoverrpt_dev,12:24.8,xrdcwddbsuip06,MTX_ACOE_Cutover_Reporting,UI_Excel_Select_Xwalk_Source_Accommodations,facility,*ALL*,QXA4067,07:43.2
1096,COCJFK,TCUSEMI,TCU SEMI PRIVATE,,N,NO MATCH,0,COCJFK,,,,,N,Y,None,JKB0282,47:08.4,corpsvcmtxcutoverrpt_dev,12:24.8,xrdcwddbsuip06,MTX_ACOE_Cutover_Reporting,UI_Excel_Select_Xwalk_Source_Accommodations,facility,*ALL*,QXA4067,07:43.2
1097,COCJFK,TELE,TELEMETRY,,N,NO MATCH,0,COCJFK,,,,,N,Y,None,JKB0282,47:08.5,corpsvcmtxcutoverrpt_dev,12:24.8,xrdcwddbsuip06,MTX_ACOE_Cutover_Reporting,UI_Excel_Select_Xwalk_Source_Accommodations,facility,*ALL*,QXA4067,07:43.2
1098,COCJFK,TELE-JR,TELEMETRY JR VIP SUITE,,N,NO MATCH,0,COCJFK,,,,,N,Y,None,JKB0282,47:08.6,corpsvcmtxcutoverrpt_dev,12:24.8,xrdcwddbsuip06,MTX_ACOE_Cutover_Reporting,UI_Excel_Select_Xwalk_Source_Accommodations,facility,*ALL*,QXA4067,07:43.2
1099,COCJFK,TELE-VIP,TELEMETRY  VIP SUITE,,N,NO MATCH,0,COCJFK,,,,,N,Y,None,JKB0282,47:08.7,corpsvcmtxcutoverrpt_dev,12:24.8,xrdcwddbsuip06,MTX_ACOE_Cutover_Reporting,UI_Excel_Select_Xwalk_Source_Accommodations,facility,*ALL*,QXA4067,07:43.2
1100,COCJFK,TL,TELEMETRY,TL,N,NO MATCH,0,COCJFK,,,,,N,Y,None,JKB0282,47:08.8,corpsvcmtxcutoverrpt_dev,12:24.8,xrdcwddbsuip06,MTX_ACOE_Cutover_Reporting,UI_Excel_Select_Xwalk_Source_Accommodations,facility,*ALL*,QXA4067,07:43.2
1101,COCJFK,TLJR,TELEMETRY JR SUITE,TJ,N,NO MATCH,0,COCJFK,,,,,N,Y,None,JKB0282,47:08.9,corpsvcmtxcutoverrpt_dev,12:24.8,xrdcwddbsuip06,MTX_ACOE_Cutover_Reporting,UI_Excel_Select_Xwalk_Source_Accommodations,facility,*ALL*,QXA4067,07:43.2
1102,COCJFK,TLMJ,TELEMETRY MEDICALLY JUSTIFIED,TM,N,NO MATCH,0,COCJFK,,,,,N,Y,None,JKB0282,47:09.0,corpsvcmtxcutoverrpt_dev,12:24.8,xrdcwddbsuip06,MTX_ACOE_Cutover_Reporting,UI_Excel_Select_Xwalk_Source_Accommodations,facility,*ALL*,QXA4067,07:43.2
1103,COCJFK,TLP,TELEMETRY PRIVATE,TP,N,NO MATCH,0,COCJFK,,,,,N,Y,None,JKB0282,47:09.1,corpsvcmtxcutoverrpt_dev,12:24.8,xrdcwddbsuip06,MTX_ACOE_Cutover_Reporting,UI_Excel_Select_Xwalk_Source_Accommodations,facility,*ALL*,QXA4067,07:43.2
1104,COCJFK,TLS,TELEMETRY SEMI,TS,N,NO MATCH,0,COCJFK,,,,,N,Y,None,JKB0282,47:09.2,corpsvcmtxcutoverrpt_dev,12:24.8,xrdcwddbsuip06,MTX_ACOE_Cutover_Reporting,UI_Excel_Select_Xwalk_Source_Accommodations,facility,*ALL*,QXA4067,07:43.2
1105,COCJFK,TLVIP,TELEMETRY VIP SUITE,TV,N,NO MATCH,0,COCJFK,,,,,N,Y,None,JKB0282,47:09.3,corpsvcmtxcutoverrpt_dev,12:24.8,xrdcwddbsuip06,MTX_ACOE_Cutover_Reporting,UI_Excel_Select_Xwalk_Source_Accommodations,facility,*ALL*,QXA4067,07:43.2
1106,COCJFK,TR,Trauma Intensive Care,TR,N,NO MATCH,0,COCJFK,,,,,N,Y,None,JKB0282,47:09.4,corpsvcmtxcutoverrpt_dev,12:24.8,xrdcwddbsuip06,MTX_ACOE_Cutover_Reporting,UI_Excel_Select_Xwalk_Source_Accommodations,facility,*ALL*,QXA4067,07:43.2
1107,COCJFK,VIP,PRIVATE SUITE,VI,N,NO MATCH,0,COCJFK,,,,,N,Y,None,JKB0282,47:09.5,corpsvcmtxcutoverrpt_dev,12:24.8,xrdcwddbsuip06,MTX_ACOE_Cutover_Reporting,UI_Excel_Select_Xwalk_Source_Accommodations,facility,*ALL*,QXA4067,07:43.2
1108,COCJR,ADP,ADOLES-PRIVATE,AP,N,NO MATCH,0,COCTC,,,,,N,Y,None,JKB0282,47:09.6,corpsvcmtxcutoverrpt_sql,41:12.1,xrdcwddbsuip06,MTX_ACOE_Cutover_Reporting,UI_Excel_Select_Xwalk_Source_Accommodations,facility,*ALL*,QXA4067,07:43.2
1109,COCJR,ADS,ADOLE-SEMI PRIVATE,AS,N,NO MATCH,0,COCTC,,,,,N,Y,None,JKB0282,47:09.7,corpsvcmtxcutoverrpt_sql,41:12.1,xrdcwddbsuip06,MTX_ACOE_Cutover_Reporting,UI_Excel_Select_Xwalk_Source_Accommodations,facility,*ALL*,QXA4067,07:43.2
1110,COCJR,B,BABY,NU,N,NO MATCH,0,COCTC,,,,,N,Y,None,JKB0282,47:09.8,corpsvcmtxcutoverrpt_sql,41:12.1,xrdcwddbsuip06,MTX_ACOE_Cutover_Reporting,UI_Excel_Select_Xwalk_Source_Accommodations,facility,*ALL*,QXA4067,07:43.2
1111,COCJR,CCB,CCU BOARDER,CB,N,NO MATCH,0,COCTC,,,,,N,Y,None,JKB0282,47:09.9,corpsvcmtxcutoverrpt_sql,41:12.1,xrdcwddbsuip06,MTX_ACOE_Cutover_Reporting,UI_Excel_Select_Xwalk_Source_Accommodations,facility,*ALL*,QXA4067,07:43.2
1112,COCJR,FR,FURLOUGH,FR,N,NO MATCH,0,COCTC,,,,,N,Y,None,JKB0282,47:10.0,corpsvcmtxcutoverrpt_sql,41:12.1,xrdcwddbsuip06,MTX_ACOE_Cutover_Reporting,UI_Excel_Select_Xwalk_Source_Accommodations,facility,*ALL*,QXA4067,07:43.2
1113,COCJR,IC,INTENSIVE CARE,IC,Y,NO MATCH,0,COCTC,IC,INTENSIVE CARE,IC,Y,Y,N,None,IIU4396,53:54.2,corpsvcmtxcutoverrpt_sql,41:12.1,xrdcwddbsuip06,MTX_ACOE_Cutover_Reporting,UI_Excel_Select_Xwalk_Source_Accommodations,facility,*ALL*,QXA4067,07:43.2
1114,COCJR,ICFMDP,ICF MEDICAID PRIVATE,FP,N,NO MATCH,0,COCTC,,,,,N,Y,None,JKB0282,47:10.1,corpsvcmtxcutoverrpt_sql,41:12.1,xrdcwddbsuip06,MTX_ACOE_Cutover_Reporting,UI_Excel_Select_Xwalk_Source_Accommodations,facility,*ALL*,QXA4067,07:43.2
1115,COCJR,ICFMDS,ICF MEDICAID SEMI PRIVATE,DS,N,NO MATCH,0,COCTC,,,,,N,Y,None,JKB0282,47:10.2,corpsvcmtxcutoverrpt_sql,41:12.1,xrdcwddbsuip06,MTX_ACOE_Cutover_Reporting,UI_Excel_Select_Xwalk_Source_Accommodations,facility,*ALL*,QXA4067,07:43.2
1116,COCJR,ICFSP,ICF  PRIVATE PAY SEMI PRIVATE,IP,N,NO MATCH,0,COCTC,,,,,N,Y,None,JKB0282,47:10.3,corpsvcmtxcutoverrpt_sql,41:12.1,xrdcwddbsuip06,MTX_ACOE_Cutover_Reporting,UI_Excel_Select_Xwalk_Source_Accommodations,facility,*ALL*,QXA4067,07:43.2
1117,COCJR,ICFSPP,ICF SELF PAY PRIVATE,CP,N,NO MATCH,0,COCTC,,,,,N,Y,None,JKB0282,47:10.4,corpsvcmtxcutoverrpt_sql,41:12.1,xrdcwddbsuip06,MTX_ACOE_Cutover_Reporting,UI_Excel_Select_Xwalk_Source_Accommodations,facility,*ALL*,QXA4067,07:43.2
1118,COCJR,ICFSPS,ICF SELF PAY SEMI PRIVATE,CS,N,NO MATCH,0,COCTC,,,,,N,Y,None,JKB0282,47:10.5,corpsvcmtxcutoverrpt_sql,41:12.1,xrdcwddbsuip06,MTX_ACOE_Cutover_Reporting,UI_Excel_Select_Xwalk_Source_Accommodations,facility,*ALL*,QXA4067,07:43.2
1119,COCJR,INFM,INFIRMARY,IF,N,NO MATCH,0,COCTC,,,,,N,Y,None,JKB0282,47:10.6,corpsvcmtxcutoverrpt_sql,41:12.1,xrdcwddbsuip06,MTX_ACOE_Cutover_Reporting,UI_Excel_Select_Xwalk_Source_Accommodations,facility,*ALL*,QXA4067,07:43.2
1120,COCJR,IS,ISOLATION,IS,Y,NO MATCH,0,COCTC,PR,PRIVATE ROOM,P,Y,Y,N,None,IIU4396,53:54.3,corpsvcmtxcutoverrpt_sql,41:12.1,xrdcwddbsuip06,MTX_ACOE_Cutover_Reporting,UI_Excel_Select_Xwalk_Source_Accommodations,facility,*ALL*,QXA4067,07:43.2
1121,COCJR,ISP,ISOLATION - PRIVATE,IR,Y,NO MATCH,0,COCTC,PR,PRIVATE ROOM,P,Y,Y,N,None,IIU4396,53:54.3,corpsvcmtxcutoverrpt_sql,41:12.1,xrdcwddbsuip06,MTX_ACOE_Cutover_Reporting,UI_Excel_Select_Xwalk_Source_Accommodations,facility,*ALL*,QXA4067,07:43.2
1122,COCJR,ISS,ISOLATION - SEMIPRIVATE,IL,Y,NO MATCH,0,COCTC,PR,PRIVATE ROOM,P,Y,Y,N,None,IIU4396,53:54.4,corpsvcmtxcutoverrpt_sql,41:12.1,xrdcwddbsuip06,MTX_ACOE_Cutover_Reporting,UI_Excel_Select_Xwalk_Source_Accommodations,facility,*ALL*,QXA4067,07:43.2
1123,COCJR,O,OVERFLOW,O,N,NO MATCH,0,COCTC,,,,,N,Y,None,JKB0282,47:10.7,corpsvcmtxcutoverrpt_sql,41:12.1,xrdcwddbsuip06,MTX_ACOE_Cutover_Reporting,UI_Excel_Select_Xwalk_Source_Accommodations,facility,*ALL*,QXA4067,07:43.2
1124,COCJR,OS,OBSERVATION,OS,N,NO MATCH,0,COCTC,,,,,N,Y,None,JKB0282,47:10.8,corpsvcmtxcutoverrpt_sql,41:12.1,xrdcwddbsuip06,MTX_ACOE_Cutover_Reporting,UI_Excel_Select_Xwalk_Source_Accommodations,facility,*ALL*,QXA4067,07:43.2
1125,COCJR,P,PRIVATE ROOM,P,Y,NO MATCH,0,COCTC,PR,PRIVATE ROOM,P,Y,Y,N,None,IIU4396,53:54.4,corpsvcmtxcutoverrpt_sql,41:12.1,xrdcwddbsuip06,MTX_ACOE_Cutover_Reporting,UI_Excel_Select_Xwalk_Source_Accommodations,facility,*ALL*,QXA4067,07:43.2
1126,COCJR,PC,PROGRESSIVE CARE,PC,Y,NO MATCH,0,COCTC,PC,PROGRESSIVE CARE,PC,Y,Y,N,None,IIU4396,53:54.4,corpsvcmtxcutoverrpt_sql,41:12.1,xrdcwddbsuip06,MTX_ACOE_Cutover_Reporting,UI_Excel_Select_Xwalk_Source_Accommodations,facility,*ALL*,QXA4067,07:43.2
1127,COCJR,PE,PEDIATRIC,PE,N,NO MATCH,0,COCTC,,,,,N,Y,None,JKB0282,47:10.9,corpsvcmtxcutoverrpt_sql,41:12.1,xrdcwddbsuip06,MTX_ACOE_Cutover_Reporting,UI_Excel_Select_Xwalk_Source_Accommodations,facility,*ALL*,QXA4067,07:43.2
1128,COCJR,PSYA,PSYCHIATRIC ADOLESCENT,PA,N,NO MATCH,0,COCTC,,,,,N,Y,None,JKB0282,47:11.0,corpsvcmtxcutoverrpt_sql,41:12.1,xrdcwddbsuip06,MTX_ACOE_Cutover_Reporting,UI_Excel_Select_Xwalk_Source_Accommodations,facility,*ALL*,QXA4067,07:43.2
1129,COCJR,PSYP,PSYCHIATRIC PRIVATE,PP,Y,NO MATCH,0,COCTC,BH,BEHAVIORAL HEALTH,PS,Y,Y,N,None,IIU4396,53:54.5,corpsvcmtxcutoverrpt_sql,41:12.1,xrdcwddbsuip06,MTX_ACOE_Cutover_Reporting,UI_Excel_Select_Xwalk_Source_Accommodations,facility,*ALL*,QXA4067,07:43.2
1130,COCJR,PSYS,PSYCHIATRIC SEMI PRIVATE,PS,Y,NO MATCH,0,COCTC,BH,BEHAVIORAL HEALTH,PS,Y,Y,N,None,IIU4396,53:54.5,corpsvcmtxcutoverrpt_sql,41:12.1,xrdcwddbsuip06,MTX_ACOE_Cutover_Reporting,UI_Excel_Select_Xwalk_Source_Accommodations,facility,*ALL*,QXA4067,07:43.2
1131,COCJR,RR,RECOVERY ROOM,RR,N,NO MATCH,0,COCTC,,,,,N,Y,None,JKB0282,47:11.1,corpsvcmtxcutoverrpt_sql,41:12.1,xrdcwddbsuip06,MTX_ACOE_Cutover_Reporting,UI_Excel_Select_Xwalk_Source_Accommodations,facility,*ALL*,QXA4067,07:43.2
1132,COCJR,S,SEMI-PRIVATE ROOM,S,Y,NO MATCH,0,COCTC,SP,SEMI PRIVATE,S,Y,Y,N,None,IIU4396,53:54.5,corpsvcmtxcutoverrpt_sql,41:12.1,xrdcwddbsuip06,MTX_ACOE_Cutover_Reporting,UI_Excel_Select_Xwalk_Source_Accommodations,facility,*ALL*,QXA4067,07:43.2
1133,COCJR,SCU,NH SPECIALIZED CARE,SC,N,NO MATCH,0,COCTC,,,,,N,Y,None,JKB0282,47:11.2,corpsvcmtxcutoverrpt_sql,41:12.1,xrdcwddbsuip06,MTX_ACOE_Cutover_Reporting,UI_Excel_Select_Xwalk_Source_Accommodations,facility,*ALL*,QXA4067,07:43.2
1134,COCJR,SNFMCP,SKILLED MEDICARE PRIVATE,MP,N,NO MATCH,0,COCTC,,,,,N,Y,None,JKB0282,47:11.3,corpsvcmtxcutoverrpt_sql,41:12.1,xrdcwddbsuip06,MTX_ACOE_Cutover_Reporting,UI_Excel_Select_Xwalk_Source_Accommodations,facility,*ALL*,QXA4067,07:43.2
1135,COCJR,SNFMCS,SKILLED MEDICARE SEMI PRIVATE,KS,N,NO MATCH,0,COCTC,,,,,N,Y,None,JKB0282,47:11.4,corpsvcmtxcutoverrpt_sql,41:12.1,xrdcwddbsuip06,MTX_ACOE_Cutover_Reporting,UI_Excel_Select_Xwalk_Source_Accommodations,facility,*ALL*,QXA4067,07:43.2
1136,COCJR,SNFMDP,SKILLED MEDICAID PRIVATE,DP,N,NO MATCH,0,COCTC,,,,,N,Y,None,JKB0282,47:11.5,corpsvcmtxcutoverrpt_sql,41:12.1,xrdcwddbsuip06,MTX_ACOE_Cutover_Reporting,UI_Excel_Select_Xwalk_Source_Accommodations,facility,*ALL*,QXA4067,07:43.2
1137,COCJR,SNFMDS,SNF MEDICAID SEMI PRIVATE,MS,N,NO MATCH,0,COCTC,,,,,N,Y,None,JKB0282,47:11.6,corpsvcmtxcutoverrpt_sql,41:12.1,xrdcwddbsuip06,MTX_ACOE_Cutover_Reporting,UI_Excel_Select_Xwalk_Source_Accommodations,facility,*ALL*,QXA4067,07:43.2
1138,COCJR,SNFSP,SKILLED PRIVATE PAY-SEMI PRIVA,SP,N,NO MATCH,0,COCTC,,,,,N,Y,None,JKB0282,47:11.7,corpsvcmtxcutoverrpt_sql,41:12.1,xrdcwddbsuip06,MTX_ACOE_Cutover_Reporting,UI_Excel_Select_Xwalk_Source_Accommodations,facility,*ALL*,QXA4067,07:43.2
1139,COCJR,SNFSPP,SKILLED PRIVATE PAY PRIVATE,KP,N,NO MATCH,0,COCTC,,,,,N,Y,None,JKB0282,47:11.8,corpsvcmtxcutoverrpt_sql,41:12.1,xrdcwddbsuip06,MTX_ACOE_Cutover_Reporting,UI_Excel_Select_Xwalk_Source_Accommodations,facility,*ALL*,QXA4067,07:43.2
1140,COCJR,SNFSPS,SKILLED SELF PAY SEMI-PRIVATE,SS,N,NO MATCH,0,COCTC,,,,,N,Y,None,JKB0282,47:11.9,corpsvcmtxcutoverrpt_sql,41:12.1,xrdcwddbsuip06,MTX_ACOE_Cutover_Reporting,UI_Excel_Select_Xwalk_Source_Accommodations,facility,*ALL*,QXA4067,07:43.2
1141,COCJR,SPEC,SPECIAL CARE BED,SB,Y,NO MATCH,0,COCTC,PR,PRIVATE ROOM,P,Y,Y,N,None,IIU4396,53:54.6,corpsvcmtxcutoverrpt_sql,41:12.1,xrdcwddbsuip06,MTX_ACOE_Cutover_Reporting,UI_Excel_Select_Xwalk_Source_Accommodations,facility,*ALL*,QXA4067,07:43.2
1142,COCJR,TEL,STEPDOWN/TEL,TE,Y,NO MATCH,0,COCTC,TEL,TELEMETRY,TE,Y,Y,N,None,IIU4396,53:54.6,corpsvcmtxcutoverrpt_sql,41:12.1,xrdcwddbsuip06,MTX_ACOE_Cutover_Reporting,UI_Excel_Select_Xwalk_Source_Accommodations,facility,*ALL*,QXA4067,07:43.2
1143,COCJW,CC,CORONARY CARE,CC,Y,NO MATCH,0,COCJW,CC,CORONARY CARE,CC,Y,Y,N,None,IIU4396,36:16.4,corpsvcmtxcutoverrpt_sql,14:03.2,xrdcwddbsuip06,MTX_ACOE_Cutover_Reporting,UI_Excel_Select_Xwalk_Source_Accommodations,facility,*ALL*,QXA4067,07:43.2
1144,COCJW,D,SEMI PRIVATE DETOX,D,Y,NO MATCH,0,COCJW,D,DETOX,D,Y,Y,N,None,IIU4396,36:16.5,corpsvcmtxcutoverrpt_sql,14:03.2,xrdcwddbsuip06,MTX_ACOE_Cutover_Reporting,UI_Excel_Select_Xwalk_Source_Accommodations,facility,*ALL*,QXA4067,07:43.2
1145,COCJW,EC,ECMO,EC,Y,NO MATCH,0,COCJW,EC,ECMO,EC,Y,Y,N,None,IIU4396,36:16.5,corpsvcmtxcutoverrpt_sql,14:03.2,xrdcwddbsuip06,MTX_ACOE_Cutover_Reporting,UI_Excel_Select_Xwalk_Source_Accommodations,facility,*ALL*,QXA4067,07:43.2
1146,COCJW,IC,INTENSIVE CARE,IC,Y,NO MATCH,0,COCJW,IC,INTENSIVE CARE,IC,Y,Y,N,None,IIU4396,36:16.5,corpsvcmtxcutoverrpt_sql,14:03.2,xrdcwddbsuip06,MTX_ACOE_Cutover_Reporting,UI_Excel_Select_Xwalk_Source_Accommodations,facility,*ALL*,QXA4067,07:43.2
1147,COCJW,IS,ISOLATION,IS,Y,NO MATCH,0,COCJW,PR,PRIVATE ROOM,P,Y,Y,N,None,IIU4396,36:16.5,corpsvcmtxcutoverrpt_sql,14:03.2,xrdcwddbsuip06,MTX_ACOE_Cutover_Reporting,UI_Excel_Select_Xwalk_Source_Accommodations,facility,*ALL*,QXA4067,07:43.2
1148,COCJW,ISP,ISOLATION - PRIVATE,IR,Y,NO MATCH,0,COCJW,PR,PRIVATE ROOM,P,Y,Y,N,None,IIU4396,36:16.6,corpsvcmtxcutoverrpt_sql,14:03.2,xrdcwddbsuip06,MTX_ACOE_Cutover_Reporting,UI_Excel_Select_Xwalk_Source_Accommodations,facility,*ALL*,QXA4067,07:43.2
1149,COCJW,ISS,ISOLATION - SEMIPRIVATE,IL,Y,NO MATCH,0,COCJW,PR,PRIVATE ROOM,P,Y,Y,N,None,IIU4396,36:16.6,corpsvcmtxcutoverrpt_sql,14:03.2,xrdcwddbsuip06,MTX_ACOE_Cutover_Reporting,UI_Excel_Select_Xwalk_Source_Accommodations,facility,*ALL*,QXA4067,07:43.2
1150,COCJW,L1,NEWBORN,L1,Y,NO MATCH,0,COCJW,L1,NEWBORN LEVEL I CARE,L1,Y,Y,N,None,IIU4396,36:16.6,corpsvcmtxcutoverrpt_sql,14:03.2,xrdcwddbsuip06,MTX_ACOE_Cutover_Reporting,UI_Excel_Select_Xwalk_Source_Accommodations,facility,*ALL*,QXA4067,07:43.2
1151,COCJW,L2,NEWBORN LEVEL II,L2,Y,NO MATCH,0,COCJW,L2,NEWBORN LEVEL II CARE,L2,Y,Y,N,None,IIU4396,36:16.7,corpsvcmtxcutoverrpt_sql,14:03.2,xrdcwddbsuip06,MTX_ACOE_Cutover_Reporting,UI_Excel_Select_Xwalk_Source_Accommodations,facility,*ALL*,QXA4067,07:43.2
1152,COCJW,L3,NEWBORN NICU LEVEL III,L3,Y,NO MATCH,0,COCJW,L3,NEWBORN LEVEL III CARE,L3,Y,Y,N,None,IIU4396,36:16.7,corpsvcmtxcutoverrpt_sql,14:03.2,xrdcwddbsuip06,MTX_ACOE_Cutover_Reporting,UI_Excel_Select_Xwalk_Source_Accommodations,facility,*ALL*,QXA4067,07:43.2
1153,COCJW,L4,NEWBORN NICU LEVEL IV,L4,Y,NO MATCH,0,COCJW,L4,NEWBORN LEVEL IV CARE,L4,Y,Y,N,None,IIU4396,36:16.7,corpsvcmtxcutoverrpt_sql,14:03.2,xrdcwddbsuip06,MTX_ACOE_Cutover_Reporting,UI_Excel_Select_Xwalk_Source_Accommodations,facility,*ALL*,QXA4067,07:43.2
1154,COCJW,MI,MEDICAL ICU,MI,N,NO MATCH,0,COCJW,,,,,N,Y,None,DJU8757,35:00.1,corpsvcmtxcutoverrpt_sql,14:03.2,xrdcwddbsuip06,MTX_ACOE_Cutover_Reporting,UI_Excel_Select_Xwalk_Source_Accommodations,facility,*ALL*,QXA4067,07:43.2
1155,COCJW,NB,NEWBORN WELL BABY,NB,Y,NO MATCH,0,COCJW,L1,NEWBORN LEVEL I CARE,L1,Y,Y,N,None,DJU8757,50:26.1,corpsvcmtxcutoverrpt_sql,14:03.2,xrdcwddbsuip06,MTX_ACOE_Cutover_Reporting,UI_Excel_Select_Xwalk_Source_Accommodations,facility,*ALL*,QXA4067,07:43.2
1156,COCJW,NEU,NEURO ICU,NE,N,NO MATCH,0,COCJW,,,,,N,Y,None,DJU8757,35:00.1,corpsvcmtxcutoverrpt_sql,14:03.2,xrdcwddbsuip06,MTX_ACOE_Cutover_Reporting,UI_Excel_Select_Xwalk_Source_Accommodations,facility,*ALL*,QXA4067,07:43.2
1157,COCJW,OS,OBSERVATION,OS,N,NO MATCH,0,COCJW,,,,,N,Y,None,DJU8757,35:00.2,corpsvcmtxcutoverrpt_sql,14:03.2,xrdcwddbsuip06,MTX_ACOE_Cutover_Reporting,UI_Excel_Select_Xwalk_Source_Accommodations,facility,*ALL*,QXA4067,07:43.2
1158,COCJW,P,PRIVATE ROOM,P,Y,NO MATCH,0,COCJW,PR,PRIVATE ROOM,P,Y,Y,N,None,IIU4396,36:16.8,corpsvcmtxcutoverrpt_sql,14:03.2,xrdcwddbsuip06,MTX_ACOE_Cutover_Reporting,UI_Excel_Select_Xwalk_Source_Accommodations,facility,*ALL*,QXA4067,07:43.2
1159,COCJW,PC,PROGRESSIVE CARE,PC,Y,NO MATCH,0,COCJW,PC,PROGRESSIVE CARE,PC,Y,Y,N,None,IIU4396,36:16.8,corpsvcmtxcutoverrpt_sql,14:03.2,xrdcwddbsuip06,MTX_ACOE_Cutover_Reporting,UI_Excel_Select_Xwalk_Source_Accommodations,facility,*ALL*,QXA4067,07:43.2
1160,COCJW,PI,PICU,PI,Y,NO MATCH,0,COCJW,IC,INTENSIVE CARE,IC,Y,Y,N,None,IIU4396,36:16.8,corpsvcmtxcutoverrpt_sql,14:03.2,xrdcwddbsuip06,MTX_ACOE_Cutover_Reporting,UI_Excel_Select_Xwalk_Source_Accommodations,facility,*ALL*,QXA4067,07:43.2
1161,COCJW,PSC,PEDIATRIC SPECIAL CARE,PD,Y,NO MATCH,0,COCJW,PR,PRIVATE ROOM,P,Y,Y,N,None,IIU4396,36:16.9,corpsvcmtxcutoverrpt_sql,14:03.2,xrdcwddbsuip06,MTX_ACOE_Cutover_Reporting,UI_Excel_Select_Xwalk_Source_Accommodations,facility,*ALL*,QXA4067,07:43.2
1162,COCJW,RAP,RAPHA,RA,N,NO MATCH,0,COCJW,,,,,N,Y,None,DJU8757,35:00.2,corpsvcmtxcutoverrpt_sql,14:03.2,xrdcwddbsuip06,MTX_ACOE_Cutover_Reporting,UI_Excel_Select_Xwalk_Source_Accommodations,facility,*ALL*,QXA4067,07:43.2
1163,COCJW,RS,REHAB SEMI-PRIVATE,RS,N,NO MATCH,0,COCJW,,,,,N,Y,None,DJU8757,35:00.3,corpsvcmtxcutoverrpt_sql,14:03.2,xrdcwddbsuip06,MTX_ACOE_Cutover_Reporting,UI_Excel_Select_Xwalk_Source_Accommodations,facility,*ALL*,QXA4067,07:43.2
1164,COCJW,S,SEMI-PRIVATE ROOM,S,Y,NO MATCH,0,COCJW,SP,SEMI PRIVATE ROOM,SP,Y,Y,N,None,IIU4396,36:16.9,corpsvcmtxcutoverrpt_sql,14:03.2,xrdcwddbsuip06,MTX_ACOE_Cutover_Reporting,UI_Excel_Select_Xwalk_Source_Accommodations,facility,*ALL*,QXA4067,07:43.2
1165,COCJW,SPEC,SPECIAL CARE BED,SB,Y,NO MATCH,0,COCJW,PR,PRIVATE ROOM,P,Y,Y,N,None,IIU4396,36:16.9,corpsvcmtxcutoverrpt_sql,14:03.2,xrdcwddbsuip06,MTX_ACOE_Cutover_Reporting,UI_Excel_Select_Xwalk_Source_Accommodations,facility,*ALL*,QXA4067,07:43.2
1166,COCJW,TEL,STEPDOWN/TEL,TE,Y,NO MATCH,0,COCJW,TEL,TELEMETRY,TE,Y,Y,N,None,IIU4396,36:17.0,corpsvcmtxcutoverrpt_sql,14:03.2,xrdcwddbsuip06,MTX_ACOE_Cutover_Reporting,UI_Excel_Select_Xwalk_Source_Accommodations,facility,*ALL*,QXA4067,07:43.2
1167,COCJW,TR,TRAUMA,TR,Y,NO MATCH,0,COCJW,TR,TRAUMA,TR,Y,Y,N,None,IIU4396,36:17.0,corpsvcmtxcutoverrpt_sql,14:03.2,xrdcwddbsuip06,MTX_ACOE_Cutover_Reporting,UI_Excel_Select_Xwalk_Source_Accommodations,facility,*ALL*,QXA4067,07:43.2
1168,COCKN,___N/A___20260602140542,Net New Expanse Accommodation--no MT56 data,___,N,"TEST (2026-09-20),ZCON (2026-09-20),LIVE (2026-09-04)",0,COCKN,LDHR,LABOR AND DELIVERY HIGH RISK,LR,Y,Y,N,None,KSI8889,07:20.2,HCA\ksi8889,05:42.8,xrdcwddbsuip06,MTX_ACOE_Cutover_Reporting,UI_Excel_Select_Xwalk_Source_Accommodations,facility,*ALL*,QXA4067,07:43.2
1169,COCKN,___N/A___20260602140628,Net New Expanse Accommodation--no MT56 data,___,N,"TEST (2026-09-20),ZCON (2026-09-20),LIVE (2026-09-04)",0,COCKN,AP,ANTEPARTUM,AP,Y,Y,N,None,KSI8889,07:20.3,HCA\ksi8889,06:28.6,xrdcwddbsuip06,MTX_ACOE_Cutover_Reporting,UI_Excel_Select_Xwalk_Source_Accommodations,facility,*ALL*,QXA4067,07:43.2
1170,COCKN,BBABY,BOARDER BABY,BB,N,NO MATCH,0,COCKN,,,,,N,Y,None,KSI8889,49:20.4,corpsvcmtxcutoverrpt_sql,06:33.6,xrdcwddbsuip06,MTX_ACOE_Cutover_Reporting,UI_Excel_Select_Xwalk_Source_Accommodations,facility,*ALL*,QXA4067,07:43.2
1171,COCKN,BURN,Burn Intensive Care,BU,Y,"TEST (2026-09-20),ZCON (2026-09-20),LIVE (2026-09-04)",9,COCKN,BIC,BURN INTENSIVE CARE,BI,Y,Y,N,None,KSI8889,17:21.4,corpsvcmtxcutoverrpt_sql,06:33.6,xrdcwddbsuip06,MTX_ACOE_Cutover_Reporting,UI_Excel_Select_Xwalk_Source_Accommodations,facility,*ALL*,QXA4067,07:43.2
1172,COCKN,BURNICU,BURN ICU,BC,N,NO MATCH,0,COCKN,,,,,N,Y,None,KSI8889,49:20.4,corpsvcmtxcutoverrpt_sql,06:33.6,xrdcwddbsuip06,MTX_ACOE_Cutover_Reporting,UI_Excel_Select_Xwalk_Source_Accommodations,facility,*ALL*,QXA4067,07:43.2
1173,COCKN,BURNIM,BURN INTERMEDIATE CARE,BM,N,NO MATCH,0,COCKN,,,,,N,Y,None,KSI8889,49:20.4,corpsvcmtxcutoverrpt_sql,06:33.6,xrdcwddbsuip06,MTX_ACOE_Cutover_Reporting,UI_Excel_Select_Xwalk_Source_Accommodations,facility,*ALL*,QXA4067,07:43.2
1174,COCKN,BURNIS,BURN ISOLATION,BI,N,NO MATCH,0,COCKN,,,,,N,Y,None,KSI8889,49:20.4,corpsvcmtxcutoverrpt_sql,06:33.6,xrdcwddbsuip06,MTX_ACOE_Cutover_Reporting,UI_Excel_Select_Xwalk_Source_Accommodations,facility,*ALL*,QXA4067,07:43.2
1175,COCKN,BURNP,BURN PRIVATE,BP,N,NO MATCH,0,COCKN,,,,,N,Y,None,KSI8889,49:20.5,corpsvcmtxcutoverrpt_sql,06:33.6,xrdcwddbsuip06,MTX_ACOE_Cutover_Reporting,UI_Excel_Select_Xwalk_Source_Accommodations,facility,*ALL*,QXA4067,07:43.2
1176,COCKN,BURNSP,BURN SEMI-PRIVATE,BS,N,NO MATCH,0,COCKN,,,,,N,Y,None,KSI8889,49:20.5,corpsvcmtxcutoverrpt_sql,06:33.6,xrdcwddbsuip06,MTX_ACOE_Cutover_Reporting,UI_Excel_Select_Xwalk_Source_Accommodations,facility,*ALL*,QXA4067,07:43.2
1177,COCKN,BURNTEL,BURN TELEMETRY,BT,N,NO MATCH,0,COCKN,,,,,N,Y,None,KSI8889,49:20.5,corpsvcmtxcutoverrpt_sql,06:33.6,xrdcwddbsuip06,MTX_ACOE_Cutover_Reporting,UI_Excel_Select_Xwalk_Source_Accommodations,facility,*ALL*,QXA4067,07:43.2
1178,COCKN,CCUE,INTERMEDIATE CARE INACTIVE,,N,NO MATCH,0,COCKN,,,,,N,Y,None,KSI8889,49:20.6,corpsvcmtxcutoverrpt_sql,06:33.6,xrdcwddbsuip06,MTX_ACOE_Cutover_Reporting,UI_Excel_Select_Xwalk_Source_Accommodations,facility,*ALL*,QXA4067,07:43.2
1179,COCKN,CV,CVICU,CV,N,NO MATCH,0,COCKN,,,,,N,Y,None,KSI8889,49:20.6,corpsvcmtxcutoverrpt_sql,06:33.6,xrdcwddbsuip06,MTX_ACOE_Cutover_Reporting,UI_Excel_Select_Xwalk_Source_Accommodations,facility,*ALL*,QXA4067,07:43.2
1180,COCKN,DX,Detox,DX,N,NO MATCH,0,COCKN,,,,,N,Y,None,KSI8889,49:20.6,corpsvcmtxcutoverrpt_sql,06:33.6,xrdcwddbsuip06,MTX_ACOE_Cutover_Reporting,UI_Excel_Select_Xwalk_Source_Accommodations,facility,*ALL*,QXA4067,07:43.2
1181,COCKN,EC,INTENSIVE CARE WITH ECMO,EC,Y,"TEST (2026-09-20),ZCON (2026-09-20),LIVE (2026-09-04)",0,COCKN,EC,ECMO,EC,Y,Y,N,None,KSI8889,17:21.5,corpsvcmtxcutoverrpt_sql,06:33.6,xrdcwddbsuip06,MTX_ACOE_Cutover_Reporting,UI_Excel_Select_Xwalk_Source_Accommodations,facility,*ALL*,QXA4067,07:43.2
1182,COCKN,ECBR,ICU BURN W ECMO,EB,Y,"TEST (2026-09-20),ZCON (2026-09-20),LIVE (2026-09-04)",0,COCKN,BEC,BURN WITH ECMO,EB,Y,Y,N,None,KSI8889,20:33.8,corpsvcmtxcutoverrpt_sql,06:33.6,xrdcwddbsuip06,MTX_ACOE_Cutover_Reporting,UI_Excel_Select_Xwalk_Source_Accommodations,facility,*ALL*,QXA4067,07:43.2
1183,COCKN,ECTR,ICU TRAUMA W ECMO,ET,Y,"TEST (2026-09-20),ZCON (2026-09-20),LIVE (2026-09-04)",0,COCKN,TREC,TRAUMA WITH ECMO,ET,Y,Y,N,None,KSI8889,17:21.5,corpsvcmtxcutoverrpt_sql,06:33.6,xrdcwddbsuip06,MTX_ACOE_Cutover_Reporting,UI_Excel_Select_Xwalk_Source_Accommodations,facility,*ALL*,QXA4067,07:43.2
1184,COCKN,IC,INTENSIVE CARE,IN,Y,"TEST (2026-09-20),ZCON (2026-09-20),LIVE (2026-09-04)",88,COCKN,IC,INTENSIVE CARE,IC,Y,Y,N,None,KSI8889,17:21.6,corpsvcmtxcutoverrpt_sql,06:33.6,xrdcwddbsuip06,MTX_ACOE_Cutover_Reporting,UI_Excel_Select_Xwalk_Source_Accommodations,facility,*ALL*,QXA4067,07:43.2
1185,COCKN,ICU,INTENSIVE CARE INACTIVE,,N,NO MATCH,0,COCKN,,,,,N,Y,None,KSI8889,49:20.7,corpsvcmtxcutoverrpt_sql,06:33.6,xrdcwddbsuip06,MTX_ACOE_Cutover_Reporting,UI_Excel_Select_Xwalk_Source_Accommodations,facility,*ALL*,QXA4067,07:43.2
1186,COCKN,IM,INTERMEDIATE CARE,IR,Y,"TEST (2026-09-20),ZCON (2026-09-20),LIVE (2026-09-04)",141,COCKN,PC,PROGRESSIVE CARE,PC,Y,Y,N,None,KSI8889,17:21.6,corpsvcmtxcutoverrpt_sql,06:33.6,xrdcwddbsuip06,MTX_ACOE_Cutover_Reporting,UI_Excel_Select_Xwalk_Source_Accommodations,facility,*ALL*,QXA4067,07:43.2
1187,COCKN,IMCU,Intermediate Care CCU,CR,Y,"TEST (2026-09-20),ZCON (2026-09-20),LIVE (2026-09-04)",98,COCKN,PCCC,PROGRESSIVE CARE CCU,PU,Y,Y,N,None,KSI8889,17:21.6,corpsvcmtxcutoverrpt_sql,06:33.6,xrdcwddbsuip06,MTX_ACOE_Cutover_Reporting,UI_Excel_Select_Xwalk_Source_Accommodations,facility,*ALL*,QXA4067,07:43.2
1188,COCKN,ISO,ISOLATION,IS,N,NO MATCH,0,COCKN,,,,,N,Y,None,KSI8889,49:20.7,corpsvcmtxcutoverrpt_sql,06:33.6,xrdcwddbsuip06,MTX_ACOE_Cutover_Reporting,UI_Excel_Select_Xwalk_Source_Accommodations,facility,*ALL*,QXA4067,07:43.2
1189,COCKN,L1,NEWBORN LEVEL I,L1,Y,"TEST (2026-09-20),ZCON (2026-09-20),LIVE (2026-09-04)",53,COCKN,L1,NEWBORN LEVEL I CARE,L1,Y,Y,N,None,KSI8889,17:21.7,corpsvcmtxcutoverrpt_sql,06:33.6,xrdcwddbsuip06,MTX_ACOE_Cutover_Reporting,UI_Excel_Select_Xwalk_Source_Accommodations,facility,*ALL*,QXA4067,07:43.2
1190,COCKN,L2,NEWBORN LEVEL II,L2,Y,"TEST (2026-09-20),ZCON (2026-09-20),LIVE (2026-09-04)",54,COCKN,L2,NEWBORN LEVEL II CARE,L2,Y,Y,N,None,KSI8889,17:21.7,corpsvcmtxcutoverrpt_sql,06:33.6,xrdcwddbsuip06,MTX_ACOE_Cutover_Reporting,UI_Excel_Select_Xwalk_Source_Accommodations,facility,*ALL*,QXA4067,07:43.2
1191,COCKN,L3,NEWBORN LEVEL III,L3,Y,"TEST (2026-09-20),ZCON (2026-09-20),LIVE (2026-09-04)",10,COCKN,L3,NEWBORN LEVEL III CARE,L3,Y,Y,N,None,KSI8889,17:21.7,corpsvcmtxcutoverrpt_sql,06:33.6,xrdcwddbsuip06,MTX_ACOE_Cutover_Reporting,UI_Excel_Select_Xwalk_Source_Accommodations,facility,*ALL*,QXA4067,07:43.2
1192,COCKN,L4,NEWBORN LEVEL IV,L4,Y,"TEST (2026-09-20),ZCON (2026-09-20),LIVE (2026-09-04)",4,COCKN,L4,NEWBORN LEVEL IV CARE,L4,Y,Y,N,None,KSI8889,17:21.7,corpsvcmtxcutoverrpt_sql,06:33.6,xrdcwddbsuip06,MTX_ACOE_Cutover_Reporting,UI_Excel_Select_Xwalk_Source_Accommodations,facility,*ALL*,QXA4067,07:43.2
1193,COCKN,LA,LEAVE OF ABSENCE,LA,N,NO MATCH,0,COCKN,,,,,N,Y,None,KSI8889,49:20.7,corpsvcmtxcutoverrpt_sql,06:33.6,xrdcwddbsuip06,MTX_ACOE_Cutover_Reporting,UI_Excel_Select_Xwalk_Source_Accommodations,facility,*ALL*,QXA4067,07:43.2
1194,COCKN,LD,LABOR & DELIVERY,LD,Y,"TEST (2026-09-20),ZCON (2026-09-20),LIVE (2026-09-04)",32,COCKN,LD,LABOR AND DELIVERY,LD,Y,Y,N,None,KSI8889,17:21.8,corpsvcmtxcutoverrpt_sql,06:33.6,xrdcwddbsuip06,MTX_ACOE_Cutover_Reporting,UI_Excel_Select_Xwalk_Source_Accommodations,facility,*ALL*,QXA4067,07:43.2
1195,COCKN,MJ,MEDICALLY JUSTIFIED,MJ,N,NO MATCH,0,COCKN,,,,,N,Y,None,KSI8889,49:20.8,corpsvcmtxcutoverrpt_sql,06:33.6,xrdcwddbsuip06,MTX_ACOE_Cutover_Reporting,UI_Excel_Select_Xwalk_Source_Accommodations,facility,*ALL*,QXA4067,07:43.2
1196,COCKN,MS,Med Surg,MD,Y,"TEST (2026-09-20),ZCON (2026-09-20),LIVE (2026-09-04)",833,COCKN,MS,MED SURG,MS,Y,Y,N,None,KSI8889,17:21.8,corpsvcmtxcutoverrpt_sql,06:33.6,xrdcwddbsuip06,MTX_ACOE_Cutover_Reporting,UI_Excel_Select_Xwalk_Source_Accommodations,facility,*ALL*,QXA4067,07:43.2
1197,COCKN,N1,NICU Level 1,NO,N,NO MATCH,0,COCKN,,,,,N,Y,None,KSI8889,49:20.8,corpsvcmtxcutoverrpt_sql,06:33.6,xrdcwddbsuip06,MTX_ACOE_Cutover_Reporting,UI_Excel_Select_Xwalk_Source_Accommodations,facility,*ALL*,QXA4067,07:43.2
1198,COCKN,N2,NICU Level 2,NT,Y,"TEST (2026-09-20),ZCON (2026-09-20),LIVE (2026-09-04)",0,COCKN,L2,NEWBORN LEVEL II CARE,L2,Y,Y,N,None,KSI8889,16:58.2,corpsvcmtxcutoverrpt_sql,06:33.6,xrdcwddbsuip06,MTX_ACOE_Cutover_Reporting,UI_Excel_Select_Xwalk_Source_Accommodations,facility,*ALL*,QXA4067,07:43.2
1199,COCKN,N3,NICU Level 3,N3,Y,"TEST (2026-09-20),ZCON (2026-09-20),LIVE (2026-09-04)",0,COCKN,L3,NEWBORN LEVEL III CARE,L3,Y,Y,N,None,KSI8889,16:58.2,corpsvcmtxcutoverrpt_sql,06:33.6,xrdcwddbsuip06,MTX_ACOE_Cutover_Reporting,UI_Excel_Select_Xwalk_Source_Accommodations,facility,*ALL*,QXA4067,07:43.2
1200,COCKN,N4,NICU Level 4,N4,Y,"TEST (2026-09-20),ZCON (2026-09-20),LIVE (2026-09-04)",0,COCKN,L4,NEWBORN LEVEL IV CARE,L4,Y,Y,N,None,KSI8889,16:58.2,corpsvcmtxcutoverrpt_sql,06:33.6,xrdcwddbsuip06,MTX_ACOE_Cutover_Reporting,UI_Excel_Select_Xwalk_Source_Accommodations,facility,*ALL*,QXA4067,07:43.2
1201,COCKN,NB,Newborn Basic Care,NB,Y,"TEST (2026-09-20),ZCON (2026-09-20),LIVE (2026-09-04)",3,COCKN,L1,NEWBORN LEVEL I CARE,L1,Y,Y,N,None,KSI8889,16:58.3,corpsvcmtxcutoverrpt_sql,06:33.6,xrdcwddbsuip06,MTX_ACOE_Cutover_Reporting,UI_Excel_Select_Xwalk_Source_Accommodations,facility,*ALL*,QXA4067,07:43.2
1202,COCKN,NICU,NEONATAL LEVEL II,NI,N,NO MATCH,0,COCKN,,,,,N,Y,None,KSI8889,49:20.8,corpsvcmtxcutoverrpt_sql,06:33.6,xrdcwddbsuip06,MTX_ACOE_Cutover_Reporting,UI_Excel_Select_Xwalk_Source_Accommodations,facility,*ALL*,QXA4067,07:43.2
1203,COCKN,NICUISO,NICU LEVEL II ISOLATION,NP,N,NO MATCH,0,COCKN,,,,,N,Y,None,KSI8889,49:20.8,corpsvcmtxcutoverrpt_sql,06:33.6,xrdcwddbsuip06,MTX_ACOE_Cutover_Reporting,UI_Excel_Select_Xwalk_Source_Accommodations,facility,*ALL*,QXA4067,07:43.2
1204,COCKN,NICUSD,NICU STEP DOWN,ND,N,NO MATCH,0,COCKN,,,,,N,Y,None,KSI8889,49:20.9,corpsvcmtxcutoverrpt_sql,06:33.6,xrdcwddbsuip06,MTX_ACOE_Cutover_Reporting,UI_Excel_Select_Xwalk_Source_Accommodations,facility,*ALL*,QXA4067,07:43.2
1205,COCKN,NSY,NURSERY,NU,N,NO MATCH,0,COCKN,,,,,N,Y,None,KSI8889,49:20.9,corpsvcmtxcutoverrpt_sql,06:33.6,xrdcwddbsuip06,MTX_ACOE_Cutover_Reporting,UI_Excel_Select_Xwalk_Source_Accommodations,facility,*ALL*,QXA4067,07:43.2
1206,COCKN,NSYII,BABY IN ROOM WITH MOTHER,NS,N,NO MATCH,0,COCKN,,,,,N,Y,None,KSI8889,49:20.9,corpsvcmtxcutoverrpt_sql,06:33.6,xrdcwddbsuip06,MTX_ACOE_Cutover_Reporting,UI_Excel_Select_Xwalk_Source_Accommodations,facility,*ALL*,QXA4067,07:43.2
1207,COCKN,OB,OBSERVATION,OB,N,NO MATCH,0,COCKN,,,,,N,Y,None,KSI8889,49:20.9,corpsvcmtxcutoverrpt_sql,06:33.6,xrdcwddbsuip06,MTX_ACOE_Cutover_Reporting,UI_Excel_Select_Xwalk_Source_Accommodations,facility,*ALL*,QXA4067,07:43.2
1208,COCKN,OC,Obstetrics,OC,Y,"TEST (2026-09-20),ZCON (2026-09-20),LIVE (2026-09-04)",86,COCKN,M,MEDICAL,M,Y,Y,N,None,KSI8889,17:21.9,corpsvcmtxcutoverrpt_sql,06:33.6,xrdcwddbsuip06,MTX_ACOE_Cutover_Reporting,UI_Excel_Select_Xwalk_Source_Accommodations,facility,*ALL*,QXA4067,07:43.2
1209,COCKN,OG,OBSTETRICS GYNECOLOGY,OG,N,NO MATCH,0,COCKN,,,,,N,Y,None,KSI8889,49:21.0,corpsvcmtxcutoverrpt_sql,06:33.6,xrdcwddbsuip06,MTX_ACOE_Cutover_Reporting,UI_Excel_Select_Xwalk_Source_Accommodations,facility,*ALL*,QXA4067,07:43.2
1210,COCKN,OP,OUTPATIENT,OP,N,NO MATCH,0,COCKN,,,,,N,Y,None,KSI8889,3/27/2026 15:49,corpsvcmtxcutoverrpt_sql,06:33.6,xrdcwddbsuip06,MTX_ACOE_Cutover_Reporting,UI_Excel_Select_Xwalk_Source_Accommodations,facility,*ALL*,QXA4067,07:43.2
1211,COCKN,P,PRIVATE,P,N,NO MATCH,0,COCKN,,,,,N,Y,None,KSI8889,49:21.0,corpsvcmtxcutoverrpt_sql,06:33.6,xrdcwddbsuip06,MTX_ACOE_Cutover_Reporting,UI_Excel_Select_Xwalk_Source_Accommodations,facility,*ALL*,QXA4067,07:43.2
1212,COCKN,P-MED/SURG,PRIVATE MED/SURG,,N,NO MATCH,0,COCKN,,,,,N,Y,None,KSI8889,49:21.0,corpsvcmtxcutoverrpt_sql,06:33.6,xrdcwddbsuip06,MTX_ACOE_Cutover_Reporting,UI_Excel_Select_Xwalk_Source_Accommodations,facility,*ALL*,QXA4067,07:43.2
1213,COCKN,PEDICU,PEDIATRIC ICU,PC,N,NO MATCH,0,COCKN,,,,,N,Y,None,KSI8889,49:21.1,corpsvcmtxcutoverrpt_sql,06:33.6,xrdcwddbsuip06,MTX_ACOE_Cutover_Reporting,UI_Excel_Select_Xwalk_Source_Accommodations,facility,*ALL*,QXA4067,07:43.2
1214,COCKN,PEDS,Pediatrics,PE,Y,"TEST (2026-09-20),ZCON (2026-09-20),LIVE (2026-09-04)",23,COCKN,P,PEDIATRIC,P,Y,Y,N,None,KSI8889,17:21.9,corpsvcmtxcutoverrpt_sql,06:33.6,xrdcwddbsuip06,MTX_ACOE_Cutover_Reporting,UI_Excel_Select_Xwalk_Source_Accommodations,facility,*ALL*,QXA4067,07:43.2
1215,COCKN,PI,PEDIATRIC ISOLATION,PI,N,NO MATCH,0,COCKN,,,,,N,Y,None,KSI8889,49:21.1,corpsvcmtxcutoverrpt_sql,06:33.6,xrdcwddbsuip06,MTX_ACOE_Cutover_Reporting,UI_Excel_Select_Xwalk_Source_Accommodations,facility,*ALL*,QXA4067,07:43.2
1216,COCKN,PICU,PICU,PD,Y,"TEST (2026-09-20),ZCON (2026-09-20),LIVE (2026-09-04)",10,COCKN,PIC,PEDIATRIC INTENSIVE CARE,PI,Y,Y,N,None,KSI8889,17:22.0,corpsvcmtxcutoverrpt_sql,06:33.6,xrdcwddbsuip06,MTX_ACOE_Cutover_Reporting,UI_Excel_Select_Xwalk_Source_Accommodations,facility,*ALL*,QXA4067,07:43.2
1217,COCKN,PN,Perinatal Unit,PN,Y,"TEST (2026-09-20),ZCON (2026-09-20),LIVE (2026-09-04)",0,COCKN,AP,ANTEPARTUM,AP,Y,Y,N,None,KSI8889,16:58.3,corpsvcmtxcutoverrpt_sql,06:33.6,xrdcwddbsuip06,MTX_ACOE_Cutover_Reporting,UI_Excel_Select_Xwalk_Source_Accommodations,facility,*ALL*,QXA4067,07:43.2
1218,COCKN,PP,PEDIATRIC PRIVATE,PP,N,NO MATCH,0,COCKN,,,,,N,Y,None,KSI8889,49:21.1,corpsvcmtxcutoverrpt_sql,06:33.6,xrdcwddbsuip06,MTX_ACOE_Cutover_Reporting,UI_Excel_Select_Xwalk_Source_Accommodations,facility,*ALL*,QXA4067,07:43.2
1219,COCKN,PS,PEDIATRIC SEMIPRIVATE MED-SURG,PS,N,NO MATCH,0,COCKN,,,,,N,Y,None,KSI8889,49:21.2,corpsvcmtxcutoverrpt_sql,06:33.6,xrdcwddbsuip06,MTX_ACOE_Cutover_Reporting,UI_Excel_Select_Xwalk_Source_Accommodations,facility,*ALL*,QXA4067,07:43.2
1220,COCKN,PSY,Psych,PY,Y,"TEST (2026-09-20),ZCON (2026-09-20),LIVE (2026-09-04)",0,COCKN,BH,BEHAVIORAL HEALTH,BH,Y,Y,N,None,KSI8889,17:22.0,corpsvcmtxcutoverrpt_sql,06:33.6,xrdcwddbsuip06,MTX_ACOE_Cutover_Reporting,UI_Excel_Select_Xwalk_Source_Accommodations,facility,*ALL*,QXA4067,07:43.2
1221,COCKN,PT,PEDIATRIC TELEMETRY,PT,N,NO MATCH,0,COCKN,,,,,N,Y,None,KSI8889,49:21.2,corpsvcmtxcutoverrpt_sql,06:33.6,xrdcwddbsuip06,MTX_ACOE_Cutover_Reporting,UI_Excel_Select_Xwalk_Source_Accommodations,facility,*ALL*,QXA4067,07:43.2
1222,COCKN,RH,Rehabilitation,RH,N,NO MATCH,0,COCKN,,,,,N,Y,None,KSI8889,49:21.2,corpsvcmtxcutoverrpt_sql,06:33.6,xrdcwddbsuip06,MTX_ACOE_Cutover_Reporting,UI_Excel_Select_Xwalk_Source_Accommodations,facility,*ALL*,QXA4067,07:43.2
1223,COCKN,SB,SWING BED,SB,Y,"TEST (2026-09-20),ZCON (2026-09-20),LIVE (2026-09-04)",0,COCKN,M,MEDICAL,M,Y,Y,N,None,KSI8889,16:58.3,corpsvcmtxcutoverrpt_sql,06:33.6,xrdcwddbsuip06,MTX_ACOE_Cutover_Reporting,UI_Excel_Select_Xwalk_Source_Accommodations,facility,*ALL*,QXA4067,07:43.2
1224,COCKN,SP,SEMI-PRIVATE MED-SURG,SP,N,NO MATCH,0,COCKN,,,,,N,Y,None,KSI8889,49:21.2,corpsvcmtxcutoverrpt_sql,06:33.6,xrdcwddbsuip06,MTX_ACOE_Cutover_Reporting,UI_Excel_Select_Xwalk_Source_Accommodations,facility,*ALL*,QXA4067,07:43.2
1225,COCKN,SP-MED/SUR,SEMI-PRIVATE MED/SURG,,N,NO MATCH,0,COCKN,,,,,N,Y,None,KSI8889,49:21.3,corpsvcmtxcutoverrpt_sql,06:33.6,xrdcwddbsuip06,MTX_ACOE_Cutover_Reporting,UI_Excel_Select_Xwalk_Source_Accommodations,facility,*ALL*,QXA4067,07:43.2
1226,COCKN,SPTEL,TELEMETRY,TL,N,NO MATCH,0,COCKN,,,,,N,Y,None,KSI8889,49:21.3,corpsvcmtxcutoverrpt_sql,06:33.6,xrdcwddbsuip06,MTX_ACOE_Cutover_Reporting,UI_Excel_Select_Xwalk_Source_Accommodations,facility,*ALL*,QXA4067,07:43.2
1227,COCKN,ST,OB SUITE,,N,NO MATCH,0,COCKN,,,,,N,Y,None,KSI8889,49:21.3,corpsvcmtxcutoverrpt_sql,06:33.6,xrdcwddbsuip06,MTX_ACOE_Cutover_Reporting,UI_Excel_Select_Xwalk_Source_Accommodations,facility,*ALL*,QXA4067,07:43.2
1228,COCKN,T,Tele,T,Y,"TEST (2026-09-20),ZCON (2026-09-20),LIVE (2026-09-04)",185,COCKN,TEL,TELEMETRY,T,Y,Y,N,None,KSI8889,17:22.1,corpsvcmtxcutoverrpt_sql,06:33.6,xrdcwddbsuip06,MTX_ACOE_Cutover_Reporting,UI_Excel_Select_Xwalk_Source_Accommodations,facility,*ALL*,QXA4067,07:43.2
1229,COCKN,TR,Trauma Intensive care,TR,Y,"TEST (2026-09-20),ZCON (2026-09-20),LIVE (2026-09-04)",67,COCKN,TRIC,TRAUMA INTENSIVE CARE,TI,Y,Y,N,None,QXA4067,05:51.8,corpsvcmtxcutoverrpt_sql,06:33.6,xrdcwddbsuip06,MTX_ACOE_Cutover_Reporting,UI_Excel_Select_Xwalk_Source_Accommodations,facility,*ALL*,QXA4067,07:43.2
1230,COCKN,TRAUMAICU,TRAUMA ICU,TC,N,NO MATCH,0,COCKN,,,,,N,Y,None,KSI8889,49:21.4,corpsvcmtxcutoverrpt_sql,06:33.6,xrdcwddbsuip06,MTX_ACOE_Cutover_Reporting,UI_Excel_Select_Xwalk_Source_Accommodations,facility,*ALL*,QXA4067,07:43.2
1231,COCKN,VIP,VIP Room,VI,N,NO MATCH,0,COCKN,,,,,N,Y,None,KSI8889,49:21.4,corpsvcmtxcutoverrpt_sql,06:33.6,xrdcwddbsuip06,MTX_ACOE_Cutover_Reporting,UI_Excel_Select_Xwalk_Source_Accommodations,facility,*ALL*,QXA4067,07:43.2
1232,COCKW,AP,ANTEPARTUM ROOM,AP,Y,"TEST (2026-09-20),ZCON (2026-09-20),LIVE (2026-09-04)",0,COCKW,AP,ANTEPARTUM ROOM,AP,Y,Y,N,None,FRE8115,20:41.5,corpsvcmtxcutoverrpt_sql,47:33.7,xrdcwddbsuip06,MTX_ACOE_Cutover_Reporting,UI_Excel_Select_Xwalk_Source_Accommodations,facility,*ALL*,QXA4067,07:43.2
1233,COCKW,EC,ECMO,EC,Y,"TEST (2026-09-20),ZCON (2026-09-20),LIVE (2026-09-04)",0,COCKW,EC,ECMO,EC,Y,Y,N,None,FRE8115,29:08.8,corpsvcmtxcutoverrpt_sql,36:40.2,xrdcwddbsuip06,MTX_ACOE_Cutover_Reporting,UI_Excel_Select_Xwalk_Source_Accommodations,facility,*ALL*,QXA4067,07:43.2
1234,COCKW,I,INTENSIVE CARE,IC,Y,"TEST (2026-09-20),ZCON (2026-09-20),LIVE (2026-09-04)",0,COCKW,IC,IC - INTENSIVE CARE,IC,Y,Y,N,None,FRE8115,20:41.6,corpsvcmtxcutoverrpt_sql,47:33.7,xrdcwddbsuip06,MTX_ACOE_Cutover_Reporting,UI_Excel_Select_Xwalk_Source_Accommodations,facility,*ALL*,QXA4067,07:43.2
1235,COCKW,IC,INTERMEDIATE NURSERY - NSY2,NB,Y,"TEST (2026-09-20),ZCON (2026-09-20),LIVE (2026-09-04)",0,COCKW,PR,PRIVATE ROOM,PR,,Y,N,None,FRE8115,20:41.6,corpsvcmtxcutoverrpt_sql,47:33.7,xrdcwddbsuip06,MTX_ACOE_Cutover_Reporting,UI_Excel_Select_Xwalk_Source_Accommodations,facility,*ALL*,QXA4067,07:43.2
1236,COCKW,ICN,INTENSIVE CARE NURSERY-NIC3,NI,Y,"TEST (2026-09-20),ZCON (2026-09-20),LIVE (2026-09-04)",0,COCKW,PR,PRIVATE ROOM,PR,,Y,N,None,FRE8115,20:41.6,corpsvcmtxcutoverrpt_sql,47:33.7,xrdcwddbsuip06,MTX_ACOE_Cutover_Reporting,UI_Excel_Select_Xwalk_Source_Accommodations,facility,*ALL*,QXA4067,07:43.2
1237,COCKW,ICT,INTENSIVE CARE - TRAUMA,IT,Y,"TEST (2026-09-20),ZCON (2026-09-20),LIVE (2026-09-04)",0,COCKW,TRIC,TRAUMA INTENSIVE CARE,TI,Y,Y,N,None,FRE8115,36:00.3,corpsvcmtxcutoverrpt_sql,47:33.7,xrdcwddbsuip06,MTX_ACOE_Cutover_Reporting,UI_Excel_Select_Xwalk_Source_Accommodations,facility,*ALL*,QXA4067,07:43.2
1238,COCKW,IM,CARDIAC/IMU,IM,Y,"TEST (2026-09-20),ZCON (2026-09-20),LIVE (2026-09-04)",0,COCKW,CC,CORONARY CARE,CC,Y,Y,N,None,FRE8115,20:41.7,corpsvcmtxcutoverrpt_sql,47:33.7,xrdcwddbsuip06,MTX_ACOE_Cutover_Reporting,UI_Excel_Select_Xwalk_Source_Accommodations,facility,*ALL*,QXA4067,07:43.2
1239,COCKW,L1,NEWBORN LEVEL I R&B,L1,Y,"TEST (2026-09-20),ZCON (2026-09-20),LIVE (2026-09-04)",0,COCKW,L1,NEWBORN LEVEL I CARE,PR,Y,Y,N,None,FRE8115,20:41.8,corpsvcmtxcutoverrpt_sql,47:33.7,xrdcwddbsuip06,MTX_ACOE_Cutover_Reporting,UI_Excel_Select_Xwalk_Source_Accommodations,facility,*ALL*,QXA4067,07:43.2
1240,COCKW,L2,NEWBORN LEVEL II R&B,L2,Y,"TEST (2026-09-20),ZCON (2026-09-20),LIVE (2026-09-04)",0,COCKW,L2,NEWBORN LEVEL II CARE,L2,Y,Y,N,None,FRE8115,20:41.8,corpsvcmtxcutoverrpt_sql,47:33.7,xrdcwddbsuip06,MTX_ACOE_Cutover_Reporting,UI_Excel_Select_Xwalk_Source_Accommodations,facility,*ALL*,QXA4067,07:43.2
1241,COCKW,L3,NEWBORN LEVEL III R&B,L3,Y,"TEST (2026-09-20),ZCON (2026-09-20),LIVE (2026-09-04)",0,COCKW,L3,NEWBORN LEVEL III CARE,L3,Y,Y,N,None,FRE8115,20:41.9,corpsvcmtxcutoverrpt_sql,47:33.7,xrdcwddbsuip06,MTX_ACOE_Cutover_Reporting,UI_Excel_Select_Xwalk_Source_Accommodations,facility,*ALL*,QXA4067,07:43.2
1242,COCKW,L4,NEWBORN LEVEL IV R&B,L4,Y,"TEST (2026-09-20),ZCON (2026-09-20),LIVE (2026-09-04)",0,COCKW,PR,PRIVATE ROOM,PR,,Y,N,None,FRE8115,20:41.9,corpsvcmtxcutoverrpt_sql,47:33.7,xrdcwddbsuip06,MTX_ACOE_Cutover_Reporting,UI_Excel_Select_Xwalk_Source_Accommodations,facility,*ALL*,QXA4067,07:43.2
1243,COCKW,LD,LABOR & DELIVERY,LD,Y,"TEST (2026-09-20),ZCON (2026-09-20),LIVE (2026-09-04)",0,COCKW,LD,LABOR AND DELIVERY,LD,Y,Y,N,None,FRE8115,20:42.0,corpsvcmtxcutoverrpt_sql,47:33.7,xrdcwddbsuip06,MTX_ACOE_Cutover_Reporting,UI_Excel_Select_Xwalk_Source_Accommodations,facility,*ALL*,QXA4067,07:43.2
1244,COCKW,MED,MEDICAL UNIT,ME,Y,"TEST (2026-09-20),ZCON (2026-09-20),LIVE (2026-09-04)",0,COCKW,PR,PRIVATE ROOM,PR,Y,Y,N,None,FRE8115,20:42.0,corpsvcmtxcutoverrpt_sql,47:33.7,xrdcwddbsuip06,MTX_ACOE_Cutover_Reporting,UI_Excel_Select_Xwalk_Source_Accommodations,facility,*ALL*,QXA4067,07:43.2
1245,COCKW,MEDIM,MEDICAL INTERMEDIATE,MI,Y,"TEST (2026-09-20),ZCON (2026-09-20),LIVE (2026-09-04)",0,COCKW,PR,PRIVATE ROOM,PR,,Y,N,None,FRE8115,20:42.1,corpsvcmtxcutoverrpt_sql,47:33.7,xrdcwddbsuip06,MTX_ACOE_Cutover_Reporting,UI_Excel_Select_Xwalk_Source_Accommodations,facility,*ALL*,QXA4067,07:43.2
1246,COCKW,MS,MEDICAL SURGICAL,MS,Y,"TEST (2026-09-20),ZCON (2026-09-20),LIVE (2026-09-04)",0,COCKW,PR,PRIVATE ROOM,PR,,Y,N,None,FRE8115,20:42.1,corpsvcmtxcutoverrpt_sql,47:33.7,xrdcwddbsuip06,MTX_ACOE_Cutover_Reporting,UI_Excel_Select_Xwalk_Source_Accommodations,facility,*ALL*,QXA4067,07:43.2
1247,COCKW,NP,INTERMEDIATE PRIVATE,NP,Y,"TEST (2026-09-20),ZCON (2026-09-20),LIVE (2026-09-04)",0,COCKW,PC,PROGRESSIVE CARE,PC,Y,Y,N,None,FRE8115,20:42.1,corpsvcmtxcutoverrpt_sql,47:33.7,xrdcwddbsuip06,MTX_ACOE_Cutover_Reporting,UI_Excel_Select_Xwalk_Source_Accommodations,facility,*ALL*,QXA4067,07:43.2
1248,COCKW,NT,INTERMEDIATE TELEMETRY,NT,Y,"TEST (2026-09-20),ZCON (2026-09-20),LIVE (2026-09-04)",0,COCKW,PR,PRIVATE ROOM,PR,,Y,N,None,FRE8115,20:42.2,corpsvcmtxcutoverrpt_sql,47:33.7,xrdcwddbsuip06,MTX_ACOE_Cutover_Reporting,UI_Excel_Select_Xwalk_Source_Accommodations,facility,*ALL*,QXA4067,07:43.2
1249,COCKW,NU,NURSERY,NU,Y,"TEST (2026-09-20),ZCON (2026-09-20),LIVE (2026-09-04)",0,COCKW,L1,NEWBORN LEVEL I CARE,L1,Y,Y,N,None,FRE8115,20:42.2,corpsvcmtxcutoverrpt_sql,47:33.7,xrdcwddbsuip06,MTX_ACOE_Cutover_Reporting,UI_Excel_Select_Xwalk_Source_Accommodations,facility,*ALL*,QXA4067,07:43.2
1250,COCKW,OBS,OBSERVATION,OS,Y,"TEST (2026-09-20),ZCON (2026-09-20),LIVE (2026-09-04)",0,COCKW,PR,PRIVATE ROOM,PR,,Y,N,None,FRE8115,20:42.3,corpsvcmtxcutoverrpt_sql,47:33.7,xrdcwddbsuip06,MTX_ACOE_Cutover_Reporting,UI_Excel_Select_Xwalk_Source_Accommodations,facility,*ALL*,QXA4067,07:43.2
1251,COCKW,P,PRIVATE ROOM,P,Y,"TEST (2026-09-20),ZCON (2026-09-20),LIVE (2026-09-04)",0,COCKW,PR,PRIVATE ROOM,PR,Y,Y,N,None,FRE8115,20:42.3,corpsvcmtxcutoverrpt_sql,47:33.7,xrdcwddbsuip06,MTX_ACOE_Cutover_Reporting,UI_Excel_Select_Xwalk_Source_Accommodations,facility,*ALL*,QXA4067,07:43.2
1252,COCKW,PC,INTERMEDIATE/PRIVATE CARE,IP,N,NO MATCH,0,COCKW,,,,,N,Y,None,FRE8115,20:42.4,corpsvcmtxcutoverrpt_sql,47:33.7,xrdcwddbsuip06,MTX_ACOE_Cutover_Reporting,UI_Excel_Select_Xwalk_Source_Accommodations,facility,*ALL*,QXA4067,07:43.2
1253,COCKW,PED,PEDIATRICS,PE,Y,"TEST (2026-09-20),ZCON (2026-09-20),LIVE (2026-09-04)",0,COCKW,PR,PRIVATE ROOM,PR,Y,Y,N,None,FRE8115,20:42.4,corpsvcmtxcutoverrpt_sql,47:33.7,xrdcwddbsuip06,MTX_ACOE_Cutover_Reporting,UI_Excel_Select_Xwalk_Source_Accommodations,facility,*ALL*,QXA4067,07:43.2
1254,COCKW,PP,POSTPARTUM ROOM,PP,Y,"TEST (2026-09-20),ZCON (2026-09-20),LIVE (2026-09-04)",0,COCKW,PR,PRIVATE ROOM,PR,,Y,N,None,FRE8115,20:42.4,corpsvcmtxcutoverrpt_sql,47:33.7,xrdcwddbsuip06,MTX_ACOE_Cutover_Reporting,UI_Excel_Select_Xwalk_Source_Accommodations,facility,*ALL*,QXA4067,07:43.2
1255,COCKW,PR,PRIVATE ROOM - PATIENT REQUEST,PR,N,NO MATCH,0,COCKW,,,,,N,Y,None,FRE8115,20:42.5,corpsvcmtxcutoverrpt_sql,47:33.7,xrdcwddbsuip06,MTX_ACOE_Cutover_Reporting,UI_Excel_Select_Xwalk_Source_Accommodations,facility,*ALL*,QXA4067,07:43.2
1256,COCKW,RHB,REHAB,RH,Y,"TEST (2026-09-20),ZCON (2026-09-20),LIVE (2026-09-04)",0,COCKW,PR,PRIVATE ROOM,PR,,Y,N,None,FRE8115,20:42.5,corpsvcmtxcutoverrpt_sql,47:33.7,xrdcwddbsuip06,MTX_ACOE_Cutover_Reporting,UI_Excel_Select_Xwalk_Source_Accommodations,facility,*ALL*,QXA4067,07:43.2
1257,COCKW,S,SEMI-PRIVATE ROOM,SP,Y,"TEST (2026-09-20),ZCON (2026-09-20),LIVE (2026-09-04)",0,COCKW,SP,SEMI PRIVATE ROOM,SP,Y,Y,N,None,FRE8115,20:42.6,corpsvcmtxcutoverrpt_sql,47:33.7,xrdcwddbsuip06,MTX_ACOE_Cutover_Reporting,UI_Excel_Select_Xwalk_Source_Accommodations,facility,*ALL*,QXA4067,07:43.2
1258,COCKW,SB,SWING BED SEMI PRIVATE,SB,Y,"TEST (2026-09-20),ZCON (2026-09-20),LIVE (2026-09-04)",0,COCKW,PR,PRIVATE ROOM,PR,,Y,N,None,FRE8115,20:42.6,corpsvcmtxcutoverrpt_sql,47:33.7,xrdcwddbsuip06,MTX_ACOE_Cutover_Reporting,UI_Excel_Select_Xwalk_Source_Accommodations,facility,*ALL*,QXA4067,07:43.2
1259,COCKW,SS,SURGERY SEMI-PRIVATE,SS,Y,"TEST (2026-09-20),ZCON (2026-09-20),LIVE (2026-09-04)",0,COCKW,PR,PRIVATE ROOM,PR,,Y,N,None,FRE8115,20:42.7,corpsvcmtxcutoverrpt_sql,47:33.7,xrdcwddbsuip06,MTX_ACOE_Cutover_Reporting,UI_Excel_Select_Xwalk_Source_Accommodations,facility,*ALL*,QXA4067,07:43.2
1260,COCKW,SUR,SURGICAL,SR,Y,"TEST (2026-09-20),ZCON (2026-09-20),LIVE (2026-09-04)",0,COCKW,PR,PRIVATE ROOM,PR,,Y,N,None,FRE8115,20:42.7,corpsvcmtxcutoverrpt_sql,47:33.7,xrdcwddbsuip06,MTX_ACOE_Cutover_Reporting,UI_Excel_Select_Xwalk_Source_Accommodations,facility,*ALL*,QXA4067,07:43.2
1261,COCKW,TE,TELEMETRY,TE,Y,"TEST (2026-09-20),ZCON (2026-09-20),LIVE (2026-09-04)",0,COCKW,TEL,TELEMETRY,TE,Y,Y,N,None,FRE8115,36:00.4,corpsvcmtxcutoverrpt_sql,47:33.7,xrdcwddbsuip06,MTX_ACOE_Cutover_Reporting,UI_Excel_Select_Xwalk_Source_Accommodations,facility,*ALL*,QXA4067,07:43.2
1262,COCKW,TEIM,TELEMETRY IM,TI,Y,"TEST (2026-09-20),ZCON (2026-09-20),LIVE (2026-09-04)",0,COCKW,PR,PRIVATE ROOM,PR,,Y,N,None,FRE8115,20:42.8,corpsvcmtxcutoverrpt_sql,47:33.7,xrdcwddbsuip06,MTX_ACOE_Cutover_Reporting,UI_Excel_Select_Xwalk_Source_Accommodations,facility,*ALL*,QXA4067,07:43.2
1263,COCLE,L.AB,ADVANCED NURSERY BORDER BABY,AB,Y,NO MATCH,0,COCLE,L1,NEWBORN LEVEL I CARE,L1,Y,Y,N,None,MLT6916,53:02.3,corpsvcmtxcutoverrpt_sql,43:36.1,xrdcwddbsuip06,MTX_ACOE_Cutover_Reporting,UI_Excel_Select_Xwalk_Source_Accommodations,facility,*ALL*,QXA4067,07:43.2
1264,COCLE,L.AN,ADVANCED NURSERY CARE,AN,N,NO MATCH,0,COCLE,,,,,N,Y,None,MLT6916,33:12.2,corpsvcmtxcutoverrpt_sql,43:36.1,xrdcwddbsuip06,MTX_ACOE_Cutover_Reporting,UI_Excel_Select_Xwalk_Source_Accommodations,facility,*ALL*,QXA4067,07:43.2
1265,COCLE,L.B,NURSERY,B,N,NO MATCH,0,COCLE,,,,,N,Y,None,MLT6916,33:12.2,corpsvcmtxcutoverrpt_sql,43:36.1,xrdcwddbsuip06,MTX_ACOE_Cutover_Reporting,UI_Excel_Select_Xwalk_Source_Accommodations,facility,*ALL*,QXA4067,07:43.2
1266,COCLE,L.BB,BORDER BABY,BB,N,NO MATCH,0,COCLE,,,,,N,Y,None,MLT6916,33:12.3,corpsvcmtxcutoverrpt_sql,43:36.1,xrdcwddbsuip06,MTX_ACOE_Cutover_Reporting,UI_Excel_Select_Xwalk_Source_Accommodations,facility,*ALL*,QXA4067,07:43.2
1267,COCLE,L.EACU,ED HOLD ACUTE CARE,EM,Y,NO MATCH,67,COCLE,PR,PRIVATE ROOM,PR,Y,Y,N,None,MLT6916,15:36.8,corpsvcmtxcutoverrpt_sql,43:36.1,xrdcwddbsuip06,MTX_ACOE_Cutover_Reporting,UI_Excel_Select_Xwalk_Source_Accommodations,facility,*ALL*,QXA4067,07:43.2
1268,COCLE,L.EICU,ED HOLD ICU,EI,Y,NO MATCH,3,COCLE,IC,INTENSIVE CARE,IC,Y,Y,N,None,MLT6916,15:36.9,corpsvcmtxcutoverrpt_sql,43:36.1,xrdcwddbsuip06,MTX_ACOE_Cutover_Reporting,UI_Excel_Select_Xwalk_Source_Accommodations,facility,*ALL*,QXA4067,07:43.2
1269,COCLE,L.EPCU,ED HOLD PCU,EP,Y,NO MATCH,24,COCLE,PC,PROGRESSIVE CARE,PC,Y,Y,N,None,MLT6916,15:36.9,corpsvcmtxcutoverrpt_sql,43:36.1,xrdcwddbsuip06,MTX_ACOE_Cutover_Reporting,UI_Excel_Select_Xwalk_Source_Accommodations,facility,*ALL*,QXA4067,07:43.2
1270,COCLE,L.EPED,ED HOLD PEDIATRICS,PH,Y,NO MATCH,0,COCLE,PR,PRIVATE ROOM,PR,Y,Y,N,None,MLT6916,53:02.4,corpsvcmtxcutoverrpt_sql,43:36.1,xrdcwddbsuip06,MTX_ACOE_Cutover_Reporting,UI_Excel_Select_Xwalk_Source_Accommodations,facility,*ALL*,QXA4067,07:43.2
1271,COCLE,L.ESUR,ED HOLD SURGICAL,ES,Y,NO MATCH,0,COCLE,MS,MED SURG,MS,Y,Y,N,None,MLT6916,15:37.0,corpsvcmtxcutoverrpt_sql,43:36.1,xrdcwddbsuip06,MTX_ACOE_Cutover_Reporting,UI_Excel_Select_Xwalk_Source_Accommodations,facility,*ALL*,QXA4067,07:43.2
1272,COCLE,L.ETLO,ED HOLD TELE ONC,ET,Y,NO MATCH,1,COCLE,ON,ONCOLOGY,ON,Y,Y,N,None,MLT6916,33:53.9,corpsvcmtxcutoverrpt_sql,43:36.1,xrdcwddbsuip06,MTX_ACOE_Cutover_Reporting,UI_Excel_Select_Xwalk_Source_Accommodations,facility,*ALL*,QXA4067,07:43.2
1273,COCLE,L.H,INTERMEDIATE CARE,H,Y,NO MATCH,0,COCLE,PC,PROGRESSIVE CARE,PC,Y,Y,N,None,MLT6916,15:37.0,corpsvcmtxcutoverrpt_sql,43:36.1,xrdcwddbsuip06,MTX_ACOE_Cutover_Reporting,UI_Excel_Select_Xwalk_Source_Accommodations,facility,*ALL*,QXA4067,07:43.2
1274,COCLE,L.I,INTENSIVE CARE UNIT,I,Y,NO MATCH,12,COCLE,IC,INTENSIVE CARE,IC,Y,Y,N,None,MLT6916,15:37.1,corpsvcmtxcutoverrpt_sql,43:36.1,xrdcwddbsuip06,MTX_ACOE_Cutover_Reporting,UI_Excel_Select_Xwalk_Source_Accommodations,facility,*ALL*,QXA4067,07:43.2
1275,COCLE,L.IC,NURSERY ICU LEVEL II+,IC,Y,NO MATCH,2,COCLE,L3,NEWBORN LEVEL III CARE,L3,Y,Y,N,None,MLT6916,53:02.5,corpsvcmtxcutoverrpt_sql,43:36.1,xrdcwddbsuip06,MTX_ACOE_Cutover_Reporting,UI_Excel_Select_Xwalk_Source_Accommodations,facility,*ALL*,QXA4067,07:43.2
1276,COCLE,L.ICSIT,ICU SITTER,IS,Y,NO MATCH,0,COCLE,IC,INTENSIVE CARE,IC,Y,Y,N,None,MLT6916,53:02.5,corpsvcmtxcutoverrpt_sql,43:36.1,xrdcwddbsuip06,MTX_ACOE_Cutover_Reporting,UI_Excel_Select_Xwalk_Source_Accommodations,facility,*ALL*,QXA4067,07:43.2
1277,COCLE,L.ICU,ICU/CCU ED HOLD,CC,Y,NO MATCH,0,COCLE,IC,INTENSIVE CARE,IC,Y,Y,N,None,MLT6916,53:02.6,corpsvcmtxcutoverrpt_sql,43:36.1,xrdcwddbsuip06,MTX_ACOE_Cutover_Reporting,UI_Excel_Select_Xwalk_Source_Accommodations,facility,*ALL*,QXA4067,07:43.2
1278,COCLE,L.ICUOVR,ICU/SURG OVERFLOW,IO,Y,NO MATCH,0,COCLE,IC,INTENSIVE CARE,IC,Y,Y,N,None,MLT6916,53:02.6,corpsvcmtxcutoverrpt_sql,43:36.1,xrdcwddbsuip06,MTX_ACOE_Cutover_Reporting,UI_Excel_Select_Xwalk_Source_Accommodations,facility,*ALL*,QXA4067,07:43.2
1279,COCLE,L.ICUSEMI,ICU SEMI PRIVATE,IV,Y,NO MATCH,0,COCLE,IC,INTENSIVE CARE,IC,Y,Y,N,None,MLT6916,53:02.7,corpsvcmtxcutoverrpt_sql,43:36.1,xrdcwddbsuip06,MTX_ACOE_Cutover_Reporting,UI_Excel_Select_Xwalk_Source_Accommodations,facility,*ALL*,QXA4067,07:43.2
1280,COCLE,L.IMC,IMCU CARE IN ICU LOCATION,IM,N,NO MATCH,0,COCLE,,,,,N,Y,None,MLT6916,33:12.3,corpsvcmtxcutoverrpt_sql,43:36.1,xrdcwddbsuip06,MTX_ACOE_Cutover_Reporting,UI_Excel_Select_Xwalk_Source_Accommodations,facility,*ALL*,QXA4067,07:43.2
1281,COCLE,L.IN,NURSERY INTERMEDIATE,IN,Y,NO MATCH,0,COCLE,L2,NEWBORN LEVEL II CARE,L2,Y,Y,N,None,MLT6916,53:02.7,corpsvcmtxcutoverrpt_sql,43:36.1,xrdcwddbsuip06,MTX_ACOE_Cutover_Reporting,UI_Excel_Select_Xwalk_Source_Accommodations,facility,*ALL*,QXA4067,07:43.2
1282,COCLE,L.L1,NEWBORN LEVEL I,N1,Y,NO MATCH,0,COCLE,L1,NEWBORN LEVEL I CARE,L1,Y,Y,N,None,MLT6916,53:02.8,corpsvcmtxcutoverrpt_sql,43:36.1,xrdcwddbsuip06,MTX_ACOE_Cutover_Reporting,UI_Excel_Select_Xwalk_Source_Accommodations,facility,*ALL*,QXA4067,07:43.2
1283,COCLE,L.L2,Neonatal Continuing Care (L2),N2,Y,NO MATCH,0,COCLE,L2,NEWBORN LEVEL II CARE,L2,Y,Y,N,None,MLT6916,53:02.8,corpsvcmtxcutoverrpt_sql,43:36.1,xrdcwddbsuip06,MTX_ACOE_Cutover_Reporting,UI_Excel_Select_Xwalk_Source_Accommodations,facility,*ALL*,QXA4067,07:43.2
1284,COCLE,L.L3,Neonatal Intermediate Care(L3),N3,Y,NO MATCH,0,COCLE,L3,NEWBORN LEVEL III CARE,L3,Y,Y,N,None,MLT6916,53:02.9,corpsvcmtxcutoverrpt_sql,43:36.1,xrdcwddbsuip06,MTX_ACOE_Cutover_Reporting,UI_Excel_Select_Xwalk_Source_Accommodations,facility,*ALL*,QXA4067,07:43.2
1285,COCLE,L.L4,Neonatal ICU (L4),N4,Y,NO MATCH,0,COCLE,L4,NEWBORN LEVEL IV CARE,L4,Y,Y,N,None,MLT6916,53:02.9,corpsvcmtxcutoverrpt_sql,43:36.1,xrdcwddbsuip06,MTX_ACOE_Cutover_Reporting,UI_Excel_Select_Xwalk_Source_Accommodations,facility,*ALL*,QXA4067,07:43.2
1286,COCLE,L.LOA,LEAVE OF ABSENCE,LA,Y,NO MATCH,0,COCLE,PR,PRIVATE ROOM,PR,Y,Y,N,None,MLT6916,53:03.0,corpsvcmtxcutoverrpt_sql,43:36.1,xrdcwddbsuip06,MTX_ACOE_Cutover_Reporting,UI_Excel_Select_Xwalk_Source_Accommodations,facility,*ALL*,QXA4067,07:43.2
1287,COCLE,L.M,MED/SURG IN ICU LOCATION,M,Y,NO MATCH,0,COCLE,MS,MED SURG,MS,Y,Y,N,None,MLT6916,53:03.0,corpsvcmtxcutoverrpt_sql,43:36.1,xrdcwddbsuip06,MTX_ACOE_Cutover_Reporting,UI_Excel_Select_Xwalk_Source_Accommodations,facility,*ALL*,QXA4067,07:43.2
1288,COCLE,L.MED,MEDICAL ED HOLD,ME,Y,NO MATCH,0,COCLE,MS,MED SURG,MS,Y,Y,N,None,MLT6916,53:03.1,corpsvcmtxcutoverrpt_sql,43:36.1,xrdcwddbsuip06,MTX_ACOE_Cutover_Reporting,UI_Excel_Select_Xwalk_Source_Accommodations,facility,*ALL*,QXA4067,07:43.2
1289,COCLE,L.MS,MED-SURG PRIVATE,MP,Y,NO MATCH,138,COCLE,MS,MED SURG,MS,Y,Y,N,None,MLT6916,15:37.2,corpsvcmtxcutoverrpt_sql,43:36.1,xrdcwddbsuip06,MTX_ACOE_Cutover_Reporting,UI_Excel_Select_Xwalk_Source_Accommodations,facility,*ALL*,QXA4067,07:43.2
1290,COCLE,L.MSOVR,MED/SURG OVERFLOW,MO,Y,NO MATCH,3,COCLE,MS,MED SURG,MS,Y,Y,N,None,MLT6916,53:03.1,corpsvcmtxcutoverrpt_sql,43:36.1,xrdcwddbsuip06,MTX_ACOE_Cutover_Reporting,UI_Excel_Select_Xwalk_Source_Accommodations,facility,*ALL*,QXA4067,07:43.2
1291,COCLE,L.MSOVRS,MED/SURG OVERFLOW SEMI PRIVATE,MS,Y,NO MATCH,0,COCLE,MS,MED SURG,MS,Y,Y,N,None,MLT6916,53:03.2,corpsvcmtxcutoverrpt_sql,43:36.1,xrdcwddbsuip06,MTX_ACOE_Cutover_Reporting,UI_Excel_Select_Xwalk_Source_Accommodations,facility,*ALL*,QXA4067,07:43.2
1292,COCLE,L.MSS,MED SURG SITTER,4S,Y,NO MATCH,0,COCLE,MS,MED SURG,MS,Y,Y,N,None,MLT6916,53:03.2,corpsvcmtxcutoverrpt_sql,43:36.1,xrdcwddbsuip06,MTX_ACOE_Cutover_Reporting,UI_Excel_Select_Xwalk_Source_Accommodations,facility,*ALL*,QXA4067,07:43.2
1293,COCLE,L.MSSEMI,MED/SURG SEMI PRIVATE,MV,Y,NO MATCH,0,COCLE,MS,MED SURG,MS,Y,Y,N,None,MLT6916,53:03.3,corpsvcmtxcutoverrpt_sql,43:36.1,xrdcwddbsuip06,MTX_ACOE_Cutover_Reporting,UI_Excel_Select_Xwalk_Source_Accommodations,facility,*ALL*,QXA4067,07:43.2
1294,COCLE,L.NN,NORMAL NEWBORN,NN,Y,NO MATCH,0,COCLE,L1,NEWBORN LEVEL I CARE,L1,Y,Y,N,None,MLT6916,53:03.3,corpsvcmtxcutoverrpt_sql,43:36.1,xrdcwddbsuip06,MTX_ACOE_Cutover_Reporting,UI_Excel_Select_Xwalk_Source_Accommodations,facility,*ALL*,QXA4067,07:43.2
1295,COCLE,L.NP,NEWBORN PEDI,NP,N,NO MATCH,0,COCLE,,,,,N,Y,None,MLT6916,33:12.4,corpsvcmtxcutoverrpt_sql,43:36.1,xrdcwddbsuip06,MTX_ACOE_Cutover_Reporting,UI_Excel_Select_Xwalk_Source_Accommodations,facility,*ALL*,QXA4067,07:43.2
1296,COCLE,L.OB,OB GYN IN PEDI ROOM,OB,Y,NO MATCH,0,COCLE,PR,PRIVATE ROOM,PR,Y,Y,N,None,MLT6916,53:03.4,corpsvcmtxcutoverrpt_sql,43:36.1,xrdcwddbsuip06,MTX_ACOE_Cutover_Reporting,UI_Excel_Select_Xwalk_Source_Accommodations,facility,*ALL*,QXA4067,07:43.2
1297,COCLE,L.OBGSIT,OB GYN SITTER CARE,GS,Y,NO MATCH,0,COCLE,PR,PRIVATE ROOM,PR,Y,Y,N,None,MLT6916,53:03.4,corpsvcmtxcutoverrpt_sql,43:36.1,xrdcwddbsuip06,MTX_ACOE_Cutover_Reporting,UI_Excel_Select_Xwalk_Source_Accommodations,facility,*ALL*,QXA4067,07:43.2
1298,COCLE,L.OV,OB IN PEDI SUITE,OV,Y,NO MATCH,0,COCLE,PR,PRIVATE ROOM,PR,Y,Y,N,None,MLT6916,53:03.5,corpsvcmtxcutoverrpt_sql,43:36.1,xrdcwddbsuip06,MTX_ACOE_Cutover_Reporting,UI_Excel_Select_Xwalk_Source_Accommodations,facility,*ALL*,QXA4067,07:43.2
1299,COCLE,L.P,PRIVATE,P,Y,NO MATCH,169,COCLE,PR,PRIVATE ROOM,PR,Y,Y,N,None,MLT6916,15:37.5,corpsvcmtxcutoverrpt_sql,43:36.1,xrdcwddbsuip06,MTX_ACOE_Cutover_Reporting,UI_Excel_Select_Xwalk_Source_Accommodations,facility,*ALL*,QXA4067,07:43.2
1300,COCLE,L.PCU,PCU,PC,N,NO MATCH,0,COCLE,,,,,N,Y,None,MLT6916,33:12.4,corpsvcmtxcutoverrpt_sql,43:36.1,xrdcwddbsuip06,MTX_ACOE_Cutover_Reporting,UI_Excel_Select_Xwalk_Source_Accommodations,facility,*ALL*,QXA4067,07:43.2
1301,COCLE,L.PCUOVR,PCU OVERFLOW,PO,Y,NO MATCH,4,COCLE,PC,PROGRESSIVE CARE,PC,Y,Y,N,None,IIU7623,27:56.7,corpsvcmtxcutoverrpt_sql,43:36.1,xrdcwddbsuip06,MTX_ACOE_Cutover_Reporting,UI_Excel_Select_Xwalk_Source_Accommodations,facility,*ALL*,QXA4067,07:43.2
1302,COCLE,L.PCUSEMI,PCU SEMI PRIVATE,PV,Y,NO MATCH,0,COCLE,PC,PROGRESSIVE CARE,PC,Y,Y,N,None,MLT6916,53:03.5,corpsvcmtxcutoverrpt_sql,43:36.1,xrdcwddbsuip06,MTX_ACOE_Cutover_Reporting,UI_Excel_Select_Xwalk_Source_Accommodations,facility,*ALL*,QXA4067,07:43.2
1303,COCLE,L.PD,PEDI IN OB ROOM,PD,Y,NO MATCH,0,COCLE,PR,PRIVATE ROOM,PR,Y,Y,N,None,MLT6916,53:03.6,corpsvcmtxcutoverrpt_sql,43:36.1,xrdcwddbsuip06,MTX_ACOE_Cutover_Reporting,UI_Excel_Select_Xwalk_Source_Accommodations,facility,*ALL*,QXA4067,07:43.2
1304,COCLE,L.PED,PEDIATRIC PRIVATE,PE,Y,NO MATCH,0,COCLE,PR,PRIVATE ROOM,PR,Y,Y,N,None,MLT6916,53:03.6,corpsvcmtxcutoverrpt_sql,43:36.1,xrdcwddbsuip06,MTX_ACOE_Cutover_Reporting,UI_Excel_Select_Xwalk_Source_Accommodations,facility,*ALL*,QXA4067,07:43.2
1305,COCLE,L.PP,PROGRESSIVE CARE PRIVATE,PP,Y,NO MATCH,99,COCLE,PCP,PROGRESSIVE CARE PRIVATE,PP,Y,Y,N,None,MLT6916,15:37.7,corpsvcmtxcutoverrpt_sql,43:36.1,xrdcwddbsuip06,MTX_ACOE_Cutover_Reporting,UI_Excel_Select_Xwalk_Source_Accommodations,facility,*ALL*,QXA4067,07:43.2
1306,COCLE,L.PPS,PCU PRIVATE SITTER,1P,Y,NO MATCH,0,COCLE,PC,PROGRESSIVE CARE,PC,Y,Y,N,None,MLT6916,33:54.0,corpsvcmtxcutoverrpt_sql,43:36.1,xrdcwddbsuip06,MTX_ACOE_Cutover_Reporting,UI_Excel_Select_Xwalk_Source_Accommodations,facility,*ALL*,QXA4067,07:43.2
1307,COCLE,L.PS,PROGRESSIVE CARE SEMI-PRIVATE,PS,Y,NO MATCH,0,COCLE,PC,PROGRESSIVE CARE,PC,Y,Y,N,None,MLT6916,15:37.7,corpsvcmtxcutoverrpt_sql,43:36.1,xrdcwddbsuip06,MTX_ACOE_Cutover_Reporting,UI_Excel_Select_Xwalk_Source_Accommodations,facility,*ALL*,QXA4067,07:43.2
1308,COCLE,L.RS,IP REHAB SITTER,RS,Y,NO MATCH,0,COCLE,PR,PRIVATE ROOM,PR,Y,Y,N,None,MLT6916,53:03.8,corpsvcmtxcutoverrpt_sql,43:36.1,xrdcwddbsuip06,MTX_ACOE_Cutover_Reporting,UI_Excel_Select_Xwalk_Source_Accommodations,facility,*ALL*,QXA4067,07:43.2
1309,COCLE,L.SP,SEMIPRIVATE,SP,Y,NO MATCH,1,COCLE,PR,PRIVATE ROOM,PR,Y,Y,N,None,MLT6916,53:03.8,corpsvcmtxcutoverrpt_sql,43:36.1,xrdcwddbsuip06,MTX_ACOE_Cutover_Reporting,UI_Excel_Select_Xwalk_Source_Accommodations,facility,*ALL*,QXA4067,07:43.2
1310,COCLE,L.SUR,SURGICAL ED HOLD,SE,Y,NO MATCH,0,COCLE,PR,PRIVATE ROOM,PR,Y,Y,N,None,MLT6916,53:03.9,corpsvcmtxcutoverrpt_sql,43:36.1,xrdcwddbsuip06,MTX_ACOE_Cutover_Reporting,UI_Excel_Select_Xwalk_Source_Accommodations,facility,*ALL*,QXA4067,07:43.2
1311,COCLE,L.TEL,TELEMETRY,TE,Y,NO MATCH,0,COCLE,TEL,TELEMETRY,TE,Y,Y,N,None,MLT6916,53:03.9,corpsvcmtxcutoverrpt_sql,00:06.6,xrdcwddbsuip06,MTX_ACOE_Cutover_Reporting,UI_Excel_Select_Xwalk_Source_Accommodations,facility,*ALL*,QXA4067,07:43.2
1312,COCLE,L.TELE,TELEMETRY,T,N,NO MATCH,0,COCLE,,,,,N,Y,None,MLT6916,33:12.4,corpsvcmtxcutoverrpt_sql,43:36.1,xrdcwddbsuip06,MTX_ACOE_Cutover_Reporting,UI_Excel_Select_Xwalk_Source_Accommodations,facility,*ALL*,QXA4067,07:43.2
1313,COCLE,L.TP,TELEMETRY PRIVATE,TP,N,NO MATCH,0,COCLE,,,,,N,Y,None,MLT6916,33:12.5,corpsvcmtxcutoverrpt_sql,43:36.1,xrdcwddbsuip06,MTX_ACOE_Cutover_Reporting,UI_Excel_Select_Xwalk_Source_Accommodations,facility,*ALL*,QXA4067,07:43.2
1314,COCLE,L.TRAUMA,INTENSIVE CARE TRAUMA,TR,Y,NO MATCH,2,COCLE,TRIC,TRAUMA INTENSIVE CARE,TI,Y,Y,N,None,MLT6916,53:04.0,corpsvcmtxcutoverrpt_sql,43:36.1,xrdcwddbsuip06,MTX_ACOE_Cutover_Reporting,UI_Excel_Select_Xwalk_Source_Accommodations,facility,*ALL*,QXA4067,07:43.2
1315,COCLE,L.TS,TELEMETRY SEMI PRIVATE,TS,Y,NO MATCH,0,COCLE,TEL,TELEMETRY,TE,Y,Y,N,None,MLT6916,53:04.0,corpsvcmtxcutoverrpt_sql,00:06.8,xrdcwddbsuip06,MTX_ACOE_Cutover_Reporting,UI_Excel_Select_Xwalk_Source_Accommodations,facility,*ALL*,QXA4067,07:43.2
1316,COCLE,L.V,PRIVATE SUITE,V,Y,NO MATCH,3,COCLE,PR,PRIVATE ROOM,PR,Y,Y,N,None,IIU7623,27:56.8,corpsvcmtxcutoverrpt_sql,43:36.1,xrdcwddbsuip06,MTX_ACOE_Cutover_Reporting,UI_Excel_Select_Xwalk_Source_Accommodations,facility,*ALL*,QXA4067,07:43.2
1317,COCLE,L1,NEWBORN LEVEL 1,L1,Y,NO MATCH,28,COCLE,L1,NEWBORN LEVEL I CARE,L1,Y,Y,N,None,MLT6916,15:38.1,corpsvcmtxcutoverrpt_sql,43:36.1,xrdcwddbsuip06,MTX_ACOE_Cutover_Reporting,UI_Excel_Select_Xwalk_Source_Accommodations,facility,*ALL*,QXA4067,07:43.2
1318,COCLE,L2,NEWBORN LEVEL 2,L2,Y,NO MATCH,64,COCLE,L2,NEWBORN LEVEL II CARE,L2,Y,Y,N,None,MLT6916,15:38.1,corpsvcmtxcutoverrpt_sql,43:36.1,xrdcwddbsuip06,MTX_ACOE_Cutover_Reporting,UI_Excel_Select_Xwalk_Source_Accommodations,facility,*ALL*,QXA4067,07:43.2
1319,COCLE,L3,NEWBORN LEVEL 3,L3,Y,NO MATCH,14,COCLE,L3,NEWBORN LEVEL III CARE,L3,Y,Y,N,None,MLT6916,15:38.1,corpsvcmtxcutoverrpt_sql,43:36.1,xrdcwddbsuip06,MTX_ACOE_Cutover_Reporting,UI_Excel_Select_Xwalk_Source_Accommodations,facility,*ALL*,QXA4067,07:43.2
1320,COCLE,L4,NEWBORN LEVEL 4,L4,Y,NO MATCH,0,COCLE,L4,NEWBORN LEVEL IV CARE,L4,Y,Y,N,None,MLT6916,15:38.2,corpsvcmtxcutoverrpt_sql,43:36.1,xrdcwddbsuip06,MTX_ACOE_Cutover_Reporting,UI_Excel_Select_Xwalk_Source_Accommodations,facility,*ALL*,QXA4067,07:43.2
1321,COCLOA,B,NEWBORN,B,N,NO MATCH,0,COCLOA,,,,,N,Y,None,QVO8748,41:35.6,corpsvcmtxcutoverrpt_sql,00:06.6,xrdcwddbsuip06,MTX_ACOE_Cutover_Reporting,UI_Excel_Select_Xwalk_Source_Accommodations,facility,*ALL*,QXA4067,07:43.2
1322,COCLOA,BH,BEHAVIORAL HEALTH,BH,Y,NO MATCH,106,COCLOA,PR,PRIVATE ROOM,PR,N,Y,N,None,QVO8748,41:35.7,corpsvcmtxcutoverrpt_sql,34:05.6,xrdcwddbsuip06,MTX_ACOE_Cutover_Reporting,UI_Excel_Select_Xwalk_Source_Accommodations,facility,*ALL*,QXA4067,07:43.2
1323,COCLOA,EC,ECMO,EC,N,NO MATCH,0,COCLOA,,,,,N,Y,None,QVO8748,41:35.8,corpsvcmtxcutoverrpt_sql,34:05.6,xrdcwddbsuip06,MTX_ACOE_Cutover_Reporting,UI_Excel_Select_Xwalk_Source_Accommodations,facility,*ALL*,QXA4067,07:43.2
1324,COCLOA,EHC,ER HOLDING CRITICAL,H1,N,NO MATCH,0,COCLOA,,,,,N,Y,None,QVO8748,41:35.9,corpsvcmtxcutoverrpt_sql,00:06.6,xrdcwddbsuip06,MTX_ACOE_Cutover_Reporting,UI_Excel_Select_Xwalk_Source_Accommodations,facility,*ALL*,QXA4067,07:43.2
1325,COCLOA,EHM,ER HOLDING MED-SURG,H4,N,NO MATCH,0,COCLOA,,,,,N,Y,None,QVO8748,41:36.0,corpsvcmtxcutoverrpt_sql,00:06.6,xrdcwddbsuip06,MTX_ACOE_Cutover_Reporting,UI_Excel_Select_Xwalk_Source_Accommodations,facility,*ALL*,QXA4067,07:43.2
1326,COCLOA,EHP,ER HOLDING PEDIATRICS,H3,N,NO MATCH,0,COCLOA,,,,,N,Y,None,QVO8748,41:36.1,corpsvcmtxcutoverrpt_sql,00:06.6,xrdcwddbsuip06,MTX_ACOE_Cutover_Reporting,UI_Excel_Select_Xwalk_Source_Accommodations,facility,*ALL*,QXA4067,07:43.2
1327,COCLOA,EHT,ER HOLDING TELEMETRY,H2,N,NO MATCH,0,COCLOA,,,,,N,Y,None,QVO8748,41:36.2,corpsvcmtxcutoverrpt_sql,00:06.6,xrdcwddbsuip06,MTX_ACOE_Cutover_Reporting,UI_Excel_Select_Xwalk_Source_Accommodations,facility,*ALL*,QXA4067,07:43.2
1328,COCLOA,IC,INTENSIVE CARE,IC,N,NO MATCH,0,COCLOA,,,,,N,Y,None,QVO8748,41:36.2,corpsvcmtxcutoverrpt_sql,34:05.6,xrdcwddbsuip06,MTX_ACOE_Cutover_Reporting,UI_Excel_Select_Xwalk_Source_Accommodations,facility,*ALL*,QXA4067,07:43.2
1329,COCLOA,L1,NEWBORN LEVEL I,L1,N,NO MATCH,0,COCLOA,,,,,N,Y,None,QVO8748,41:36.3,corpsvcmtxcutoverrpt_sql,34:05.6,xrdcwddbsuip06,MTX_ACOE_Cutover_Reporting,UI_Excel_Select_Xwalk_Source_Accommodations,facility,*ALL*,QXA4067,07:43.2
1330,COCLOA,L2,NEWBORN LEVEL II,L2,N,NO MATCH,0,COCLOA,,,,,N,Y,None,QVO8748,41:36.4,corpsvcmtxcutoverrpt_sql,34:05.6,xrdcwddbsuip06,MTX_ACOE_Cutover_Reporting,UI_Excel_Select_Xwalk_Source_Accommodations,facility,*ALL*,QXA4067,07:43.2
1331,COCLOA,L3,NEWBORN LEVEL III,L3,N,NO MATCH,0,COCLOA,,,,,N,Y,None,QVO8748,41:36.5,corpsvcmtxcutoverrpt_sql,34:05.6,xrdcwddbsuip06,MTX_ACOE_Cutover_Reporting,UI_Excel_Select_Xwalk_Source_Accommodations,facility,*ALL*,QXA4067,07:43.2
1332,COCLOA,L4,NEWBORN LEVEL IV,L4,N,NO MATCH,0,COCLOA,,,,,N,Y,None,QVO8748,41:36.5,corpsvcmtxcutoverrpt_sql,34:05.6,xrdcwddbsuip06,MTX_ACOE_Cutover_Reporting,UI_Excel_Select_Xwalk_Source_Accommodations,facility,*ALL*,QXA4067,07:43.2
1333,COCLOA,NC,NURSERY INTERMEDIATE,NC,N,NO MATCH,0,COCLOA,,,,,N,Y,None,QVO8748,41:36.6,corpsvcmtxcutoverrpt_sql,34:05.6,xrdcwddbsuip06,MTX_ACOE_Cutover_Reporting,UI_Excel_Select_Xwalk_Source_Accommodations,facility,*ALL*,QXA4067,07:43.2
1334,COCLOA,NI,NEO-NATAL INTENSIVE,NI,N,NO MATCH,0,COCLOA,,,,,N,Y,None,QVO8748,41:36.7,corpsvcmtxcutoverrpt_sql,34:05.6,xrdcwddbsuip06,MTX_ACOE_Cutover_Reporting,UI_Excel_Select_Xwalk_Source_Accommodations,facility,*ALL*,QXA4067,07:43.2
1335,COCLOA,NU,NEWBORN NURSERY,NU,N,NO MATCH,0,COCLOA,,,,,N,Y,None,QVO8748,41:36.8,corpsvcmtxcutoverrpt_sql,34:05.6,xrdcwddbsuip06,MTX_ACOE_Cutover_Reporting,UI_Excel_Select_Xwalk_Source_Accommodations,facility,*ALL*,QXA4067,07:43.2
1336,COCLOA,NV,NURSERY VENT,NV,N,NO MATCH,0,COCLOA,,,,,N,Y,None,QVO8748,41:36.8,corpsvcmtxcutoverrpt_sql,34:05.6,xrdcwddbsuip06,MTX_ACOE_Cutover_Reporting,UI_Excel_Select_Xwalk_Source_Accommodations,facility,*ALL*,QXA4067,07:43.2
1337,COCLOA,OBG,PRIVATE - OB/GYN/PP,OB,N,NO MATCH,0,COCLOA,,,,,N,Y,None,QVO8748,41:36.9,corpsvcmtxcutoverrpt_sql,34:05.6,xrdcwddbsuip06,MTX_ACOE_Cutover_Reporting,UI_Excel_Select_Xwalk_Source_Accommodations,facility,*ALL*,QXA4067,07:43.2
1338,COCLOA,OP,OB - PRIVATE,OP,N,NO MATCH,0,COCLOA,,,,,N,Y,None,QVO8748,41:37.0,corpsvcmtxcutoverrpt_sql,34:05.6,xrdcwddbsuip06,MTX_ACOE_Cutover_Reporting,UI_Excel_Select_Xwalk_Source_Accommodations,facility,*ALL*,QXA4067,07:43.2
1339,COCLOA,P,PRIVATE ROOM,P,Y,NO MATCH,77,COCLOA,PR,PRIVATE ROOM,PR,Y,Y,N,None,QVO8748,41:37.1,corpsvcmtxcutoverrpt_sql,00:05.1,xrdcwddbsuip06,MTX_ACOE_Cutover_Reporting,UI_Excel_Select_Xwalk_Source_Accommodations,facility,*ALL*,QXA4067,07:43.2
1340,COCLOA,PAC,PATIENT ADMISSION CENTER,ZZ,N,NO MATCH,0,COCLOA,,,,,N,Y,None,QVO8748,41:37.1,corpsvcmtxcutoverrpt_sql,00:06.6,xrdcwddbsuip06,MTX_ACOE_Cutover_Reporting,UI_Excel_Select_Xwalk_Source_Accommodations,facility,*ALL*,QXA4067,07:43.2
1341,COCLOA,PC,PROGRESSIVE CARE UNIT,PC,N,NO MATCH,0,COCLOA,,,,,N,Y,None,QVO8748,41:37.2,corpsvcmtxcutoverrpt_sql,34:05.6,xrdcwddbsuip06,MTX_ACOE_Cutover_Reporting,UI_Excel_Select_Xwalk_Source_Accommodations,facility,*ALL*,QXA4067,07:43.2
1342,COCLOA,PDP,PRIVATE PED,P1,N,NO MATCH,0,COCLOA,,,,,N,Y,None,QVO8748,41:37.3,corpsvcmtxcutoverrpt_sql,34:05.6,xrdcwddbsuip06,MTX_ACOE_Cutover_Reporting,UI_Excel_Select_Xwalk_Source_Accommodations,facility,*ALL*,QXA4067,07:43.2
1343,COCLOA,PICU,Pediatric Intensive Care Unit,PI,N,NO MATCH,0,COCLOA,,,,,N,Y,None,QVO8748,41:37.3,corpsvcmtxcutoverrpt_sql,34:05.6,xrdcwddbsuip06,MTX_ACOE_Cutover_Reporting,UI_Excel_Select_Xwalk_Source_Accommodations,facility,*ALL*,QXA4067,07:43.2
1344,COCLOA,RB,REHAB SP,RB,N,NO MATCH,0,COCLOA,,,,,N,Y,None,QVO8748,41:37.4,corpsvcmtxcutoverrpt_sql,34:05.6,xrdcwddbsuip06,MTX_ACOE_Cutover_Reporting,UI_Excel_Select_Xwalk_Source_Accommodations,facility,*ALL*,QXA4067,07:43.2
1345,COCLOA,RH,REHAB PRIVATE,RH,N,NO MATCH,0,COCLOA,,,,,N,Y,None,QVO8748,41:37.5,corpsvcmtxcutoverrpt_sql,34:05.6,xrdcwddbsuip06,MTX_ACOE_Cutover_Reporting,UI_Excel_Select_Xwalk_Source_Accommodations,facility,*ALL*,QXA4067,07:43.2
1346,COCLOA,S,SEMI-PRIVATE ROOM,1,N,NO MATCH,0,COCLOA,,,,,N,Y,None,QVO8748,41:37.5,corpsvcmtxcutoverrpt_sql,00:06.6,xrdcwddbsuip06,MTX_ACOE_Cutover_Reporting,UI_Excel_Select_Xwalk_Source_Accommodations,facility,*ALL*,QXA4067,07:43.2
1347,COCLOA,SP,SEMI-PRIVATE,SP,Y,NO MATCH,49,COCLOA,SP,SEMI PRIVATE ROOM,SP,Y,Y,N,None,QVO8748,41:37.6,corpsvcmtxcutoverrpt_sql,00:05.1,xrdcwddbsuip06,MTX_ACOE_Cutover_Reporting,UI_Excel_Select_Xwalk_Source_Accommodations,facility,*ALL*,QXA4067,07:43.2
1348,COCLOA,TL,TELEMETRY,TL,N,NO MATCH,0,COCLOA,,,,,N,Y,None,QVO8748,41:37.7,corpsvcmtxcutoverrpt_sql,34:05.6,xrdcwddbsuip06,MTX_ACOE_Cutover_Reporting,UI_Excel_Select_Xwalk_Source_Accommodations,facility,*ALL*,QXA4067,07:43.2
1349,COCLOA,TR,Trauma ICU,TR,N,NO MATCH,0,COCLOA,,,,,N,Y,None,QVO8748,41:37.8,corpsvcmtxcutoverrpt_sql,34:05.6,xrdcwddbsuip06,MTX_ACOE_Cutover_Reporting,UI_Excel_Select_Xwalk_Source_Accommodations,facility,*ALL*,QXA4067,07:43.2
1350,COCLOA,TREC,Trauma w/ECMO,TO,N,NO MATCH,0,COCLOA,,,,,N,Y,None,QVO8748,41:37.9,corpsvcmtxcutoverrpt_sql,34:05.6,xrdcwddbsuip06,MTX_ACOE_Cutover_Reporting,UI_Excel_Select_Xwalk_Source_Accommodations,facility,*ALL*,QXA4067,07:43.2
1351,COCLOA,TRP,Trauma Private Room,T1,N,NO MATCH,0,COCLOA,,,,,N,Y,None,QVO8748,41:37.9,corpsvcmtxcutoverrpt_sql,34:05.6,xrdcwddbsuip06,MTX_ACOE_Cutover_Reporting,UI_Excel_Select_Xwalk_Source_Accommodations,facility,*ALL*,QXA4067,07:43.2
1352,COCLOA,TRPI,Trauma PICU,TI,N,NO MATCH,0,COCLOA,,,,,N,Y,None,QVO8748,41:38.0,corpsvcmtxcutoverrpt_sql,34:05.6,xrdcwddbsuip06,MTX_ACOE_Cutover_Reporting,UI_Excel_Select_Xwalk_Source_Accommodations,facility,*ALL*,QXA4067,07:43.2
1353,COCLOA,TRS,Trauma Special Bed,TS,N,NO MATCH,0,COCLOA,,,,,N,Y,None,QVO8748,41:38.1,corpsvcmtxcutoverrpt_sql,34:05.6,xrdcwddbsuip06,MTX_ACOE_Cutover_Reporting,UI_Excel_Select_Xwalk_Source_Accommodations,facility,*ALL*,QXA4067,07:43.2
1354,COCLOA,TRSP,Trauma Semi-Private,TP,N,NO MATCH,0,COCLOA,,,,,N,Y,None,QVO8748,41:38.2,corpsvcmtxcutoverrpt_sql,34:05.6,xrdcwddbsuip06,MTX_ACOE_Cutover_Reporting,UI_Excel_Select_Xwalk_Source_Accommodations,facility,*ALL*,QXA4067,07:43.2
1355,COCMCB,BB.AB,ADVANCED CARE OR BORDER BABY,AB,Y,NO MATCH,0,COCMCB,L1,NEWBORN LEVEL I CARE,L1,N,Y,N,None,KSI8889,38:52.2,corpsvcmtxcutoverrpt_sql,43:36.1,xrdcwddbsuip06,MTX_ACOE_Cutover_Reporting,UI_Excel_Select_Xwalk_Source_Accommodations,facility,*ALL*,QXA4067,07:43.2
1356,COCMCB,BB.ANTE,ANTEPARTUM,AP,Y,NO MATCH,0,COCMCB,PR,PRIVATE ROOM,PR,N,Y,N,None,KSI8889,38:52.2,corpsvcmtxcutoverrpt_sql,43:36.1,xrdcwddbsuip06,MTX_ACOE_Cutover_Reporting,UI_Excel_Select_Xwalk_Source_Accommodations,facility,*ALL*,QXA4067,07:43.2
1357,COCMCB,BB.ASHHLD,ALLIANCE SURGICAL ED HOLD,SH,Y,NO MATCH,0,COCMCB,PR,PRIVATE ROOM,PR,N,Y,N,None,KSI8889,38:52.3,corpsvcmtxcutoverrpt_sql,43:36.1,xrdcwddbsuip06,MTX_ACOE_Cutover_Reporting,UI_Excel_Select_Xwalk_Source_Accommodations,facility,*ALL*,QXA4067,07:43.2
1358,COCMCB,BB.ASHSRG,ALLIANCE SURG HOSP POST SURGIC,AS,Y,NO MATCH,2,COCMCB,PR,PRIVATE ROOM,PR,N,Y,N,None,KSI8889,38:52.3,corpsvcmtxcutoverrpt_sql,43:36.1,xrdcwddbsuip06,MTX_ACOE_Cutover_Reporting,UI_Excel_Select_Xwalk_Source_Accommodations,facility,*ALL*,QXA4067,07:43.2
1359,COCMCB,BB.ECMO,ECMO,EC,Y,NO MATCH,0,COCMCB,EC,ECMO,EC,Y,Y,N,None,KSI8889,38:52.3,corpsvcmtxcutoverrpt_sql,43:36.1,xrdcwddbsuip06,MTX_ACOE_Cutover_Reporting,UI_Excel_Select_Xwalk_Source_Accommodations,facility,*ALL*,QXA4067,07:43.2
1360,COCMCB,BB.ERICU,ER OVERFLOW ICU PATIENT,EI,Y,NO MATCH,1,COCMCB,IC,INTENSIVE CARE,IC,Y,Y,N,None,KSI8889,38:52.4,corpsvcmtxcutoverrpt_sql,43:36.1,xrdcwddbsuip06,MTX_ACOE_Cutover_Reporting,UI_Excel_Select_Xwalk_Source_Accommodations,facility,*ALL*,QXA4067,07:43.2
1361,COCMCB,BB.ERMAS,MEDICAL SURGICAL,MA,Y,NO MATCH,28,COCMCB,MS,MED SURG,MS,N,Y,N,None,KSI8889,38:52.4,corpsvcmtxcutoverrpt_sql,43:36.1,xrdcwddbsuip06,MTX_ACOE_Cutover_Reporting,UI_Excel_Select_Xwalk_Source_Accommodations,facility,*ALL*,QXA4067,07:43.2
1362,COCMCB,BB.ERMST,ER OVERFLOW MED/SGY PATIENT,EM,Y,NO MATCH,10,COCMCB,MS,MED SURG,MS,Y,Y,N,None,KSI8889,38:52.4,corpsvcmtxcutoverrpt_sql,43:36.1,xrdcwddbsuip06,MTX_ACOE_Cutover_Reporting,UI_Excel_Select_Xwalk_Source_Accommodations,facility,*ALL*,QXA4067,07:43.2
1363,COCMCB,BB.ERPCU,ER OVERFLOW PCU PATIENT,EP,Y,NO MATCH,27,COCMCB,PC,PROGRESSIVE CARE,PC,Y,Y,N,None,KSI8889,38:52.5,corpsvcmtxcutoverrpt_sql,43:36.1,xrdcwddbsuip06,MTX_ACOE_Cutover_Reporting,UI_Excel_Select_Xwalk_Source_Accommodations,facility,*ALL*,QXA4067,07:43.2
1364,COCMCB,BB.GYN,GYN WOMEN'S SERVICE,GY,Y,NO MATCH,0,COCMCB,PR,PRIVATE ROOM,PR,Y,Y,N,None,KSI8889,38:52.5,corpsvcmtxcutoverrpt_sql,43:36.1,xrdcwddbsuip06,MTX_ACOE_Cutover_Reporting,UI_Excel_Select_Xwalk_Source_Accommodations,facility,*ALL*,QXA4067,07:43.2
1365,COCMCB,BB.GYNO,OVERFLOW OB/GYN,GO,Y,NO MATCH,0,COCMCB,PR,PRIVATE ROOM,PR,N,Y,N,None,KSI8889,38:52.5,corpsvcmtxcutoverrpt_sql,43:36.1,xrdcwddbsuip06,MTX_ACOE_Cutover_Reporting,UI_Excel_Select_Xwalk_Source_Accommodations,facility,*ALL*,QXA4067,07:43.2
1366,COCMCB,BB.IC,INTENSIVE CARE,IC,Y,NO MATCH,44,COCMCB,IC,INTENSIVE CARE,IC,Y,Y,N,None,KSI8889,38:52.6,corpsvcmtxcutoverrpt_sql,43:36.1,xrdcwddbsuip06,MTX_ACOE_Cutover_Reporting,UI_Excel_Select_Xwalk_Source_Accommodations,facility,*ALL*,QXA4067,07:43.2
1367,COCMCB,BB.ICSP,ICU SEMI PRIVATE,I2,Y,NO MATCH,0,COCMCB,IC,INTENSIVE CARE,IC,Y,Y,N,None,KSI8889,38:52.6,corpsvcmtxcutoverrpt_sql,43:36.1,xrdcwddbsuip06,MTX_ACOE_Cutover_Reporting,UI_Excel_Select_Xwalk_Source_Accommodations,facility,*ALL*,QXA4067,07:43.2
1368,COCMCB,BB.L1,NEWBORN LEVEL I,N1,Y,NO MATCH,0,COCMCB,L1,NEWBORN LEVEL I CARE,L1,N,Y,N,None,KSI8889,38:52.6,corpsvcmtxcutoverrpt_sql,43:36.1,xrdcwddbsuip06,MTX_ACOE_Cutover_Reporting,UI_Excel_Select_Xwalk_Source_Accommodations,facility,*ALL*,QXA4067,07:43.2
1369,COCMCB,BB.L2,NURSEY LEVEL 2,A,Y,NO MATCH,0,COCMCB,L2,NEWBORN LEVEL II CARE,L2,N,Y,N,None,KSI8889,38:52.6,corpsvcmtxcutoverrpt_sql,43:36.1,xrdcwddbsuip06,MTX_ACOE_Cutover_Reporting,UI_Excel_Select_Xwalk_Source_Accommodations,facility,*ALL*,QXA4067,07:43.2
1370,COCMCB,BB.L3,NURSERY LEVEL 3,B,Y,NO MATCH,0,COCMCB,L3,NEWBORN LEVEL III CARE,L3,N,Y,N,None,KSI8889,38:52.7,corpsvcmtxcutoverrpt_sql,43:36.1,xrdcwddbsuip06,MTX_ACOE_Cutover_Reporting,UI_Excel_Select_Xwalk_Source_Accommodations,facility,*ALL*,QXA4067,07:43.2
1371,COCMCB,BB.L4,VIRTUAL NURSERY OVERFLOW,D,Y,NO MATCH,0,COCMCB,L4,NEWBORN LEVEL IV CARE,L4,N,Y,N,None,KSI8889,38:52.7,corpsvcmtxcutoverrpt_sql,43:36.1,xrdcwddbsuip06,MTX_ACOE_Cutover_Reporting,UI_Excel_Select_Xwalk_Source_Accommodations,facility,*ALL*,QXA4067,07:43.2
1372,COCMCB,BB.LD,LABOR AND DELIVERY,LD,Y,NO MATCH,19,COCMCB,LD,LABOR AND DELIVERY,LD,Y,Y,N,None,KSI8889,38:52.7,corpsvcmtxcutoverrpt_sql,43:36.1,xrdcwddbsuip06,MTX_ACOE_Cutover_Reporting,UI_Excel_Select_Xwalk_Source_Accommodations,facility,*ALL*,QXA4067,07:43.2
1373,COCMCB,BB.MAS,MEDICAL SURGICAL,MD,Y,NO MATCH,135,COCMCB,MS,MED SURG,MS,Y,Y,N,None,KSI8889,38:52.8,corpsvcmtxcutoverrpt_sql,43:36.1,xrdcwddbsuip06,MTX_ACOE_Cutover_Reporting,UI_Excel_Select_Xwalk_Source_Accommodations,facility,*ALL*,QXA4067,07:43.2
1374,COCMCB,BB.MASP,MEDICAL SURGICAL PRIVATE,MP,Y,NO MATCH,0,COCMCB,MS,MED SURG,MS,N,Y,N,None,KSI8889,38:52.8,corpsvcmtxcutoverrpt_sql,43:36.1,xrdcwddbsuip06,MTX_ACOE_Cutover_Reporting,UI_Excel_Select_Xwalk_Source_Accommodations,facility,*ALL*,QXA4067,07:43.2
1375,COCMCB,BB.MASSP,MEDICAL SURGICAL SEMI PRIVATE,M2,Y,NO MATCH,0,COCMCB,MS,MED SURG,MS,N,Y,N,None,KSI8889,38:52.8,corpsvcmtxcutoverrpt_sql,43:36.1,xrdcwddbsuip06,MTX_ACOE_Cutover_Reporting,UI_Excel_Select_Xwalk_Source_Accommodations,facility,*ALL*,QXA4067,07:43.2
1376,COCMCB,BB.MST,MEDICAL/SURGICAL/TELEMETRY,MS,Y,NO MATCH,89,COCMCB,TEL,TELEMETRY,TE,Y,Y,N,None,KSI8889,38:52.8,corpsvcmtxcutoverrpt_sql,43:36.1,xrdcwddbsuip06,MTX_ACOE_Cutover_Reporting,UI_Excel_Select_Xwalk_Source_Accommodations,facility,*ALL*,QXA4067,07:43.2
1377,COCMCB,BB.MSTO,OVERFLOW MED/SURG/TELE,MO,Y,NO MATCH,6,COCMCB,TEL,TELEMETRY,TE,N,Y,N,None,KSI8889,38:52.9,corpsvcmtxcutoverrpt_sql,43:36.1,xrdcwddbsuip06,MTX_ACOE_Cutover_Reporting,UI_Excel_Select_Xwalk_Source_Accommodations,facility,*ALL*,QXA4067,07:43.2
1378,COCMCB,BB.MSTSP,MED SURG TELE SEMI PRIVATE,T2,Y,NO MATCH,0,COCMCB,TEL,TELEMETRY,TE,N,Y,N,None,KSI8889,38:52.9,corpsvcmtxcutoverrpt_sql,43:36.1,xrdcwddbsuip06,MTX_ACOE_Cutover_Reporting,UI_Excel_Select_Xwalk_Source_Accommodations,facility,*ALL*,QXA4067,07:43.2
1379,COCMCB,BB.NB,NEWBORN NURSERY,NB,Y,NO MATCH,0,COCMCB,L1,NEWBORN LEVEL I CARE,L1,N,Y,N,None,KSI8889,38:52.9,corpsvcmtxcutoverrpt_sql,43:36.1,xrdcwddbsuip06,MTX_ACOE_Cutover_Reporting,UI_Excel_Select_Xwalk_Source_Accommodations,facility,*ALL*,QXA4067,07:43.2
1380,COCMCB,BB.NIL2,NICU SPECIAL CARE       L2,N2,Y,NO MATCH,0,COCMCB,L2,NEWBORN LEVEL II CARE,L2,N,Y,N,None,KSI8889,38:52.9,corpsvcmtxcutoverrpt_sql,43:36.1,xrdcwddbsuip06,MTX_ACOE_Cutover_Reporting,UI_Excel_Select_Xwalk_Source_Accommodations,facility,*ALL*,QXA4067,07:43.2
1381,COCMCB,BB.NIL3,NICU INTERMEDIATE CARE  L3,N3,Y,NO MATCH,0,COCMCB,L3,NEWBORN LEVEL III CARE,L3,N,Y,N,None,KSI8889,38:53.0,corpsvcmtxcutoverrpt_sql,43:36.1,xrdcwddbsuip06,MTX_ACOE_Cutover_Reporting,UI_Excel_Select_Xwalk_Source_Accommodations,facility,*ALL*,QXA4067,07:43.2
1382,COCMCB,BB.NIL4,NICU INTENSIVE CARE     L4,N4,Y,NO MATCH,0,COCMCB,L4,NEWBORN LEVEL IV CARE,L4,N,Y,N,None,KSI8889,38:53.0,corpsvcmtxcutoverrpt_sql,43:36.1,xrdcwddbsuip06,MTX_ACOE_Cutover_Reporting,UI_Excel_Select_Xwalk_Source_Accommodations,facility,*ALL*,QXA4067,07:43.2
1383,COCMCB,BB.NL2,VIRTUAL NURSERY OVERFLOW,C,Y,NO MATCH,0,COCMCB,L2,NEWBORN LEVEL II CARE,L2,N,Y,N,None,KSI8889,38:53.1,corpsvcmtxcutoverrpt_sql,43:36.1,xrdcwddbsuip06,MTX_ACOE_Cutover_Reporting,UI_Excel_Select_Xwalk_Source_Accommodations,facility,*ALL*,QXA4067,07:43.2
1384,COCMCB,BB.NN,NICU,NN,N,NO MATCH,0,COCMCB,L1,NEWBORN LEVEL I CARE,L1,N,N,Y,None,KSI8889,58:59.2,corpsvcmtxcutoverrpt_sql,43:36.1,xrdcwddbsuip06,MTX_ACOE_Cutover_Reporting,UI_Excel_Select_Xwalk_Source_Accommodations,facility,*ALL*,QXA4067,07:43.2
1385,COCMCB,BB.OBT,TELEMETRY OVERFLOW ON OB,TO,Y,NO MATCH,0,COCMCB,TEL,TELEMETRY,TE,N,Y,N,None,KSI8889,38:53.1,corpsvcmtxcutoverrpt_sql,43:36.1,xrdcwddbsuip06,MTX_ACOE_Cutover_Reporting,UI_Excel_Select_Xwalk_Source_Accommodations,facility,*ALL*,QXA4067,07:43.2
1386,COCMCB,BB.OBTELEO,OB TELEMETRY OVERFLOW,OT,Y,NO MATCH,0,COCMCB,PR,PRIVATE ROOM,PR,N,Y,N,None,KSI8889,38:53.1,corpsvcmtxcutoverrpt_sql,43:36.1,xrdcwddbsuip06,MTX_ACOE_Cutover_Reporting,UI_Excel_Select_Xwalk_Source_Accommodations,facility,*ALL*,QXA4067,07:43.2
1387,COCMCB,BB.P,Private,BB,N,NO MATCH,0,COCMCB,PR,PRIVATE ROOM,PR,N,N,Y,None,KSI8889,58:59.2,corpsvcmtxcutoverrpt_sql,43:36.1,xrdcwddbsuip06,MTX_ACOE_Cutover_Reporting,UI_Excel_Select_Xwalk_Source_Accommodations,facility,*ALL*,QXA4067,07:43.2
1388,COCMCB,BB.PACUHLD,ALLIANCE SURGICAL PACU IP HOLD,PH,Y,NO MATCH,0,COCMCB,PR,PRIVATE ROOM,PR,N,Y,N,None,KSI8889,38:53.1,corpsvcmtxcutoverrpt_sql,43:36.1,xrdcwddbsuip06,MTX_ACOE_Cutover_Reporting,UI_Excel_Select_Xwalk_Source_Accommodations,facility,*ALL*,QXA4067,07:43.2
1389,COCMCB,BB.PCU,PROGRESSIVE CARE,PC,Y,NO MATCH,122,COCMCB,PC,PROGRESSIVE CARE,PC,Y,Y,N,None,KSI8889,38:53.2,corpsvcmtxcutoverrpt_sql,43:36.1,xrdcwddbsuip06,MTX_ACOE_Cutover_Reporting,UI_Excel_Select_Xwalk_Source_Accommodations,facility,*ALL*,QXA4067,07:43.2
1390,COCMCB,BB.PCUO,OVERFLOW PROGRESSIVE CARE,PO,Y,NO MATCH,0,COCMCB,PC,PROGRESSIVE CARE,PC,N,Y,N,None,KSI8889,38:53.2,corpsvcmtxcutoverrpt_sql,43:36.1,xrdcwddbsuip06,MTX_ACOE_Cutover_Reporting,UI_Excel_Select_Xwalk_Source_Accommodations,facility,*ALL*,QXA4067,07:43.2
1391,COCMCB,BB.PCUSP,PCU SEMI PRIVATE,P2,Y,NO MATCH,0,COCMCB,PC,PROGRESSIVE CARE,PC,N,Y,N,None,KSI8889,38:53.2,corpsvcmtxcutoverrpt_sql,43:36.1,xrdcwddbsuip06,MTX_ACOE_Cutover_Reporting,UI_Excel_Select_Xwalk_Source_Accommodations,facility,*ALL*,QXA4067,07:43.2
1392,COCMCB,BB.PP,POST PARTUM SERVICE,PP,Y,NO MATCH,83,COCMCB,PR,PRIVATE ROOM,PR,Y,Y,N,None,KSI8889,38:53.3,corpsvcmtxcutoverrpt_sql,43:36.1,xrdcwddbsuip06,MTX_ACOE_Cutover_Reporting,UI_Excel_Select_Xwalk_Source_Accommodations,facility,*ALL*,QXA4067,07:43.2
1393,COCMCB,BB.TR,ICU TRAUMA PRIVATE,20,Y,NO MATCH,0,COCMCB,TRIC,TRAUMA INTENSIVE CARE,TI,Y,Y,N,None,KSI8889,38:53.3,corpsvcmtxcutoverrpt_sql,43:36.1,xrdcwddbsuip06,MTX_ACOE_Cutover_Reporting,UI_Excel_Select_Xwalk_Source_Accommodations,facility,*ALL*,QXA4067,07:43.2
1394,COCMCB,L1,NEWBORN LEVEL 1,L1,Y,NO MATCH,36,COCMCB,L1,NEWBORN LEVEL I CARE,L1,Y,Y,N,None,KSI8889,38:53.3,corpsvcmtxcutoverrpt_sql,43:36.1,xrdcwddbsuip06,MTX_ACOE_Cutover_Reporting,UI_Excel_Select_Xwalk_Source_Accommodations,facility,*ALL*,QXA4067,07:43.2
1395,COCMCB,L2,NEWBORN LEVEL 2,L2,Y,NO MATCH,44,COCMCB,L2,NEWBORN LEVEL II CARE,L2,Y,Y,N,None,KSI8889,38:53.4,corpsvcmtxcutoverrpt_sql,43:36.1,xrdcwddbsuip06,MTX_ACOE_Cutover_Reporting,UI_Excel_Select_Xwalk_Source_Accommodations,facility,*ALL*,QXA4067,07:43.2
1396,COCMCB,L3,NEWBORN LEVEL 3,L3,Y,NO MATCH,10,COCMCB,L3,NEWBORN LEVEL III CARE,L3,Y,Y,N,None,KSI8889,38:53.4,corpsvcmtxcutoverrpt_sql,43:36.1,xrdcwddbsuip06,MTX_ACOE_Cutover_Reporting,UI_Excel_Select_Xwalk_Source_Accommodations,facility,*ALL*,QXA4067,07:43.2
1397,COCMCB,L4,NEWBORN LEVEL 4,L4,Y,NO MATCH,0,COCMCB,L4,NEWBORN LEVEL IV CARE,L4,Y,Y,N,None,KSI8889,38:53.4,corpsvcmtxcutoverrpt_sql,43:36.1,xrdcwddbsuip06,MTX_ACOE_Cutover_Reporting,UI_Excel_Select_Xwalk_Source_Accommodations,facility,*ALL*,QXA4067,07:43.2
1398,COCMCB,XMU,EXCHANGE CLINICAL DATA CODE,XM,Y,NO MATCH,0,COCMCB,PR,PRIVATE ROOM,PR,N,Y,N,None,KSI8889,38:53.4,corpsvcmtxcutoverrpt_sql,43:36.1,xrdcwddbsuip06,MTX_ACOE_Cutover_Reporting,UI_Excel_Select_Xwalk_Source_Accommodations,facility,*ALL*,QXA4067,07:43.2
1399,COCMCE,BD.ECMO,ECMO,EC,Y,NO MATCH,2,COCMCE,EC,ECMO,EC,Y,Y,N,None,FRE8115,33:05.1,corpsvcmtxcutoverrpt_sql,12:30.1,xrdcwddbsuip06,MTX_ACOE_Cutover_Reporting,UI_Excel_Select_Xwalk_Source_Accommodations,facility,*ALL*,QXA4067,07:43.2
1400,COCMCE,BD.ERICUOF,ER ICU Overflow/Hold,IO,Y,NO MATCH,0,COCMCE,IC,INTENSIVE CARE,IC,Y,Y,N,None,FRE8115,33:05.1,corpsvcmtxcutoverrpt_sql,12:30.1,xrdcwddbsuip06,MTX_ACOE_Cutover_Reporting,UI_Excel_Select_Xwalk_Source_Accommodations,facility,*ALL*,QXA4067,07:43.2
1401,COCMCE,BD.ERMSOF,ER MS Overflow/Hold,EM,Y,NO MATCH,3,COCMCE,PR,PRIVATE ROOM,PR,Y,Y,N,None,FRE8115,33:05.2,corpsvcmtxcutoverrpt_sql,12:30.1,xrdcwddbsuip06,MTX_ACOE_Cutover_Reporting,UI_Excel_Select_Xwalk_Source_Accommodations,facility,*ALL*,QXA4067,07:43.2
1402,COCMCE,BD.EROFHOL,ER Overflow/Hold,EH,N,NO MATCH,0,COCMCE,,,,,N,Y,None,FRE8115,33:05.2,corpsvcmtxcutoverrpt_sql,12:30.1,xrdcwddbsuip06,MTX_ACOE_Cutover_Reporting,UI_Excel_Select_Xwalk_Source_Accommodations,facility,*ALL*,QXA4067,07:43.2
1403,COCMCE,BD.ERPCUOF,ER PCU Overflow/Hold,EV,Y,NO MATCH,4,COCMCE,PCCC,PROGRESSIVE CARE CCU,PC,Y,Y,N,None,FRE8115,33:05.3,corpsvcmtxcutoverrpt_sql,12:30.1,xrdcwddbsuip06,MTX_ACOE_Cutover_Reporting,UI_Excel_Select_Xwalk_Source_Accommodations,facility,*ALL*,QXA4067,07:43.2
1404,COCMCE,BD.ERTELOF,ER Tele Overflow/Hold,ET,Y,NO MATCH,2,COCMCE,TEL,TELEMETRY,TP,Y,Y,N,None,FRE8115,33:05.3,corpsvcmtxcutoverrpt_sql,12:30.1,xrdcwddbsuip06,MTX_ACOE_Cutover_Reporting,UI_Excel_Select_Xwalk_Source_Accommodations,facility,*ALL*,QXA4067,07:43.2
1405,COCMCE,BD.IC,Intensive Care,IC,Y,NO MATCH,36,COCMCE,IC,INTENSIVE CARE,IC,Y,Y,N,None,FRE8115,33:05.3,corpsvcmtxcutoverrpt_sql,12:30.1,xrdcwddbsuip06,MTX_ACOE_Cutover_Reporting,UI_Excel_Select_Xwalk_Source_Accommodations,facility,*ALL*,QXA4067,07:43.2
1406,COCMCE,BD.ICUOVF,ICU OVERFLOW,OF,Y,NO MATCH,0,COCMCE,IC,INTENSIVE CARE,IC,Y,Y,N,None,FRE8115,33:05.4,corpsvcmtxcutoverrpt_sql,12:30.1,xrdcwddbsuip06,MTX_ACOE_Cutover_Reporting,UI_Excel_Select_Xwalk_Source_Accommodations,facility,*ALL*,QXA4067,07:43.2
1407,COCMCE,BD.MAS,Medical and Surgical,ME,N,NO MATCH,0,COCMCE,,,,,N,Y,None,FRE8115,33:05.4,corpsvcmtxcutoverrpt_sql,12:30.1,xrdcwddbsuip06,MTX_ACOE_Cutover_Reporting,UI_Excel_Select_Xwalk_Source_Accommodations,facility,*ALL*,QXA4067,07:43.2
1408,COCMCE,BD.MS,Medical Surgical,MS,N,NO MATCH,0,COCMCE,,,,,N,Y,None,FRE8115,33:05.4,corpsvcmtxcutoverrpt_sql,12:30.1,xrdcwddbsuip06,MTX_ACOE_Cutover_Reporting,UI_Excel_Select_Xwalk_Source_Accommodations,facility,*ALL*,QXA4067,07:43.2
1409,COCMCE,BD.OP,Ortho Private,OP,Y,NO MATCH,11,COCMCE,PR,PRIVATE ROOM,PR,Y,Y,N,None,FRE8115,33:05.5,corpsvcmtxcutoverrpt_sql,12:30.1,xrdcwddbsuip06,MTX_ACOE_Cutover_Reporting,UI_Excel_Select_Xwalk_Source_Accommodations,facility,*ALL*,QXA4067,07:43.2
1410,COCMCE,BD.P,Private,PV,Y,NO MATCH,53,COCMCE,PR,PRIVATE ROOM,PR,Y,Y,N,None,FRE8115,33:05.5,corpsvcmtxcutoverrpt_sql,12:30.1,xrdcwddbsuip06,MTX_ACOE_Cutover_Reporting,UI_Excel_Select_Xwalk_Source_Accommodations,facility,*ALL*,QXA4067,07:43.2
1411,COCMCE,BD.PC,PROGRESSIVE CARE UNIT,PC,Y,NO MATCH,113,COCMCE,PCCC,PROGRESSIVE CARE CCU,PC,Y,Y,N,None,FRE8115,33:05.5,corpsvcmtxcutoverrpt_sql,12:30.1,xrdcwddbsuip06,MTX_ACOE_Cutover_Reporting,UI_Excel_Select_Xwalk_Source_Accommodations,facility,*ALL*,QXA4067,07:43.2
1412,COCMCE,BD.TP,Telemetry/PCU,TP,Y,NO MATCH,68,COCMCE,TEL,TELEMETRY,TP,Y,Y,N,None,FRE8115,33:05.6,corpsvcmtxcutoverrpt_sql,12:30.1,xrdcwddbsuip06,MTX_ACOE_Cutover_Reporting,UI_Excel_Select_Xwalk_Source_Accommodations,facility,*ALL*,QXA4067,07:43.2
1413,COCMCE,BD.VIRTUAL,Virtual Beds,VB,Y,NO MATCH,0,COCMCE,PR,PRIVATE ROOM,PR,Y,Y,N,None,FRE8115,33:05.6,corpsvcmtxcutoverrpt_sql,12:30.1,xrdcwddbsuip06,MTX_ACOE_Cutover_Reporting,UI_Excel_Select_Xwalk_Source_Accommodations,facility,*ALL*,QXA4067,07:43.2
1414,COCMCE,BE.ERPCUOF,ER PCU Overflow/Hold,EP,N,NO MATCH,0,COCMCE,,,,,N,Y,None,FRE8115,33:05.6,corpsvcmtxcutoverrpt_sql,12:30.1,xrdcwddbsuip06,MTX_ACOE_Cutover_Reporting,UI_Excel_Select_Xwalk_Source_Accommodations,facility,*ALL*,QXA4067,07:43.2
1415,COCMCE,XMU,EXCHANGE CLINICAL DATA CODE,XM,Y,NO MATCH,0,COCMCE,PR,PRIVATE ROOM,PR,Y,Y,N,None,FRE8115,33:05.7,corpsvcmtxcutoverrpt_sql,12:30.1,xrdcwddbsuip06,MTX_ACOE_Cutover_Reporting,UI_Excel_Select_Xwalk_Source_Accommodations,facility,*ALL*,QXA4067,07:43.2
1416,COCMCM,EA.A,ADOLESCENT*,A,N,NO MATCH,0,COCMCM,,,,,N,Y,None,KWU2368,51:38.6,corpsvcmtxcutoverrpt_sql,59:30.5,xrdcwddbsuip06,MTX_ACOE_Cutover_Reporting,UI_Excel_Select_Xwalk_Source_Accommodations,facility,*ALL*,QXA4067,07:43.2
1417,COCMCM,EA.ADPSY,ADOLESCENT PSYCHIATRIC,AP,Y,NO MATCH,0,COCMCM,A,ADOLESCENT,COCMCM|AP,Y,Y,N,None,KWU2368,51:38.6,corpsvcmtxcutoverrpt_sql,59:30.5,xrdcwddbsuip06,MTX_ACOE_Cutover_Reporting,UI_Excel_Select_Xwalk_Source_Accommodations,facility,*ALL*,QXA4067,07:43.2
1418,COCMCM,EA.SP,SEMI PRIVATE ROOM,SP,Y,NO MATCH,0,COCMCM,SP,SEMI PRIVATE ROOM,COCMCM|SP,Y,Y,N,None,KWU2368,51:38.7,corpsvcmtxcutoverrpt_sql,59:30.5,xrdcwddbsuip06,MTX_ACOE_Cutover_Reporting,UI_Excel_Select_Xwalk_Source_Accommodations,facility,*ALL*,QXA4067,07:43.2
1419,COCMCM,XMU,EXCHANGE CLINICAL DATA CODE,XM,Y,NO MATCH,0,COCMCM,SP,SEMI PRIVATE ROOM,COCMCM|SP,Y,Y,N,None,KWU2368,51:38.7,corpsvcmtxcutoverrpt_sql,59:30.5,xrdcwddbsuip06,MTX_ACOE_Cutover_Reporting,UI_Excel_Select_Xwalk_Source_Accommodations,facility,*ALL*,QXA4067,07:43.2
1420,COCMCN,RA.ADPSY,ADOLESCENT PSYCHIATRIC SEMI-P,AP,Y,NO MATCH,0,COCMCN,A,ADOLESCENT,A,Y,Y,N,None,KSI8889,39:42.9,corpsvcmtxcutoverrpt_sql,43:36.1,xrdcwddbsuip06,MTX_ACOE_Cutover_Reporting,UI_Excel_Select_Xwalk_Source_Accommodations,facility,*ALL*,QXA4067,07:43.2
1421,COCMCN,RA.G,GERIATRIC,G,Y,NO MATCH,0,COCMCN,G,GERIATRIC,G,Y,Y,N,None,KSI8889,39:42.9,corpsvcmtxcutoverrpt_sql,43:36.1,xrdcwddbsuip06,MTX_ACOE_Cutover_Reporting,UI_Excel_Select_Xwalk_Source_Accommodations,facility,*ALL*,QXA4067,07:43.2
1422,COCMCN,RA.SD,SUBSTANCE DISORDER,SD,Y,NO MATCH,0,COCMCN,SD,SUBSTANCE DISORDER,SD,Y,Y,N,None,KSI8889,12:47.6,corpsvcmtxcutoverrpt_sql,36:44.5,xrdcwddbsuip06,MTX_ACOE_Cutover_Reporting,UI_Excel_Select_Xwalk_Source_Accommodations,facility,*ALL*,QXA4067,07:43.2
1423,COCMCN,RA.SP,SEMI PRIVATE ROOM,SP,Y,NO MATCH,0,COCMCN,SP,SEMI PRIVATE ROOM,SP,Y,Y,N,None,KSI8889,39:43.0,corpsvcmtxcutoverrpt_sql,43:36.1,xrdcwddbsuip06,MTX_ACOE_Cutover_Reporting,UI_Excel_Select_Xwalk_Source_Accommodations,facility,*ALL*,QXA4067,07:43.2
1424,COCMCN,XMU,EXCHANGE CLINICAL DATA CODE,XM,Y,NO MATCH,0,COCMCN,PR,PRIVATE ROOM,PR,N,Y,N,None,KSI8889,02:44.5,corpsvcmtxcutoverrpt_sql,43:36.1,xrdcwddbsuip06,MTX_ACOE_Cutover_Reporting,UI_Excel_Select_Xwalk_Source_Accommodations,facility,*ALL*,QXA4067,07:43.2
1425,COCMCS,AB.A,ADOLESCENT,A,Y,NO MATCH,0,COCMCS,PR,PRIVATE ROOM,PR,Y,Y,N,None,LRL2482,08:54.3,corpsvcmtxcutoverrpt_sql,59:30.5,xrdcwddbsuip06,MTX_ACOE_Cutover_Reporting,UI_Excel_Select_Xwalk_Source_Accommodations,facility,*ALL*,QXA4067,07:43.2
1426,COCMCS,AB.BC,BED HOLD CHARGE,BC,Y,NO MATCH,0,COCMCS,PR,PRIVATE ROOM,PR,Y,Y,N,None,LRL2482,08:54.3,corpsvcmtxcutoverrpt_sql,59:30.5,xrdcwddbsuip06,MTX_ACOE_Cutover_Reporting,UI_Excel_Select_Xwalk_Source_Accommodations,facility,*ALL*,QXA4067,07:43.2
1427,COCMCS,AB.BH,BEHAVIORAL HEALTH,BH,Y,NO MATCH,0,COCMCS,PR,PRIVATE ROOM,PR,Y,Y,N,None,LRL2482,08:54.3,corpsvcmtxcutoverrpt_sql,59:30.5,xrdcwddbsuip06,MTX_ACOE_Cutover_Reporting,UI_Excel_Select_Xwalk_Source_Accommodations,facility,*ALL*,QXA4067,07:43.2
1428,COCMCS,AB.BN,BED HOLD NO CHARGE,BN,Y,NO MATCH,0,COCMCS,PR,PRIVATE ROOM,PR,Y,Y,N,None,LRL2482,08:54.3,corpsvcmtxcutoverrpt_sql,59:30.5,xrdcwddbsuip06,MTX_ACOE_Cutover_Reporting,UI_Excel_Select_Xwalk_Source_Accommodations,facility,*ALL*,QXA4067,07:43.2
1429,COCMCS,AB.BR,BIRTHING ROOM,BR,Y,NO MATCH,0,COCMCS,PR,PRIVATE ROOM,PR,Y,Y,N,None,LRL2482,08:54.3,corpsvcmtxcutoverrpt_sql,59:30.5,xrdcwddbsuip06,MTX_ACOE_Cutover_Reporting,UI_Excel_Select_Xwalk_Source_Accommodations,facility,*ALL*,QXA4067,07:43.2
1430,COCMCS,AB.CC,CORONARY CARE,CC,Y,NO MATCH,0,COCMCS,IC,INTENSIVE CARE,IC,Y,Y,N,None,LRL2482,08:54.3,corpsvcmtxcutoverrpt_sql,59:30.5,xrdcwddbsuip06,MTX_ACOE_Cutover_Reporting,UI_Excel_Select_Xwalk_Source_Accommodations,facility,*ALL*,QXA4067,07:43.2
1431,COCMCS,AB.D,DETOX,D,Y,NO MATCH,0,COCMCS,PR,PRIVATE ROOM,PR,Y,Y,N,None,LRL2482,08:54.3,corpsvcmtxcutoverrpt_sql,59:30.5,xrdcwddbsuip06,MTX_ACOE_Cutover_Reporting,UI_Excel_Select_Xwalk_Source_Accommodations,facility,*ALL*,QXA4067,07:43.2
1432,COCMCS,AB.EC,ECMO,EC,Y,NO MATCH,0,COCMCS,IC,INTENSIVE CARE,IC,Y,Y,N,None,LRL2482,08:54.3,corpsvcmtxcutoverrpt_sql,59:30.5,xrdcwddbsuip06,MTX_ACOE_Cutover_Reporting,UI_Excel_Select_Xwalk_Source_Accommodations,facility,*ALL*,QXA4067,07:43.2
1433,COCMCS,AB.HP,HOSPICE,HP,Y,NO MATCH,0,COCMCS,PR,PRIVATE ROOM,PR,Y,Y,N,None,LRL2482,08:54.3,corpsvcmtxcutoverrpt_sql,59:30.5,xrdcwddbsuip06,MTX_ACOE_Cutover_Reporting,UI_Excel_Select_Xwalk_Source_Accommodations,facility,*ALL*,QXA4067,07:43.2
1434,COCMCS,AB.IC,INTENSIVE CARE,IC,Y,NO MATCH,0,COCMCS,IC,INTENSIVE CARE,IC,Y,Y,N,None,LRL2482,08:54.3,corpsvcmtxcutoverrpt_sql,59:30.5,xrdcwddbsuip06,MTX_ACOE_Cutover_Reporting,UI_Excel_Select_Xwalk_Source_Accommodations,facility,*ALL*,QXA4067,07:43.2
1435,COCMCS,AB.IM,INTERMEDIATE,IM,Y,NO MATCH,0,COCMCS,MS,MED SURG,MS,Y,Y,N,None,LRL2482,09:57.3,corpsvcmtxcutoverrpt_sql,59:30.5,xrdcwddbsuip06,MTX_ACOE_Cutover_Reporting,UI_Excel_Select_Xwalk_Source_Accommodations,facility,*ALL*,QXA4067,07:43.2
1436,COCMCS,AB.IS,ISOLATION,IS,Y,NO MATCH,0,COCMCS,PR,PRIVATE ROOM,PR,Y,Y,N,None,LRL2482,08:54.3,corpsvcmtxcutoverrpt_sql,59:30.5,xrdcwddbsuip06,MTX_ACOE_Cutover_Reporting,UI_Excel_Select_Xwalk_Source_Accommodations,facility,*ALL*,QXA4067,07:43.2
1437,COCMCS,AB.L2,NEWBORN LEVEL II CARE,L2,Y,NO MATCH,0,COCMCS,PR,PRIVATE ROOM,PR,Y,Y,N,None,LRL2482,08:54.3,corpsvcmtxcutoverrpt_sql,59:30.5,xrdcwddbsuip06,MTX_ACOE_Cutover_Reporting,UI_Excel_Select_Xwalk_Source_Accommodations,facility,*ALL*,QXA4067,07:43.2
1438,COCMCS,AB.L3,NEWBORN LEVEL III CARE,L3,Y,NO MATCH,0,COCMCS,PR,PRIVATE ROOM,PR,Y,Y,N,None,LRL2482,08:54.3,corpsvcmtxcutoverrpt_sql,59:30.5,xrdcwddbsuip06,MTX_ACOE_Cutover_Reporting,UI_Excel_Select_Xwalk_Source_Accommodations,facility,*ALL*,QXA4067,07:43.2
1439,COCMCS,AB.L4,NEWBORN LEVEL IV CARE,L4,Y,NO MATCH,0,COCMCS,PR,PRIVATE ROOM,PR,Y,Y,N,None,LRL2482,08:54.3,corpsvcmtxcutoverrpt_sql,59:30.5,xrdcwddbsuip06,MTX_ACOE_Cutover_Reporting,UI_Excel_Select_Xwalk_Source_Accommodations,facility,*ALL*,QXA4067,07:43.2
1440,COCMCS,AB.LD,LABOR AND DELIVERY,LD,Y,NO MATCH,0,COCMCS,PR,PRIVATE ROOM,PR,Y,Y,N,None,LRL2482,08:54.3,corpsvcmtxcutoverrpt_sql,59:30.5,xrdcwddbsuip06,MTX_ACOE_Cutover_Reporting,UI_Excel_Select_Xwalk_Source_Accommodations,facility,*ALL*,QXA4067,07:43.2
1441,COCMCS,AB.M,MEDICAL,M,Y,NO MATCH,3,COCMCS,PR,PRIVATE ROOM,PR,Y,Y,N,None,LRL2482,08:54.3,corpsvcmtxcutoverrpt_sql,59:30.5,xrdcwddbsuip06,MTX_ACOE_Cutover_Reporting,UI_Excel_Select_Xwalk_Source_Accommodations,facility,*ALL*,QXA4067,07:43.2
1442,COCMCS,AB.MP,MEDICAL PRIVATE,MP,Y,NO MATCH,0,COCMCS,PR,PRIVATE ROOM,PR,Y,Y,N,None,LRL2482,08:54.3,corpsvcmtxcutoverrpt_sql,59:30.5,xrdcwddbsuip06,MTX_ACOE_Cutover_Reporting,UI_Excel_Select_Xwalk_Source_Accommodations,facility,*ALL*,QXA4067,07:43.2
1443,COCMCS,AB.MS,MED SURG,MS,Y,NO MATCH,14,COCMCS,PR,PRIVATE ROOM,PR,Y,Y,N,None,LRL2482,08:54.3,corpsvcmtxcutoverrpt_sql,59:30.5,xrdcwddbsuip06,MTX_ACOE_Cutover_Reporting,UI_Excel_Select_Xwalk_Source_Accommodations,facility,*ALL*,QXA4067,07:43.2
1444,COCMCS,AB.NB,NEWBORN BASIC CARE,NB,Y,NO MATCH,0,COCMCS,PR,PRIVATE ROOM,PR,Y,Y,N,None,LRL2482,08:54.3,corpsvcmtxcutoverrpt_sql,59:30.5,xrdcwddbsuip06,MTX_ACOE_Cutover_Reporting,UI_Excel_Select_Xwalk_Source_Accommodations,facility,*ALL*,QXA4067,07:43.2
1445,COCMCS,AB.NI,NEURO ICU,NI,Y,NO MATCH,0,COCMCS,IC,INTENSIVE CARE,IC,Y,Y,N,None,LRL2482,08:54.3,corpsvcmtxcutoverrpt_sql,59:30.5,xrdcwddbsuip06,MTX_ACOE_Cutover_Reporting,UI_Excel_Select_Xwalk_Source_Accommodations,facility,*ALL*,QXA4067,07:43.2
1446,COCMCS,AB.PC,PROGRESSIVE CARE,PC,Y,NO MATCH,0,COCMCS,PC,PROGRESSIVE CARE,PC,Y,Y,N,None,LRL2482,08:54.3,corpsvcmtxcutoverrpt_sql,59:30.5,xrdcwddbsuip06,MTX_ACOE_Cutover_Reporting,UI_Excel_Select_Xwalk_Source_Accommodations,facility,*ALL*,QXA4067,07:43.2
1447,COCMCS,AB.PP,PEDIATRIC PRIVATE,PP,Y,NO MATCH,0,COCMCS,PR,PRIVATE ROOM,PR,Y,Y,N,None,LRL2482,08:54.4,corpsvcmtxcutoverrpt_sql,59:30.5,xrdcwddbsuip06,MTX_ACOE_Cutover_Reporting,UI_Excel_Select_Xwalk_Source_Accommodations,facility,*ALL*,QXA4067,07:43.2
1448,COCMCS,AB.PR,PRIVATE ROOM,PR,Y,NO MATCH,25,COCMCS,PR,PRIVATE ROOM,PR,Y,Y,N,None,LRL2482,08:54.4,corpsvcmtxcutoverrpt_sql,59:30.5,xrdcwddbsuip06,MTX_ACOE_Cutover_Reporting,UI_Excel_Select_Xwalk_Source_Accommodations,facility,*ALL*,QXA4067,07:43.2
1449,COCMCS,AB.R,REHABILITATION,R,Y,NO MATCH,0,COCMCS,PR,PRIVATE ROOM,PR,Y,Y,N,None,LRL2482,08:54.4,corpsvcmtxcutoverrpt_sql,59:30.5,xrdcwddbsuip06,MTX_ACOE_Cutover_Reporting,UI_Excel_Select_Xwalk_Source_Accommodations,facility,*ALL*,QXA4067,07:43.2
1450,COCMCS,AB.RP,REHAB PRIVATE,RP,Y,NO MATCH,0,COCMCS,PR,PRIVATE ROOM,PR,Y,Y,N,None,LRL2482,08:54.4,corpsvcmtxcutoverrpt_sql,59:30.5,xrdcwddbsuip06,MTX_ACOE_Cutover_Reporting,UI_Excel_Select_Xwalk_Source_Accommodations,facility,*ALL*,QXA4067,07:43.2
1451,COCMCS,AB.SP,SEMI PRIVATE ROOM,SP,Y,NO MATCH,0,COCMCS,PR,PRIVATE ROOM,PR,Y,Y,N,None,LRL2482,08:54.4,corpsvcmtxcutoverrpt_sql,59:30.5,xrdcwddbsuip06,MTX_ACOE_Cutover_Reporting,UI_Excel_Select_Xwalk_Source_Accommodations,facility,*ALL*,QXA4067,07:43.2
1452,COCMCS,AB.TEL,TELEMETRY,TL,Y,NO MATCH,30,COCMCS,TEL,TELEMETRY,TE,Y,Y,N,None,LRL2482,08:54.4,corpsvcmtxcutoverrpt_sql,59:30.5,xrdcwddbsuip06,MTX_ACOE_Cutover_Reporting,UI_Excel_Select_Xwalk_Source_Accommodations,facility,*ALL*,QXA4067,07:43.2
1453,COCMCS,AB.TR,TRAUMA,TR,Y,NO MATCH,0,COCMCS,PR,PRIVATE ROOM,PR,Y,Y,N,None,LRL2482,08:54.4,corpsvcmtxcutoverrpt_sql,59:30.5,xrdcwddbsuip06,MTX_ACOE_Cutover_Reporting,UI_Excel_Select_Xwalk_Source_Accommodations,facility,*ALL*,QXA4067,07:43.2
1454,COCMCS,AB.VB,VIRTUAL BED,VB,Y,NO MATCH,0,COCMCS,PR,PRIVATE ROOM,PR,Y,Y,N,None,LRL2482,08:54.4,corpsvcmtxcutoverrpt_sql,59:30.5,xrdcwddbsuip06,MTX_ACOE_Cutover_Reporting,UI_Excel_Select_Xwalk_Source_Accommodations,facility,*ALL*,QXA4067,07:43.2
1455,COCMCS,AB.WARD,WARD,W,Y,NO MATCH,0,COCMCS,PR,PRIVATE ROOM,PR,Y,Y,N,None,LRL2482,08:54.4,corpsvcmtxcutoverrpt_sql,59:30.5,xrdcwddbsuip06,MTX_ACOE_Cutover_Reporting,UI_Excel_Select_Xwalk_Source_Accommodations,facility,*ALL*,QXA4067,07:43.2
1456,COCMCW,BE.2S,2 SOUTH,2S,Y,NO MATCH,0,COCMCW,PR,PRIVATE ROOM,P,Y,Y,N,None,RWM4772,13:01.5,corpsvcmtxcutoverrpt_sql,43:36.1,xrdcwddbsuip06,MTX_ACOE_Cutover_Reporting,UI_Excel_Select_Xwalk_Source_Accommodations,facility,*ALL*,QXA4067,07:43.2
1457,COCMCW,BE.2T,2 TOWER,2T,Y,NO MATCH,56,COCMCW,PR,PRIVATE ROOM,P,Y,Y,N,None,RWM4772,13:01.6,corpsvcmtxcutoverrpt_sql,43:36.1,xrdcwddbsuip06,MTX_ACOE_Cutover_Reporting,UI_Excel_Select_Xwalk_Source_Accommodations,facility,*ALL*,QXA4067,07:43.2
1458,COCMCW,BE.3T,3 TOWER,3T,Y,NO MATCH,52,COCMCW,PR,PRIVATE ROOM,P,Y,Y,N,None,RWM4772,13:01.7,corpsvcmtxcutoverrpt_sql,43:36.1,xrdcwddbsuip06,MTX_ACOE_Cutover_Reporting,UI_Excel_Select_Xwalk_Source_Accommodations,facility,*ALL*,QXA4067,07:43.2
1459,COCMCW,BE.CCU,CCU,CC,N,NO MATCH,0,COCMCW,PR,PRIVATE ROOM,P,N,N,Y,None,RWM4772,13:51.6,corpsvcmtxcutoverrpt_sql,43:36.1,xrdcwddbsuip06,MTX_ACOE_Cutover_Reporting,UI_Excel_Select_Xwalk_Source_Accommodations,facility,*ALL*,QXA4067,07:43.2
1460,COCMCW,BE.ECMO,ECMO,EC,Y,NO MATCH,0,COCMCW,EC,ECMO,EC,Y,Y,N,None,RWM4772,52:21.2,corpsvcmtxcutoverrpt_sql,43:36.1,xrdcwddbsuip06,MTX_ACOE_Cutover_Reporting,UI_Excel_Select_Xwalk_Source_Accommodations,facility,*ALL*,QXA4067,07:43.2
1461,COCMCW,BE.EDICUOF,ER OVERFLOW ICU,EI,Y,NO MATCH,1,COCMCW,IC,INTENSIVE CARE,IC,Y,Y,N,None,RWM4772,52:21.2,corpsvcmtxcutoverrpt_sql,43:36.1,xrdcwddbsuip06,MTX_ACOE_Cutover_Reporting,UI_Excel_Select_Xwalk_Source_Accommodations,facility,*ALL*,QXA4067,07:43.2
1462,COCMCW,BE.EDMS,ED MED/SURG INPATIENT HOLD,PV,N,NO MATCH,0,COCMCW,,,,,N,Y,None,RWM4772,51:25.8,corpsvcmtxcutoverrpt_sql,43:36.1,xrdcwddbsuip06,MTX_ACOE_Cutover_Reporting,UI_Excel_Select_Xwalk_Source_Accommodations,facility,*ALL*,QXA4067,07:43.2
1463,COCMCW,BE.EDMSOF,ER OVERFLOW MED/SURG,EM,Y,NO MATCH,24,COCMCW,MS,MED SURG,MA,Y,Y,N,None,RWM4772,52:21.3,corpsvcmtxcutoverrpt_sql,43:36.1,xrdcwddbsuip06,MTX_ACOE_Cutover_Reporting,UI_Excel_Select_Xwalk_Source_Accommodations,facility,*ALL*,QXA4067,07:43.2
1464,COCMCW,BE.EDPCUOF,ER OVERFLOW PCU,EP,Y,NO MATCH,0,COCMCW,PC,PROGRESSIVE CARE,PC,Y,Y,N,None,RWM4772,52:21.3,corpsvcmtxcutoverrpt_sql,43:36.1,xrdcwddbsuip06,MTX_ACOE_Cutover_Reporting,UI_Excel_Select_Xwalk_Source_Accommodations,facility,*ALL*,QXA4067,07:43.2
1465,COCMCW,BE.EROF,EMERGENCY ROOM OVERFLOW,RO,Y,NO MATCH,0,COCMCW,PR,PRIVATE ROOM,P,Y,Y,N,None,RWM4772,13:01.7,corpsvcmtxcutoverrpt_sql,43:36.1,xrdcwddbsuip06,MTX_ACOE_Cutover_Reporting,UI_Excel_Select_Xwalk_Source_Accommodations,facility,*ALL*,QXA4067,07:43.2
1466,COCMCW,BE.HOLDING,HOLDING,HO,N,NO MATCH,0,COCMCW,,,,,N,Y,None,RWM4772,51:26.0,corpsvcmtxcutoverrpt_sql,43:36.1,xrdcwddbsuip06,MTX_ACOE_Cutover_Reporting,UI_Excel_Select_Xwalk_Source_Accommodations,facility,*ALL*,QXA4067,07:43.2
1467,COCMCW,BE.ICU,ICU,IC,Y,NO MATCH,27,COCMCW,IC,INTENSIVE CARE,IC,Y,Y,N,None,RWM4772,52:21.4,corpsvcmtxcutoverrpt_sql,43:36.1,xrdcwddbsuip06,MTX_ACOE_Cutover_Reporting,UI_Excel_Select_Xwalk_Source_Accommodations,facility,*ALL*,QXA4067,07:43.2
1468,COCMCW,BE.L2,NEWBORN L2,N2,Y,NO MATCH,0,COCMCW,L2,NEWBORN LEVEL II CARE,L2,Y,Y,N,None,RWM4772,52:21.5,corpsvcmtxcutoverrpt_sql,43:36.1,xrdcwddbsuip06,MTX_ACOE_Cutover_Reporting,UI_Excel_Select_Xwalk_Source_Accommodations,facility,*ALL*,QXA4067,07:43.2
1469,COCMCW,BE.L3,NEWBORN L3,N3,Y,NO MATCH,0,COCMCW,L3,NEWBORN LEVEL III CARE,L3,Y,Y,N,None,RWM4772,52:21.5,corpsvcmtxcutoverrpt_sql,43:36.1,xrdcwddbsuip06,MTX_ACOE_Cutover_Reporting,UI_Excel_Select_Xwalk_Source_Accommodations,facility,*ALL*,QXA4067,07:43.2
1470,COCMCW,BE.MS,MED SURG,MA,Y,NO MATCH,20,COCMCW,MS,MED SURG,MA,Y,Y,N,None,RWM4772,52:21.6,corpsvcmtxcutoverrpt_sql,43:36.1,xrdcwddbsuip06,MTX_ACOE_Cutover_Reporting,UI_Excel_Select_Xwalk_Source_Accommodations,facility,*ALL*,QXA4067,07:43.2
1471,COCMCW,BE.MSOF,CCU Overflow MS,MO,Y,NO MATCH,0,COCMCW,PR,PRIVATE ROOM,P,Y,Y,N,None,RWM4772,13:30.3,corpsvcmtxcutoverrpt_sql,43:36.1,xrdcwddbsuip06,MTX_ACOE_Cutover_Reporting,UI_Excel_Select_Xwalk_Source_Accommodations,facility,*ALL*,QXA4067,07:43.2
1472,COCMCW,BE.NSY,NURSERY,NB,Y,NO MATCH,1,COCMCW,L1,NEWBORN LEVEL I CARE,L1,Y,Y,N,None,RWM4772,42:35.9,corpsvcmtxcutoverrpt_sql,43:36.1,xrdcwddbsuip06,MTX_ACOE_Cutover_Reporting,UI_Excel_Select_Xwalk_Source_Accommodations,facility,*ALL*,QXA4067,07:43.2
1473,COCMCW,BE.NSYB,NURSERY BOARDER,BB,Y,NO MATCH,0,COCMCW,L1,NEWBORN LEVEL I CARE,L1,Y,Y,N,None,RWM4772,42:36.0,corpsvcmtxcutoverrpt_sql,43:36.1,xrdcwddbsuip06,MTX_ACOE_Cutover_Reporting,UI_Excel_Select_Xwalk_Source_Accommodations,facility,*ALL*,QXA4067,07:43.2
1474,COCMCW,BE.OUT,OUTPATIENT,OP,Y,NO MATCH,0,COCMCW,PR,PRIVATE ROOM,P,Y,Y,N,None,RWM4772,13:30.3,corpsvcmtxcutoverrpt_sql,43:36.1,xrdcwddbsuip06,MTX_ACOE_Cutover_Reporting,UI_Excel_Select_Xwalk_Source_Accommodations,facility,*ALL*,QXA4067,07:43.2
1475,COCMCW,BE.OVER,OVERFLOW,OV,Y,NO MATCH,0,COCMCW,MS,MED SURG,MA,Y,Y,N,None,RWM4772,52:21.6,corpsvcmtxcutoverrpt_sql,43:36.1,xrdcwddbsuip06,MTX_ACOE_Cutover_Reporting,UI_Excel_Select_Xwalk_Source_Accommodations,facility,*ALL*,QXA4067,07:43.2
1476,COCMCW,BE.P,PRIVATE,P,Y,NO MATCH,150,COCMCW,PR,PRIVATE ROOM,P,Y,Y,N,None,RWM4772,13:01.9,corpsvcmtxcutoverrpt_sql,43:36.1,xrdcwddbsuip06,MTX_ACOE_Cutover_Reporting,UI_Excel_Select_Xwalk_Source_Accommodations,facility,*ALL*,QXA4067,07:43.2
1477,COCMCW,BE.PCU,PROGRESSIVE CARE,PC,Y,NO MATCH,50,COCMCW,PC,PROGRESSIVE CARE,PC,Y,Y,N,None,RWM4772,52:21.8,corpsvcmtxcutoverrpt_sql,43:36.1,xrdcwddbsuip06,MTX_ACOE_Cutover_Reporting,UI_Excel_Select_Xwalk_Source_Accommodations,facility,*ALL*,QXA4067,07:43.2
1478,COCMCW,BE.SP,SEMI PRIVATE,SP,Y,NO MATCH,16,COCMCW,PR,PRIVATE ROOM,P,Y,Y,N,None,RWM4772,13:02.0,corpsvcmtxcutoverrpt_sql,43:36.1,xrdcwddbsuip06,MTX_ACOE_Cutover_Reporting,UI_Excel_Select_Xwalk_Source_Accommodations,facility,*ALL*,QXA4067,07:43.2
1479,COCMCW,BE.TR,TRAUMA,TR,Y,NO MATCH,0,COCMCW,TR,TRAUMA,TR,Y,Y,N,None,RWM4772,49:03.8,corpsvcmtxcutoverrpt_sql,43:36.1,xrdcwddbsuip06,MTX_ACOE_Cutover_Reporting,UI_Excel_Select_Xwalk_Source_Accommodations,facility,*ALL*,QXA4067,07:43.2
1480,COCMCW,L1,NEWBORN LEVEL 1,L1,Y,NO MATCH,8,COCMCW,L1,NEWBORN LEVEL I CARE,L1,Y,Y,N,None,RWM4772,52:21.8,corpsvcmtxcutoverrpt_sql,43:36.1,xrdcwddbsuip06,MTX_ACOE_Cutover_Reporting,UI_Excel_Select_Xwalk_Source_Accommodations,facility,*ALL*,QXA4067,07:43.2
1481,COCMCW,L2,NEWBORN LEVEL 2,L2,Y,NO MATCH,23,COCMCW,L2,NEWBORN LEVEL II CARE,L2,Y,Y,N,None,RWM4772,52:21.9,corpsvcmtxcutoverrpt_sql,43:36.1,xrdcwddbsuip06,MTX_ACOE_Cutover_Reporting,UI_Excel_Select_Xwalk_Source_Accommodations,facility,*ALL*,QXA4067,07:43.2
1482,COCMCW,L3,NEWBORN LEVEL 3,L3,Y,NO MATCH,0,COCMCW,L3,NEWBORN LEVEL III CARE,L3,Y,Y,N,None,RWM4772,52:21.9,corpsvcmtxcutoverrpt_sql,43:36.1,xrdcwddbsuip06,MTX_ACOE_Cutover_Reporting,UI_Excel_Select_Xwalk_Source_Accommodations,facility,*ALL*,QXA4067,07:43.2
1483,COCMCW,L4,NEWBORN LEVEL 4,L4,Y,NO MATCH,0,COCMCW,L4,NEWBORN LEVEL IV CARE,L4,Y,Y,N,None,RWM4772,4/21/2026 16:52,corpsvcmtxcutoverrpt_sql,43:36.1,xrdcwddbsuip06,MTX_ACOE_Cutover_Reporting,UI_Excel_Select_Xwalk_Source_Accommodations,facility,*ALL*,QXA4067,07:43.2
1484,COCMHB,___N/A___20260630124209,Net New Expanse Service--no MT56 data,,,"TEST (2026-09-20),ZCON (2026-09-20),LIVE (2026-09-04)",0,COCMHB,LDHR,LABOR AND DELIVERY HIGH RISK,LR,y,Y,N,None,FRE8115,47:40.2,HCA\IIU4396,28:18.2,xrdcwddbsuip06,MTX_ACOE_Cutover_Reporting,UI_Excel_Select_Xwalk_Source_Accommodations,facility,*ALL*,QXA4067,07:43.2
1485,COCMHB,AP,ADULT PSYCH PRIVATE,AP,N,NO MATCH,0,COCMHB,,,,,N,Y,None,FRE8115,00:39.6,corpsvcmtxcutoverrpt_sql,53:30.8,xrdcwddbsuip06,MTX_ACOE_Cutover_Reporting,UI_Excel_Select_Xwalk_Source_Accommodations,facility,*ALL*,QXA4067,07:43.2
1486,COCMHB,AS,ADULT PSYCH SEMI PVT,AS,N,NO MATCH,0,COCMHB,,,,,N,Y,None,FRE8115,00:39.6,corpsvcmtxcutoverrpt_sql,53:30.8,xrdcwddbsuip06,MTX_ACOE_Cutover_Reporting,UI_Excel_Select_Xwalk_Source_Accommodations,facility,*ALL*,QXA4067,07:43.2
1487,COCMHB,BURN,Burn Intensive Care,BU,N,NO MATCH,0,COCMHB,,,,,N,Y,None,FRE8115,00:39.7,corpsvcmtxcutoverrpt_sql,53:30.8,xrdcwddbsuip06,MTX_ACOE_Cutover_Reporting,UI_Excel_Select_Xwalk_Source_Accommodations,facility,*ALL*,QXA4067,07:43.2
1488,COCMHB,CC,CORONARY CARE,CO,Y,"TEST (2026-09-20),ZCON (2026-09-20),LIVE (2026-09-04)",0,COCMHB,CC,CORONARY CARE,CC,Y,Y,N,None,FRE8115,52:35.9,corpsvcmtxcutoverrpt_sql,53:30.8,xrdcwddbsuip06,MTX_ACOE_Cutover_Reporting,UI_Excel_Select_Xwalk_Source_Accommodations,facility,*ALL*,QXA4067,07:43.2
1489,COCMHB,CV,CVICU,CV,Y,"TEST (2026-09-20),ZCON (2026-09-20),LIVE (2026-09-04)",4,COCMHB,CC,CORONARY CARE,CC,Y,Y,N,None,FRE8115,52:36.0,corpsvcmtxcutoverrpt_sql,53:30.8,xrdcwddbsuip06,MTX_ACOE_Cutover_Reporting,UI_Excel_Select_Xwalk_Source_Accommodations,facility,*ALL*,QXA4067,07:43.2
1490,COCMHB,DX,Detox,DX,N,NO MATCH,0,COCMHB,,,,,N,Y,None,FRE8115,00:39.7,corpsvcmtxcutoverrpt_sql,53:30.8,xrdcwddbsuip06,MTX_ACOE_Cutover_Reporting,UI_Excel_Select_Xwalk_Source_Accommodations,facility,*ALL*,QXA4067,07:43.2
1491,COCMHB,EC,ICU GENERAL W ECMO,EC,Y,"TEST (2026-09-20),ZCON (2026-09-20),LIVE (2026-09-04)",0,COCMHB,EC,ECMO,EC,Y,Y,N,None,FRE8115,52:36.0,corpsvcmtxcutoverrpt_sql,53:30.8,xrdcwddbsuip06,MTX_ACOE_Cutover_Reporting,UI_Excel_Select_Xwalk_Source_Accommodations,facility,*ALL*,QXA4067,07:43.2
1492,COCMHB,GP,GERI PSYCH PRIVATE,GP,N,NO MATCH,0,COCMHB,,,,,N,Y,None,FRE8115,00:39.7,corpsvcmtxcutoverrpt_sql,53:30.8,xrdcwddbsuip06,MTX_ACOE_Cutover_Reporting,UI_Excel_Select_Xwalk_Source_Accommodations,facility,*ALL*,QXA4067,07:43.2
1493,COCMHB,GS,GERI PSYCH SEMI PVT,GS,N,NO MATCH,0,COCMHB,,,,,N,Y,None,FRE8115,00:39.8,corpsvcmtxcutoverrpt_sql,53:30.8,xrdcwddbsuip06,MTX_ACOE_Cutover_Reporting,UI_Excel_Select_Xwalk_Source_Accommodations,facility,*ALL*,QXA4067,07:43.2
1494,COCMHB,IC,Intensive Care,IN,Y,"TEST (2026-09-20),ZCON (2026-09-20),LIVE (2026-09-04)",51,COCMHB,IC,INTENSIVE CARE,IC,Y,Y,N,None,FRE8115,52:36.1,corpsvcmtxcutoverrpt_sql,53:30.8,xrdcwddbsuip06,MTX_ACOE_Cutover_Reporting,UI_Excel_Select_Xwalk_Source_Accommodations,facility,*ALL*,QXA4067,07:43.2
1495,COCMHB,IM,Intermediate Care,IR,Y,"TEST (2026-09-20),ZCON (2026-09-20),LIVE (2026-09-04)",122,COCMHB,PC,PROGRESSIVE CARE,PC,Y,Y,N,None,FRE8115,05:23.3,corpsvcmtxcutoverrpt_sql,53:30.8,xrdcwddbsuip06,MTX_ACOE_Cutover_Reporting,UI_Excel_Select_Xwalk_Source_Accommodations,facility,*ALL*,QXA4067,07:43.2
1496,COCMHB,IMCU,Intermediate Care CCU,CR,Y,"TEST (2026-09-20),ZCON (2026-09-20),LIVE (2026-09-04)",4,COCMHB,PCCC,PROGRESSIVE CARE CCU,PU,Y,Y,N,None,FRE8115,05:23.4,corpsvcmtxcutoverrpt_sql,53:30.8,xrdcwddbsuip06,MTX_ACOE_Cutover_Reporting,UI_Excel_Select_Xwalk_Source_Accommodations,facility,*ALL*,QXA4067,07:43.2
1497,COCMHB,L1,NEWBORN LEVEL I,L1,Y,"TEST (2026-09-20),ZCON (2026-09-20),LIVE (2026-09-04)",160,COCMHB,L1,NEWBORN LEVEL I CARE,L1,Y,Y,N,None,FRE8115,52:36.2,corpsvcmtxcutoverrpt_sql,53:30.8,xrdcwddbsuip06,MTX_ACOE_Cutover_Reporting,UI_Excel_Select_Xwalk_Source_Accommodations,facility,*ALL*,QXA4067,07:43.2
1498,COCMHB,L2,NEWBORN LEVEL II,L2,Y,"TEST (2026-09-20),ZCON (2026-09-20),LIVE (2026-09-04)",21,COCMHB,L2,NEWBORN LEVEL II CARE,L2,Y,Y,N,None,FRE8115,52:36.2,corpsvcmtxcutoverrpt_sql,53:30.8,xrdcwddbsuip06,MTX_ACOE_Cutover_Reporting,UI_Excel_Select_Xwalk_Source_Accommodations,facility,*ALL*,QXA4067,07:43.2
1499,COCMHB,L3,NEWBORN LEVEL III,L3,Y,"TEST (2026-09-20),ZCON (2026-09-20),LIVE (2026-09-04)",10,COCMHB,L3,NEWBORN LEVEL III CARE,L3,Y,Y,N,None,FRE8115,52:36.3,corpsvcmtxcutoverrpt_sql,53:30.8,xrdcwddbsuip06,MTX_ACOE_Cutover_Reporting,UI_Excel_Select_Xwalk_Source_Accommodations,facility,*ALL*,QXA4067,07:43.2
1500,COCMHB,L4,NEWBORN LEVEL IV,L4,Y,"TEST (2026-09-20),ZCON (2026-09-20),LIVE (2026-09-04)",8,COCMHB,L4,NEWBORN LEVEL IV CARE,L4,Y,Y,N,None,FRE8115,52:36.3,corpsvcmtxcutoverrpt_sql,53:30.8,xrdcwddbsuip06,MTX_ACOE_Cutover_Reporting,UI_Excel_Select_Xwalk_Source_Accommodations,facility,*ALL*,QXA4067,07:43.2
1501,COCMHB,LD,LABOR & DELIVERY,LD,Y,"TEST (2026-09-20),ZCON (2026-09-20),LIVE (2026-09-04)",0,COCMHB,LD,LABOR AND DELIVERY,LD,Y,Y,N,None,FRE8115,52:36.3,corpsvcmtxcutoverrpt_sql,53:30.8,xrdcwddbsuip06,MTX_ACOE_Cutover_Reporting,UI_Excel_Select_Xwalk_Source_Accommodations,facility,*ALL*,QXA4067,07:43.2
1502,COCMHB,M,CORONARY CARE,CC,N,NO MATCH,0,COCMHB,,,,,N,Y,None,FRE8115,00:39.8,corpsvcmtxcutoverrpt_sql,53:30.8,xrdcwddbsuip06,MTX_ACOE_Cutover_Reporting,UI_Excel_Select_Xwalk_Source_Accommodations,facility,*ALL*,QXA4067,07:43.2
1503,COCMHB,MA,MED PRI,MA,N,NO MATCH,0,COCMHB,,,,,N,Y,None,FRE8115,00:39.9,corpsvcmtxcutoverrpt_sql,53:30.8,xrdcwddbsuip06,MTX_ACOE_Cutover_Reporting,UI_Excel_Select_Xwalk_Source_Accommodations,facility,*ALL*,QXA4067,07:43.2
1504,COCMHB,MD,MED,M,N,"TEST (2026-09-20),ZCON (2026-09-20),LIVE (2026-09-04)",0,COCMHB,M,MEDICAL,M,Y,Y,N,None,RWM4772,27:32.8,corpsvcmtxcutoverrpt_sql,53:30.8,xrdcwddbsuip06,MTX_ACOE_Cutover_Reporting,UI_Excel_Select_Xwalk_Source_Accommodations,facility,*ALL*,QXA4067,07:43.2
1505,COCMHB,MS,Med Surg,MD,Y,"TEST (2026-09-20),ZCON (2026-09-20),LIVE (2026-09-04)",363,COCMHB,MS,MED SURG,MS,Y,Y,N,None,FRE8115,52:36.4,corpsvcmtxcutoverrpt_sql,53:30.8,xrdcwddbsuip06,MTX_ACOE_Cutover_Reporting,UI_Excel_Select_Xwalk_Source_Accommodations,facility,*ALL*,QXA4067,07:43.2
1506,COCMHB,N1,NICU Level 1,NO,N,NO MATCH,0,COCMHB,,,,,N,Y,None,FRE8115,00:40.0,corpsvcmtxcutoverrpt_sql,53:30.8,xrdcwddbsuip06,MTX_ACOE_Cutover_Reporting,UI_Excel_Select_Xwalk_Source_Accommodations,facility,*ALL*,QXA4067,07:43.2
1507,COCMHB,N2,NICU Level 2,NT,Y,"TEST (2026-09-20),ZCON (2026-09-20),LIVE (2026-09-04)",0,COCMHB,L2,NEWBORN LEVEL II CARE,L2,Y,Y,N,None,FRE8115,52:36.4,corpsvcmtxcutoverrpt_sql,53:30.8,xrdcwddbsuip06,MTX_ACOE_Cutover_Reporting,UI_Excel_Select_Xwalk_Source_Accommodations,facility,*ALL*,QXA4067,07:43.2
1508,COCMHB,N3,NICU Level 3,N3,Y,"TEST (2026-09-20),ZCON (2026-09-20),LIVE (2026-09-04)",0,COCMHB,L3,NEWBORN LEVEL III CARE,L3,Y,Y,N,None,FRE8115,52:36.5,corpsvcmtxcutoverrpt_sql,53:30.8,xrdcwddbsuip06,MTX_ACOE_Cutover_Reporting,UI_Excel_Select_Xwalk_Source_Accommodations,facility,*ALL*,QXA4067,07:43.2
1509,COCMHB,N4,NICU Level 4,N4,Y,"TEST (2026-09-20),ZCON (2026-09-20),LIVE (2026-09-04)",0,COCMHB,L4,NEWBORN LEVEL IV CARE,L4,Y,Y,N,None,FRE8115,52:36.5,corpsvcmtxcutoverrpt_sql,53:30.8,xrdcwddbsuip06,MTX_ACOE_Cutover_Reporting,UI_Excel_Select_Xwalk_Source_Accommodations,facility,*ALL*,QXA4067,07:43.2
1510,COCMHB,NB,Newborn Basic Care,NB,Y,"TEST (2026-09-20),ZCON (2026-09-20),LIVE (2026-09-04)",19,COCMHB,L1,NEWBORN LEVEL I CARE,L1,Y,Y,N,None,FRE8115,52:36.5,corpsvcmtxcutoverrpt_sql,53:30.8,xrdcwddbsuip06,MTX_ACOE_Cutover_Reporting,UI_Excel_Select_Xwalk_Source_Accommodations,facility,*ALL*,QXA4067,07:43.2
1511,COCMHB,NI,SCN ICU,NI,N,NO MATCH,0,COCMHB,,,,,N,Y,None,FRE8115,00:40.0,corpsvcmtxcutoverrpt_sql,53:30.8,xrdcwddbsuip06,MTX_ACOE_Cutover_Reporting,UI_Excel_Select_Xwalk_Source_Accommodations,facility,*ALL*,QXA4067,07:43.2
1512,COCMHB,OB,OB GYN,OB,N,NO MATCH,0,COCMHB,,,,,N,Y,None,FRE8115,00:40.0,corpsvcmtxcutoverrpt_sql,53:30.8,xrdcwddbsuip06,MTX_ACOE_Cutover_Reporting,UI_Excel_Select_Xwalk_Source_Accommodations,facility,*ALL*,QXA4067,07:43.2
1513,COCMHB,OC,Obstetrics,OC,Y,"TEST (2026-09-20),ZCON (2026-09-20),LIVE (2026-09-04)",210,COCMHB,LD,LABOR AND DELIVERY,LD,Y,Y,N,None,FRE8115,52:36.6,corpsvcmtxcutoverrpt_sql,53:30.8,xrdcwddbsuip06,MTX_ACOE_Cutover_Reporting,UI_Excel_Select_Xwalk_Source_Accommodations,facility,*ALL*,QXA4067,07:43.2
1514,COCMHB,PN,Perinatal Unit,PN,Y,"TEST (2026-09-20),ZCON (2026-09-20),LIVE (2026-09-04)",0,COCMHB,AP,ANTEPARTUM,AP,Y,Y,N,None,FRE8115,52:36.6,corpsvcmtxcutoverrpt_sql,53:30.8,xrdcwddbsuip06,MTX_ACOE_Cutover_Reporting,UI_Excel_Select_Xwalk_Source_Accommodations,facility,*ALL*,QXA4067,07:43.2
1515,COCMHB,PP,POST PARTUM,PP,N,NO MATCH,0,COCMHB,,,,,N,Y,None,FRE8115,00:40.1,corpsvcmtxcutoverrpt_sql,53:30.8,xrdcwddbsuip06,MTX_ACOE_Cutover_Reporting,UI_Excel_Select_Xwalk_Source_Accommodations,facility,*ALL*,QXA4067,07:43.2
1516,COCMHB,PSY,Psych,PY,Y,"TEST (2026-09-20),ZCON (2026-09-20),LIVE (2026-09-04)",0,COCMHB,MS,MED SURG,MS,Y,Y,N,None,FRE8115,10:39.6,corpsvcmtxcutoverrpt_sql,53:30.8,xrdcwddbsuip06,MTX_ACOE_Cutover_Reporting,UI_Excel_Select_Xwalk_Source_Accommodations,facility,*ALL*,QXA4067,07:43.2
1517,COCMHB,RE,REHAB CRU,RE,N,NO MATCH,0,COCMHB,,,,,N,Y,None,FRE8115,00:40.1,corpsvcmtxcutoverrpt_sql,53:30.8,xrdcwddbsuip06,MTX_ACOE_Cutover_Reporting,UI_Excel_Select_Xwalk_Source_Accommodations,facility,*ALL*,QXA4067,07:43.2
1518,COCMHB,RH,Rehabilitation,RH,Y,"TEST (2026-09-20),ZCON (2026-09-20),LIVE (2026-09-04)",84,COCMHB,R,REHABILITATION,R,Y,Y,N,None,FRE8115,52:36.7,corpsvcmtxcutoverrpt_sql,53:30.8,xrdcwddbsuip06,MTX_ACOE_Cutover_Reporting,UI_Excel_Select_Xwalk_Source_Accommodations,facility,*ALL*,QXA4067,07:43.2
1519,COCMHB,SB,SWING BED,SB,Y,"TEST (2026-09-20),ZCON (2026-09-20),LIVE (2026-09-04)",0,COCMHB,SW,SWING BED,SW,Y,Y,N,None,FRE8115,52:36.7,corpsvcmtxcutoverrpt_sql,53:30.8,xrdcwddbsuip06,MTX_ACOE_Cutover_Reporting,UI_Excel_Select_Xwalk_Source_Accommodations,facility,*ALL*,QXA4067,07:43.2
1520,COCMHB,SP,SUR PP,SP,N,NO MATCH,0,COCMHB,,,,,N,Y,None,FRE8115,00:40.2,corpsvcmtxcutoverrpt_sql,53:30.8,xrdcwddbsuip06,MTX_ACOE_Cutover_Reporting,UI_Excel_Select_Xwalk_Source_Accommodations,facility,*ALL*,QXA4067,07:43.2
1521,COCMHB,T,TELEMETRY,T,Y,"TEST (2026-09-20),ZCON (2026-09-20),LIVE (2026-09-04)",250,COCMHB,TEL,TELEMETRY,TE,Y,Y,N,None,FRE8115,52:36.7,corpsvcmtxcutoverrpt_sql,53:30.8,xrdcwddbsuip06,MTX_ACOE_Cutover_Reporting,UI_Excel_Select_Xwalk_Source_Accommodations,facility,*ALL*,QXA4067,07:43.2
1522,COCMHB,TR,Trauma Intensive Care,TR,N,NO MATCH,0,COCMHB,,,,,N,Y,None,FRE8115,00:40.2,corpsvcmtxcutoverrpt_sql,53:30.8,xrdcwddbsuip06,MTX_ACOE_Cutover_Reporting,UI_Excel_Select_Xwalk_Source_Accommodations,facility,*ALL*,QXA4067,07:43.2
1523,COCMHB,VIP,VIP Room,VI,N,NO MATCH,0,COCMHB,,,,,N,Y,None,FRE8115,00:40.2,corpsvcmtxcutoverrpt_sql,53:30.8,xrdcwddbsuip06,MTX_ACOE_Cutover_Reporting,UI_Excel_Select_Xwalk_Source_Accommodations,facility,*ALL*,QXA4067,07:43.2
1524,COCMHL,B,NEWBORN,B,N,NO MATCH,0,COCMHL,,,,,N,N,None,,,corpsvcmtxcutoverrpt_sql,45:52.7,xrdcwddbsuip06,MTX_ACOE_Cutover_Reporting,UI_Excel_Select_Xwalk_Source_Accommodations,facility,*ALL*,QXA4067,07:43.2
1525,COCMHL,DX,DETOX,DX,Y,NO MATCH,0,COCMHL,,,,,N,N,None,,,corpsvcmtxcutoverrpt_sql,45:52.7,xrdcwddbsuip06,MTX_ACOE_Cutover_Reporting,UI_Excel_Select_Xwalk_Source_Accommodations,facility,*ALL*,QXA4067,07:43.2
1526,COCMHL,EC,ECMO,EC,Y,NO MATCH,0,COCMHL,,,,,N,N,None,,,corpsvcmtxcutoverrpt_sql,45:52.7,xrdcwddbsuip06,MTX_ACOE_Cutover_Reporting,UI_Excel_Select_Xwalk_Source_Accommodations,facility,*ALL*,QXA4067,07:43.2
1527,COCMHL,HOLD,HOLD PATIENTS,H,Y,NO MATCH,0,COCMHL,,,,,N,N,None,,,corpsvcmtxcutoverrpt_sql,45:52.7,xrdcwddbsuip06,MTX_ACOE_Cutover_Reporting,UI_Excel_Select_Xwalk_Source_Accommodations,facility,*ALL*,QXA4067,07:43.2
1528,COCMHL,I,INTENSIVE CARE,IC,Y,NO MATCH,0,COCMHL,,,,,N,N,None,,,corpsvcmtxcutoverrpt_sql,45:52.7,xrdcwddbsuip06,MTX_ACOE_Cutover_Reporting,UI_Excel_Select_Xwalk_Source_Accommodations,facility,*ALL*,QXA4067,07:43.2
1529,COCMHL,J,PRIVATE - MEDICALLY JUSTIFIED,J,Y,NO MATCH,0,COCMHL,,,,,N,N,None,,,corpsvcmtxcutoverrpt_sql,45:52.7,xrdcwddbsuip06,MTX_ACOE_Cutover_Reporting,UI_Excel_Select_Xwalk_Source_Accommodations,facility,*ALL*,QXA4067,07:43.2
1530,COCMHL,L2,NEWBORN LEVEL II,L2,Y,NO MATCH,0,COCMHL,,,,,N,N,None,,,corpsvcmtxcutoverrpt_sql,45:52.7,xrdcwddbsuip06,MTX_ACOE_Cutover_Reporting,UI_Excel_Select_Xwalk_Source_Accommodations,facility,*ALL*,QXA4067,07:43.2
1531,COCMHL,L3,NEWBORN LEVEL III,L3,Y,NO MATCH,0,COCMHL,,,,,N,N,None,,,corpsvcmtxcutoverrpt_sql,45:52.7,xrdcwddbsuip06,MTX_ACOE_Cutover_Reporting,UI_Excel_Select_Xwalk_Source_Accommodations,facility,*ALL*,QXA4067,07:43.2
1532,COCMHL,L4,NEWBORN LEVEL IV,L4,Y,NO MATCH,0,COCMHL,,,,,N,N,None,,,corpsvcmtxcutoverrpt_sql,45:52.7,xrdcwddbsuip06,MTX_ACOE_Cutover_Reporting,UI_Excel_Select_Xwalk_Source_Accommodations,facility,*ALL*,QXA4067,07:43.2
1533,COCMHL,MSO,MED SURG OVERFLOW,MS,Y,NO MATCH,0,COCMHL,,,,,N,N,None,,,corpsvcmtxcutoverrpt_sql,45:52.7,xrdcwddbsuip06,MTX_ACOE_Cutover_Reporting,UI_Excel_Select_Xwalk_Source_Accommodations,facility,*ALL*,QXA4067,07:43.2
1534,COCMHL,NB,NEWBORN BASIC CARE,NB,N,NO MATCH,0,COCMHL,,,,,N,N,None,,,corpsvcmtxcutoverrpt_sql,45:52.7,xrdcwddbsuip06,MTX_ACOE_Cutover_Reporting,UI_Excel_Select_Xwalk_Source_Accommodations,facility,*ALL*,QXA4067,07:43.2
1535,COCMHL,P,PRIVATE  ROOM,P,Y,NO MATCH,0,COCMHL,,,,,N,N,None,,,corpsvcmtxcutoverrpt_sql,45:52.7,xrdcwddbsuip06,MTX_ACOE_Cutover_Reporting,UI_Excel_Select_Xwalk_Source_Accommodations,facility,*ALL*,QXA4067,07:43.2
1536,COCMHL,PS,PSYCHIATRIC,PS,Y,NO MATCH,0,COCMHL,,,,,N,N,None,,,corpsvcmtxcutoverrpt_sql,45:52.7,xrdcwddbsuip06,MTX_ACOE_Cutover_Reporting,UI_Excel_Select_Xwalk_Source_Accommodations,facility,*ALL*,QXA4067,07:43.2
1537,COCMHL,S,SEMI-PRIVATE ROOM,S,Y,NO MATCH,0,COCMHL,,,,,N,N,None,,,corpsvcmtxcutoverrpt_sql,45:52.7,xrdcwddbsuip06,MTX_ACOE_Cutover_Reporting,UI_Excel_Select_Xwalk_Source_Accommodations,facility,*ALL*,QXA4067,07:43.2
1538,COCMHL,SB,SWING BED SEMI-PRIVATE,SB,Y,NO MATCH,0,COCMHL,,,,,N,N,None,,,corpsvcmtxcutoverrpt_sql,45:52.7,xrdcwddbsuip06,MTX_ACOE_Cutover_Reporting,UI_Excel_Select_Xwalk_Source_Accommodations,facility,*ALL*,QXA4067,07:43.2
1539,COCMHL,ST,TELEMETRY SEMI-PRIVATE,ST,N,NO MATCH,0,COCMHL,,,,,N,N,None,,,corpsvcmtxcutoverrpt_sql,45:52.7,xrdcwddbsuip06,MTX_ACOE_Cutover_Reporting,UI_Excel_Select_Xwalk_Source_Accommodations,facility,*ALL*,QXA4067,07:43.2
1540,COCMHL,SW,SWING BED PRIVATE,SW,N,NO MATCH,0,COCMHL,,,,,N,N,None,,,corpsvcmtxcutoverrpt_sql,45:52.7,xrdcwddbsuip06,MTX_ACOE_Cutover_Reporting,UI_Excel_Select_Xwalk_Source_Accommodations,facility,*ALL*,QXA4067,07:43.2
1541,COCMHL,T,TELEMETRY,TL,Y,NO MATCH,0,COCMHL,,,,,N,N,None,,,corpsvcmtxcutoverrpt_sql,45:52.7,xrdcwddbsuip06,MTX_ACOE_Cutover_Reporting,UI_Excel_Select_Xwalk_Source_Accommodations,facility,*ALL*,QXA4067,07:43.2
1542,COCMHL,TM,SUITE MEDICAL DELUXE ROOM,TM,Y,NO MATCH,0,COCMHL,,,,,N,N,None,,,corpsvcmtxcutoverrpt_sql,45:52.7,xrdcwddbsuip06,MTX_ACOE_Cutover_Reporting,UI_Excel_Select_Xwalk_Source_Accommodations,facility,*ALL*,QXA4067,07:43.2
1543,COCMHL,TR,TRAUMA,TR,Y,NO MATCH,0,COCMHL,,,,,N,N,None,,,corpsvcmtxcutoverrpt_sql,45:52.7,xrdcwddbsuip06,MTX_ACOE_Cutover_Reporting,UI_Excel_Select_Xwalk_Source_Accommodations,facility,*ALL*,QXA4067,07:43.2
1544,COCMK,L1,NEWBORN LEVEL 1,L1,Y,NO MATCH,95,COCMK,L1,NEWBORN LEVEL I CARE,L1,Y,Y,N,None,JKB0282,44:38.7,corpsvcmtxcutoverrpt_sql,12:30.1,xrdcwddbsuip06,MTX_ACOE_Cutover_Reporting,UI_Excel_Select_Xwalk_Source_Accommodations,facility,*ALL*,QXA4067,07:43.2
1545,COCMK,L2,NEWBORN LEVEL 2,L2,Y,NO MATCH,42,COCMK,L2,NEWBORN LEVEL 2 CARE,L2,Y,Y,N,None,JKB0282,44:38.7,corpsvcmtxcutoverrpt_sql,12:30.1,xrdcwddbsuip06,MTX_ACOE_Cutover_Reporting,UI_Excel_Select_Xwalk_Source_Accommodations,facility,*ALL*,QXA4067,07:43.2
1546,COCMK,L3,NEWBORN LEVEL 3,L3,Y,NO MATCH,32,COCMK,L3,NEWBORN LEVEL 3 CARE,L3,Y,Y,N,None,JKB0282,44:38.7,corpsvcmtxcutoverrpt_sql,12:30.1,xrdcwddbsuip06,MTX_ACOE_Cutover_Reporting,UI_Excel_Select_Xwalk_Source_Accommodations,facility,*ALL*,QXA4067,07:43.2
1547,COCMK,L4,NEWBORN LEVEL 4,L4,Y,NO MATCH,2,COCMK,L4,NEWBORN LEVEL 4 CARE,L4,Y,Y,N,None,JKB0282,44:38.7,corpsvcmtxcutoverrpt_sql,12:30.1,xrdcwddbsuip06,MTX_ACOE_Cutover_Reporting,UI_Excel_Select_Xwalk_Source_Accommodations,facility,*ALL*,QXA4067,07:43.2
1548,COCMK,MK.TEST,MK TEST,Y,Y,NO MATCH,0,COCMK,PR,PRIVATE ROOM,PR,Y,Y,N,None,JKB0282,08:37.9,corpsvcmtxcutoverrpt_sql,12:30.1,xrdcwddbsuip06,MTX_ACOE_Cutover_Reporting,UI_Excel_Select_Xwalk_Source_Accommodations,facility,*ALL*,QXA4067,07:43.2
1549,COCMK,Q.ADPSY,ADULT PSYCHIATRIC,AP,N,NO MATCH,0,COCMK,,,,,N,Y,None,JKB0282,42:31.2,corpsvcmtxcutoverrpt_sql,12:30.1,xrdcwddbsuip06,MTX_ACOE_Cutover_Reporting,UI_Excel_Select_Xwalk_Source_Accommodations,facility,*ALL*,QXA4067,07:43.2
1550,COCMK,Q.CD,CD ADULT PRIVATE,CD,N,NO MATCH,0,COCMK,,,,,N,Y,None,JKB0282,42:31.3,corpsvcmtxcutoverrpt_sql,12:30.1,xrdcwddbsuip06,MTX_ACOE_Cutover_Reporting,UI_Excel_Select_Xwalk_Source_Accommodations,facility,*ALL*,QXA4067,07:43.2
1551,COCMK,Q.CDU,CDU,DU,Y,NO MATCH,0,COCMK,PR,PRIVATE ROOM,PR,Y,Y,N,None,JKB0282,08:38.0,corpsvcmtxcutoverrpt_sql,12:30.1,xrdcwddbsuip06,MTX_ACOE_Cutover_Reporting,UI_Excel_Select_Xwalk_Source_Accommodations,facility,*ALL*,QXA4067,07:43.2
1552,COCMK,Q.CLIN,OUTPATIENT CLINICAL,OC,Y,NO MATCH,0,COCMK,PR,PRIVATE ROOM,PR,Y,Y,N,None,JKB0282,08:38.1,corpsvcmtxcutoverrpt_sql,12:30.1,xrdcwddbsuip06,MTX_ACOE_Cutover_Reporting,UI_Excel_Select_Xwalk_Source_Accommodations,facility,*ALL*,QXA4067,07:43.2
1553,COCMK,Q.DETOX,DETOX ADULT PRIVATE,D,Y,NO MATCH,0,COCMK,,,,,N,N,None,,,corpsvcmtxcutoverrpt_sql,12:30.1,xrdcwddbsuip06,MTX_ACOE_Cutover_Reporting,UI_Excel_Select_Xwalk_Source_Accommodations,facility,*ALL*,QXA4067,07:43.2
1554,COCMK,Q.ECMO,ECMO,EC,Y,NO MATCH,0,COCMK,EC,ECMO,EC,Y,Y,N,None,JKB0282,44:38.7,corpsvcmtxcutoverrpt_sql,12:30.1,xrdcwddbsuip06,MTX_ACOE_Cutover_Reporting,UI_Excel_Select_Xwalk_Source_Accommodations,facility,*ALL*,QXA4067,07:43.2
1555,COCMK,Q.ER,EMERGENCY ROOM,E,Y,NO MATCH,0,COCMK,PR,PRIVATE ROOM,PR,Y,Y,N,None,JKB0282,08:38.3,corpsvcmtxcutoverrpt_sql,12:30.1,xrdcwddbsuip06,MTX_ACOE_Cutover_Reporting,UI_Excel_Select_Xwalk_Source_Accommodations,facility,*ALL*,QXA4067,07:43.2
1556,COCMK,Q.GPS,GERIPSYCH SEMI-PRIVATE,GS,Y,NO MATCH,28,COCMK,BH,BEHVIORIAL HEALTH,BH,Y,Y,N,None,JKB0282,44:38.7,corpsvcmtxcutoverrpt_sql,12:30.1,xrdcwddbsuip06,MTX_ACOE_Cutover_Reporting,UI_Excel_Select_Xwalk_Source_Accommodations,facility,*ALL*,QXA4067,07:43.2
1557,COCMK,Q.GYN,GYN SEMI PVT,GY,Y,NO MATCH,0,COCMK,PR,PRIVATE ROOM,PR,Y,Y,N,None,JKB0282,08:38.4,corpsvcmtxcutoverrpt_sql,12:30.1,xrdcwddbsuip06,MTX_ACOE_Cutover_Reporting,UI_Excel_Select_Xwalk_Source_Accommodations,facility,*ALL*,QXA4067,07:43.2
1558,COCMK,Q.ICU,INTENSIVE CARE UNIT,IC,Y,NO MATCH,64,COCMK,IC,INTENSIVE CARE,IC,Y,Y,N,None,JKB0282,44:38.7,corpsvcmtxcutoverrpt_sql,12:30.1,xrdcwddbsuip06,MTX_ACOE_Cutover_Reporting,UI_Excel_Select_Xwalk_Source_Accommodations,facility,*ALL*,QXA4067,07:43.2
1559,COCMK,Q.IS,ISOLATION,IS,Y,NO MATCH,0,COCMK,PR,PRIVATE ROOM,PR,Y,Y,N,None,JKB0282,08:38.4,corpsvcmtxcutoverrpt_sql,12:30.1,xrdcwddbsuip06,MTX_ACOE_Cutover_Reporting,UI_Excel_Select_Xwalk_Source_Accommodations,facility,*ALL*,QXA4067,07:43.2
1560,COCMK,Q.IT,ISOLATION W/ TELE,IT,Y,NO MATCH,0,COCMK,PR,PRIVATE ROOM,PR,Y,Y,N,None,JKB0282,08:38.5,corpsvcmtxcutoverrpt_sql,12:30.1,xrdcwddbsuip06,MTX_ACOE_Cutover_Reporting,UI_Excel_Select_Xwalk_Source_Accommodations,facility,*ALL*,QXA4067,07:43.2
1561,COCMK,Q.L1,NEWBORN LEVEL I,N1,Y,NO MATCH,0,COCMK,L1,NEWBORN LEVEL I CARE,L1,Y,Y,N,None,JKB0282,22:59.5,corpsvcmtxcutoverrpt_sql,12:30.1,xrdcwddbsuip06,MTX_ACOE_Cutover_Reporting,UI_Excel_Select_Xwalk_Source_Accommodations,facility,*ALL*,QXA4067,07:43.2
1562,COCMK,Q.LDO,L&D OUTPATIENT,LO,Y,NO MATCH,1,COCMK,PR,PRIVATE ROOM,PR,Y,Y,N,None,JKB0282,08:38.6,corpsvcmtxcutoverrpt_sql,12:30.1,xrdcwddbsuip06,MTX_ACOE_Cutover_Reporting,UI_Excel_Select_Xwalk_Source_Accommodations,facility,*ALL*,QXA4067,07:43.2
1563,COCMK,Q.MED,MEDICAL,ME,N,NO MATCH,0,COCMK,,,,,N,Y,None,JKB0282,42:31.4,corpsvcmtxcutoverrpt_sql,12:30.1,xrdcwddbsuip06,MTX_ACOE_Cutover_Reporting,UI_Excel_Select_Xwalk_Source_Accommodations,facility,*ALL*,QXA4067,07:43.2
1564,COCMK,Q.MSSO,M/S OVERFLOW IN OBG SEMI,MO,Y,NO MATCH,0,COCMK,PR,PRIVATE ROOM,PR,Y,Y,N,None,JKB0282,08:38.7,corpsvcmtxcutoverrpt_sql,12:30.1,xrdcwddbsuip06,MTX_ACOE_Cutover_Reporting,UI_Excel_Select_Xwalk_Source_Accommodations,facility,*ALL*,QXA4067,07:43.2
1565,COCMK,Q.MSSTO,M/S OVERFLW IN OBG SEMI W/TELE,MT,Y,NO MATCH,0,COCMK,PR,PRIVATE ROOM,PR,Y,Y,N,None,JKB0282,08:38.8,corpsvcmtxcutoverrpt_sql,12:30.1,xrdcwddbsuip06,MTX_ACOE_Cutover_Reporting,UI_Excel_Select_Xwalk_Source_Accommodations,facility,*ALL*,QXA4067,07:43.2
1566,COCMK,Q.NEUMAS,NEURO MED SURG,NM,Y,NO MATCH,0,COCMK,PC,PROGRESSIVE CARE,PC,Y,Y,N,None,JKB0282,22:59.7,corpsvcmtxcutoverrpt_sql,12:30.1,xrdcwddbsuip06,MTX_ACOE_Cutover_Reporting,UI_Excel_Select_Xwalk_Source_Accommodations,facility,*ALL*,QXA4067,07:43.2
1567,COCMK,Q.NEUPCU,NEURO PCU,PN,Y,NO MATCH,0,COCMK,PC,PROGRESSIVE CARE,,Y,Y,N,None,JKB0282,22:59.7,corpsvcmtxcutoverrpt_sql,12:30.1,xrdcwddbsuip06,MTX_ACOE_Cutover_Reporting,UI_Excel_Select_Xwalk_Source_Accommodations,facility,*ALL*,QXA4067,07:43.2
1568,COCMK,Q.NI,NURSERY ISOLATION,NI,Y,NO MATCH,0,COCMK,L1,NEWBORN LEVEL I CARE,L1,Y,Y,N,None,JKB0282,22:59.9,corpsvcmtxcutoverrpt_sql,12:30.1,xrdcwddbsuip06,MTX_ACOE_Cutover_Reporting,UI_Excel_Select_Xwalk_Source_Accommodations,facility,*ALL*,QXA4067,07:43.2
1569,COCMK,Q.NICU,NEONATAL ICU,NN,N,NO MATCH,0,COCMK,,,,,N,Y,None,JKB0282,42:31.5,corpsvcmtxcutoverrpt_sql,12:30.1,xrdcwddbsuip06,MTX_ACOE_Cutover_Reporting,UI_Excel_Select_Xwalk_Source_Accommodations,facility,*ALL*,QXA4067,07:43.2
1570,COCMK,Q.NICU2,NEWBORN LEVEL II,N2,Y,NO MATCH,0,COCMK,L2,,,Y,Y,N,None,JKB0282,13:48.5,corpsvcmtxcutoverrpt_sql,12:30.1,xrdcwddbsuip06,MTX_ACOE_Cutover_Reporting,UI_Excel_Select_Xwalk_Source_Accommodations,facility,*ALL*,QXA4067,07:43.2
1571,COCMK,Q.NICU3,NEWBORN LEVEL III,N3,Y,NO MATCH,0,COCMK,L3,,,Y,Y,N,None,JKB0282,13:48.6,corpsvcmtxcutoverrpt_sql,12:30.1,xrdcwddbsuip06,MTX_ACOE_Cutover_Reporting,UI_Excel_Select_Xwalk_Source_Accommodations,facility,*ALL*,QXA4067,07:43.2
1572,COCMK,Q.NICU4,NEWBORN LEVEL IV,N4,Y,NO MATCH,0,COCMK,L4,,,Y,Y,N,None,JKB0282,13:48.7,corpsvcmtxcutoverrpt_sql,12:30.1,xrdcwddbsuip06,MTX_ACOE_Cutover_Reporting,UI_Excel_Select_Xwalk_Source_Accommodations,facility,*ALL*,QXA4067,07:43.2
1573,COCMK,Q.NICUI,NICU LVL3 ISOLATION,3I,N,NO MATCH,0,COCMK,,,,,N,Y,None,JKB0282,42:31.6,corpsvcmtxcutoverrpt_sql,12:30.1,xrdcwddbsuip06,MTX_ACOE_Cutover_Reporting,UI_Excel_Select_Xwalk_Source_Accommodations,facility,*ALL*,QXA4067,07:43.2
1574,COCMK,Q.NN,NEONATAL ICU,NE,N,NO MATCH,0,COCMK,,,,,N,Y,None,JKB0282,42:31.7,corpsvcmtxcutoverrpt_sql,12:30.1,xrdcwddbsuip06,MTX_ACOE_Cutover_Reporting,UI_Excel_Select_Xwalk_Source_Accommodations,facility,*ALL*,QXA4067,07:43.2
1575,COCMK,Q.NT,NURSERY INTERMEDIATE,NT,N,NO MATCH,0,COCMK,,,,,N,Y,None,JKB0282,42:31.8,corpsvcmtxcutoverrpt_sql,12:30.1,xrdcwddbsuip06,MTX_ACOE_Cutover_Reporting,UI_Excel_Select_Xwalk_Source_Accommodations,facility,*ALL*,QXA4067,07:43.2
1576,COCMK,Q.NTI,NEONATE INTERMEDIATE ISOLATION,II,N,NO MATCH,0,COCMK,,,,,N,Y,None,JKB0282,42:31.8,corpsvcmtxcutoverrpt_sql,12:30.1,xrdcwddbsuip06,MTX_ACOE_Cutover_Reporting,UI_Excel_Select_Xwalk_Source_Accommodations,facility,*ALL*,QXA4067,07:43.2
1577,COCMK,Q.NUR,NURSERY,02,Y,NO MATCH,1,COCMK,L1,NEWBORN LEVEL I CARE,L1,Y,Y,N,None,JKB0282,23:00.0,corpsvcmtxcutoverrpt_sql,12:30.1,xrdcwddbsuip06,MTX_ACOE_Cutover_Reporting,UI_Excel_Select_Xwalk_Source_Accommodations,facility,*ALL*,QXA4067,07:43.2
1578,COCMK,Q.NURPED,NURSERY NOT NEWBORN,NP,Y,NO MATCH,0,COCMK,PR,PRIVATE ROOM,PR,Y,Y,N,None,JKB0282,08:38.9,corpsvcmtxcutoverrpt_sql,12:30.1,xrdcwddbsuip06,MTX_ACOE_Cutover_Reporting,UI_Excel_Select_Xwalk_Source_Accommodations,facility,*ALL*,QXA4067,07:43.2
1579,COCMK,Q.OBG,OBSTETRICS/GYNECOLOGY,OB,N,NO MATCH,0,COCMK,,,,,N,Y,None,JKB0282,42:31.9,corpsvcmtxcutoverrpt_sql,12:30.1,xrdcwddbsuip06,MTX_ACOE_Cutover_Reporting,UI_Excel_Select_Xwalk_Source_Accommodations,facility,*ALL*,QXA4067,07:43.2
1580,COCMK,Q.OBS,OBSERVATION,OS,Y,NO MATCH,0,COCMK,PR,PRIVATE ROOM,PR,Y,Y,N,None,JKB0282,08:39.0,corpsvcmtxcutoverrpt_sql,12:30.1,xrdcwddbsuip06,MTX_ACOE_Cutover_Reporting,UI_Excel_Select_Xwalk_Source_Accommodations,facility,*ALL*,QXA4067,07:43.2
1581,COCMK,Q.OBSO,OBG SEMI M/S OVERFLOW,MK,N,NO MATCH,0,COCMK,,,,,N,Y,None,JKB0282,42:32.0,corpsvcmtxcutoverrpt_sql,12:30.1,xrdcwddbsuip06,MTX_ACOE_Cutover_Reporting,UI_Excel_Select_Xwalk_Source_Accommodations,facility,*ALL*,QXA4067,07:43.2
1582,COCMK,Q.OBSTOM,OBG SEMI W/ TELE M/S OVERFLOW,10,N,NO MATCH,0,COCMK,,,,,N,Y,None,JKB0282,42:32.1,corpsvcmtxcutoverrpt_sql,12:30.1,xrdcwddbsuip06,MTX_ACOE_Cutover_Reporting,UI_Excel_Select_Xwalk_Source_Accommodations,facility,*ALL*,QXA4067,07:43.2
1583,COCMK,Q.OFC,OFFICE,OF,N,NO MATCH,0,COCMK,,,,,N,Y,None,JKB0282,42:32.2,corpsvcmtxcutoverrpt_sql,12:30.1,xrdcwddbsuip06,MTX_ACOE_Cutover_Reporting,UI_Excel_Select_Xwalk_Source_Accommodations,facility,*ALL*,QXA4067,07:43.2
1584,COCMK,Q.OPC,ORDER OF PROTECTIVE CUSTODY,PC,N,NO MATCH,0,COCMK,,,,,N,Y,None,JKB0282,42:32.3,corpsvcmtxcutoverrpt_sql,12:30.1,xrdcwddbsuip06,MTX_ACOE_Cutover_Reporting,UI_Excel_Select_Xwalk_Source_Accommodations,facility,*ALL*,QXA4067,07:43.2
1585,COCMK,Q.PCU,PCU SEMI PVT,PU,Y,NO MATCH,226,COCMK,PC,PROGRESSIVE CARE,PC,Y,Y,N,None,JKB0282,44:38.7,corpsvcmtxcutoverrpt_sql,12:30.1,xrdcwddbsuip06,MTX_ACOE_Cutover_Reporting,UI_Excel_Select_Xwalk_Source_Accommodations,facility,*ALL*,QXA4067,07:43.2
1586,COCMK,Q.PED,PEDIATRICS,PE,N,NO MATCH,0,COCMK,,,,,N,Y,None,JKB0282,42:32.4,corpsvcmtxcutoverrpt_sql,12:30.1,xrdcwddbsuip06,MTX_ACOE_Cutover_Reporting,UI_Excel_Select_Xwalk_Source_Accommodations,facility,*ALL*,QXA4067,07:43.2
1587,COCMK,Q.PO,OVERFLOW PRIVATE,PO,N,NO MATCH,0,COCMK,,,,,N,Y,None,JKB0282,42:32.5,corpsvcmtxcutoverrpt_sql,12:30.1,xrdcwddbsuip06,MTX_ACOE_Cutover_Reporting,UI_Excel_Select_Xwalk_Source_Accommodations,facility,*ALL*,QXA4067,07:43.2
1588,COCMK,Q.PSY,PSYCHIATRIC SEMI-PRIVATE,PS,Y,NO MATCH,88,COCMK,BH,BEHVIORIAL HEALTH,BH,Y,Y,N,None,JKB0282,08:39.1,corpsvcmtxcutoverrpt_sql,12:30.1,xrdcwddbsuip06,MTX_ACOE_Cutover_Reporting,UI_Excel_Select_Xwalk_Source_Accommodations,facility,*ALL*,QXA4067,07:43.2
1589,COCMK,Q.PSYP,PSYCHIATRIC PRIVATE,PP,Y,NO MATCH,0,COCMK,BH,BEHVIORIAL HEALTH,BH,Y,Y,N,None,JKB0282,08:39.2,corpsvcmtxcutoverrpt_sql,12:30.1,xrdcwddbsuip06,MTX_ACOE_Cutover_Reporting,UI_Excel_Select_Xwalk_Source_Accommodations,facility,*ALL*,QXA4067,07:43.2
1590,COCMK,Q.RHB,REHAB,RH,Y,NO MATCH,52,COCMK,RP,REHAB PRIVATE,RP,Y,Y,N,None,JKB0282,44:38.8,corpsvcmtxcutoverrpt_sql,12:30.1,xrdcwddbsuip06,MTX_ACOE_Cutover_Reporting,UI_Excel_Select_Xwalk_Source_Accommodations,facility,*ALL*,QXA4067,07:43.2
1591,COCMK,Q.SO,OVERFLOW SEMI PVT,SO,N,NO MATCH,0,COCMK,,,,,N,Y,None,JKB0282,42:32.6,corpsvcmtxcutoverrpt_sql,12:30.1,xrdcwddbsuip06,MTX_ACOE_Cutover_Reporting,UI_Excel_Select_Xwalk_Source_Accommodations,facility,*ALL*,QXA4067,07:43.2
1592,COCMK,Q.SOT,OVERFLOW SEMI W/TELE,OT,Y,NO MATCH,0,COCMK,PR,PRIVATE ROOM,PR,Y,Y,N,None,JKB0282,08:39.2,corpsvcmtxcutoverrpt_sql,12:30.1,xrdcwddbsuip06,MTX_ACOE_Cutover_Reporting,UI_Excel_Select_Xwalk_Source_Accommodations,facility,*ALL*,QXA4067,07:43.2
1593,COCMK,Q.SP,SEMI PRIVATE,SP,Y,NO MATCH,271,COCMK,SP,SEMI PRIVATE,SP,Y,Y,N,None,JKB0282,44:38.8,corpsvcmtxcutoverrpt_sql,12:30.1,xrdcwddbsuip06,MTX_ACOE_Cutover_Reporting,UI_Excel_Select_Xwalk_Source_Accommodations,facility,*ALL*,QXA4067,07:43.2
1594,COCMK,Q.SPT,SEMI-PRIVATE W/ TELE,PD,Y,NO MATCH,11,COCMK,SP,SEMI PRIVATE,SP,Y,Y,N,None,JKB0282,44:38.8,corpsvcmtxcutoverrpt_sql,12:30.1,xrdcwddbsuip06,MTX_ACOE_Cutover_Reporting,UI_Excel_Select_Xwalk_Source_Accommodations,facility,*ALL*,QXA4067,07:43.2
1595,COCMK,Q.SUITE,SUITE,ST,Y,NO MATCH,140,COCMK,PR,PRIVATE ROOM,PR,Y,Y,N,None,JKB0282,08:39.3,corpsvcmtxcutoverrpt_sql,12:30.1,xrdcwddbsuip06,MTX_ACOE_Cutover_Reporting,UI_Excel_Select_Xwalk_Source_Accommodations,facility,*ALL*,QXA4067,07:43.2
1596,COCMK,Q.SUITETEL,SUITE W/TELE,TT,Y,NO MATCH,242,COCMK,PR,PRIVATE ROOM,PR,Y,Y,N,None,JKB0282,08:39.4,corpsvcmtxcutoverrpt_sql,12:30.1,xrdcwddbsuip06,MTX_ACOE_Cutover_Reporting,UI_Excel_Select_Xwalk_Source_Accommodations,facility,*ALL*,QXA4067,07:43.2
1597,COCMK,Q.SURG,SURGICAL,SU,Y,NO MATCH,1,COCMK,PR,PRIVATE ROOM,PR,Y,Y,N,None,JKB0282,08:39.5,corpsvcmtxcutoverrpt_sql,12:30.1,xrdcwddbsuip06,MTX_ACOE_Cutover_Reporting,UI_Excel_Select_Xwalk_Source_Accommodations,facility,*ALL*,QXA4067,07:43.2
1598,COCMK,Q.TELM,TELEMETRY,TL,N,NO MATCH,0,COCMK,,,,,N,Y,None,JKB0282,42:32.7,corpsvcmtxcutoverrpt_sql,12:30.1,xrdcwddbsuip06,MTX_ACOE_Cutover_Reporting,UI_Excel_Select_Xwalk_Source_Accommodations,facility,*ALL*,QXA4067,07:43.2
1599,COCMK,Q.TICU,TRAUMA CRITICAL CARE UNIT,T,Y,NO MATCH,2,COCMK,TRIC,TRAUMA INTENSIVE CARE,TI,Y,Y,N,None,JKB0282,44:38.8,corpsvcmtxcutoverrpt_sql,12:30.1,xrdcwddbsuip06,MTX_ACOE_Cutover_Reporting,UI_Excel_Select_Xwalk_Source_Accommodations,facility,*ALL*,QXA4067,07:43.2
1600,COCMK,Q.TRAIN,TRAINING ROOM,1,N,NO MATCH,0,COCMK,,,,,N,Y,None,JKB0282,42:32.8,corpsvcmtxcutoverrpt_sql,12:30.1,xrdcwddbsuip06,MTX_ACOE_Cutover_Reporting,UI_Excel_Select_Xwalk_Source_Accommodations,facility,*ALL*,QXA4067,07:43.2
1601,COCMK,Q.WS,WOMEN'S SERVICES SEMI,WS,Y,NO MATCH,72,COCMK,PR,PRIVATE ROOM,PR,Y,Y,N,None,JKB0282,08:39.6,corpsvcmtxcutoverrpt_sql,12:30.1,xrdcwddbsuip06,MTX_ACOE_Cutover_Reporting,UI_Excel_Select_Xwalk_Source_Accommodations,facility,*ALL*,QXA4067,07:43.2
1602,COCMN,CVP,CV PRIVATE,CP,Y,"TEST (2026-08-12),ZCON (2026-08-12),LIVE (2026-08-11)",0,COCMN,PR,PRIVATE ROOM,PR,Y,Y,N,None,FAK3017,58:33.8,corpsvcmtxcutoverrpt_sql,47:33.7,xrdcwddbsuip06,MTX_ACOE_Cutover_Reporting,UI_Excel_Select_Xwalk_Source_Accommodations,facility,*ALL*,QXA4067,07:43.2
1603,COCMN,CVS,CV SEMI PRIVATE,CS,Y,"TEST (2026-08-12),ZCON (2026-08-12),LIVE (2026-08-11)",0,COCMN,PR,PRIVATE ROOM,PR,Y,Y,N,None,FAK3017,58:33.9,corpsvcmtxcutoverrpt_sql,47:33.7,xrdcwddbsuip06,MTX_ACOE_Cutover_Reporting,UI_Excel_Select_Xwalk_Source_Accommodations,facility,*ALL*,QXA4067,07:43.2
1604,COCMN,H,HOSPICE,H,Y,"TEST (2026-08-12),ZCON (2026-08-12),LIVE (2026-08-11)",0,COCMN,PR,PRIVATE ROOM,PR,Y,Y,N,None,FAK3017,58:33.9,corpsvcmtxcutoverrpt_sql,47:33.7,xrdcwddbsuip06,MTX_ACOE_Cutover_Reporting,UI_Excel_Select_Xwalk_Source_Accommodations,facility,*ALL*,QXA4067,07:43.2
1605,COCMN,I,INTENSIVE CARE,IC,Y,"TEST (2026-08-12),ZCON (2026-08-12),LIVE (2026-08-11)",0,COCMN,IC,INTENSIVE CARE,IC,Y,Y,N,None,FAK3017,51:56.7,corpsvcmtxcutoverrpt_sql,47:33.7,xrdcwddbsuip06,MTX_ACOE_Cutover_Reporting,UI_Excel_Select_Xwalk_Source_Accommodations,facility,*ALL*,QXA4067,07:43.2
1606,COCMN,IC,INTERMEDIATE NURSERY - NSY2,NB,Y,"TEST (2026-08-12),ZCON (2026-08-12),LIVE (2026-08-11)",0,COCMN,PR,PRIVATE ROOM,PR,Y,Y,N,None,FAK3017,58:34.0,corpsvcmtxcutoverrpt_sql,47:33.7,xrdcwddbsuip06,MTX_ACOE_Cutover_Reporting,UI_Excel_Select_Xwalk_Source_Accommodations,facility,*ALL*,QXA4067,07:43.2
1607,COCMN,ICT,INTENSIVE CARE - TRAUMA,IT,Y,"TEST (2026-08-12),ZCON (2026-08-12),LIVE (2026-08-11)",0,COCMN,TRIC,TRAUMA INTENSIVE CARE,TI,Y,Y,N,None,FAK3017,13:53.2,corpsvcmtxcutoverrpt_sql,47:33.7,xrdcwddbsuip06,MTX_ACOE_Cutover_Reporting,UI_Excel_Select_Xwalk_Source_Accommodations,facility,*ALL*,QXA4067,07:43.2
1608,COCMN,IS,ISOLATION,IS,Y,"TEST (2026-08-12),ZCON (2026-08-12),LIVE (2026-08-11)",0,COCMN,PR,PRIVATE ROOM,PR,Y,Y,N,None,FAK3017,58:34.0,corpsvcmtxcutoverrpt_sql,47:33.7,xrdcwddbsuip06,MTX_ACOE_Cutover_Reporting,UI_Excel_Select_Xwalk_Source_Accommodations,facility,*ALL*,QXA4067,07:43.2
1609,COCMN,MS,MEDICAL SURGICAL,MS,Y,"TEST (2026-08-12),ZCON (2026-08-12),LIVE (2026-08-11)",0,COCMN,PR,PRIVATE ROOM,PR,Y,Y,N,None,FAK3017,58:34.0,corpsvcmtxcutoverrpt_sql,00:05.1,xrdcwddbsuip06,MTX_ACOE_Cutover_Reporting,UI_Excel_Select_Xwalk_Source_Accommodations,facility,*ALL*,QXA4067,07:43.2
1610,COCMN,N,INTERMEDIATE,IM,Y,"TEST (2026-08-12),ZCON (2026-08-12),LIVE (2026-08-11)",0,COCMN,PC,PROGRESSIVE CARE,PC,Y,Y,N,None,FAK3017,51:56.8,corpsvcmtxcutoverrpt_sql,47:33.7,xrdcwddbsuip06,MTX_ACOE_Cutover_Reporting,UI_Excel_Select_Xwalk_Source_Accommodations,facility,*ALL*,QXA4067,07:43.2
1611,COCMN,NU,NURSERY,NU,Y,"TEST (2026-08-12),ZCON (2026-08-12),LIVE (2026-08-11)",0,COCMN,PR,PRIVATE ROOM,PR,Y,Y,N,None,FAK3017,58:34.1,corpsvcmtxcutoverrpt_sql,47:33.7,xrdcwddbsuip06,MTX_ACOE_Cutover_Reporting,UI_Excel_Select_Xwalk_Source_Accommodations,facility,*ALL*,QXA4067,07:43.2
1612,COCMN,P,PRIVATE ROOM,PR,Y,"TEST (2026-08-12),ZCON (2026-08-12),LIVE (2026-08-11)",0,COCMN,PR,PRIVATE ROOM,PR,Y,Y,N,None,FAK3017,51:56.9,corpsvcmtxcutoverrpt_sql,47:33.7,xrdcwddbsuip06,MTX_ACOE_Cutover_Reporting,UI_Excel_Select_Xwalk_Source_Accommodations,facility,*ALL*,QXA4067,07:43.2
1613,COCMN,PCU,PROGRESSIVE CARE UNIT,PC,Y,"TEST (2026-08-12),ZCON (2026-08-12),LIVE (2026-08-11)",0,COCMN,PC,PROGRESSIVE CARE,PC,Y,Y,N,None,FAK3017,50:51.2,corpsvcmtxcutoverrpt_sql,00:05.1,xrdcwddbsuip06,MTX_ACOE_Cutover_Reporting,UI_Excel_Select_Xwalk_Source_Accommodations,facility,*ALL*,QXA4067,07:43.2
1614,COCMN,PR,PRIVATE ROOM - PATIENT REQUEST,PT,N,NO MATCH,0,COCMN,,,,,N,Y,None,FAK3017,28:50.3,corpsvcmtxcutoverrpt_sql,47:33.7,xrdcwddbsuip06,MTX_ACOE_Cutover_Reporting,UI_Excel_Select_Xwalk_Source_Accommodations,facility,*ALL*,QXA4067,07:43.2
1615,COCMN,PS,SURGERY PRIVATE,PS,N,NO MATCH,0,COCMN,,,,,N,Y,None,FAK3017,28:50.3,corpsvcmtxcutoverrpt_sql,47:33.7,xrdcwddbsuip06,MTX_ACOE_Cutover_Reporting,UI_Excel_Select_Xwalk_Source_Accommodations,facility,*ALL*,QXA4067,07:43.2
1616,COCMN,RHB,REHAB,PA,Y,"TEST (2026-08-12),ZCON (2026-08-12),LIVE (2026-08-11)",0,COCMN,PR,PRIVATE ROOM,PR,Y,Y,N,None,FAK3017,58:34.1,corpsvcmtxcutoverrpt_sql,47:33.7,xrdcwddbsuip06,MTX_ACOE_Cutover_Reporting,UI_Excel_Select_Xwalk_Source_Accommodations,facility,*ALL*,QXA4067,07:43.2
1617,COCMN,RHBP,PRIVATE REHABILITATION,RP,Y,"TEST (2026-08-12),ZCON (2026-08-12),LIVE (2026-08-11)",0,COCMN,PR,PRIVATE ROOM,PR,Y,Y,N,None,FAK3017,58:34.1,corpsvcmtxcutoverrpt_sql,47:33.7,xrdcwddbsuip06,MTX_ACOE_Cutover_Reporting,UI_Excel_Select_Xwalk_Source_Accommodations,facility,*ALL*,QXA4067,07:43.2
1618,COCMN,RHBS,SEMI-PRIVATE REHABILITATION,RS,Y,"TEST (2026-08-12),ZCON (2026-08-12),LIVE (2026-08-11)",0,COCMN,PR,PRIVATE ROOM,PR,Y,Y,N,None,FAK3017,58:34.2,corpsvcmtxcutoverrpt_sql,47:33.7,xrdcwddbsuip06,MTX_ACOE_Cutover_Reporting,UI_Excel_Select_Xwalk_Source_Accommodations,facility,*ALL*,QXA4067,07:43.2
1619,COCMN,S,SEMI-PRIVATE ROOM,SP,Y,"TEST (2026-08-12),ZCON (2026-08-12),LIVE (2026-08-11)",0,COCMN,SP,SEMI PRIVATE ROOM,SP,Y,Y,N,None,FAK3017,51:57.0,corpsvcmtxcutoverrpt_sql,47:33.7,xrdcwddbsuip06,MTX_ACOE_Cutover_Reporting,UI_Excel_Select_Xwalk_Source_Accommodations,facility,*ALL*,QXA4067,07:43.2
1620,COCMN,SL,SEMI-PRIVATE ROOM LOCKED,SL,Y,"TEST (2026-08-12),ZCON (2026-08-12),LIVE (2026-08-11)",0,COCMN,PR,PRIVATE ROOM,PR,Y,Y,N,None,FAK3017,58:34.2,corpsvcmtxcutoverrpt_sql,47:33.7,xrdcwddbsuip06,MTX_ACOE_Cutover_Reporting,UI_Excel_Select_Xwalk_Source_Accommodations,facility,*ALL*,QXA4067,07:43.2
1621,COCMN,SNF,SKILLED NURSING FACILITY,AP,Y,"TEST (2026-08-12),ZCON (2026-08-12),LIVE (2026-08-11)",0,COCMN,PR,PRIVATE ROOM,PR,Y,Y,N,None,FAK3017,18:36.1,corpsvcmtxcutoverrpt_sql,47:33.7,xrdcwddbsuip06,MTX_ACOE_Cutover_Reporting,UI_Excel_Select_Xwalk_Source_Accommodations,facility,*ALL*,QXA4067,07:43.2
1622,COCMN,SS,SURGERY SEMI-PRIVATE,SS,Y,"TEST (2026-08-12),ZCON (2026-08-12),LIVE (2026-08-11)",0,COCMN,PR,PRIVATE ROOM,PR,Y,Y,N,None,FAK3017,18:36.1,corpsvcmtxcutoverrpt_sql,47:33.7,xrdcwddbsuip06,MTX_ACOE_Cutover_Reporting,UI_Excel_Select_Xwalk_Source_Accommodations,facility,*ALL*,QXA4067,07:43.2
1623,COCMN,TE,TELEMETRY,TE,Y,"TEST (2026-08-12),ZCON (2026-08-12),LIVE (2026-08-11)",0,COCMN,TEL,TELEMETRY,TE,Y,Y,N,None,FAK3017,51:57.2,corpsvcmtxcutoverrpt_sql,47:33.7,xrdcwddbsuip06,MTX_ACOE_Cutover_Reporting,UI_Excel_Select_Xwalk_Source_Accommodations,facility,*ALL*,QXA4067,07:43.2
1624,COCMN,W,WARD,WD,Y,"TEST (2026-08-12),ZCON (2026-08-12),LIVE (2026-08-11)",0,COCMN,PR,PRIVATE ROOM,PR,Y,Y,N,None,FAK3017,18:36.1,corpsvcmtxcutoverrpt_sql,47:33.7,xrdcwddbsuip06,MTX_ACOE_Cutover_Reporting,UI_Excel_Select_Xwalk_Source_Accommodations,facility,*ALL*,QXA4067,07:43.2
1625,COCMSO,B,NEWBORN,B,N,NO MATCH,0,COCMSO,,,,,N,N,None,,,corpsvcmtxcutoverrpt_sql,45:52.7,xrdcwddbsuip06,MTX_ACOE_Cutover_Reporting,UI_Excel_Select_Xwalk_Source_Accommodations,facility,*ALL*,QXA4067,07:43.2
1626,COCMSO,BB,BOARDER BABY,BB,N,NO MATCH,0,COCMSO,,,,,N,N,None,,,corpsvcmtxcutoverrpt_sql,45:52.7,xrdcwddbsuip06,MTX_ACOE_Cutover_Reporting,UI_Excel_Select_Xwalk_Source_Accommodations,facility,*ALL*,QXA4067,07:43.2
1627,COCMSO,CC,CORONARY CARE,CC,Y,NO MATCH,0,COCMSO,,,,,N,N,None,,,corpsvcmtxcutoverrpt_sql,45:52.7,xrdcwddbsuip06,MTX_ACOE_Cutover_Reporting,UI_Excel_Select_Xwalk_Source_Accommodations,facility,*ALL*,QXA4067,07:43.2
1628,COCMSO,DX,DETOX,DX,Y,NO MATCH,0,COCMSO,,,,,N,N,None,,,corpsvcmtxcutoverrpt_sql,45:52.7,xrdcwddbsuip06,MTX_ACOE_Cutover_Reporting,UI_Excel_Select_Xwalk_Source_Accommodations,facility,*ALL*,QXA4067,07:43.2
1629,COCMSO,EC,ECMO,EC,Y,NO MATCH,0,COCMSO,,,,,N,N,None,,,corpsvcmtxcutoverrpt_sql,45:52.7,xrdcwddbsuip06,MTX_ACOE_Cutover_Reporting,UI_Excel_Select_Xwalk_Source_Accommodations,facility,*ALL*,QXA4067,07:43.2
1630,COCMSO,HOLD,HOLD PATIENTS,H,Y,NO MATCH,0,COCMSO,,,,,N,N,None,,,corpsvcmtxcutoverrpt_sql,45:52.7,xrdcwddbsuip06,MTX_ACOE_Cutover_Reporting,UI_Excel_Select_Xwalk_Source_Accommodations,facility,*ALL*,QXA4067,07:43.2
1631,COCMSO,I,INTENSIVE CARE,IC,Y,NO MATCH,0,COCMSO,,,,,N,N,None,,,corpsvcmtxcutoverrpt_sql,45:52.7,xrdcwddbsuip06,MTX_ACOE_Cutover_Reporting,UI_Excel_Select_Xwalk_Source_Accommodations,facility,*ALL*,QXA4067,07:43.2
1632,COCMSO,L1,NEWBORN,L1,Y,NO MATCH,0,COCMSO,,,,,N,N,None,,,corpsvcmtxcutoverrpt_sql,45:52.7,xrdcwddbsuip06,MTX_ACOE_Cutover_Reporting,UI_Excel_Select_Xwalk_Source_Accommodations,facility,*ALL*,QXA4067,07:43.2
1633,COCMSO,L2,NEWBORN LEVEL II,L2,Y,NO MATCH,0,COCMSO,,,,,N,N,None,,,corpsvcmtxcutoverrpt_sql,45:52.7,xrdcwddbsuip06,MTX_ACOE_Cutover_Reporting,UI_Excel_Select_Xwalk_Source_Accommodations,facility,*ALL*,QXA4067,07:43.2
1634,COCMSO,L3,NEWBORN LEVEL III,L3,Y,NO MATCH,0,COCMSO,,,,,N,N,None,,,corpsvcmtxcutoverrpt_sql,45:52.7,xrdcwddbsuip06,MTX_ACOE_Cutover_Reporting,UI_Excel_Select_Xwalk_Source_Accommodations,facility,*ALL*,QXA4067,07:43.2
1635,COCMSO,L4,NEWBORN LEVEL IV,L4,Y,NO MATCH,0,COCMSO,,,,,N,N,None,,,corpsvcmtxcutoverrpt_sql,45:52.7,xrdcwddbsuip06,MTX_ACOE_Cutover_Reporting,UI_Excel_Select_Xwalk_Source_Accommodations,facility,*ALL*,QXA4067,07:43.2
1636,COCMSO,LD,LABOR AND DELIVERY,LD,Y,NO MATCH,0,COCMSO,,,,,N,N,None,,,corpsvcmtxcutoverrpt_sql,45:52.7,xrdcwddbsuip06,MTX_ACOE_Cutover_Reporting,UI_Excel_Select_Xwalk_Source_Accommodations,facility,*ALL*,QXA4067,07:43.2
1637,COCMSO,MBC,MOTHER BABY CARE,MB,Y,NO MATCH,0,COCMSO,,,,,N,N,None,,,corpsvcmtxcutoverrpt_sql,45:52.7,xrdcwddbsuip06,MTX_ACOE_Cutover_Reporting,UI_Excel_Select_Xwalk_Source_Accommodations,facility,*ALL*,QXA4067,07:43.2
1638,COCMSO,MSO,MED SURG OVERFLOW,MS,Y,NO MATCH,0,COCMSO,,,,,N,N,None,,,corpsvcmtxcutoverrpt_sql,45:52.7,xrdcwddbsuip06,MTX_ACOE_Cutover_Reporting,UI_Excel_Select_Xwalk_Source_Accommodations,facility,*ALL*,QXA4067,07:43.2
1639,COCMSO,N1,NICU LEVEL I,N1,N,NO MATCH,0,COCMSO,,,,,N,N,None,,,corpsvcmtxcutoverrpt_sql,45:52.7,xrdcwddbsuip06,MTX_ACOE_Cutover_Reporting,UI_Excel_Select_Xwalk_Source_Accommodations,facility,*ALL*,QXA4067,07:43.2
1640,COCMSO,N2,NICU LEVEL II,N2,N,NO MATCH,0,COCMSO,,,,,N,N,None,,,corpsvcmtxcutoverrpt_sql,45:52.7,xrdcwddbsuip06,MTX_ACOE_Cutover_Reporting,UI_Excel_Select_Xwalk_Source_Accommodations,facility,*ALL*,QXA4067,07:43.2
1641,COCMSO,N3,NICU LEVEL III,N3,N,NO MATCH,0,COCMSO,,,,,N,N,None,,,corpsvcmtxcutoverrpt_sql,45:52.7,xrdcwddbsuip06,MTX_ACOE_Cutover_Reporting,UI_Excel_Select_Xwalk_Source_Accommodations,facility,*ALL*,QXA4067,07:43.2
1642,COCMSO,N4,NICU LEVEL IV,N4,N,NO MATCH,0,COCMSO,,,,,N,N,None,,,corpsvcmtxcutoverrpt_sql,45:52.7,xrdcwddbsuip06,MTX_ACOE_Cutover_Reporting,UI_Excel_Select_Xwalk_Source_Accommodations,facility,*ALL*,QXA4067,07:43.2
1643,COCMSO,NB,NEWBORN BASIC CARE,NB,N,NO MATCH,0,COCMSO,,,,,N,N,None,,,corpsvcmtxcutoverrpt_sql,45:52.7,xrdcwddbsuip06,MTX_ACOE_Cutover_Reporting,UI_Excel_Select_Xwalk_Source_Accommodations,facility,*ALL*,QXA4067,07:43.2
1644,COCMSO,P,PRIVATE  ROOM,P,Y,NO MATCH,0,COCMSO,,,,,N,N,None,,,corpsvcmtxcutoverrpt_sql,45:52.7,xrdcwddbsuip06,MTX_ACOE_Cutover_Reporting,UI_Excel_Select_Xwalk_Source_Accommodations,facility,*ALL*,QXA4067,07:43.2
1645,COCMSO,PCU,PROGRESSIVE CARE,PU,Y,NO MATCH,0,COCMSO,,,,,N,N,None,,,corpsvcmtxcutoverrpt_sql,45:52.7,xrdcwddbsuip06,MTX_ACOE_Cutover_Reporting,UI_Excel_Select_Xwalk_Source_Accommodations,facility,*ALL*,QXA4067,07:43.2
1646,COCMSO,PS,PSYCHIATRIC,PS,Y,NO MATCH,0,COCMSO,,,,,N,N,None,,,corpsvcmtxcutoverrpt_sql,45:52.7,xrdcwddbsuip06,MTX_ACOE_Cutover_Reporting,UI_Excel_Select_Xwalk_Source_Accommodations,facility,*ALL*,QXA4067,07:43.2
1647,COCMSO,S,SEMI-PRIVATE ROOM,S,Y,NO MATCH,0,COCMSO,,,,,N,N,None,,,corpsvcmtxcutoverrpt_sql,45:52.7,xrdcwddbsuip06,MTX_ACOE_Cutover_Reporting,UI_Excel_Select_Xwalk_Source_Accommodations,facility,*ALL*,QXA4067,07:43.2
1648,COCMSO,T,TELEMETRY,TL,Y,NO MATCH,0,COCMSO,,,,,N,N,None,,,corpsvcmtxcutoverrpt_sql,45:52.7,xrdcwddbsuip06,MTX_ACOE_Cutover_Reporting,UI_Excel_Select_Xwalk_Source_Accommodations,facility,*ALL*,QXA4067,07:43.2
1649,COCMSO,TM,SUITE MEDICAL DELUXE ROOM,TM,Y,NO MATCH,0,COCMSO,,,,,N,N,None,,,corpsvcmtxcutoverrpt_sql,45:52.7,xrdcwddbsuip06,MTX_ACOE_Cutover_Reporting,UI_Excel_Select_Xwalk_Source_Accommodations,facility,*ALL*,QXA4067,07:43.2
1650,COCMSO,TR,TRAUMA,TR,Y,NO MATCH,0,COCMSO,,,,,N,N,None,,,corpsvcmtxcutoverrpt_sql,45:52.7,xrdcwddbsuip06,MTX_ACOE_Cutover_Reporting,UI_Excel_Select_Xwalk_Source_Accommodations,facility,*ALL*,QXA4067,07:43.2
1651,COCMSO,WS,WOMEN'S SERVICES,WS,N,NO MATCH,0,COCMSO,,,,,N,N,None,,,corpsvcmtxcutoverrpt_sql,45:52.7,xrdcwddbsuip06,MTX_ACOE_Cutover_Reporting,UI_Excel_Select_Xwalk_Source_Accommodations,facility,*ALL*,QXA4067,07:43.2
1652,COCMT,1,NICU LEVEL 1,NI,N,NO MATCH,0,COCMT,,,,,N,N,None,,,corpsvcmtxcutoverrpt_sql,45:52.7,xrdcwddbsuip06,MTX_ACOE_Cutover_Reporting,UI_Excel_Select_Xwalk_Source_Accommodations,facility,*ALL*,QXA4067,07:43.2
1653,COCMT,B,NEWBORN,B,N,NO MATCH,0,COCMT,,,,,N,N,None,,,corpsvcmtxcutoverrpt_sql,45:52.7,xrdcwddbsuip06,MTX_ACOE_Cutover_Reporting,UI_Excel_Select_Xwalk_Source_Accommodations,facility,*ALL*,QXA4067,07:43.2
1654,COCMT,BB,BOARDER BABY,BB,N,NO MATCH,0,COCMT,,,,,N,N,None,,,corpsvcmtxcutoverrpt_sql,45:52.7,xrdcwddbsuip06,MTX_ACOE_Cutover_Reporting,UI_Excel_Select_Xwalk_Source_Accommodations,facility,*ALL*,QXA4067,07:43.2
1655,COCMT,DX,DETOX,DX,Y,NO MATCH,0,COCMT,,,,,N,N,None,,,corpsvcmtxcutoverrpt_sql,45:52.7,xrdcwddbsuip06,MTX_ACOE_Cutover_Reporting,UI_Excel_Select_Xwalk_Source_Accommodations,facility,*ALL*,QXA4067,07:43.2
1656,COCMT,EC,ECMO,EC,Y,NO MATCH,0,COCMT,,,,,N,N,None,,,corpsvcmtxcutoverrpt_sql,45:52.7,xrdcwddbsuip06,MTX_ACOE_Cutover_Reporting,UI_Excel_Select_Xwalk_Source_Accommodations,facility,*ALL*,QXA4067,07:43.2
1657,COCMT,HOLD,HOLD PATIENTS,H,Y,NO MATCH,0,COCMT,,,,,N,N,None,,,corpsvcmtxcutoverrpt_sql,45:52.7,xrdcwddbsuip06,MTX_ACOE_Cutover_Reporting,UI_Excel_Select_Xwalk_Source_Accommodations,facility,*ALL*,QXA4067,07:43.2
1658,COCMT,I,INTENSIVE CARE,IC,Y,NO MATCH,0,COCMT,,,,,N,N,None,,,corpsvcmtxcutoverrpt_sql,45:52.7,xrdcwddbsuip06,MTX_ACOE_Cutover_Reporting,UI_Excel_Select_Xwalk_Source_Accommodations,facility,*ALL*,QXA4067,07:43.2
1659,COCMT,J,PRIVATE - MEDICALLY JUSTIFIED,J,Y,NO MATCH,0,COCMT,,,,,N,N,None,,,corpsvcmtxcutoverrpt_sql,45:52.7,xrdcwddbsuip06,MTX_ACOE_Cutover_Reporting,UI_Excel_Select_Xwalk_Source_Accommodations,facility,*ALL*,QXA4067,07:43.2
1660,COCMT,L,LABOR & DELIVERY INTERMEDIATE,L,Y,NO MATCH,0,COCMT,,,,,N,N,None,,,corpsvcmtxcutoverrpt_sql,45:52.7,xrdcwddbsuip06,MTX_ACOE_Cutover_Reporting,UI_Excel_Select_Xwalk_Source_Accommodations,facility,*ALL*,QXA4067,07:43.2
1661,COCMT,L1,NEWBORN,L1,Y,NO MATCH,0,COCMT,,,,,N,N,None,,,corpsvcmtxcutoverrpt_sql,45:52.7,xrdcwddbsuip06,MTX_ACOE_Cutover_Reporting,UI_Excel_Select_Xwalk_Source_Accommodations,facility,*ALL*,QXA4067,07:43.2
1662,COCMT,L2,NEWBORN LEVEL II,L2,Y,NO MATCH,0,COCMT,,,,,N,N,None,,,corpsvcmtxcutoverrpt_sql,45:52.7,xrdcwddbsuip06,MTX_ACOE_Cutover_Reporting,UI_Excel_Select_Xwalk_Source_Accommodations,facility,*ALL*,QXA4067,07:43.2
1663,COCMT,L3,NEWBORN LEVEL III,L3,Y,NO MATCH,0,COCMT,,,,,N,N,None,,,corpsvcmtxcutoverrpt_sql,45:52.7,xrdcwddbsuip06,MTX_ACOE_Cutover_Reporting,UI_Excel_Select_Xwalk_Source_Accommodations,facility,*ALL*,QXA4067,07:43.2
1664,COCMT,L4,NEWBORN LEVEL IV,L4,Y,NO MATCH,0,COCMT,,,,,N,N,None,,,corpsvcmtxcutoverrpt_sql,45:52.7,xrdcwddbsuip06,MTX_ACOE_Cutover_Reporting,UI_Excel_Select_Xwalk_Source_Accommodations,facility,*ALL*,QXA4067,07:43.2
1665,COCMT,M,CORONARY CARE,CC,Y,NO MATCH,0,COCMT,,,,,N,N,None,,,corpsvcmtxcutoverrpt_sql,45:52.7,xrdcwddbsuip06,MTX_ACOE_Cutover_Reporting,UI_Excel_Select_Xwalk_Source_Accommodations,facility,*ALL*,QXA4067,07:43.2
1666,COCMT,MSO,MED SURG OVERFLOW,MS,Y,NO MATCH,0,COCMT,,,,,N,N,None,,,corpsvcmtxcutoverrpt_sql,45:52.7,xrdcwddbsuip06,MTX_ACOE_Cutover_Reporting,UI_Excel_Select_Xwalk_Source_Accommodations,facility,*ALL*,QXA4067,07:43.2
1667,COCMT,N1,NICU LEVEL I,N1,N,NO MATCH,0,COCMT,,,,,N,N,None,,,corpsvcmtxcutoverrpt_sql,45:52.7,xrdcwddbsuip06,MTX_ACOE_Cutover_Reporting,UI_Excel_Select_Xwalk_Source_Accommodations,facility,*ALL*,QXA4067,07:43.2
1668,COCMT,N2,NICU LEVEL II,N2,N,NO MATCH,0,COCMT,,,,,N,N,None,,,corpsvcmtxcutoverrpt_sql,45:52.7,xrdcwddbsuip06,MTX_ACOE_Cutover_Reporting,UI_Excel_Select_Xwalk_Source_Accommodations,facility,*ALL*,QXA4067,07:43.2
1669,COCMT,N3,NICU LEVEL III,N3,N,NO MATCH,0,COCMT,,,,,N,N,None,,,corpsvcmtxcutoverrpt_sql,45:52.7,xrdcwddbsuip06,MTX_ACOE_Cutover_Reporting,UI_Excel_Select_Xwalk_Source_Accommodations,facility,*ALL*,QXA4067,07:43.2
1670,COCMT,N4,NICU LEVEL IV,N4,N,NO MATCH,0,COCMT,,,,,N,N,None,,,corpsvcmtxcutoverrpt_sql,45:52.7,xrdcwddbsuip06,MTX_ACOE_Cutover_Reporting,UI_Excel_Select_Xwalk_Source_Accommodations,facility,*ALL*,QXA4067,07:43.2
1671,COCMT,NB,NEWBORN BASIC CARE,NB,N,NO MATCH,0,COCMT,,,,,N,N,None,,,corpsvcmtxcutoverrpt_sql,45:52.7,xrdcwddbsuip06,MTX_ACOE_Cutover_Reporting,UI_Excel_Select_Xwalk_Source_Accommodations,facility,*ALL*,QXA4067,07:43.2
1672,COCMT,P,PRIVATE  ROOM,P,Y,NO MATCH,0,COCMT,,,,,N,N,None,,,corpsvcmtxcutoverrpt_sql,45:52.7,xrdcwddbsuip06,MTX_ACOE_Cutover_Reporting,UI_Excel_Select_Xwalk_Source_Accommodations,facility,*ALL*,QXA4067,07:43.2
1673,COCMT,PS,PSYCHIATRIC,PS,Y,NO MATCH,0,COCMT,,,,,N,N,None,,,corpsvcmtxcutoverrpt_sql,45:52.7,xrdcwddbsuip06,MTX_ACOE_Cutover_Reporting,UI_Excel_Select_Xwalk_Source_Accommodations,facility,*ALL*,QXA4067,07:43.2
1674,COCMT,S,SEMI-PRIVATE ROOM,S,Y,NO MATCH,0,COCMT,,,,,N,N,None,,,corpsvcmtxcutoverrpt_sql,45:52.7,xrdcwddbsuip06,MTX_ACOE_Cutover_Reporting,UI_Excel_Select_Xwalk_Source_Accommodations,facility,*ALL*,QXA4067,07:43.2
1675,COCMT,T,TELEMETRY,TL,Y,NO MATCH,0,COCMT,,,,,N,N,None,,,corpsvcmtxcutoverrpt_sql,45:52.7,xrdcwddbsuip06,MTX_ACOE_Cutover_Reporting,UI_Excel_Select_Xwalk_Source_Accommodations,facility,*ALL*,QXA4067,07:43.2
1676,COCMT,TR,TRAUMA,TR,Y,NO MATCH,0,COCMT,,,,,N,N,None,,,corpsvcmtxcutoverrpt_sql,45:52.7,xrdcwddbsuip06,MTX_ACOE_Cutover_Reporting,UI_Excel_Select_Xwalk_Source_Accommodations,facility,*ALL*,QXA4067,07:43.2
1677,COCMT,W,WARD,W,N,NO MATCH,0,COCMT,,,,,N,N,None,,,corpsvcmtxcutoverrpt_sql,45:52.7,xrdcwddbsuip06,MTX_ACOE_Cutover_Reporting,UI_Excel_Select_Xwalk_Source_Accommodations,facility,*ALL*,QXA4067,07:43.2
1678,COCMTA,DX,DETOX,DX,Y,NO MATCH,0,COCMTA,,,,,N,N,None,,,corpsvcmtxcutoverrpt_sql,45:52.7,xrdcwddbsuip06,MTX_ACOE_Cutover_Reporting,UI_Excel_Select_Xwalk_Source_Accommodations,facility,*ALL*,QXA4067,07:43.2
1679,COCMTA,EC,ECMO,EC,Y,NO MATCH,0,COCMTA,,,,,N,N,None,,,corpsvcmtxcutoverrpt_sql,45:52.7,xrdcwddbsuip06,MTX_ACOE_Cutover_Reporting,UI_Excel_Select_Xwalk_Source_Accommodations,facility,*ALL*,QXA4067,07:43.2
1680,COCMTA,HOLD,HOLD PATIENTS,H,Y,NO MATCH,0,COCMTA,,,,,N,N,None,,,corpsvcmtxcutoverrpt_sql,45:52.7,xrdcwddbsuip06,MTX_ACOE_Cutover_Reporting,UI_Excel_Select_Xwalk_Source_Accommodations,facility,*ALL*,QXA4067,07:43.2
1681,COCMTA,I,INTENSIVE CARE,IC,Y,NO MATCH,0,COCMTA,,,,,N,N,None,,,corpsvcmtxcutoverrpt_sql,45:52.7,xrdcwddbsuip06,MTX_ACOE_Cutover_Reporting,UI_Excel_Select_Xwalk_Source_Accommodations,facility,*ALL*,QXA4067,07:43.2
1682,COCMTA,J,PRIVATE - MEDICALLY JUSTIFIED,J,Y,NO MATCH,0,COCMTA,,,,,N,N,None,,,corpsvcmtxcutoverrpt_sql,45:52.7,xrdcwddbsuip06,MTX_ACOE_Cutover_Reporting,UI_Excel_Select_Xwalk_Source_Accommodations,facility,*ALL*,QXA4067,07:43.2
1683,COCMTA,MSO,MED SURG OVERFLOW,MS,Y,NO MATCH,0,COCMTA,,,,,N,N,None,,,corpsvcmtxcutoverrpt_sql,45:52.7,xrdcwddbsuip06,MTX_ACOE_Cutover_Reporting,UI_Excel_Select_Xwalk_Source_Accommodations,facility,*ALL*,QXA4067,07:43.2
1684,COCMTA,P,PRIVATE  ROOM,P,Y,NO MATCH,0,COCMTA,,,,,N,N,None,,,corpsvcmtxcutoverrpt_sql,45:52.7,xrdcwddbsuip06,MTX_ACOE_Cutover_Reporting,UI_Excel_Select_Xwalk_Source_Accommodations,facility,*ALL*,QXA4067,07:43.2
1685,COCMTA,PCU,PROGRESSIVE CARE,PU,Y,NO MATCH,0,COCMTA,,,,,N,N,None,,,corpsvcmtxcutoverrpt_sql,45:52.7,xrdcwddbsuip06,MTX_ACOE_Cutover_Reporting,UI_Excel_Select_Xwalk_Source_Accommodations,facility,*ALL*,QXA4067,07:43.2
1686,COCMTA,PS,PSYCHIATRIC,PS,Y,NO MATCH,0,COCMTA,,,,,N,N,None,,,corpsvcmtxcutoverrpt_sql,45:52.7,xrdcwddbsuip06,MTX_ACOE_Cutover_Reporting,UI_Excel_Select_Xwalk_Source_Accommodations,facility,*ALL*,QXA4067,07:43.2
1687,COCMTA,S,SEMI-PRIVATE ROOM,S,Y,NO MATCH,0,COCMTA,,,,,N,N,None,,,corpsvcmtxcutoverrpt_sql,45:52.7,xrdcwddbsuip06,MTX_ACOE_Cutover_Reporting,UI_Excel_Select_Xwalk_Source_Accommodations,facility,*ALL*,QXA4067,07:43.2
1688,COCMTA,T,TELEMETRY,TL,Y,NO MATCH,0,COCMTA,,,,,N,N,None,,,corpsvcmtxcutoverrpt_sql,45:52.7,xrdcwddbsuip06,MTX_ACOE_Cutover_Reporting,UI_Excel_Select_Xwalk_Source_Accommodations,facility,*ALL*,QXA4067,07:43.2
1689,COCMTA,TR,TRAUMA,TR,Y,NO MATCH,0,COCMTA,,,,,N,N,None,,,corpsvcmtxcutoverrpt_sql,45:52.7,xrdcwddbsuip06,MTX_ACOE_Cutover_Reporting,UI_Excel_Select_Xwalk_Source_Accommodations,facility,*ALL*,QXA4067,07:43.2
1690,COCNC,EC,ECMO,EC,Y,"TEST (2026-09-20),LIVE (2026-09-04)",0,COCNC,EC,ECMO,EC,Y,Y,N,None,RWM4772,21:59.0,corpsvcmtxcutoverrpt_sql,00:05.2,xrdcwddbsuip06,MTX_ACOE_Cutover_Reporting,UI_Excel_Select_Xwalk_Source_Accommodations,facility,*ALL*,QXA4067,07:43.2
1691,COCNC,IC,INTENSIVE CARE,IC,Y,"TEST (2026-09-20),ZCON (2026-09-20),LIVE (2026-09-04)",0,COCNC,IC,INTENSIVE CARE,IC,Y,Y,N,None,IIU4396,03:26.3,HCA\IIU4396,46:47.7,xrdcwddbsuip06,MTX_ACOE_Cutover_Reporting,UI_Excel_Select_Xwalk_Source_Accommodations,facility,*ALL*,QXA4067,07:43.2
1692,COCNC,IM,INTERMEDIATE CARE,IM,Y,"TEST (2026-09-20),ZCON (2026-09-20),LIVE (2026-09-04)",0,COCNC,PR,PRIVATE ROOM,P,Y,Y,N,None,RWM4772,31:36.3,HCA\IIU4396,46:47.7,xrdcwddbsuip06,MTX_ACOE_Cutover_Reporting,UI_Excel_Select_Xwalk_Source_Accommodations,facility,*ALL*,QXA4067,07:43.2
1693,COCNC,ME,MEDICAL UNIT,ME,Y,"TEST (2026-09-20),ZCON (2026-09-20),LIVE (2026-09-04)",0,COCNC,PR,PRIVATE ROOM,P,Y,Y,N,None,RWM4772,31:36.4,HCA\IIU4396,46:47.7,xrdcwddbsuip06,MTX_ACOE_Cutover_Reporting,UI_Excel_Select_Xwalk_Source_Accommodations,facility,*ALL*,QXA4067,07:43.2
1694,COCNC,MI,MEDICAL INTERMEDIATE,MI,Y,"TEST (2026-09-20),ZCON (2026-09-20),LIVE (2026-09-04)",0,COCNC,PC,PROGRESSIVE CARE,MI,Y,Y,N,None,IIU4396,03:26.4,HCA\IIU4396,46:47.7,xrdcwddbsuip06,MTX_ACOE_Cutover_Reporting,UI_Excel_Select_Xwalk_Source_Accommodations,facility,*ALL*,QXA4067,07:43.2
1695,COCNC,MS,MEDICAL SURGICAL,MS,Y,"TEST (2026-09-20),ZCON (2026-09-20),LIVE (2026-09-04)",0,COCNC,MS,MED SURG,MS,Y,Y,N,None,IIU4396,03:26.5,HCA\IIU4396,46:47.7,xrdcwddbsuip06,MTX_ACOE_Cutover_Reporting,UI_Excel_Select_Xwalk_Source_Accommodations,facility,*ALL*,QXA4067,07:43.2
1696,COCNC,P,PRIVATE ROOM,P,Y,"TEST (2026-09-20),ZCON (2026-09-20),LIVE (2026-09-04)",0,COCNC,PR,PRIVATE ROOM,P,Y,Y,N,None,IIU4396,03:26.5,HCA\IIU4396,46:47.7,xrdcwddbsuip06,MTX_ACOE_Cutover_Reporting,UI_Excel_Select_Xwalk_Source_Accommodations,facility,*ALL*,QXA4067,07:43.2
1697,COCNC,PE,PEDIATRICS,PE,Y,"TEST (2026-09-20),ZCON (2026-09-20),LIVE (2026-09-04)",0,COCNC,PP,PEDIATRIC PRIVATE,PD,Y,Y,N,None,IIU4396,03:26.6,HCA\IIU4396,46:47.7,xrdcwddbsuip06,MTX_ACOE_Cutover_Reporting,UI_Excel_Select_Xwalk_Source_Accommodations,facility,*ALL*,QXA4067,07:43.2
1698,COCNC,PED,PEDIATRICS,PD,Y,"TEST (2026-09-20),ZCON (2026-09-20),LIVE (2026-09-04)",0,COCNC,PP,PEDIATRIC PRIVATE,PD,Y,Y,N,None,IIU4396,03:26.6,HCA\IIU4396,46:47.7,xrdcwddbsuip06,MTX_ACOE_Cutover_Reporting,UI_Excel_Select_Xwalk_Source_Accommodations,facility,*ALL*,QXA4067,07:43.2
1699,COCNC,S,SEMI-PRIVATE ROOM,SP,Y,"TEST (2026-09-20),ZCON (2026-09-20),LIVE (2026-09-04)",0,COCNC,SP,SEMI-PRIVATE ROOM,SP,Y,Y,N,None,IIU4396,03:26.6,HCA\IIU4396,46:47.7,xrdcwddbsuip06,MTX_ACOE_Cutover_Reporting,UI_Excel_Select_Xwalk_Source_Accommodations,facility,*ALL*,QXA4067,07:43.2
1700,COCNC,TE,TELEMETRY,TE,Y,"TEST (2026-09-20),ZCON (2026-09-20),LIVE (2026-09-04)",0,COCNC,TEL,TELEMETRY,TE,Y,Y,N,None,IIU4396,03:26.7,HCA\IIU4396,46:47.7,xrdcwddbsuip06,MTX_ACOE_Cutover_Reporting,UI_Excel_Select_Xwalk_Source_Accommodations,facility,*ALL*,QXA4067,07:43.2
1701,COCNC,TR,TRAUMA,TR,Y,"TEST (2026-09-20),LIVE (2026-09-04)",0,COCNC,TR,TRAUMA,TR,Y,Y,N,None,RWM4772,4/8/2026 8:22,corpsvcmtxcutoverrpt_sql,00:04.1,xrdcwddbsuip06,MTX_ACOE_Cutover_Reporting,UI_Excel_Select_Xwalk_Source_Accommodations,facility,*ALL*,QXA4067,07:43.2
1702,cocnh,___N/A___20260911150815,Net New Expanse Accommodation--no MT56 data,___,N,NO MATCH,0,cocnh,TEL,TELEMETRY,TE,,Y,N,None,FRE8115,12:29.3,HCA\fre8115,08:15.7,xrdcwddbsuip06,MTX_ACOE_Cutover_Reporting,UI_Excel_Select_Xwalk_Source_Accommodations,facility,*ALL*,QXA4067,07:43.2
1703,COCNH,I,INTENSIVE CARE,,N,NO MATCH,0,COCNH,,,,,N,Y,None,IIU7623,47:47.1,corpsvcmtxcutoverrpt_sql,43:36.1,xrdcwddbsuip06,MTX_ACOE_Cutover_Reporting,UI_Excel_Select_Xwalk_Source_Accommodations,facility,*ALL*,QXA4067,07:43.2
1704,COCNH,N.CC,CARDIOVASCULAR CARE UNIT,CC,Y,NO MATCH,17,COCNH,CC,CORONARY CARE,CC,,Y,N,None,IIU7623,57:46.2,corpsvcmtxcutoverrpt_sql,43:36.1,xrdcwddbsuip06,MTX_ACOE_Cutover_Reporting,UI_Excel_Select_Xwalk_Source_Accommodations,facility,*ALL*,QXA4067,07:43.2
1705,COCNH,N.CI,CARDIOVASCULAR ICU,CI,N,NO MATCH,0,COCNH,,,,,N,Y,None,IIU7623,47:47.1,corpsvcmtxcutoverrpt_sql,43:36.1,xrdcwddbsuip06,MTX_ACOE_Cutover_Reporting,UI_Excel_Select_Xwalk_Source_Accommodations,facility,*ALL*,QXA4067,07:43.2
1706,COCNH,N.CO,CARDIOVASCULAR SPECIALTY OVRFL,CO,N,NO MATCH,0,COCNH,,,,,N,Y,None,IIU7623,47:47.1,corpsvcmtxcutoverrpt_sql,43:36.1,xrdcwddbsuip06,MTX_ACOE_Cutover_Reporting,UI_Excel_Select_Xwalk_Source_Accommodations,facility,*ALL*,QXA4067,07:43.2
1707,COCNH,N.CP,CARDIOVASCULAR PCU,CP,N,NO MATCH,0,COCNH,,,,,N,Y,None,IIU7623,47:47.2,corpsvcmtxcutoverrpt_sql,43:36.1,xrdcwddbsuip06,MTX_ACOE_Cutover_Reporting,UI_Excel_Select_Xwalk_Source_Accommodations,facility,*ALL*,QXA4067,07:43.2
1708,COCNH,N.CS,CARDIOVASCULAR SPECIALTY UNIT,CS,Y,NO MATCH,93,COCNH,CC,CORONARY CARE,CC,,Y,N,None,IIU7623,57:46.2,corpsvcmtxcutoverrpt_sql,43:36.1,xrdcwddbsuip06,MTX_ACOE_Cutover_Reporting,UI_Excel_Select_Xwalk_Source_Accommodations,facility,*ALL*,QXA4067,07:43.2
1709,COCNH,N.ECMO,ECMO,CM,Y,NO MATCH,0,COCNH,EC,ECMO,EC,,Y,N,None,IIU7623,57:46.3,corpsvcmtxcutoverrpt_sql,43:36.1,xrdcwddbsuip06,MTX_ACOE_Cutover_Reporting,UI_Excel_Select_Xwalk_Source_Accommodations,facility,*ALL*,QXA4067,07:43.2
1710,COCNH,N.EGPSY,ER OVERFLOW GERI PSYCH PATIENT,EG,Y,NO MATCH,0,COCNH,PR,PRIVATE ROOM,PR,,Y,N,None,IIU7623,06:55.8,corpsvcmtxcutoverrpt_sql,43:36.1,xrdcwddbsuip06,MTX_ACOE_Cutover_Reporting,UI_Excel_Select_Xwalk_Source_Accommodations,facility,*ALL*,QXA4067,07:43.2
1711,COCNH,N.ERCCU,ER CARDIOVASCULAR CARE UNIT,EC,Y,NO MATCH,0,COCNH,CC,CORONARY CARE,CC,,Y,N,None,IIU7623,06:55.8,corpsvcmtxcutoverrpt_sql,43:36.1,xrdcwddbsuip06,MTX_ACOE_Cutover_Reporting,UI_Excel_Select_Xwalk_Source_Accommodations,facility,*ALL*,QXA4067,07:43.2
1712,COCNH,N.ERCSU,ER CARDIOVASCULAR PCU,ES,Y,NO MATCH,0,COCNH,PCCC,PROGRESSIVE CARE CCU,ES,,Y,N,None,IIU7623,57:46.4,corpsvcmtxcutoverrpt_sql,43:36.1,xrdcwddbsuip06,MTX_ACOE_Cutover_Reporting,UI_Excel_Select_Xwalk_Source_Accommodations,facility,*ALL*,QXA4067,07:43.2
1713,COCNH,N.ERICU,ER OVERFLOW ICU PATIENT,EI,Y,NO MATCH,3,COCNH,IC,INTENSIVE CARE,IC,,Y,N,None,IIU7623,57:46.4,corpsvcmtxcutoverrpt_sql,43:36.1,xrdcwddbsuip06,MTX_ACOE_Cutover_Reporting,UI_Excel_Select_Xwalk_Source_Accommodations,facility,*ALL*,QXA4067,07:43.2
1714,COCNH,N.ERMAS,ER OVERFLOW  MED/SURG PATIENT,EM,Y,NO MATCH,64,COCNH,MS,MED SURG,MS,,Y,N,None,IIU7623,57:46.4,corpsvcmtxcutoverrpt_sql,43:36.1,xrdcwddbsuip06,MTX_ACOE_Cutover_Reporting,UI_Excel_Select_Xwalk_Source_Accommodations,facility,*ALL*,QXA4067,07:43.2
1715,COCNH,N.ERPCU,ER OVERFLOW PCU PATIENT,EP,Y,NO MATCH,9,COCNH,PC,PROGRESSIVE CARE,PC,,Y,N,None,IIU7623,57:46.5,corpsvcmtxcutoverrpt_sql,43:36.1,xrdcwddbsuip06,MTX_ACOE_Cutover_Reporting,UI_Excel_Select_Xwalk_Source_Accommodations,facility,*ALL*,QXA4067,07:43.2
1716,COCNH,N.GPSYP,GERI PSY PRIVATE,GP,N,NO MATCH,0,COCNH,,,,,N,Y,None,IIU7623,47:47.2,corpsvcmtxcutoverrpt_sql,43:36.1,xrdcwddbsuip06,MTX_ACOE_Cutover_Reporting,UI_Excel_Select_Xwalk_Source_Accommodations,facility,*ALL*,QXA4067,07:43.2
1717,COCNH,N.GPSYS,GERI PSY SEMI PRIVATE,GS,Y,NO MATCH,0,COCNH,SP,SEMI PRIVATE,SP,,Y,N,None,IIU7623,06:55.9,corpsvcmtxcutoverrpt_sql,43:36.1,xrdcwddbsuip06,MTX_ACOE_Cutover_Reporting,UI_Excel_Select_Xwalk_Source_Accommodations,facility,*ALL*,QXA4067,07:43.2
1718,COCNH,N.GYN,GYN   5TH FLOOR,NH,N,NO MATCH,0,COCNH,,,,,N,Y,None,IIU7623,47:47.2,corpsvcmtxcutoverrpt_sql,43:36.1,xrdcwddbsuip06,MTX_ACOE_Cutover_Reporting,UI_Excel_Select_Xwalk_Source_Accommodations,facility,*ALL*,QXA4067,07:43.2
1719,COCNH,N.IC,INTENSIVE CARE UNIT,IC,Y,NO MATCH,29,COCNH,IC,INTENSIVE CARE,IC,,Y,N,None,IIU7623,57:46.5,corpsvcmtxcutoverrpt_sql,43:36.1,xrdcwddbsuip06,MTX_ACOE_Cutover_Reporting,UI_Excel_Select_Xwalk_Source_Accommodations,facility,*ALL*,QXA4067,07:43.2
1720,COCNH,N.IPR,INPATIENT REHAB,RP,Y,NO MATCH,0,COCNH,PR,PRIVATE ROOM,PR,,Y,N,None,FRE8115,14:26.2,corpsvcmtxcutoverrpt_sql,00:08.9,xrdcwddbsuip06,MTX_ACOE_Cutover_Reporting,UI_Excel_Select_Xwalk_Source_Accommodations,facility,*ALL*,QXA4067,07:43.2
1721,COCNH,N.IPR Isol,INPATIENT REHAB ISOLATION,RI,Y,NO MATCH,0,COCNH,PR,PRIVATE ROOM,PR,,Y,N,None,FRE8115,14:26.2,corpsvcmtxcutoverrpt_sql,00:05.0,xrdcwddbsuip06,MTX_ACOE_Cutover_Reporting,UI_Excel_Select_Xwalk_Source_Accommodations,facility,*ALL*,QXA4067,07:43.2
1722,COCNH,N.IPR Tele,Private Rehab Monitored,RT,Y,NO MATCH,0,COCNH,PR,PRIVATE ROOM,PR,,Y,N,None,FRE8115,14:26.3,corpsvcmtxcutoverrpt_sql,00:05.0,xrdcwddbsuip06,MTX_ACOE_Cutover_Reporting,UI_Excel_Select_Xwalk_Source_Accommodations,facility,*ALL*,QXA4067,07:43.2
1723,COCNH,N.MPO,MED-SURG  PRIVATE  OVERFLOW,MP,Y,NO MATCH,294,COCNH,PR,PRIVATE ROOM,PR,,Y,N,None,IIU7623,57:46.6,corpsvcmtxcutoverrpt_sql,43:36.1,xrdcwddbsuip06,MTX_ACOE_Cutover_Reporting,UI_Excel_Select_Xwalk_Source_Accommodations,facility,*ALL*,QXA4067,07:43.2
1724,COCNH,N.MSO,MED-SURG SEMI-PRIVATE OVERFLOW,MS,Y,NO MATCH,24,COCNH,SP,SEMI PRIVATE ROOM,SP,,Y,N,None,IIU7623,57:46.6,corpsvcmtxcutoverrpt_sql,43:36.1,xrdcwddbsuip06,MTX_ACOE_Cutover_Reporting,UI_Excel_Select_Xwalk_Source_Accommodations,facility,*ALL*,QXA4067,07:43.2
1725,COCNH,N.NB,NURSERY NEWBORN ROUTINE,NB,N,NO MATCH,0,COCNH,,,,,N,Y,None,IIU7623,47:47.3,corpsvcmtxcutoverrpt_sql,43:36.1,xrdcwddbsuip06,MTX_ACOE_Cutover_Reporting,UI_Excel_Select_Xwalk_Source_Accommodations,facility,*ALL*,QXA4067,07:43.2
1726,COCNH,N.NI,NURSERY INTENSIVE CARE,NI,N,NO MATCH,0,COCNH,,,,,N,Y,None,IIU7623,47:47.3,corpsvcmtxcutoverrpt_sql,43:36.1,xrdcwddbsuip06,MTX_ACOE_Cutover_Reporting,UI_Excel_Select_Xwalk_Source_Accommodations,facility,*ALL*,QXA4067,07:43.2
1727,COCNH,N.NP,NURSERY INTERMEDIATE NB,NP,N,NO MATCH,0,COCNH,,,,,N,Y,None,IIU7623,47:47.3,corpsvcmtxcutoverrpt_sql,43:36.1,xrdcwddbsuip06,MTX_ACOE_Cutover_Reporting,UI_Excel_Select_Xwalk_Source_Accommodations,facility,*ALL*,QXA4067,07:43.2
1728,COCNH,N.OBO,OBSTETRICS OVERFLOW  6TH FLOOR,OB,N,NO MATCH,0,COCNH,,,,,N,Y,None,IIU7623,47:47.4,corpsvcmtxcutoverrpt_sql,43:36.1,xrdcwddbsuip06,MTX_ACOE_Cutover_Reporting,UI_Excel_Select_Xwalk_Source_Accommodations,facility,*ALL*,QXA4067,07:43.2
1729,COCNH,N.OP,OUTPATIENT,OP,N,NO MATCH,0,COCNH,,,,,N,Y,None,IIU7623,47:47.4,corpsvcmtxcutoverrpt_sql,43:36.1,xrdcwddbsuip06,MTX_ACOE_Cutover_Reporting,UI_Excel_Select_Xwalk_Source_Accommodations,facility,*ALL*,QXA4067,07:43.2
1730,COCNH,N.P,PRIVATE ROOM,P,Y,NO MATCH,30,COCNH,PR,PRIVATE ROOM,PR,,Y,N,None,IIU7623,06:55.9,corpsvcmtxcutoverrpt_sql,43:36.1,xrdcwddbsuip06,MTX_ACOE_Cutover_Reporting,UI_Excel_Select_Xwalk_Source_Accommodations,facility,*ALL*,QXA4067,07:43.2
1731,COCNH,N.PC,PCU PRIVATE,PC,Y,NO MATCH,4,COCNH,PC,PROGRESSIVE CARE,PC,,Y,N,None,IIU7623,06:56.0,corpsvcmtxcutoverrpt_sql,43:36.1,xrdcwddbsuip06,MTX_ACOE_Cutover_Reporting,UI_Excel_Select_Xwalk_Source_Accommodations,facility,*ALL*,QXA4067,07:43.2
1732,COCNH,N.PCP,PROGRESSIVE CARE SEMI-PRIVATE,PP,N,NO MATCH,0,COCNH,,,,,N,Y,None,IIU7623,47:47.4,corpsvcmtxcutoverrpt_sql,43:36.1,xrdcwddbsuip06,MTX_ACOE_Cutover_Reporting,UI_Excel_Select_Xwalk_Source_Accommodations,facility,*ALL*,QXA4067,07:43.2
1733,COCNH,N.PCS,PCU SEMI-PRIVATE,PS,Y,NO MATCH,2,COCNH,PC,PROGRESSIVE CARE,PC,,Y,N,None,IIU7623,06:56.1,corpsvcmtxcutoverrpt_sql,43:36.1,xrdcwddbsuip06,MTX_ACOE_Cutover_Reporting,UI_Excel_Select_Xwalk_Source_Accommodations,facility,*ALL*,QXA4067,07:43.2
1734,COCNH,N.PE,PRIVATE EXTENDED CARE,PE,N,NO MATCH,0,COCNH,,,,,N,Y,None,IIU7623,47:47.4,corpsvcmtxcutoverrpt_sql,43:36.1,xrdcwddbsuip06,MTX_ACOE_Cutover_Reporting,UI_Excel_Select_Xwalk_Source_Accommodations,facility,*ALL*,QXA4067,07:43.2
1735,COCNH,N.PO,PRIVATE OVERFLOW,PO,N,NO MATCH,0,COCNH,,,,,N,Y,None,IIU7623,47:47.5,corpsvcmtxcutoverrpt_sql,43:36.1,xrdcwddbsuip06,MTX_ACOE_Cutover_Reporting,UI_Excel_Select_Xwalk_Source_Accommodations,facility,*ALL*,QXA4067,07:43.2
1736,COCNH,N.PR,PRIVATE,PR,N,NO MATCH,0,COCNH,,,,,N,Y,None,IIU7623,47:47.5,corpsvcmtxcutoverrpt_sql,43:36.1,xrdcwddbsuip06,MTX_ACOE_Cutover_Reporting,UI_Excel_Select_Xwalk_Source_Accommodations,facility,*ALL*,QXA4067,07:43.2
1737,COCNH,N.SE,SEMI-PRIVATE EXTENDED CARE,SE,N,NO MATCH,0,COCNH,,,,,N,Y,None,IIU7623,47:47.5,corpsvcmtxcutoverrpt_sql,43:36.1,xrdcwddbsuip06,MTX_ACOE_Cutover_Reporting,UI_Excel_Select_Xwalk_Source_Accommodations,facility,*ALL*,QXA4067,07:43.2
1738,COCNH,N.SO,SEMI-PRIVATE OVERFLOW,SO,N,NO MATCH,1,COCNH,,,,,N,Y,None,IIU7623,47:47.6,corpsvcmtxcutoverrpt_sql,43:36.1,xrdcwddbsuip06,MTX_ACOE_Cutover_Reporting,UI_Excel_Select_Xwalk_Source_Accommodations,facility,*ALL*,QXA4067,07:43.2
1739,COCNH,N.SP,SEMI-PRIVATE,SP,Y,NO MATCH,2,COCNH,SP,SEMI PRIVATE,SP,,Y,N,None,IIU7623,57:46.7,corpsvcmtxcutoverrpt_sql,43:36.1,xrdcwddbsuip06,MTX_ACOE_Cutover_Reporting,UI_Excel_Select_Xwalk_Source_Accommodations,facility,*ALL*,QXA4067,07:43.2
1740,COCNH,N.TR,TRAUMA INTENSIVE CARE,TR,Y,NO MATCH,0,COCNH,TRIC,TRAUMA INTENSIVE CARE,TR,,Y,N,None,IIU7623,57:46.7,corpsvcmtxcutoverrpt_sql,43:36.1,xrdcwddbsuip06,MTX_ACOE_Cutover_Reporting,UI_Excel_Select_Xwalk_Source_Accommodations,facility,*ALL*,QXA4067,07:43.2
1741,COCNH,XMU,EXCHANGE CLINICAL DATA CODE,XM,Y,NO MATCH,0,COCNH,PR,PRIVATE ROOM,PR,,Y,N,None,IIU7623,06:56.1,corpsvcmtxcutoverrpt_sql,43:36.1,xrdcwddbsuip06,MTX_ACOE_Cutover_Reporting,UI_Excel_Select_Xwalk_Source_Accommodations,facility,*ALL*,QXA4067,07:43.2
1742,COCNV,BM,BURN CARE MEDICAL,BM,Y,"TEST (2025-12-11),ZCON (2026-04-21),LIVE (2026-02-12)",0,COCNV,BM,BURN MEDICAL,BM,Y,Y,N,None,HGE3782,06:19.7,corpsvcmtxcutoverrpt_sql,38:19.0,xrdcwddbsuip06,MTX_ACOE_Cutover_Reporting,UI_Excel_Select_Xwalk_Source_Accommodations,facility,*ALL*,QXA4067,07:43.2
1743,COCNV,BP,BURN CARE PCU,BP,Y,"TEST (2025-12-11),ZCON (2026-04-21),LIVE (2026-02-12)",0,COCNV,BPC,BURN PCU,BP,Y,Y,N,None,HGE3782,06:19.7,corpsvcmtxcutoverrpt_sql,38:19.0,xrdcwddbsuip06,MTX_ACOE_Cutover_Reporting,UI_Excel_Select_Xwalk_Source_Accommodations,facility,*ALL*,QXA4067,07:43.2
1744,COCNV,BU,BURN CARE ICU,BU,Y,"TEST (2025-12-11),ZCON (2026-04-21),LIVE (2026-02-12)",0,COCNV,BIC,BURN INTENSIVE CARE,BU,Y,Y,N,None,HGE3782,06:19.7,corpsvcmtxcutoverrpt_sql,38:19.0,xrdcwddbsuip06,MTX_ACOE_Cutover_Reporting,UI_Excel_Select_Xwalk_Source_Accommodations,facility,*ALL*,QXA4067,07:43.2
1745,COCNV,G.SLB,SLEEP STUDY LAB,SL,N,NO MATCH,0,COCNV,,,,,N,Y,None,BMB1734,01:04.2,corpsvcmtxcutoverrpt_sql,38:19.0,xrdcwddbsuip06,MTX_ACOE_Cutover_Reporting,UI_Excel_Select_Xwalk_Source_Accommodations,facility,*ALL*,QXA4067,07:43.2
1746,COCNV,I,INTENSIVE CARE,IC,Y,"TEST (2025-12-11),ZCON (2026-04-21),LIVE (2026-02-12)",0,COCNV,IC,INTENSIVE CARE,I,Y,Y,N,None,HGE3782,06:19.7,corpsvcmtxcutoverrpt_sql,38:19.0,xrdcwddbsuip06,MTX_ACOE_Cutover_Reporting,UI_Excel_Select_Xwalk_Source_Accommodations,facility,*ALL*,QXA4067,07:43.2
1747,COCNV,MS,MED SURG PRIVATE,MS,Y,"TEST (2025-12-11),ZCON (2026-04-21),LIVE (2026-02-12)",0,COCNV,MS,MED SURG,MS,Y,Y,N,None,HGE3782,06:19.7,corpsvcmtxcutoverrpt_sql,38:19.0,xrdcwddbsuip06,MTX_ACOE_Cutover_Reporting,UI_Excel_Select_Xwalk_Source_Accommodations,facility,*ALL*,QXA4067,07:43.2
1748,COCNV,PC,PROGRESSIVE CARE UNIT,PC,Y,"TEST (2025-12-11),ZCON (2026-04-21),LIVE (2026-02-12)",0,COCNV,PC,PROGRESSIVE CARE,PC,Y,Y,N,None,BMB1734,36:17.7,corpsvcmtxcutoverrpt_sql,38:19.0,xrdcwddbsuip06,MTX_ACOE_Cutover_Reporting,UI_Excel_Select_Xwalk_Source_Accommodations,facility,*ALL*,QXA4067,07:43.2
1749,COCNV,RP,REHAB PRIVATE,RP,Y,"TEST (2025-12-11),ZCON (2026-04-21),LIVE (2026-02-12)",0,COCNV,RP,REHAB PRIVATE,RP,Y,Y,N,None,HGE3782,06:19.8,corpsvcmtxcutoverrpt_sql,38:19.0,xrdcwddbsuip06,MTX_ACOE_Cutover_Reporting,UI_Excel_Select_Xwalk_Source_Accommodations,facility,*ALL*,QXA4067,07:43.2
1750,COCNV,RS,REHAB SEMI PRIVATE,RS,Y,"TEST (2025-12-11),ZCON (2026-04-21),LIVE (2026-02-12)",0,COCNV,RP,REHABILITATION,RS,Y,Y,N,None,HGE3782,06:19.8,corpsvcmtxcutoverrpt_sql,38:19.0,xrdcwddbsuip06,MTX_ACOE_Cutover_Reporting,UI_Excel_Select_Xwalk_Source_Accommodations,facility,*ALL*,QXA4067,07:43.2
1751,COCNV,TR,TRAUMA MS/PCU,TR,Y,"TEST (2025-12-11),ZCON (2026-04-21),LIVE (2026-02-12)",0,COCNV,TR,TRAUMA,TR,Y,Y,N,None,HGE3782,06:19.8,corpsvcmtxcutoverrpt_sql,38:19.0,xrdcwddbsuip06,MTX_ACOE_Cutover_Reporting,UI_Excel_Select_Xwalk_Source_Accommodations,facility,*ALL*,QXA4067,07:43.2
1752,COCNV,TRI,TRAUMA INTENSIVE CARE,TI,Y,"TEST (2025-12-11),ZCON (2026-04-21),LIVE (2026-02-12)",0,COCNV,TRIC,TRAUMA INTENSIVE CARE,TRI,Y,Y,N,None,HGE3782,06:19.8,corpsvcmtxcutoverrpt_sql,38:19.0,xrdcwddbsuip06,MTX_ACOE_Cutover_Reporting,UI_Excel_Select_Xwalk_Source_Accommodations,facility,*ALL*,QXA4067,07:43.2
1753,COCNV,V,VIP ROOM,V,N,NO MATCH,0,COCNV,,,,,N,Y,None,BMB1734,01:04.3,corpsvcmtxcutoverrpt_sql,38:19.0,xrdcwddbsuip06,MTX_ACOE_Cutover_Reporting,UI_Excel_Select_Xwalk_Source_Accommodations,facility,*ALL*,QXA4067,07:43.2
1754,COCNW,___N/A___20260604092707,Net New Expanse Accommodation--no MT56 data,___,N,"TEST (2026-09-20),ZCON (2026-09-20),LIVE (2026-09-04)",0,COCNW,AP,ANTEPARTUM,AP,Y,Y,N,None,BMB1734,28:04.5,HCA\BMB1734,27:07.8,xrdcwddbsuip06,MTX_ACOE_Cutover_Reporting,UI_Excel_Select_Xwalk_Source_Accommodations,facility,*ALL*,QXA4067,07:43.2
1755,COCNW,___N/A___20260604092829,Net New Expanse Accommodation--no MT56 data,___,N,"TEST (2026-09-20),ZCON (2026-09-20),LIVE (2026-09-04)",0,COCNW,LDHR,LABOR AND DELIVERY HIGH RISK,LR,Y,Y,N,None,BMB1734,01:44.7,HCA\BMB1734,28:29.7,xrdcwddbsuip06,MTX_ACOE_Cutover_Reporting,UI_Excel_Select_Xwalk_Source_Accommodations,facility,*ALL*,QXA4067,07:43.2
1756,COCNW,___N/A___20260604093018,Net New Expanse Accommodation--no MT56 data,___,N,"TEST (2026-09-20),ZCON (2026-09-20),LIVE (2026-09-04)",0,COCNW,LDHR,,,,N,Y,None,BMB1734,31:10.6,HCA\BMB1734,30:18.5,xrdcwddbsuip06,MTX_ACOE_Cutover_Reporting,UI_Excel_Select_Xwalk_Source_Accommodations,facility,*ALL*,QXA4067,07:43.2
1757,COCNW,B1,NU SCN ICU ISO,W1,N,NO MATCH,0,COCNW,,,,,N,Y,None,BMB1734,21:21.1,corpsvcmtxcutoverrpt_sql,53:30.8,xrdcwddbsuip06,MTX_ACOE_Cutover_Reporting,UI_Excel_Select_Xwalk_Source_Accommodations,facility,*ALL*,QXA4067,07:43.2
1758,COCNW,B2,NU SCN PCU ISO,W2,N,NO MATCH,0,COCNW,,,,,N,Y,None,BMB1734,21:21.2,corpsvcmtxcutoverrpt_sql,53:30.8,xrdcwddbsuip06,MTX_ACOE_Cutover_Reporting,UI_Excel_Select_Xwalk_Source_Accommodations,facility,*ALL*,QXA4067,07:43.2
1759,COCNW,BI,NU ICU,WI,N,NO MATCH,0,COCNW,,,,,N,Y,None,BMB1734,21:21.2,corpsvcmtxcutoverrpt_sql,53:30.8,xrdcwddbsuip06,MTX_ACOE_Cutover_Reporting,UI_Excel_Select_Xwalk_Source_Accommodations,facility,*ALL*,QXA4067,07:43.2
1760,COCNW,BURN,Burn Intensive Care,BU,N,NO MATCH,0,COCNW,,,,,N,Y,None,BMB1734,21:21.3,corpsvcmtxcutoverrpt_sql,53:30.8,xrdcwddbsuip06,MTX_ACOE_Cutover_Reporting,UI_Excel_Select_Xwalk_Source_Accommodations,facility,*ALL*,QXA4067,07:43.2
1761,COCNW,CA,PED PRIVATE,CA,N,NO MATCH,0,COCNW,,,,,N,Y,None,BMB1734,21:21.4,corpsvcmtxcutoverrpt_sql,53:30.8,xrdcwddbsuip06,MTX_ACOE_Cutover_Reporting,UI_Excel_Select_Xwalk_Source_Accommodations,facility,*ALL*,QXA4067,07:43.2
1762,COCNW,CM,PED MED,CM,N,NO MATCH,0,COCNW,,,,,N,Y,None,BMB1734,21:21.5,corpsvcmtxcutoverrpt_sql,53:30.8,xrdcwddbsuip06,MTX_ACOE_Cutover_Reporting,UI_Excel_Select_Xwalk_Source_Accommodations,facility,*ALL*,QXA4067,07:43.2
1763,COCNW,CP,PED PP,CP,N,NO MATCH,0,COCNW,,,,,N,Y,None,BMB1734,21:21.5,corpsvcmtxcutoverrpt_sql,53:30.8,xrdcwddbsuip06,MTX_ACOE_Cutover_Reporting,UI_Excel_Select_Xwalk_Source_Accommodations,facility,*ALL*,QXA4067,07:43.2
1764,COCNW,CS,PED SUR,CS,N,NO MATCH,0,COCNW,,,,,N,Y,None,BMB1734,21:21.6,corpsvcmtxcutoverrpt_sql,53:30.8,xrdcwddbsuip06,MTX_ACOE_Cutover_Reporting,UI_Excel_Select_Xwalk_Source_Accommodations,facility,*ALL*,QXA4067,07:43.2
1765,COCNW,CU,PICU,CU,N,NO MATCH,0,COCNW,,,,,N,Y,None,BMB1734,21:21.7,corpsvcmtxcutoverrpt_sql,53:30.8,xrdcwddbsuip06,MTX_ACOE_Cutover_Reporting,UI_Excel_Select_Xwalk_Source_Accommodations,facility,*ALL*,QXA4067,07:43.2
1766,COCNW,CV,CVICU,CV,Y,"TEST (2026-09-20),ZCON (2026-09-20),LIVE (2026-09-04)",19,COCNW,CC,CORONARY CARE,CC,Y,Y,N,None,BMB1734,21:21.7,corpsvcmtxcutoverrpt_sql,53:30.8,xrdcwddbsuip06,MTX_ACOE_Cutover_Reporting,UI_Excel_Select_Xwalk_Source_Accommodations,facility,*ALL*,QXA4067,07:43.2
1767,COCNW,DX,Detox,DX,N,NO MATCH,0,COCNW,,,,,N,Y,None,BMB1734,21:21.8,corpsvcmtxcutoverrpt_sql,53:30.8,xrdcwddbsuip06,MTX_ACOE_Cutover_Reporting,UI_Excel_Select_Xwalk_Source_Accommodations,facility,*ALL*,QXA4067,07:43.2
1768,COCNW,EC,ICU GENERAL W ECMO,EC,Y,"TEST (2026-09-20),ZCON (2026-09-20),LIVE (2026-09-04)",0,COCNW,EC,ECMO,EC,Y,Y,N,None,BMB1734,21:21.9,corpsvcmtxcutoverrpt_sql,53:30.8,xrdcwddbsuip06,MTX_ACOE_Cutover_Reporting,UI_Excel_Select_Xwalk_Source_Accommodations,facility,*ALL*,QXA4067,07:43.2
1769,COCNW,ECBR,ICU BURN W ECMO,EB,Y,"TEST (2026-09-20),ZCON (2026-09-20),LIVE (2026-09-04)",0,COCNW,M,MEDICAL,M,Y,Y,N,None,BMB1734,46:32.9,corpsvcmtxcutoverrpt_sql,53:30.8,xrdcwddbsuip06,MTX_ACOE_Cutover_Reporting,UI_Excel_Select_Xwalk_Source_Accommodations,facility,*ALL*,QXA4067,07:43.2
1770,COCNW,ECTR,ICU TRAUMA W ECMO,ET,Y,"TEST (2026-09-20),ZCON (2026-09-20),LIVE (2026-09-04)",0,COCNW,M,MEDICAL,M,Y,Y,N,None,BMB1734,46:33.0,corpsvcmtxcutoverrpt_sql,53:30.8,xrdcwddbsuip06,MTX_ACOE_Cutover_Reporting,UI_Excel_Select_Xwalk_Source_Accommodations,facility,*ALL*,QXA4067,07:43.2
1771,COCNW,F,SNU SEMI-PRIVATE,F,N,NO MATCH,0,COCNW,,,,,N,Y,None,BMB1734,21:22.0,corpsvcmtxcutoverrpt_sql,53:30.8,xrdcwddbsuip06,MTX_ACOE_Cutover_Reporting,UI_Excel_Select_Xwalk_Source_Accommodations,facility,*ALL*,QXA4067,07:43.2
1772,COCNW,FI,SNU ISOLATION,FI,N,NO MATCH,0,COCNW,,,,,N,Y,None,BMB1734,21:22.0,corpsvcmtxcutoverrpt_sql,53:30.8,xrdcwddbsuip06,MTX_ACOE_Cutover_Reporting,UI_Excel_Select_Xwalk_Source_Accommodations,facility,*ALL*,QXA4067,07:43.2
1773,COCNW,FP,SNU PRIVATE,FP,N,NO MATCH,0,COCNW,,,,,N,Y,None,BMB1734,21:22.1,corpsvcmtxcutoverrpt_sql,53:30.8,xrdcwddbsuip06,MTX_ACOE_Cutover_Reporting,UI_Excel_Select_Xwalk_Source_Accommodations,facility,*ALL*,QXA4067,07:43.2
1774,COCNW,HI,HOLD ICU,HI,N,NO MATCH,0,COCNW,,,,,N,Y,None,BMB1734,21:22.2,corpsvcmtxcutoverrpt_sql,53:30.8,xrdcwddbsuip06,MTX_ACOE_Cutover_Reporting,UI_Excel_Select_Xwalk_Source_Accommodations,facility,*ALL*,QXA4067,07:43.2
1775,COCNW,HM,HOLD MED,HM,N,NO MATCH,0,COCNW,,,,,N,Y,None,BMB1734,21:22.3,corpsvcmtxcutoverrpt_sql,53:30.8,xrdcwddbsuip06,MTX_ACOE_Cutover_Reporting,UI_Excel_Select_Xwalk_Source_Accommodations,facility,*ALL*,QXA4067,07:43.2
1776,COCNW,HS,HOLD SUR,HS,N,NO MATCH,0,COCNW,,,,,N,Y,None,BMB1734,21:22.4,corpsvcmtxcutoverrpt_sql,53:30.8,xrdcwddbsuip06,MTX_ACOE_Cutover_Reporting,UI_Excel_Select_Xwalk_Source_Accommodations,facility,*ALL*,QXA4067,07:43.2
1777,COCNW,HT,HLD TEL,HT,N,NO MATCH,0,COCNW,,,,,N,Y,None,BMB1734,21:22.4,corpsvcmtxcutoverrpt_sql,53:30.8,xrdcwddbsuip06,MTX_ACOE_Cutover_Reporting,UI_Excel_Select_Xwalk_Source_Accommodations,facility,*ALL*,QXA4067,07:43.2
1778,COCNW,IA,ICU PRI,IA,N,NO MATCH,0,COCNW,,,,,N,Y,None,BMB1734,21:22.5,corpsvcmtxcutoverrpt_sql,53:30.8,xrdcwddbsuip06,MTX_ACOE_Cutover_Reporting,UI_Excel_Select_Xwalk_Source_Accommodations,facility,*ALL*,QXA4067,07:43.2
1779,COCNW,IC,Intensive Care,IN,Y,"TEST (2026-09-20),ZCON (2026-09-20),LIVE (2026-09-04)",43,COCNW,IC,INTENSIVE CARE,IC,Y,Y,N,None,BMB1734,21:50.7,corpsvcmtxcutoverrpt_sql,53:30.8,xrdcwddbsuip06,MTX_ACOE_Cutover_Reporting,UI_Excel_Select_Xwalk_Source_Accommodations,facility,*ALL*,QXA4067,07:43.2
1780,COCNW,IM,Intermediate Care,IR,Y,"TEST (2026-09-20),ZCON (2026-09-20),LIVE (2026-09-04)",0,COCNW,PC,PROGRESSIVE CARE,PC,Y,Y,N,None,BMB1734,01:44.8,corpsvcmtxcutoverrpt_sql,53:30.8,xrdcwddbsuip06,MTX_ACOE_Cutover_Reporting,UI_Excel_Select_Xwalk_Source_Accommodations,facility,*ALL*,QXA4067,07:43.2
1781,COCNW,IMCU,Intermediate Care CCU,CR,Y,"TEST (2026-09-20),ZCON (2026-09-20),LIVE (2026-09-04)",107,COCNW,PCCC,PROGRESSIVE CARE CCU,PU,Y,Y,N,None,BMB1734,21:22.7,corpsvcmtxcutoverrpt_sql,53:30.8,xrdcwddbsuip06,MTX_ACOE_Cutover_Reporting,UI_Excel_Select_Xwalk_Source_Accommodations,facility,*ALL*,QXA4067,07:43.2
1782,COCNW,IP,ICU PP,IP,N,NO MATCH,0,COCNW,,,,,N,Y,None,BMB1734,21:22.8,corpsvcmtxcutoverrpt_sql,53:30.8,xrdcwddbsuip06,MTX_ACOE_Cutover_Reporting,UI_Excel_Select_Xwalk_Source_Accommodations,facility,*ALL*,QXA4067,07:43.2
1783,COCNW,IS,ICU SUR,IS,N,NO MATCH,0,COCNW,,,,,N,Y,None,BMB1734,21:22.9,corpsvcmtxcutoverrpt_sql,53:30.8,xrdcwddbsuip06,MTX_ACOE_Cutover_Reporting,UI_Excel_Select_Xwalk_Source_Accommodations,facility,*ALL*,QXA4067,07:43.2
1784,COCNW,IT,ICU TEL,IT,N,NO MATCH,0,COCNW,,,,,N,Y,None,BMB1734,21:22.9,corpsvcmtxcutoverrpt_sql,53:30.8,xrdcwddbsuip06,MTX_ACOE_Cutover_Reporting,UI_Excel_Select_Xwalk_Source_Accommodations,facility,*ALL*,QXA4067,07:43.2
1785,COCNW,L1,NEWBORN LEVEL I,L1,Y,"TEST (2026-09-20),ZCON (2026-09-20),LIVE (2026-09-04)",30,COCNW,L1,NEWBORN LEVEL I CARE,L1,Y,Y,N,None,BMB1734,21:50.8,corpsvcmtxcutoverrpt_sql,53:30.8,xrdcwddbsuip06,MTX_ACOE_Cutover_Reporting,UI_Excel_Select_Xwalk_Source_Accommodations,facility,*ALL*,QXA4067,07:43.2
1786,COCNW,L2,NEWBORN LEVEL II,L2,Y,"TEST (2026-09-20),ZCON (2026-09-20),LIVE (2026-09-04)",42,COCNW,L2,NEWBORN LEVEL II CARE,L2,Y,Y,N,None,BMB1734,21:23.1,corpsvcmtxcutoverrpt_sql,53:30.8,xrdcwddbsuip06,MTX_ACOE_Cutover_Reporting,UI_Excel_Select_Xwalk_Source_Accommodations,facility,*ALL*,QXA4067,07:43.2
1787,COCNW,L3,NEWBORN LEVEL III,L3,Y,"TEST (2026-09-20),ZCON (2026-09-20),LIVE (2026-09-04)",20,COCNW,L3,NEWBORN LEVEL III CARE,L3,Y,Y,N,None,BMB1734,21:23.2,corpsvcmtxcutoverrpt_sql,53:30.8,xrdcwddbsuip06,MTX_ACOE_Cutover_Reporting,UI_Excel_Select_Xwalk_Source_Accommodations,facility,*ALL*,QXA4067,07:43.2
1788,COCNW,L4,NEWBORN LEVEL IV,L4,Y,"TEST (2026-09-20),ZCON (2026-09-20),LIVE (2026-09-04)",6,COCNW,L4,NEWBORN LEVEL IV CARE,L4,Y,Y,N,None,BMB1734,44:54.8,corpsvcmtxcutoverrpt_sql,53:30.8,xrdcwddbsuip06,MTX_ACOE_Cutover_Reporting,UI_Excel_Select_Xwalk_Source_Accommodations,facility,*ALL*,QXA4067,07:43.2
1789,COCNW,LD,LABOR & DELIVERY,LD,Y,"TEST (2026-09-20),ZCON (2026-09-20),LIVE (2026-09-04)",18,COCNW,LD,LABOR AND DELIVERY,LD,Y,Y,N,None,BMB1734,21:23.4,corpsvcmtxcutoverrpt_sql,53:30.8,xrdcwddbsuip06,MTX_ACOE_Cutover_Reporting,UI_Excel_Select_Xwalk_Source_Accommodations,facility,*ALL*,QXA4067,07:43.2
1790,COCNW,MC,MED PED,MC,N,NO MATCH,0,COCNW,,,,,N,Y,None,BMB1734,21:23.4,corpsvcmtxcutoverrpt_sql,53:30.8,xrdcwddbsuip06,MTX_ACOE_Cutover_Reporting,UI_Excel_Select_Xwalk_Source_Accommodations,facility,*ALL*,QXA4067,07:43.2
1791,COCNW,MI,MED ICU,MI,N,NO MATCH,0,COCNW,,,,,N,Y,None,BMB1734,21:23.5,corpsvcmtxcutoverrpt_sql,53:30.8,xrdcwddbsuip06,MTX_ACOE_Cutover_Reporting,UI_Excel_Select_Xwalk_Source_Accommodations,facility,*ALL*,QXA4067,07:43.2
1792,COCNW,MP,MED PP,MP,N,NO MATCH,0,COCNW,,,,,N,Y,None,BMB1734,21:23.6,corpsvcmtxcutoverrpt_sql,53:30.8,xrdcwddbsuip06,MTX_ACOE_Cutover_Reporting,UI_Excel_Select_Xwalk_Source_Accommodations,facility,*ALL*,QXA4067,07:43.2
1793,COCNW,MS,Med Surg,MD,Y,"TEST (2026-09-20),ZCON (2026-09-20),LIVE (2026-09-04)",507,COCNW,MS,MED SURG,MS,Y,Y,N,None,BMB1734,21:23.6,corpsvcmtxcutoverrpt_sql,53:30.8,xrdcwddbsuip06,MTX_ACOE_Cutover_Reporting,UI_Excel_Select_Xwalk_Source_Accommodations,facility,*ALL*,QXA4067,07:43.2
1794,COCNW,MT,MED TEL,MT,N,NO MATCH,0,COCNW,,,,,N,Y,None,BMB1734,21:23.7,corpsvcmtxcutoverrpt_sql,53:30.8,xrdcwddbsuip06,MTX_ACOE_Cutover_Reporting,UI_Excel_Select_Xwalk_Source_Accommodations,facility,*ALL*,QXA4067,07:43.2
1795,COCNW,N1,NICU Level 1,NO,N,NO MATCH,0,COCNW,,,,,N,Y,None,BMB1734,21:23.8,corpsvcmtxcutoverrpt_sql,53:30.8,xrdcwddbsuip06,MTX_ACOE_Cutover_Reporting,UI_Excel_Select_Xwalk_Source_Accommodations,facility,*ALL*,QXA4067,07:43.2
1796,COCNW,N2,NICU Level 2,NT,Y,"TEST (2026-09-20),ZCON (2026-09-20),LIVE (2026-09-04)",0,COCNW,L2,NEWBORN LEVEL II CARE,L2,Y,Y,N,None,BMB1734,21:50.8,corpsvcmtxcutoverrpt_sql,53:30.8,xrdcwddbsuip06,MTX_ACOE_Cutover_Reporting,UI_Excel_Select_Xwalk_Source_Accommodations,facility,*ALL*,QXA4067,07:43.2
1797,COCNW,N3,NICU Level 3,N3,Y,"TEST (2026-09-20),ZCON (2026-09-20),LIVE (2026-09-04)",0,COCNW,L3,NEWBORN LEVEL III CARE,L3,Y,Y,N,None,BMB1734,21:50.9,corpsvcmtxcutoverrpt_sql,53:30.8,xrdcwddbsuip06,MTX_ACOE_Cutover_Reporting,UI_Excel_Select_Xwalk_Source_Accommodations,facility,*ALL*,QXA4067,07:43.2
1798,COCNW,N4,NICU Level 4,N4,Y,"TEST (2026-09-20),ZCON (2026-09-20),LIVE (2026-09-04)",0,COCNW,L4,NEWBORN LEVEL IV CARE,L4,Y,Y,N,None,BMB1734,44:54.9,corpsvcmtxcutoverrpt_sql,53:30.8,xrdcwddbsuip06,MTX_ACOE_Cutover_Reporting,UI_Excel_Select_Xwalk_Source_Accommodations,facility,*ALL*,QXA4067,07:43.2
1799,COCNW,NB,Newborn Basic Care,NB,Y,"TEST (2026-09-20),ZCON (2026-09-20),LIVE (2026-09-04)",0,COCNW,L1,NEWBORN LEVEL I CARE,L1,Y,Y,N,None,BMB1734,21:51.1,corpsvcmtxcutoverrpt_sql,53:30.8,xrdcwddbsuip06,MTX_ACOE_Cutover_Reporting,UI_Excel_Select_Xwalk_Source_Accommodations,facility,*ALL*,QXA4067,07:43.2
1800,COCNW,NE,SCN ISOL,NE,N,NO MATCH,0,COCNW,,,,,N,Y,None,BMB1734,21:23.9,corpsvcmtxcutoverrpt_sql,53:30.8,xrdcwddbsuip06,MTX_ACOE_Cutover_Reporting,UI_Excel_Select_Xwalk_Source_Accommodations,facility,*ALL*,QXA4067,07:43.2
1801,COCNW,NP,SCN PCU,NP,N,NO MATCH,0,COCNW,,,,,N,Y,None,BMB1734,21:24.0,corpsvcmtxcutoverrpt_sql,53:30.8,xrdcwddbsuip06,MTX_ACOE_Cutover_Reporting,UI_Excel_Select_Xwalk_Source_Accommodations,facility,*ALL*,QXA4067,07:43.2
1802,COCNW,OC,Obstetrics,OC,Y,"TEST (2026-09-20),ZCON (2026-09-20),LIVE (2026-09-04)",70,COCNW,M,MEDICAL,M,Y,Y,N,None,BMB1734,21:51.2,corpsvcmtxcutoverrpt_sql,53:30.8,xrdcwddbsuip06,MTX_ACOE_Cutover_Reporting,UI_Excel_Select_Xwalk_Source_Accommodations,facility,*ALL*,QXA4067,07:43.2
1803,COCNW,PA,PP PRIVATE,PA,N,NO MATCH,0,COCNW,,,,,N,Y,None,BMB1734,21:24.2,corpsvcmtxcutoverrpt_sql,53:30.8,xrdcwddbsuip06,MTX_ACOE_Cutover_Reporting,UI_Excel_Select_Xwalk_Source_Accommodations,facility,*ALL*,QXA4067,07:43.2
1804,COCNW,PC,PP PED,PC,N,NO MATCH,0,COCNW,,,,,N,Y,None,BMB1734,21:24.3,corpsvcmtxcutoverrpt_sql,53:30.8,xrdcwddbsuip06,MTX_ACOE_Cutover_Reporting,UI_Excel_Select_Xwalk_Source_Accommodations,facility,*ALL*,QXA4067,07:43.2
1805,COCNW,PEDS,Pediatrics,PE,Y,"TEST (2026-09-20),ZCON (2026-09-20),LIVE (2026-09-04)",0,COCNW,M,MEDICAL,M,Y,Y,N,None,BMB1734,56:20.7,corpsvcmtxcutoverrpt_sql,53:30.8,xrdcwddbsuip06,MTX_ACOE_Cutover_Reporting,UI_Excel_Select_Xwalk_Source_Accommodations,facility,*ALL*,QXA4067,07:43.2
1806,COCNW,PI,PP ICU,PI,N,NO MATCH,0,COCNW,,,,,N,Y,None,BMB1734,21:24.5,corpsvcmtxcutoverrpt_sql,53:30.8,xrdcwddbsuip06,MTX_ACOE_Cutover_Reporting,UI_Excel_Select_Xwalk_Source_Accommodations,facility,*ALL*,QXA4067,07:43.2
1807,COCNW,PM,PP MED,PM,N,NO MATCH,0,COCNW,,,,,N,Y,None,BMB1734,21:24.5,corpsvcmtxcutoverrpt_sql,53:30.8,xrdcwddbsuip06,MTX_ACOE_Cutover_Reporting,UI_Excel_Select_Xwalk_Source_Accommodations,facility,*ALL*,QXA4067,07:43.2
1808,COCNW,PN,Perinatal Unit,PN,Y,"TEST (2026-09-20),ZCON (2026-09-20),LIVE (2026-09-04)",6,COCNW,LD,LABOR AND DELIVERY,LD,Y,Y,N,None,BMB1734,21:51.2,corpsvcmtxcutoverrpt_sql,53:30.8,xrdcwddbsuip06,MTX_ACOE_Cutover_Reporting,UI_Excel_Select_Xwalk_Source_Accommodations,facility,*ALL*,QXA4067,07:43.2
1809,COCNW,PS,PP SUR,PS,N,NO MATCH,0,COCNW,,,,,N,Y,None,BMB1734,21:24.6,corpsvcmtxcutoverrpt_sql,53:30.8,xrdcwddbsuip06,MTX_ACOE_Cutover_Reporting,UI_Excel_Select_Xwalk_Source_Accommodations,facility,*ALL*,QXA4067,07:43.2
1810,COCNW,PT,PP TEL,PT,N,NO MATCH,0,COCNW,,,,,N,Y,None,BMB1734,21:24.7,corpsvcmtxcutoverrpt_sql,53:30.8,xrdcwddbsuip06,MTX_ACOE_Cutover_Reporting,UI_Excel_Select_Xwalk_Source_Accommodations,facility,*ALL*,QXA4067,07:43.2
1811,COCNW,SA,SUR PRI,SA,N,NO MATCH,0,COCNW,,,,,N,Y,None,BMB1734,21:24.8,corpsvcmtxcutoverrpt_sql,53:30.8,xrdcwddbsuip06,MTX_ACOE_Cutover_Reporting,UI_Excel_Select_Xwalk_Source_Accommodations,facility,*ALL*,QXA4067,07:43.2
1812,COCNW,SB,SWING BED,SB,Y,"TEST (2026-09-20),ZCON (2026-09-20),LIVE (2026-09-04)",0,COCNW,MS,MED SURG,MS,Y,Y,N,None,BMB1734,21:51.3,corpsvcmtxcutoverrpt_sql,53:30.8,xrdcwddbsuip06,MTX_ACOE_Cutover_Reporting,UI_Excel_Select_Xwalk_Source_Accommodations,facility,*ALL*,QXA4067,07:43.2
1813,COCNW,SC,SUR PED,SC,N,NO MATCH,0,COCNW,,,,,N,Y,None,BMB1734,21:24.8,corpsvcmtxcutoverrpt_sql,53:30.8,xrdcwddbsuip06,MTX_ACOE_Cutover_Reporting,UI_Excel_Select_Xwalk_Source_Accommodations,facility,*ALL*,QXA4067,07:43.2
1814,COCNW,SE,SUR ISOL,SE,N,NO MATCH,0,COCNW,,,,,N,Y,None,BMB1734,21:24.9,corpsvcmtxcutoverrpt_sql,53:30.8,xrdcwddbsuip06,MTX_ACOE_Cutover_Reporting,UI_Excel_Select_Xwalk_Source_Accommodations,facility,*ALL*,QXA4067,07:43.2
1815,COCNW,SI,SUR ICU,SI,N,NO MATCH,0,COCNW,,,,,N,Y,None,BMB1734,21:25.0,corpsvcmtxcutoverrpt_sql,53:30.8,xrdcwddbsuip06,MTX_ACOE_Cutover_Reporting,UI_Excel_Select_Xwalk_Source_Accommodations,facility,*ALL*,QXA4067,07:43.2
1816,COCNW,SM,SUR MED,SM,N,NO MATCH,0,COCNW,,,,,N,Y,None,BMB1734,21:25.1,corpsvcmtxcutoverrpt_sql,53:30.8,xrdcwddbsuip06,MTX_ACOE_Cutover_Reporting,UI_Excel_Select_Xwalk_Source_Accommodations,facility,*ALL*,QXA4067,07:43.2
1817,COCNW,ST,SUR TEL,ST,N,NO MATCH,0,COCNW,,,,,N,Y,None,BMB1734,21:25.2,corpsvcmtxcutoverrpt_sql,53:30.8,xrdcwddbsuip06,MTX_ACOE_Cutover_Reporting,UI_Excel_Select_Xwalk_Source_Accommodations,facility,*ALL*,QXA4067,07:43.2
1818,COCNW,SU,SUR,S,N,NO MATCH,0,COCNW,,,,,N,Y,None,BMB1734,21:25.3,corpsvcmtxcutoverrpt_sql,53:30.8,xrdcwddbsuip06,MTX_ACOE_Cutover_Reporting,UI_Excel_Select_Xwalk_Source_Accommodations,facility,*ALL*,QXA4067,07:43.2
1819,COCNW,T,TELEMETRY,T,Y,"TEST (2026-09-20),ZCON (2026-09-20),LIVE (2026-09-04)",128,COCNW,TEL,TELEMETRY,T,Y,Y,N,None,BMB1734,01:44.9,corpsvcmtxcutoverrpt_sql,53:30.8,xrdcwddbsuip06,MTX_ACOE_Cutover_Reporting,UI_Excel_Select_Xwalk_Source_Accommodations,facility,*ALL*,QXA4067,07:43.2
1820,COCNW,TA,TEL PRIVATE,TA,N,NO MATCH,0,COCNW,,,,,N,Y,None,BMB1734,21:25.4,corpsvcmtxcutoverrpt_sql,53:30.8,xrdcwddbsuip06,MTX_ACOE_Cutover_Reporting,UI_Excel_Select_Xwalk_Source_Accommodations,facility,*ALL*,QXA4067,07:43.2
1821,COCNW,TC,TEL PED,TC,N,NO MATCH,0,COCNW,,,,,N,Y,None,BMB1734,21:25.5,corpsvcmtxcutoverrpt_sql,53:30.8,xrdcwddbsuip06,MTX_ACOE_Cutover_Reporting,UI_Excel_Select_Xwalk_Source_Accommodations,facility,*ALL*,QXA4067,07:43.2
1822,COCNW,TI,TEL ICU,TI,N,NO MATCH,0,COCNW,,,,,N,Y,None,BMB1734,21:25.6,corpsvcmtxcutoverrpt_sql,53:30.8,xrdcwddbsuip06,MTX_ACOE_Cutover_Reporting,UI_Excel_Select_Xwalk_Source_Accommodations,facility,*ALL*,QXA4067,07:43.2
1823,COCNW,TM,TEL MED,TM,N,NO MATCH,0,COCNW,,,,,N,Y,None,BMB1734,21:25.7,corpsvcmtxcutoverrpt_sql,53:30.8,xrdcwddbsuip06,MTX_ACOE_Cutover_Reporting,UI_Excel_Select_Xwalk_Source_Accommodations,facility,*ALL*,QXA4067,07:43.2
1824,COCNW,TP,TEL PP,TP,N,NO MATCH,0,COCNW,,,,,N,Y,None,BMB1734,21:25.8,corpsvcmtxcutoverrpt_sql,53:30.8,xrdcwddbsuip06,MTX_ACOE_Cutover_Reporting,UI_Excel_Select_Xwalk_Source_Accommodations,facility,*ALL*,QXA4067,07:43.2
1825,COCNW,TR,Trauma Intensive Care,TR,N,NO MATCH,0,COCNW,,,,,N,Y,None,BMB1734,21:25.8,corpsvcmtxcutoverrpt_sql,53:30.8,xrdcwddbsuip06,MTX_ACOE_Cutover_Reporting,UI_Excel_Select_Xwalk_Source_Accommodations,facility,*ALL*,QXA4067,07:43.2
1826,COCNW,VIP,VIP Room,VI,N,NO MATCH,0,COCNW,,,,,N,Y,None,BMB1734,21:26.0,corpsvcmtxcutoverrpt_sql,53:30.8,xrdcwddbsuip06,MTX_ACOE_Cutover_Reporting,UI_Excel_Select_Xwalk_Source_Accommodations,facility,*ALL*,QXA4067,07:43.2
1827,COCOMC,B,NEWBORN,B,Y,"TEST (2026-08-13),ZCON (2026-08-13),LIVE (2026-08-11)",0,COCOMC,L1,NEWBORN LEVEL I CARE,L1,Y,Y,N,None,QVO8748,46:59.5,corpsvcmtxcutoverrpt_sql,47:33.7,xrdcwddbsuip06,MTX_ACOE_Cutover_Reporting,UI_Excel_Select_Xwalk_Source_Accommodations,facility,*ALL*,QXA4067,07:43.2
1828,COCOMC,I,INTENSIVE CARE,IC,Y,"TEST (2026-08-13),ZCON (2026-08-13),LIVE (2026-08-11)",0,COCOMC,IC,INTENSIVE CARE,IC,Y,Y,N,None,FDO8801,55:36.6,corpsvcmtxcutoverrpt_sql,47:33.7,xrdcwddbsuip06,MTX_ACOE_Cutover_Reporting,UI_Excel_Select_Xwalk_Source_Accommodations,facility,*ALL*,QXA4067,07:43.2
1829,COCOMC,IS,ISOLATION,IS,Y,"TEST (2026-08-13),ZCON (2026-08-13),LIVE (2026-08-11)",0,COCOMC,IS,ISOLATION,IS,Y,Y,N,None,FDO8801,55:36.7,corpsvcmtxcutoverrpt_sql,47:33.7,xrdcwddbsuip06,MTX_ACOE_Cutover_Reporting,UI_Excel_Select_Xwalk_Source_Accommodations,facility,*ALL*,QXA4067,07:43.2
1830,COCOMC,L1,NEWBORN LEVEL I,L1,Y,"TEST (2026-08-13),ZCON (2026-08-13),LIVE (2026-08-11)",0,COCOMC,L1,NEWBORN LEVEL I CARE,L1,Y,Y,N,None,FDO8801,55:36.8,corpsvcmtxcutoverrpt_sql,47:33.7,xrdcwddbsuip06,MTX_ACOE_Cutover_Reporting,UI_Excel_Select_Xwalk_Source_Accommodations,facility,*ALL*,QXA4067,07:43.2
1831,COCOMC,L2,NEWBORN LEVEL II,L2,Y,"TEST (2026-08-13),ZCON (2026-08-13),LIVE (2026-08-11)",0,COCOMC,L2,NEWBORN LEVEL II CARE,L2,Y,Y,N,None,FDO8801,55:36.9,corpsvcmtxcutoverrpt_sql,47:33.7,xrdcwddbsuip06,MTX_ACOE_Cutover_Reporting,UI_Excel_Select_Xwalk_Source_Accommodations,facility,*ALL*,QXA4067,07:43.2
1832,COCOMC,L3,NEWBORN LEVEL III,L3,Y,"TEST (2026-08-13),ZCON (2026-08-13),LIVE (2026-08-11)",0,COCOMC,L3,NEWBORN LEVEL III CARE,L3,Y,Y,N,None,FDO8801,55:37.0,corpsvcmtxcutoverrpt_sql,47:33.7,xrdcwddbsuip06,MTX_ACOE_Cutover_Reporting,UI_Excel_Select_Xwalk_Source_Accommodations,facility,*ALL*,QXA4067,07:43.2
1833,COCOMC,L4,NEWBORN LEVEL IV,L4,Y,"TEST (2026-08-13),ZCON (2026-08-13),LIVE (2026-08-11)",0,COCOMC,L4,NEWBORN LEVEL IV CARE,L4,Y,Y,N,None,FDO8801,55:37.2,corpsvcmtxcutoverrpt_sql,47:33.7,xrdcwddbsuip06,MTX_ACOE_Cutover_Reporting,UI_Excel_Select_Xwalk_Source_Accommodations,facility,*ALL*,QXA4067,07:43.2
1834,COCOMC,M,CORONARY CARE,M,Y,"TEST (2026-08-13),ZCON (2026-08-13),LIVE (2026-08-11)",0,COCOMC,IC,INTENSIVE CARE,IC,Y,Y,N,None,QVO8748,46:59.5,corpsvcmtxcutoverrpt_sql,47:33.7,xrdcwddbsuip06,MTX_ACOE_Cutover_Reporting,UI_Excel_Select_Xwalk_Source_Accommodations,facility,*ALL*,QXA4067,07:43.2
1835,COCOMC,NI,NSY ISOLATION OR BORDER,NI,Y,NO MATCH,0,COCOMC,,,,,N,Y,None,FDO8801,55:37.4,corpsvcmtxcutoverrpt_sql,47:33.7,xrdcwddbsuip06,MTX_ACOE_Cutover_Reporting,UI_Excel_Select_Xwalk_Source_Accommodations,facility,*ALL*,QXA4067,07:43.2
1836,COCOMC,P,PRIVATE ROOM,P,Y,"TEST (2026-08-13),ZCON (2026-08-13),LIVE (2026-08-11)",0,COCOMC,PR,PRIVATE ROOM,P,Y,Y,N,None,FDO8801,55:37.5,corpsvcmtxcutoverrpt_sql,47:33.7,xrdcwddbsuip06,MTX_ACOE_Cutover_Reporting,UI_Excel_Select_Xwalk_Source_Accommodations,facility,*ALL*,QXA4067,07:43.2
1837,COCOMC,PC,PROGRESSIVE CARE UNIT,PC,Y,"TEST (2026-08-13),ZCON (2026-08-13),LIVE (2026-08-11)",0,COCOMC,PC,PROGRESSIVE CARE,PC,Y,Y,N,None,FDO8801,55:37.6,corpsvcmtxcutoverrpt_sql,47:33.7,xrdcwddbsuip06,MTX_ACOE_Cutover_Reporting,UI_Excel_Select_Xwalk_Source_Accommodations,facility,*ALL*,QXA4067,07:43.2
1838,COCOMC,PP,POST PARTUM,PP,Y,"TEST (2026-08-13),ZCON (2026-08-13),LIVE (2026-08-11)",0,COCOMC,LD,LABOR AND DELIVERY,LD,Y,Y,N,None,FDO8801,55:37.7,corpsvcmtxcutoverrpt_sql,47:33.7,xrdcwddbsuip06,MTX_ACOE_Cutover_Reporting,UI_Excel_Select_Xwalk_Source_Accommodations,facility,*ALL*,QXA4067,07:43.2
1839,COCOMC,S,SEMI-PRIVATE ROOM,S,Y,"TEST (2026-08-13),ZCON (2026-08-13),LIVE (2026-08-11)",0,COCOMC,PR,PRIVATE ROOM,P,Y,Y,N,None,QVO8748,46:59.5,corpsvcmtxcutoverrpt_sql,47:33.7,xrdcwddbsuip06,MTX_ACOE_Cutover_Reporting,UI_Excel_Select_Xwalk_Source_Accommodations,facility,*ALL*,QXA4067,07:43.2
1840,COCOMC,SP,SEMI-PRIVATE,SP,N,NO MATCH,0,COCOMC,,,,,N,Y,None,FDO8801,55:37.8,corpsvcmtxcutoverrpt_sql,47:33.7,xrdcwddbsuip06,MTX_ACOE_Cutover_Reporting,UI_Excel_Select_Xwalk_Source_Accommodations,facility,*ALL*,QXA4067,07:43.2
1841,COCOMC,T,TELEMETRY,T,Y,"TEST (2026-08-13),ZCON (2026-08-13),LIVE (2026-08-11)",0,COCOMC,TEL,TELEMETRY,TE,Y,Y,N,None,FDO8801,55:37.9,corpsvcmtxcutoverrpt_sql,47:33.7,xrdcwddbsuip06,MTX_ACOE_Cutover_Reporting,UI_Excel_Select_Xwalk_Source_Accommodations,facility,*ALL*,QXA4067,07:43.2
1842,COCOS,B,NEWBORN,B,Y,"TEST (2026-08-13),ZCON (2026-08-13),LIVE (2026-08-11)",0,COCOS,L1,NEWBORN LEVEL I CARE,L1,Y,Y,N,None,MLT6916,07:03.1,corpsvcmtxcutoverrpt_sql,47:33.7,xrdcwddbsuip06,MTX_ACOE_Cutover_Reporting,UI_Excel_Select_Xwalk_Source_Accommodations,facility,*ALL*,QXA4067,07:43.2
1843,COCOS,E,ECMO,E,N,NO MATCH,0,COCOS,,,,,N,Y,None,MLT6916,07:03.2,corpsvcmtxcutoverrpt_sql,47:33.7,xrdcwddbsuip06,MTX_ACOE_Cutover_Reporting,UI_Excel_Select_Xwalk_Source_Accommodations,facility,*ALL*,QXA4067,07:43.2
1844,COCOS,EC,CCU W/ ECMO,EC,Y,"TEST (2026-08-13),ZCON (2026-08-13),LIVE (2026-08-11)",0,COCOS,EC,ECMO,EC,Y,Y,N,None,MLT6916,07:03.2,corpsvcmtxcutoverrpt_sql,47:33.7,xrdcwddbsuip06,MTX_ACOE_Cutover_Reporting,UI_Excel_Select_Xwalk_Source_Accommodations,facility,*ALL*,QXA4067,07:43.2
1845,COCOS,ET,TRAUMA ICU W/ECMO,ET,Y,"TEST (2026-08-13),ZCON (2026-08-13),LIVE (2026-08-11)",0,COCOS,TREC,TRAUMA WITH ECMO,ET,Y,Y,N,None,MLT6916,07:03.2,corpsvcmtxcutoverrpt_sql,47:33.7,xrdcwddbsuip06,MTX_ACOE_Cutover_Reporting,UI_Excel_Select_Xwalk_Source_Accommodations,facility,*ALL*,QXA4067,07:43.2
1846,COCOS,HP,MED/SURG ED HOLD,HP,Y,"TEST (2026-08-13),ZCON (2026-08-13),LIVE (2026-08-11)",0,COCOS,PR,PRIVATE ROOM,PR,Y,Y,N,None,MLT6916,07:03.3,corpsvcmtxcutoverrpt_sql,47:33.7,xrdcwddbsuip06,MTX_ACOE_Cutover_Reporting,UI_Excel_Select_Xwalk_Source_Accommodations,facility,*ALL*,QXA4067,07:43.2
1847,COCOS,HT,TELEMETRY ED HOLD,HT,Y,"TEST (2026-08-13),ZCON (2026-08-13),LIVE (2026-08-11)",0,COCOS,TEL,TELEMETRY,TE,Y,Y,N,None,MLT6916,07:03.3,corpsvcmtxcutoverrpt_sql,47:33.7,xrdcwddbsuip06,MTX_ACOE_Cutover_Reporting,UI_Excel_Select_Xwalk_Source_Accommodations,facility,*ALL*,QXA4067,07:43.2
1848,COCOS,I,INTENSIVE CARE,IC,Y,"TEST (2026-08-13),ZCON (2026-08-13),LIVE (2026-08-11)",0,COCOS,IC,INTENSIVE CARE,IC,Y,Y,N,None,MLT6916,07:03.3,corpsvcmtxcutoverrpt_sql,47:33.7,xrdcwddbsuip06,MTX_ACOE_Cutover_Reporting,UI_Excel_Select_Xwalk_Source_Accommodations,facility,*ALL*,QXA4067,07:43.2
1849,COCOS,IS,ISOLATION,IS,Y,"TEST (2026-08-13),ZCON (2026-08-13),LIVE (2026-08-11)",0,COCOS,PR,PRIVATE ROOM,PR,Y,Y,N,None,MLT6916,07:03.4,corpsvcmtxcutoverrpt_sql,47:33.7,xrdcwddbsuip06,MTX_ACOE_Cutover_Reporting,UI_Excel_Select_Xwalk_Source_Accommodations,facility,*ALL*,QXA4067,07:43.2
1850,COCOS,J,"PRIVATE, MEDICALLY JUSTIFIED",J,Y,"TEST (2026-08-13),ZCON (2026-08-13),LIVE (2026-08-11)",0,COCOS,PR,PRIVATE ROOM,PR,Y,Y,N,None,MLT6916,07:03.4,corpsvcmtxcutoverrpt_sql,47:33.7,xrdcwddbsuip06,MTX_ACOE_Cutover_Reporting,UI_Excel_Select_Xwalk_Source_Accommodations,facility,*ALL*,QXA4067,07:43.2
1851,COCOS,L1,NEWBORN LEVEL I,L1,Y,"TEST (2026-08-13),ZCON (2026-08-13),LIVE (2026-08-11)",0,COCOS,L1,NEWBORN LEVEL I CARE,L1,Y,Y,N,None,MLT6916,07:03.5,corpsvcmtxcutoverrpt_sql,47:33.7,xrdcwddbsuip06,MTX_ACOE_Cutover_Reporting,UI_Excel_Select_Xwalk_Source_Accommodations,facility,*ALL*,QXA4067,07:43.2
1852,COCOS,L2,NEWBORN LEVEL II,L2,Y,"TEST (2026-08-13),ZCON (2026-08-13),LIVE (2026-08-11)",0,COCOS,L2,NEWBORN LEVEL II CARE,L2,Y,Y,N,None,MLT6916,07:03.5,corpsvcmtxcutoverrpt_sql,47:33.7,xrdcwddbsuip06,MTX_ACOE_Cutover_Reporting,UI_Excel_Select_Xwalk_Source_Accommodations,facility,*ALL*,QXA4067,07:43.2
1853,COCOS,L3,NEWBORN LEVEL III,L3,Y,"TEST (2026-08-13),ZCON (2026-08-13),LIVE (2026-08-11)",0,COCOS,L3,NEWBORN LEVEL III CARE,L3,Y,Y,N,None,MLT6916,07:03.5,corpsvcmtxcutoverrpt_sql,47:33.7,xrdcwddbsuip06,MTX_ACOE_Cutover_Reporting,UI_Excel_Select_Xwalk_Source_Accommodations,facility,*ALL*,QXA4067,07:43.2
1854,COCOS,L4,NEWBORN LEVEL IV,L4,Y,"TEST (2026-08-13),ZCON (2026-08-13),LIVE (2026-08-11)",0,COCOS,L4,NEWBORN LEVEL IV CARE,L4,Y,Y,N,None,MLT6916,07:03.6,corpsvcmtxcutoverrpt_sql,47:33.7,xrdcwddbsuip06,MTX_ACOE_Cutover_Reporting,UI_Excel_Select_Xwalk_Source_Accommodations,facility,*ALL*,QXA4067,07:43.2
1855,COCOS,M,CORONARY CARE,CC,Y,"TEST (2026-08-13),ZCON (2026-08-13),LIVE (2026-08-11)",0,COCOS,IC,INTENSIVE CARE,IC,Y,Y,N,None,MLT6916,07:03.6,corpsvcmtxcutoverrpt_sql,47:33.7,xrdcwddbsuip06,MTX_ACOE_Cutover_Reporting,UI_Excel_Select_Xwalk_Source_Accommodations,facility,*ALL*,QXA4067,07:43.2
1856,COCOS,MP,PSYCHIATRIC PRIVATE,MP,Y,"TEST (2026-08-13),ZCON (2026-08-13),LIVE (2026-08-11)",0,COCOS,PR,PRIVATE ROOM,PR,Y,Y,N,None,MLT6916,07:03.6,corpsvcmtxcutoverrpt_sql,47:33.7,xrdcwddbsuip06,MTX_ACOE_Cutover_Reporting,UI_Excel_Select_Xwalk_Source_Accommodations,facility,*ALL*,QXA4067,07:43.2
1857,COCOS,N1,NICU Level 1,N1,Y,"TEST (2026-08-13),ZCON (2026-08-13),LIVE (2026-08-11)",0,COCOS,L1,NEWBORN LEVEL I CARE,L1,Y,Y,N,None,MLT6916,07:03.7,corpsvcmtxcutoverrpt_sql,47:33.7,xrdcwddbsuip06,MTX_ACOE_Cutover_Reporting,UI_Excel_Select_Xwalk_Source_Accommodations,facility,*ALL*,QXA4067,07:43.2
1858,COCOS,N2,NICU Level 2,N2,Y,"TEST (2026-08-13),ZCON (2026-08-13),LIVE (2026-08-11)",0,COCOS,L2,NEWBORN LEVEL II CARE,L2,Y,Y,N,None,MLT6916,07:03.7,corpsvcmtxcutoverrpt_sql,47:33.7,xrdcwddbsuip06,MTX_ACOE_Cutover_Reporting,UI_Excel_Select_Xwalk_Source_Accommodations,facility,*ALL*,QXA4067,07:43.2
1859,COCOS,N3,NICU Level 3,N3,Y,"TEST (2026-08-13),ZCON (2026-08-13),LIVE (2026-08-11)",0,COCOS,L3,NEWBORN LEVEL III CARE,L3,Y,Y,N,None,MLT6916,07:03.7,corpsvcmtxcutoverrpt_sql,47:33.7,xrdcwddbsuip06,MTX_ACOE_Cutover_Reporting,UI_Excel_Select_Xwalk_Source_Accommodations,facility,*ALL*,QXA4067,07:43.2
1860,COCOS,NI,NSY ISOLATION OR BORDER,NI,Y,"TEST (2026-08-13),ZCON (2026-08-13),LIVE (2026-08-11)",0,COCOS,L1,NEWBORN LEVEL I CARE,L1,Y,Y,N,None,MLT6916,07:03.8,corpsvcmtxcutoverrpt_sql,47:33.7,xrdcwddbsuip06,MTX_ACOE_Cutover_Reporting,UI_Excel_Select_Xwalk_Source_Accommodations,facility,*ALL*,QXA4067,07:43.2
1861,COCOS,NS,NURSERY ICU,NS,Y,"TEST (2026-08-13),ZCON (2026-08-13),LIVE (2026-08-11)",0,COCOS,L1,NEWBORN LEVEL I CARE,L1,Y,Y,N,None,MLT6916,07:03.8,corpsvcmtxcutoverrpt_sql,47:33.7,xrdcwddbsuip06,MTX_ACOE_Cutover_Reporting,UI_Excel_Select_Xwalk_Source_Accommodations,facility,*ALL*,QXA4067,07:43.2
1862,COCOS,NSC,SPECIAL CARE NURSERY,SC,Y,"TEST (2026-08-13),ZCON (2026-08-13),LIVE (2026-08-11)",0,COCOS,L2,NEWBORN LEVEL II CARE,L2,Y,Y,N,None,MLT6916,07:03.8,corpsvcmtxcutoverrpt_sql,47:33.7,xrdcwddbsuip06,MTX_ACOE_Cutover_Reporting,UI_Excel_Select_Xwalk_Source_Accommodations,facility,*ALL*,QXA4067,07:43.2
1863,COCOS,P,PRIVATE ROOM,P,Y,"TEST (2026-08-13),ZCON (2026-08-13),LIVE (2026-08-11)",0,COCOS,PR,PRIVATE ROOM,PR,Y,Y,N,None,MLT6916,07:03.9,corpsvcmtxcutoverrpt_sql,47:33.7,xrdcwddbsuip06,MTX_ACOE_Cutover_Reporting,UI_Excel_Select_Xwalk_Source_Accommodations,facility,*ALL*,QXA4067,07:43.2
1864,COCOS,PC,PROGRESSIVE CARE UNIT,PC,Y,"TEST (2026-08-13),ZCON (2026-08-13),LIVE (2026-08-11)",0,COCOS,PC,PROGRESSIVE CARE,PC,Y,Y,N,None,MLT6916,07:03.9,corpsvcmtxcutoverrpt_sql,47:33.7,xrdcwddbsuip06,MTX_ACOE_Cutover_Reporting,UI_Excel_Select_Xwalk_Source_Accommodations,facility,*ALL*,QXA4067,07:43.2
1865,COCOS,PED,PEDIATRICS,PE,Y,"TEST (2026-08-13),ZCON (2026-08-13),LIVE (2026-08-11)",0,COCOS,PR,PRIVATE ROOM,PR,Y,Y,N,None,MLT6916,07:04.0,corpsvcmtxcutoverrpt_sql,47:33.7,xrdcwddbsuip06,MTX_ACOE_Cutover_Reporting,UI_Excel_Select_Xwalk_Source_Accommodations,facility,*ALL*,QXA4067,07:43.2
1866,COCOS,PP,POST PARTUM,PP,Y,"TEST (2026-08-13),ZCON (2026-08-13),LIVE (2026-08-11)",0,COCOS,PR,PRIVATE ROOM,PR,Y,Y,N,None,MLT6916,07:04.0,corpsvcmtxcutoverrpt_sql,47:33.7,xrdcwddbsuip06,MTX_ACOE_Cutover_Reporting,UI_Excel_Select_Xwalk_Source_Accommodations,facility,*ALL*,QXA4067,07:43.2
1867,COCOS,PS,PSYCHIATRIC SEMI PRIVATE,PS,Y,"TEST (2026-08-13),ZCON (2026-08-13),LIVE (2026-08-11)",0,COCOS,PR,PRIVATE ROOM,PR,Y,Y,N,None,MLT6916,07:04.0,corpsvcmtxcutoverrpt_sql,47:33.7,xrdcwddbsuip06,MTX_ACOE_Cutover_Reporting,UI_Excel_Select_Xwalk_Source_Accommodations,facility,*ALL*,QXA4067,07:43.2
1868,COCOS,RP,REHAB PRIVATE,RP,Y,"TEST (2026-08-13),ZCON (2026-08-13),LIVE (2026-08-11)",0,COCOS,RP,REHAB PRIVATE,RP,Y,Y,N,None,MLT6916,07:04.1,corpsvcmtxcutoverrpt_sql,47:33.7,xrdcwddbsuip06,MTX_ACOE_Cutover_Reporting,UI_Excel_Select_Xwalk_Source_Accommodations,facility,*ALL*,QXA4067,07:43.2
1869,COCOS,S,SEMI-PRIVATE ROOM,S,Y,"TEST (2026-08-13),ZCON (2026-08-13),LIVE (2026-08-11)",0,COCOS,SP,SEMI PRIVATE ROOM,SP,Y,Y,N,None,MLT6916,07:04.1,corpsvcmtxcutoverrpt_sql,47:33.7,xrdcwddbsuip06,MTX_ACOE_Cutover_Reporting,UI_Excel_Select_Xwalk_Source_Accommodations,facility,*ALL*,QXA4067,07:43.2
1870,COCOS,T,TELEMETRY,T,Y,"TEST (2026-08-13),ZCON (2026-08-13),LIVE (2026-08-11)",0,COCOS,TEL,TELEMETRY,TE,Y,Y,N,None,MLT6916,07:04.1,corpsvcmtxcutoverrpt_sql,47:33.7,xrdcwddbsuip06,MTX_ACOE_Cutover_Reporting,UI_Excel_Select_Xwalk_Source_Accommodations,facility,*ALL*,QXA4067,07:43.2
1871,COCOS,TR,TRAUMA ICU,TR,Y,"TEST (2026-08-13),ZCON (2026-08-13),LIVE (2026-08-11)",0,COCOS,TRIC,TRAUMA INTENSIVE CARE,TI,Y,Y,N,None,MLT6916,07:04.2,corpsvcmtxcutoverrpt_sql,47:33.7,xrdcwddbsuip06,MTX_ACOE_Cutover_Reporting,UI_Excel_Select_Xwalk_Source_Accommodations,facility,*ALL*,QXA4067,07:43.2
1872,COCOS,W,WARD,W,Y,"TEST (2026-08-13),ZCON (2026-08-13),LIVE (2026-08-11)",0,COCOS,PR,PRIVATE ROOM,PR,Y,Y,N,None,MLT6916,07:04.2,corpsvcmtxcutoverrpt_sql,47:33.7,xrdcwddbsuip06,MTX_ACOE_Cutover_Reporting,UI_Excel_Select_Xwalk_Source_Accommodations,facility,*ALL*,QXA4067,07:43.2
1873,COCPA,ACP,ACUTE CARE PSYCH,AP,N,NO MATCH,0,COCPA,,,,,N,Y,None,JKB0282,47:12.0,HCA\IIU4396,46:47.7,xrdcwddbsuip06,MTX_ACOE_Cutover_Reporting,UI_Excel_Select_Xwalk_Source_Accommodations,facility,*ALL*,QXA4067,07:43.2
1874,COCPA,ADP,ADULT CARE PSYCH,DP,N,NO MATCH,0,COCPA,,,,,N,Y,None,JKB0282,47:12.1,HCA\IIU4396,46:47.7,xrdcwddbsuip06,MTX_ACOE_Cutover_Reporting,UI_Excel_Select_Xwalk_Source_Accommodations,facility,*ALL*,QXA4067,07:43.2
1875,COCPA,BB,BOARDER BABY,BB,N,NO MATCH,0,COCPA,,,,,N,Y,None,JKB0282,47:12.2,HCA\IIU4396,46:47.7,xrdcwddbsuip06,MTX_ACOE_Cutover_Reporting,UI_Excel_Select_Xwalk_Source_Accommodations,facility,*ALL*,QXA4067,07:43.2
1876,COCPA,BURN,Burn Intensive Care,BU,N,NO MATCH,0,COCPA,,,,,N,Y,None,JKB0282,47:12.3,HCA\IIU4396,46:47.7,xrdcwddbsuip06,MTX_ACOE_Cutover_Reporting,UI_Excel_Select_Xwalk_Source_Accommodations,facility,*ALL*,QXA4067,07:43.2
1877,COCPA,CC,Coronary Care,CO,N,NO MATCH,0,COCPA,,,,,N,Y,None,JKB0282,47:12.4,HCA\IIU4396,46:47.7,xrdcwddbsuip06,MTX_ACOE_Cutover_Reporting,UI_Excel_Select_Xwalk_Source_Accommodations,facility,*ALL*,QXA4067,07:43.2
1878,COCPA,CHP,CHILD PSYCH,CP,N,NO MATCH,0,COCPA,,,,,N,Y,None,JKB0282,47:12.5,HCA\IIU4396,46:47.7,xrdcwddbsuip06,MTX_ACOE_Cutover_Reporting,UI_Excel_Select_Xwalk_Source_Accommodations,facility,*ALL*,QXA4067,07:43.2
1879,COCPA,CICU,CARDIAC INTENSIVE CARE UNIT,CC,N,NO MATCH,0,COCPA,,,,,N,Y,None,JKB0282,47:12.6,HCA\IIU4396,46:47.7,xrdcwddbsuip06,MTX_ACOE_Cutover_Reporting,UI_Excel_Select_Xwalk_Source_Accommodations,facility,*ALL*,QXA4067,07:43.2
1880,COCPA,DX,Detox,DX,N,NO MATCH,0,COCPA,,,,,N,Y,None,JKB0282,47:12.7,HCA\IIU4396,46:47.7,xrdcwddbsuip06,MTX_ACOE_Cutover_Reporting,UI_Excel_Select_Xwalk_Source_Accommodations,facility,*ALL*,QXA4067,07:43.2
1881,COCPA,IC,INTENSIVE CARE UNIT,IN,Y,NO MATCH,0,COCPA,IC,INTENSIVE CARE,IC,Y,Y,N,None,JKB0282,28:48.2,HCA\IIU4396,46:47.7,xrdcwddbsuip06,MTX_ACOE_Cutover_Reporting,UI_Excel_Select_Xwalk_Source_Accommodations,facility,*ALL*,QXA4067,07:43.2
1882,COCPA,IM,INTERMEDIATE CARE,IR,Y,NO MATCH,0,COCPA,PC,PROGRESSIVE CARE,PC,Y,Y,N,None,JKB0282,28:48.3,HCA\IIU4396,46:47.7,xrdcwddbsuip06,MTX_ACOE_Cutover_Reporting,UI_Excel_Select_Xwalk_Source_Accommodations,facility,*ALL*,QXA4067,07:43.2
1883,COCPA,J,MEDICALLY JUSTIFIED,J,N,NO MATCH,0,COCPA,,,,,N,Y,None,JKB0282,47:12.8,HCA\IIU4396,46:47.7,xrdcwddbsuip06,MTX_ACOE_Cutover_Reporting,UI_Excel_Select_Xwalk_Source_Accommodations,facility,*ALL*,QXA4067,07:43.2
1884,COCPA,MS,Med Surg,MD,Y,NO MATCH,0,COCPA,MS,MED SURG,MS,Y,Y,N,None,JKB0282,28:48.4,HCA\IIU4396,46:47.7,xrdcwddbsuip06,MTX_ACOE_Cutover_Reporting,UI_Excel_Select_Xwalk_Source_Accommodations,facility,*ALL*,QXA4067,07:43.2
1885,COCPA,N1,NICU Level 1,NO,N,NO MATCH,0,COCPA,,,,,N,Y,None,JKB0282,47:12.9,HCA\IIU4396,46:47.7,xrdcwddbsuip06,MTX_ACOE_Cutover_Reporting,UI_Excel_Select_Xwalk_Source_Accommodations,facility,*ALL*,QXA4067,07:43.2
1886,COCPA,NU,NEWBORN NURSERY,B,N,NO MATCH,0,COCPA,,,,,N,Y,None,JKB0282,47:13.0,HCA\IIU4396,46:47.7,xrdcwddbsuip06,MTX_ACOE_Cutover_Reporting,UI_Excel_Select_Xwalk_Source_Accommodations,facility,*ALL*,QXA4067,07:43.2
1887,COCPA,OB,OBSTETRICS,OB,N,NO MATCH,0,COCPA,,,,,N,Y,None,JKB0282,47:13.1,HCA\IIU4396,46:47.7,xrdcwddbsuip06,MTX_ACOE_Cutover_Reporting,UI_Excel_Select_Xwalk_Source_Accommodations,facility,*ALL*,QXA4067,07:43.2
1888,COCPA,P,PRIVATE,P,N,NO MATCH,0,COCPA,,,,,N,Y,None,JKB0282,47:13.2,HCA\IIU4396,46:47.7,xrdcwddbsuip06,MTX_ACOE_Cutover_Reporting,UI_Excel_Select_Xwalk_Source_Accommodations,facility,*ALL*,QXA4067,07:43.2
1889,COCPA,PMJ,PRIVATE MEDICALLY JUSTIFIED,PJ,N,NO MATCH,0,COCPA,,,,,N,Y,None,JKB0282,47:13.3,HCA\IIU4396,46:47.7,xrdcwddbsuip06,MTX_ACOE_Cutover_Reporting,UI_Excel_Select_Xwalk_Source_Accommodations,facility,*ALL*,QXA4067,07:43.2
1890,COCPA,PSY,Psych,PY,Y,NO MATCH,0,COCPA,BH,BEHAVORIAL HEALTH,BH,Y,Y,N,None,JKB0282,28:48.5,HCA\IIU4396,46:47.7,xrdcwddbsuip06,MTX_ACOE_Cutover_Reporting,UI_Excel_Select_Xwalk_Source_Accommodations,facility,*ALL*,QXA4067,07:43.2
1891,COCPA,SB,SWING BED,SB,N,NO MATCH,0,COCPA,,,,,N,Y,None,JKB0282,47:13.4,HCA\CORPSVCACOESSISPROXY,14:05.4,xrdcwddbsuip06,MTX_ACOE_Cutover_Reporting,UI_Excel_Select_Xwalk_Source_Accommodations,facility,*ALL*,QXA4067,07:43.2
1892,COCPA,SP,SEMI-PRIVATE,SP,N,NO MATCH,0,COCPA,,,,,N,Y,None,JKB0282,47:13.5,HCA\IIU4396,46:47.7,xrdcwddbsuip06,MTX_ACOE_Cutover_Reporting,UI_Excel_Select_Xwalk_Source_Accommodations,facility,*ALL*,QXA4067,07:43.2
1893,COCPA,SRP,SENIOR CARE PSYCH,SC,N,NO MATCH,0,COCPA,,,,,N,Y,None,JKB0282,47:13.6,HCA\IIU4396,46:47.7,xrdcwddbsuip06,MTX_ACOE_Cutover_Reporting,UI_Excel_Select_Xwalk_Source_Accommodations,facility,*ALL*,QXA4067,07:43.2
1894,COCPA,T,Tele,T,Y,NO MATCH,0,COCPA,TEL,TELEMETRY,TE,Y,Y,N,None,JKB0282,28:48.6,HCA\IIU4396,46:47.7,xrdcwddbsuip06,MTX_ACOE_Cutover_Reporting,UI_Excel_Select_Xwalk_Source_Accommodations,facility,*ALL*,QXA4067,07:43.2
1895,COCPA,TLP,TELEMETRY PRIVATE,TP,N,NO MATCH,0,COCPA,,,,,N,Y,None,JKB0282,47:13.7,HCA\IIU4396,46:47.7,xrdcwddbsuip06,MTX_ACOE_Cutover_Reporting,UI_Excel_Select_Xwalk_Source_Accommodations,facility,*ALL*,QXA4067,07:43.2
1896,COCPA,TLS,TELEMETRY SEMI,TS,N,NO MATCH,0,COCPA,,,,,N,Y,None,JKB0282,47:13.8,HCA\IIU4396,46:47.7,xrdcwddbsuip06,MTX_ACOE_Cutover_Reporting,UI_Excel_Select_Xwalk_Source_Accommodations,facility,*ALL*,QXA4067,07:43.2
1897,COCPA,TR,Trauma Intensive Care,TR,N,NO MATCH,0,COCPA,,,,,N,Y,None,JKB0282,47:13.9,HCA\IIU4396,46:47.7,xrdcwddbsuip06,MTX_ACOE_Cutover_Reporting,UI_Excel_Select_Xwalk_Source_Accommodations,facility,*ALL*,QXA4067,07:43.2
1898,COCPA,VIP,PRIVATE SUITE,VI,N,NO MATCH,0,COCPA,,,,,N,Y,None,JKB0282,47:14.0,HCA\IIU4396,46:47.7,xrdcwddbsuip06,MTX_ACOE_Cutover_Reporting,UI_Excel_Select_Xwalk_Source_Accommodations,facility,*ALL*,QXA4067,07:43.2
1899,COCPA,W,WARD,W,N,NO MATCH,0,COCPA,,,,,N,Y,None,JKB0282,47:14.1,HCA\IIU4396,46:47.7,xrdcwddbsuip06,MTX_ACOE_Cutover_Reporting,UI_Excel_Select_Xwalk_Source_Accommodations,facility,*ALL*,QXA4067,07:43.2
1900,COCPD,3C,MED CRITICAL (3W),3C,N,NO MATCH,0,COCPD,,,,,N,N,None,,,corpsvcmtxcutoverrpt_sql,34:05.6,xrdcwddbsuip06,MTX_ACOE_Cutover_Reporting,UI_Excel_Select_Xwalk_Source_Accommodations,facility,*ALL*,QXA4067,07:43.2
1901,COCPD,3E,MED SEMI-PRIVATE (3W),3E,N,NO MATCH,0,COCPD,,,,,N,N,None,,,corpsvcmtxcutoverrpt_sql,34:05.6,xrdcwddbsuip06,MTX_ACOE_Cutover_Reporting,UI_Excel_Select_Xwalk_Source_Accommodations,facility,*ALL*,QXA4067,07:43.2
1902,COCPD,3P,MED PERINATAL (3W),3P,N,NO MATCH,0,COCPD,,,,,N,N,None,,,corpsvcmtxcutoverrpt_sql,34:05.6,xrdcwddbsuip06,MTX_ACOE_Cutover_Reporting,UI_Excel_Select_Xwalk_Source_Accommodations,facility,*ALL*,QXA4067,07:43.2
1903,COCPD,3R,MED REHAB (3W),3R,N,NO MATCH,0,COCPD,,,,,N,N,None,,,corpsvcmtxcutoverrpt_sql,34:05.6,xrdcwddbsuip06,MTX_ACOE_Cutover_Reporting,UI_Excel_Select_Xwalk_Source_Accommodations,facility,*ALL*,QXA4067,07:43.2
1904,COCPD,3S,MED SURGICAL (3W),3S,N,NO MATCH,0,COCPD,,,,,N,N,None,,,corpsvcmtxcutoverrpt_sql,34:05.6,xrdcwddbsuip06,MTX_ACOE_Cutover_Reporting,UI_Excel_Select_Xwalk_Source_Accommodations,facility,*ALL*,QXA4067,07:43.2
1905,COCPD,4A,MED PRIVATE (4W),4A,N,NO MATCH,0,COCPD,,,,,N,N,None,,,corpsvcmtxcutoverrpt_sql,34:05.6,xrdcwddbsuip06,MTX_ACOE_Cutover_Reporting,UI_Excel_Select_Xwalk_Source_Accommodations,facility,*ALL*,QXA4067,07:43.2
1906,COCPD,4C,MED CRITICAL (4W),4C,N,NO MATCH,0,COCPD,,,,,N,N,None,,,corpsvcmtxcutoverrpt_sql,34:05.6,xrdcwddbsuip06,MTX_ACOE_Cutover_Reporting,UI_Excel_Select_Xwalk_Source_Accommodations,facility,*ALL*,QXA4067,07:43.2
1907,COCPD,4E,MED SEMI-PRIVATE (4W),4E,N,NO MATCH,0,COCPD,,,,,N,N,None,,,corpsvcmtxcutoverrpt_sql,34:05.6,xrdcwddbsuip06,MTX_ACOE_Cutover_Reporting,UI_Excel_Select_Xwalk_Source_Accommodations,facility,*ALL*,QXA4067,07:43.2
1908,COCPD,4P,MED PERINATAL (4W),4P,N,NO MATCH,0,COCPD,,,,,N,N,None,,,corpsvcmtxcutoverrpt_sql,34:05.6,xrdcwddbsuip06,MTX_ACOE_Cutover_Reporting,UI_Excel_Select_Xwalk_Source_Accommodations,facility,*ALL*,QXA4067,07:43.2
1909,COCPD,4R,MED REHAB (4W),4R,N,NO MATCH,0,COCPD,,,,,N,N,None,,,corpsvcmtxcutoverrpt_sql,34:05.6,xrdcwddbsuip06,MTX_ACOE_Cutover_Reporting,UI_Excel_Select_Xwalk_Source_Accommodations,facility,*ALL*,QXA4067,07:43.2
1910,COCPD,4S,MED SURGICAL (4W),4S,N,NO MATCH,0,COCPD,,,,,N,N,None,,,corpsvcmtxcutoverrpt_sql,34:05.6,xrdcwddbsuip06,MTX_ACOE_Cutover_Reporting,UI_Excel_Select_Xwalk_Source_Accommodations,facility,*ALL*,QXA4067,07:43.2
1911,COCPD,6A,MED PRIVATE (6W),6A,N,NO MATCH,0,COCPD,,,,,N,N,None,,,corpsvcmtxcutoverrpt_sql,34:05.6,xrdcwddbsuip06,MTX_ACOE_Cutover_Reporting,UI_Excel_Select_Xwalk_Source_Accommodations,facility,*ALL*,QXA4067,07:43.2
1912,COCPD,6C,MED CRITICAL (6W),6C,N,NO MATCH,0,COCPD,,,,,N,N,None,,,corpsvcmtxcutoverrpt_sql,34:05.6,xrdcwddbsuip06,MTX_ACOE_Cutover_Reporting,UI_Excel_Select_Xwalk_Source_Accommodations,facility,*ALL*,QXA4067,07:43.2
1913,COCPD,6E,MED SEMI-PRIVATE (6W),6E,N,NO MATCH,0,COCPD,,,,,N,N,None,,,corpsvcmtxcutoverrpt_sql,34:05.6,xrdcwddbsuip06,MTX_ACOE_Cutover_Reporting,UI_Excel_Select_Xwalk_Source_Accommodations,facility,*ALL*,QXA4067,07:43.2
1914,COCPD,6P,MED PERINATAL (6W),6P,N,NO MATCH,0,COCPD,,,,,N,N,None,,,corpsvcmtxcutoverrpt_sql,34:05.6,xrdcwddbsuip06,MTX_ACOE_Cutover_Reporting,UI_Excel_Select_Xwalk_Source_Accommodations,facility,*ALL*,QXA4067,07:43.2
1915,COCPD,6R,MED REHAB (6W),6R,N,NO MATCH,0,COCPD,,,,,N,N,None,,,corpsvcmtxcutoverrpt_sql,34:05.6,xrdcwddbsuip06,MTX_ACOE_Cutover_Reporting,UI_Excel_Select_Xwalk_Source_Accommodations,facility,*ALL*,QXA4067,07:43.2
1916,COCPD,6S,MED SURGICAL (6W),6S,N,NO MATCH,0,COCPD,,,,,N,N,None,,,corpsvcmtxcutoverrpt_sql,34:05.6,xrdcwddbsuip06,MTX_ACOE_Cutover_Reporting,UI_Excel_Select_Xwalk_Source_Accommodations,facility,*ALL*,QXA4067,07:43.2
1917,COCPD,6X,MED PRIVATE PLUS (6W),6X,N,NO MATCH,0,COCPD,,,,,N,N,None,,,corpsvcmtxcutoverrpt_sql,34:05.6,xrdcwddbsuip06,MTX_ACOE_Cutover_Reporting,UI_Excel_Select_Xwalk_Source_Accommodations,facility,*ALL*,QXA4067,07:43.2
1918,COCPD,BB,BORDER BABY,BB,N,NO MATCH,0,COCPD,PR,PRIVATE ROOM,P,Y,N,N,None,IIU4396,27:50.4,corpsvcmtxcutoverrpt_sql,34:05.6,xrdcwddbsuip06,MTX_ACOE_Cutover_Reporting,UI_Excel_Select_Xwalk_Source_Accommodations,facility,*ALL*,QXA4067,07:43.2
1919,COCPD,CC,CORONARY CARE,CC,N,NO MATCH,0,COCPD,CC,CORONARY CARE,CC,Y,N,N,None,IIU4396,27:50.5,corpsvcmtxcutoverrpt_sql,34:05.6,xrdcwddbsuip06,MTX_ACOE_Cutover_Reporting,UI_Excel_Select_Xwalk_Source_Accommodations,facility,*ALL*,QXA4067,07:43.2
1920,COCPD,CI,HEART TRANSPLANT WAITING,CI,N,NO MATCH,0,COCPD,,,,,N,Y,None,FRE8115,01:25.6,corpsvcmtxcutoverrpt_sql,14:03.2,xrdcwddbsuip06,MTX_ACOE_Cutover_Reporting,UI_Excel_Select_Xwalk_Source_Accommodations,facility,*ALL*,QXA4067,07:43.2
1921,COCPD,CM,CRI MEDICAL (CC1 & CC3),CM,N,NO MATCH,0,COCPD,,,,,N,N,None,,,corpsvcmtxcutoverrpt_sql,34:05.6,xrdcwddbsuip06,MTX_ACOE_Cutover_Reporting,UI_Excel_Select_Xwalk_Source_Accommodations,facility,*ALL*,QXA4067,07:43.2
1922,COCPD,CP,CRI PERINATAL (CC1 & CC3),CP,N,NO MATCH,0,COCPD,,,,,N,Y,None,FRE8115,01:25.7,corpsvcmtxcutoverrpt_sql,34:05.6,xrdcwddbsuip06,MTX_ACOE_Cutover_Reporting,UI_Excel_Select_Xwalk_Source_Accommodations,facility,*ALL*,QXA4067,07:43.2
1923,COCPD,CR,CRI REHAB (CC1 & CC3),CR,N,NO MATCH,0,COCPD,,,,,N,N,None,,,corpsvcmtxcutoverrpt_sql,34:05.6,xrdcwddbsuip06,MTX_ACOE_Cutover_Reporting,UI_Excel_Select_Xwalk_Source_Accommodations,facility,*ALL*,QXA4067,07:43.2
1924,COCPD,CS,CRI SURGICAL (CC1 & CC3),CS,N,NO MATCH,0,COCPD,,,,,N,Y,None,FRE8115,01:25.7,corpsvcmtxcutoverrpt_sql,34:05.6,xrdcwddbsuip06,MTX_ACOE_Cutover_Reporting,UI_Excel_Select_Xwalk_Source_Accommodations,facility,*ALL*,QXA4067,07:43.2
1925,COCPD,DA,DTC PRIVATE (4W),DA,N,NO MATCH,0,COCPD,,,,,N,N,None,,,corpsvcmtxcutoverrpt_sql,34:05.6,xrdcwddbsuip06,MTX_ACOE_Cutover_Reporting,UI_Excel_Select_Xwalk_Source_Accommodations,facility,*ALL*,QXA4067,07:43.2
1926,COCPD,DE,DTC SEMI-PRIVATE (4W),DE,N,NO MATCH,0,COCPD,,,,,N,N,None,,,corpsvcmtxcutoverrpt_sql,34:05.6,xrdcwddbsuip06,MTX_ACOE_Cutover_Reporting,UI_Excel_Select_Xwalk_Source_Accommodations,facility,*ALL*,QXA4067,07:43.2
1927,COCPD,DX,DTC PRIVATE PLUS (4W),DX,N,NO MATCH,0,COCPD,,,,,N,N,None,,,corpsvcmtxcutoverrpt_sql,34:05.6,xrdcwddbsuip06,MTX_ACOE_Cutover_Reporting,UI_Excel_Select_Xwalk_Source_Accommodations,facility,*ALL*,QXA4067,07:43.2
1928,COCPD,HOS,HOSPICE,HO,N,NO MATCH,0,COCPD,,,,,N,Y,None,FRE8115,01:25.7,corpsvcmtxcutoverrpt_sql,14:03.2,xrdcwddbsuip06,MTX_ACOE_Cutover_Reporting,UI_Excel_Select_Xwalk_Source_Accommodations,facility,*ALL*,QXA4067,07:43.2
1929,COCPD,IC,INTENSIVE CARE,IC,N,NO MATCH,0,COCPD,IC,INTENSIVE CARE,IC,Y,N,N,None,IIU4396,27:50.5,corpsvcmtxcutoverrpt_sql,34:05.6,xrdcwddbsuip06,MTX_ACOE_Cutover_Reporting,UI_Excel_Select_Xwalk_Source_Accommodations,facility,*ALL*,QXA4067,07:43.2
1930,COCPD,IS,ISOLATION,IS,N,NO MATCH,0,COCPD,PR,PRIVATE ROOM,P,Y,N,N,None,IIU4396,27:50.5,corpsvcmtxcutoverrpt_sql,34:05.6,xrdcwddbsuip06,MTX_ACOE_Cutover_Reporting,UI_Excel_Select_Xwalk_Source_Accommodations,facility,*ALL*,QXA4067,07:43.2
1931,COCPD,ISP,ISOLATION - PRIVATE,IR,N,NO MATCH,0,COCPD,PR,PRIVATE ROOM,P,Y,N,N,None,IIU4396,27:50.6,corpsvcmtxcutoverrpt_sql,34:05.6,xrdcwddbsuip06,MTX_ACOE_Cutover_Reporting,UI_Excel_Select_Xwalk_Source_Accommodations,facility,*ALL*,QXA4067,07:43.2
1932,COCPD,ISS,ISOLATION - SEMIPRIVATE,IL,N,NO MATCH,0,COCPD,PR,PRIVATE ROOM,P,Y,N,N,None,IIU4396,27:50.6,corpsvcmtxcutoverrpt_sql,34:05.6,xrdcwddbsuip06,MTX_ACOE_Cutover_Reporting,UI_Excel_Select_Xwalk_Source_Accommodations,facility,*ALL*,QXA4067,07:43.2
1933,COCPD,IV,LEVEL IV - NICU NURSERY,IV,N,NO MATCH,0,COCPD,PR,PRIVATE ROOM,P,Y,Y,N,None,IIU4396,27:50.6,corpsvcmtxcutoverrpt_sql,14:03.2,xrdcwddbsuip06,MTX_ACOE_Cutover_Reporting,UI_Excel_Select_Xwalk_Source_Accommodations,facility,*ALL*,QXA4067,07:43.2
1934,COCPD,IVU,INTERVENTIONAL CARE UNIT,IU,N,NO MATCH,0,COCPD,PR,PRIVATE ROOM,P,Y,N,N,None,FRE8115,10:37.6,corpsvcmtxcutoverrpt_sql,34:05.6,xrdcwddbsuip06,MTX_ACOE_Cutover_Reporting,UI_Excel_Select_Xwalk_Source_Accommodations,facility,*ALL*,QXA4067,07:43.2
1935,COCPD,J,"PRIVATE, MEDICALLY JUSTIFIED",J,N,NO MATCH,0,COCPD,,,,,N,Y,None,FRE8115,01:25.8,corpsvcmtxcutoverrpt_sql,14:03.2,xrdcwddbsuip06,MTX_ACOE_Cutover_Reporting,UI_Excel_Select_Xwalk_Source_Accommodations,facility,*ALL*,QXA4067,07:43.2
1936,COCPD,JR,JOINT REPLACEMENT,JR,N,NO MATCH,0,COCPD,,,,,N,Y,None,FRE8115,01:25.8,corpsvcmtxcutoverrpt_sql,14:03.2,xrdcwddbsuip06,MTX_ACOE_Cutover_Reporting,UI_Excel_Select_Xwalk_Source_Accommodations,facility,*ALL*,QXA4067,07:43.2
1937,COCPD,L1,NEWBORN,L1,N,NO MATCH,0,COCPD,PR,PRIVATE ROOM,P,Y,N,N,None,FRE8115,10:37.7,corpsvcmtxcutoverrpt_sql,34:05.6,xrdcwddbsuip06,MTX_ACOE_Cutover_Reporting,UI_Excel_Select_Xwalk_Source_Accommodations,facility,*ALL*,QXA4067,07:43.2
1938,COCPD,L2,NEWBORN LEVEL II,L2,N,NO MATCH,0,COCPD,PR,PRIVATE ROOM,P,Y,N,N,None,IIU4396,27:50.7,corpsvcmtxcutoverrpt_sql,34:05.6,xrdcwddbsuip06,MTX_ACOE_Cutover_Reporting,UI_Excel_Select_Xwalk_Source_Accommodations,facility,*ALL*,QXA4067,07:43.2
1939,COCPD,L3,NEWBORN NICU LEVEL III,L3,N,NO MATCH,0,COCPD,PR,PRIVATE ROOM,P,Y,N,N,None,IIU4396,27:50.7,corpsvcmtxcutoverrpt_sql,34:05.6,xrdcwddbsuip06,MTX_ACOE_Cutover_Reporting,UI_Excel_Select_Xwalk_Source_Accommodations,facility,*ALL*,QXA4067,07:43.2
1940,COCPD,L4,NEWBORN NICU LEVEL IV,L4,N,NO MATCH,0,COCPD,PR,PRIVATE ROOM,P,Y,N,N,None,IIU4396,27:50.8,corpsvcmtxcutoverrpt_sql,34:05.6,xrdcwddbsuip06,MTX_ACOE_Cutover_Reporting,UI_Excel_Select_Xwalk_Source_Accommodations,facility,*ALL*,QXA4067,07:43.2
1941,COCPD,LD,LABOR AND DELIVERY,LD,N,NO MATCH,0,COCPD,PR,PRIVATE ROOM,P,Y,N,N,None,IIU4396,27:50.8,corpsvcmtxcutoverrpt_sql,34:05.6,xrdcwddbsuip06,MTX_ACOE_Cutover_Reporting,UI_Excel_Select_Xwalk_Source_Accommodations,facility,*ALL*,QXA4067,07:43.2
1942,COCPD,M,CORONARY CARE,MM,N,NO MATCH,0,COCPD,,,,,N,Y,None,FRE8115,01:25.8,corpsvcmtxcutoverrpt_sql,14:03.2,xrdcwddbsuip06,MTX_ACOE_Cutover_Reporting,UI_Excel_Select_Xwalk_Source_Accommodations,facility,*ALL*,QXA4067,07:43.2
1943,COCPD,MI,MEDICAL ICU,MI,N,NO MATCH,0,COCPD,,,,,N,Y,None,FRE8115,01:25.9,corpsvcmtxcutoverrpt_sql,14:03.2,xrdcwddbsuip06,MTX_ACOE_Cutover_Reporting,UI_Excel_Select_Xwalk_Source_Accommodations,facility,*ALL*,QXA4067,07:43.2
1944,COCPD,N1,NI ICU (NI),N1,N,NO MATCH,0,COCPD,,,,,N,Y,None,FRE8115,01:25.9,corpsvcmtxcutoverrpt_sql,34:05.6,xrdcwddbsuip06,MTX_ACOE_Cutover_Reporting,UI_Excel_Select_Xwalk_Source_Accommodations,facility,*ALL*,QXA4067,07:43.2
1945,COCPD,N2,NI INTERMEDIATE (NI),N2,N,NO MATCH,0,COCPD,,,,,N,Y,None,FRE8115,01:26.0,corpsvcmtxcutoverrpt_sql,34:05.6,xrdcwddbsuip06,MTX_ACOE_Cutover_Reporting,UI_Excel_Select_Xwalk_Source_Accommodations,facility,*ALL*,QXA4067,07:43.2
1946,COCPD,N3,NICU LEVEL 3,N3,N,NO MATCH,0,COCPD,,,,,N,Y,None,FRE8115,01:26.0,corpsvcmtxcutoverrpt_sql,14:03.2,xrdcwddbsuip06,MTX_ACOE_Cutover_Reporting,UI_Excel_Select_Xwalk_Source_Accommodations,facility,*ALL*,QXA4067,07:43.2
1947,COCPD,NB,NEWBORN WELL BABY,NB,N,NO MATCH,0,COCPD,PR,PRIVATE ROOM,P,Y,N,N,None,IIU4396,27:50.8,corpsvcmtxcutoverrpt_sql,34:05.6,xrdcwddbsuip06,MTX_ACOE_Cutover_Reporting,UI_Excel_Select_Xwalk_Source_Accommodations,facility,*ALL*,QXA4067,07:43.2
1948,COCPD,NI,NICU,NI,N,NO MATCH,0,COCPD,,,,,N,Y,None,FRE8115,01:26.1,corpsvcmtxcutoverrpt_sql,14:03.2,xrdcwddbsuip06,MTX_ACOE_Cutover_Reporting,UI_Excel_Select_Xwalk_Source_Accommodations,facility,*ALL*,QXA4067,07:43.2
1949,COCPD,NIH,NICU-NEWBORN,NZ,N,NO MATCH,0,COCPD,,,,,N,Y,None,FRE8115,01:26.1,corpsvcmtxcutoverrpt_sql,14:03.2,xrdcwddbsuip06,MTX_ACOE_Cutover_Reporting,UI_Excel_Select_Xwalk_Source_Accommodations,facility,*ALL*,QXA4067,07:43.2
1950,COCPD,NS,NICU,NS,N,NO MATCH,0,COCPD,,,,,N,Y,None,FRE8115,01:26.2,corpsvcmtxcutoverrpt_sql,14:03.2,xrdcwddbsuip06,MTX_ACOE_Cutover_Reporting,UI_Excel_Select_Xwalk_Source_Accommodations,facility,*ALL*,QXA4067,07:43.2
1951,COCPD,NV,NEUROVASCULAR UNIT,NV,N,NO MATCH,0,COCPD,,,,,N,Y,None,FRE8115,01:26.2,corpsvcmtxcutoverrpt_sql,14:03.2,xrdcwddbsuip06,MTX_ACOE_Cutover_Reporting,UI_Excel_Select_Xwalk_Source_Accommodations,facility,*ALL*,QXA4067,07:43.2
1952,COCPD,OF,OVERFLOW,OF,N,NO MATCH,0,COCPD,,,,,N,Y,None,FRE8115,01:26.2,corpsvcmtxcutoverrpt_sql,14:03.2,xrdcwddbsuip06,MTX_ACOE_Cutover_Reporting,UI_Excel_Select_Xwalk_Source_Accommodations,facility,*ALL*,QXA4067,07:43.2
1953,COCPD,OS,OBSERVATION,OS,N,NO MATCH,0,COCPD,,,,,N,Y,None,FRE8115,01:26.3,corpsvcmtxcutoverrpt_sql,14:03.2,xrdcwddbsuip06,MTX_ACOE_Cutover_Reporting,UI_Excel_Select_Xwalk_Source_Accommodations,facility,*ALL*,QXA4067,07:43.2
1954,COCPD,P,PRIVATE ROOM,P,N,NO MATCH,0,COCPD,PR,PRIVATE ROOM,P,Y,N,N,None,IIU4396,27:50.9,corpsvcmtxcutoverrpt_sql,34:05.6,xrdcwddbsuip06,MTX_ACOE_Cutover_Reporting,UI_Excel_Select_Xwalk_Source_Accommodations,facility,*ALL*,QXA4067,07:43.2
1955,COCPD,PA,PER PRIVATE (1E),PA,N,NO MATCH,0,COCPD,,,,,N,N,None,,,corpsvcmtxcutoverrpt_sql,34:05.6,xrdcwddbsuip06,MTX_ACOE_Cutover_Reporting,UI_Excel_Select_Xwalk_Source_Accommodations,facility,*ALL*,QXA4067,07:43.2
1956,COCPD,PC,PROGRESSIVE CARE,PC,N,NO MATCH,0,COCPD,PC,PROGRESSIVE CARE,PC,Y,N,N,None,IIU4396,27:50.9,corpsvcmtxcutoverrpt_sql,34:05.6,xrdcwddbsuip06,MTX_ACOE_Cutover_Reporting,UI_Excel_Select_Xwalk_Source_Accommodations,facility,*ALL*,QXA4067,07:43.2
1957,COCPD,PE,PER SEMI-PRIVATE (1E),PE,N,NO MATCH,0,COCPD,,,,,N,N,None,,,corpsvcmtxcutoverrpt_sql,34:05.6,xrdcwddbsuip06,MTX_ACOE_Cutover_Reporting,UI_Excel_Select_Xwalk_Source_Accommodations,facility,*ALL*,QXA4067,07:43.2
1958,COCPD,PM,PROGRESSIVE CARE MED UNIT,PM,N,NO MATCH,0,COCPD,,,,,N,Y,None,FRE8115,01:26.3,corpsvcmtxcutoverrpt_sql,14:03.2,xrdcwddbsuip06,MTX_ACOE_Cutover_Reporting,UI_Excel_Select_Xwalk_Source_Accommodations,facility,*ALL*,QXA4067,07:43.2
1959,COCPD,PNH,PROGRESSIVE NURS HDH,PZ,N,NO MATCH,0,COCPD,,,,,N,Y,None,FRE8115,01:26.4,corpsvcmtxcutoverrpt_sql,14:03.2,xrdcwddbsuip06,MTX_ACOE_Cutover_Reporting,UI_Excel_Select_Xwalk_Source_Accommodations,facility,*ALL*,QXA4067,07:43.2
1960,COCPD,PP,POST PARTUM,PP,N,NO MATCH,0,COCPD,PR,PRIVATE ROOM,P,Y,N,N,None,IIU4396,27:51.0,corpsvcmtxcutoverrpt_sql,34:05.6,xrdcwddbsuip06,MTX_ACOE_Cutover_Reporting,UI_Excel_Select_Xwalk_Source_Accommodations,facility,*ALL*,QXA4067,07:43.2
1961,COCPD,PR,PER REHAB (1E),PR,N,NO MATCH,0,COCPD,,,,,N,Y,None,FRE8115,01:26.4,corpsvcmtxcutoverrpt_sql,34:05.6,xrdcwddbsuip06,MTX_ACOE_Cutover_Reporting,UI_Excel_Select_Xwalk_Source_Accommodations,facility,*ALL*,QXA4067,07:43.2
1962,COCPD,PS,POST SURGICAL CARE UNIT,PS,N,NO MATCH,0,COCPD,PR,PRIVATE ROOM,P,Y,N,N,None,IIU4396,5/15/2025 12:27,corpsvcmtxcutoverrpt_sql,34:05.6,xrdcwddbsuip06,MTX_ACOE_Cutover_Reporting,UI_Excel_Select_Xwalk_Source_Accommodations,facility,*ALL*,QXA4067,07:43.2
1963,COCPD,PY,PSY (3E),PY,N,NO MATCH,0,COCPD,,,,,N,N,None,,,corpsvcmtxcutoverrpt_sql,34:05.6,xrdcwddbsuip06,MTX_ACOE_Cutover_Reporting,UI_Excel_Select_Xwalk_Source_Accommodations,facility,*ALL*,QXA4067,07:43.2
1964,COCPD,RA,REH PRIVATE (5W),RA,N,NO MATCH,0,COCPD,,,,,N,N,None,,,corpsvcmtxcutoverrpt_sql,34:05.6,xrdcwddbsuip06,MTX_ACOE_Cutover_Reporting,UI_Excel_Select_Xwalk_Source_Accommodations,facility,*ALL*,QXA4067,07:43.2
1965,COCPD,RB,RENAL CARE INTERMEDIATE,RB,N,NO MATCH,0,COCPD,,,,,N,Y,None,FRE8115,01:26.5,corpsvcmtxcutoverrpt_sql,14:03.2,xrdcwddbsuip06,MTX_ACOE_Cutover_Reporting,UI_Excel_Select_Xwalk_Source_Accommodations,facility,*ALL*,QXA4067,07:43.2
1966,COCPD,RC,REH CRITICAL (5W),RC,N,NO MATCH,0,COCPD,,,,,N,Y,None,FRE8115,01:26.5,corpsvcmtxcutoverrpt_sql,34:05.6,xrdcwddbsuip06,MTX_ACOE_Cutover_Reporting,UI_Excel_Select_Xwalk_Source_Accommodations,facility,*ALL*,QXA4067,07:43.2
1967,COCPD,RE,REH SEMI-PRIVATE (5W),RE,N,NO MATCH,0,COCPD,,,,,N,N,None,,,corpsvcmtxcutoverrpt_sql,34:05.6,xrdcwddbsuip06,MTX_ACOE_Cutover_Reporting,UI_Excel_Select_Xwalk_Source_Accommodations,facility,*ALL*,QXA4067,07:43.2
1968,COCPD,RM,REH MEDICAL (5W),RM,N,NO MATCH,0,COCPD,,,,,N,N,None,,,corpsvcmtxcutoverrpt_sql,34:05.6,xrdcwddbsuip06,MTX_ACOE_Cutover_Reporting,UI_Excel_Select_Xwalk_Source_Accommodations,facility,*ALL*,QXA4067,07:43.2
1969,COCPD,RP,REH PERINATAL (5W),RP,N,NO MATCH,0,COCPD,,,,,N,Y,None,FRE8115,01:26.5,corpsvcmtxcutoverrpt_sql,34:05.6,xrdcwddbsuip06,MTX_ACOE_Cutover_Reporting,UI_Excel_Select_Xwalk_Source_Accommodations,facility,*ALL*,QXA4067,07:43.2
1970,COCPD,RS,REH SURGICAL (5W),RS,N,NO MATCH,0,COCPD,,,,,N,Y,None,FRE8115,01:26.6,corpsvcmtxcutoverrpt_sql,34:05.6,xrdcwddbsuip06,MTX_ACOE_Cutover_Reporting,UI_Excel_Select_Xwalk_Source_Accommodations,facility,*ALL*,QXA4067,07:43.2
1971,COCPD,S,SEMI-PRIVATE ROOM,S,N,NO MATCH,0,COCPD,SP,SEMI PRIVATE ROOM,S,Y,N,N,None,IIU4396,27:51.0,corpsvcmtxcutoverrpt_sql,34:05.6,xrdcwddbsuip06,MTX_ACOE_Cutover_Reporting,UI_Excel_Select_Xwalk_Source_Accommodations,facility,*ALL*,QXA4067,07:43.2
1972,COCPD,SA,SUR PRIVATE (2N),SA,N,NO MATCH,0,COCPD,,,,,N,N,None,,,corpsvcmtxcutoverrpt_sql,34:05.6,xrdcwddbsuip06,MTX_ACOE_Cutover_Reporting,UI_Excel_Select_Xwalk_Source_Accommodations,facility,*ALL*,QXA4067,07:43.2
1973,COCPD,SC,SUR CRITICAL (2N & 7W),SC,N,NO MATCH,0,COCPD,,,,,N,N,None,,,corpsvcmtxcutoverrpt_sql,34:05.6,xrdcwddbsuip06,MTX_ACOE_Cutover_Reporting,UI_Excel_Select_Xwalk_Source_Accommodations,facility,*ALL*,QXA4067,07:43.2
1974,COCPD,SE,SUR SEMI-PRIVATE (2N),SE,N,NO MATCH,0,COCPD,,,,,N,N,None,,,corpsvcmtxcutoverrpt_sql,34:05.6,xrdcwddbsuip06,MTX_ACOE_Cutover_Reporting,UI_Excel_Select_Xwalk_Source_Accommodations,facility,*ALL*,QXA4067,07:43.2
1975,COCPD,SI,SURGICAL ICU,SI,N,NO MATCH,0,COCPD,PR,PRIVATE ROOM,P,Y,N,N,None,IIU4396,27:51.1,corpsvcmtxcutoverrpt_sql,34:05.6,xrdcwddbsuip06,MTX_ACOE_Cutover_Reporting,UI_Excel_Select_Xwalk_Source_Accommodations,facility,*ALL*,QXA4067,07:43.2
1976,COCPD,SP,SEMI-PRIVATE,SP,N,NO MATCH,0,COCPD,,,,,N,Y,None,FRE8115,01:26.6,corpsvcmtxcutoverrpt_sql,14:03.2,xrdcwddbsuip06,MTX_ACOE_Cutover_Reporting,UI_Excel_Select_Xwalk_Source_Accommodations,facility,*ALL*,QXA4067,07:43.2
1977,COCPD,SPEC,SPECIAL CARE BED,SB,N,NO MATCH,0,COCPD,PR,PRIVATE ROOM,P,Y,N,N,None,IIU4396,27:51.1,corpsvcmtxcutoverrpt_sql,34:05.6,xrdcwddbsuip06,MTX_ACOE_Cutover_Reporting,UI_Excel_Select_Xwalk_Source_Accommodations,facility,*ALL*,QXA4067,07:43.2
1978,COCPD,SPECP,SPECIALITY BED - PRIVATE,BP,N,NO MATCH,0,COCPD,PR,PRIVATE ROOM,P,Y,N,N,None,IIU4396,27:51.2,corpsvcmtxcutoverrpt_sql,34:05.6,xrdcwddbsuip06,MTX_ACOE_Cutover_Reporting,UI_Excel_Select_Xwalk_Source_Accommodations,facility,*ALL*,QXA4067,07:43.2
1979,COCPD,SPECS,SPECIALITY BED - SEMIPRIVATE,BS,N,NO MATCH,0,COCPD,PR,PRIVATE ROOM,P,Y,N,N,None,IIU4396,27:51.2,corpsvcmtxcutoverrpt_sql,34:05.6,xrdcwddbsuip06,MTX_ACOE_Cutover_Reporting,UI_Excel_Select_Xwalk_Source_Accommodations,facility,*ALL*,QXA4067,07:43.2
1980,COCPD,SR,SUR REHAB (2N & 7W),SR,N,NO MATCH,0,COCPD,,,,,N,N,None,,,corpsvcmtxcutoverrpt_sql,34:05.6,xrdcwddbsuip06,MTX_ACOE_Cutover_Reporting,UI_Excel_Select_Xwalk_Source_Accommodations,facility,*ALL*,QXA4067,07:43.2
1981,COCPD,SX,SUR PRIVATE PLUS (2N & 7W),SX,N,NO MATCH,0,COCPD,,,,,N,N,None,,,corpsvcmtxcutoverrpt_sql,34:05.6,xrdcwddbsuip06,MTX_ACOE_Cutover_Reporting,UI_Excel_Select_Xwalk_Source_Accommodations,facility,*ALL*,QXA4067,07:43.2
1982,COCPD,TEL,STEPDOWN/TEL,TE,N,NO MATCH,0,COCPD,PR,PRIVATE ROOM,P,Y,N,N,None,IIU4396,27:51.2,corpsvcmtxcutoverrpt_sql,34:05.6,xrdcwddbsuip06,MTX_ACOE_Cutover_Reporting,UI_Excel_Select_Xwalk_Source_Accommodations,facility,*ALL*,QXA4067,07:43.2
1983,COCPD,TL,THERAPEUTIC LEAVE,TL,N,NO MATCH,0,COCPD,,,,,N,N,None,,,corpsvcmtxcutoverrpt_sql,34:05.6,xrdcwddbsuip06,MTX_ACOE_Cutover_Reporting,UI_Excel_Select_Xwalk_Source_Accommodations,facility,*ALL*,QXA4067,07:43.2
1984,COCPD,TR,TRAUMA,TR,N,NO MATCH,0,COCPD,TR,TRAUMA,P,Y,N,N,None,IIU4396,27:51.3,corpsvcmtxcutoverrpt_sql,34:05.6,xrdcwddbsuip06,MTX_ACOE_Cutover_Reporting,UI_Excel_Select_Xwalk_Source_Accommodations,facility,*ALL*,QXA4067,07:43.2
1985,COCPD,Y1,PED ICU (PED),Y1,N,NO MATCH,0,COCPD,,,,,N,N,None,,,corpsvcmtxcutoverrpt_sql,34:05.6,xrdcwddbsuip06,MTX_ACOE_Cutover_Reporting,UI_Excel_Select_Xwalk_Source_Accommodations,facility,*ALL*,QXA4067,07:43.2
1986,COCPD,Y2,PED INTERMEDIATE (PED),Y2,N,NO MATCH,0,COCPD,,,,,N,N,None,,,corpsvcmtxcutoverrpt_sql,34:05.6,xrdcwddbsuip06,MTX_ACOE_Cutover_Reporting,UI_Excel_Select_Xwalk_Source_Accommodations,facility,*ALL*,QXA4067,07:43.2
1987,COCPE,CC,CORONARY CARE,CC,Y,"TEST (2026-04-21),ZCON (2026-04-21),LIVE (2026-02-12)",0,COCPE,PR,PRIVATE ROOM,PR,Y,Y,N,None,IIU7623,35:19.1,corpsvcmtxcutoverrpt_sql,38:19.0,xrdcwddbsuip06,MTX_ACOE_Cutover_Reporting,UI_Excel_Select_Xwalk_Source_Accommodations,facility,*ALL*,QXA4067,07:43.2
1988,COCPE,CD,DETOX,CD,Y,"TEST (2026-04-21),ZCON (2026-04-21),LIVE (2026-02-12)",0,COCPE,D,DETOX,CD,Y,Y,N,None,IIU7623,35:19.2,corpsvcmtxcutoverrpt_sql,38:19.0,xrdcwddbsuip06,MTX_ACOE_Cutover_Reporting,UI_Excel_Select_Xwalk_Source_Accommodations,facility,*ALL*,QXA4067,07:43.2
1989,COCPE,ED,EMERGENGY DEPARTMENT INPATIENT,ED,Y,"TEST (2026-04-21),ZCON (2026-04-21),LIVE (2026-02-12)",0,COCPE,PR,PRIVATE ROOM,PR,Y,Y,N,None,IIU7623,35:19.2,corpsvcmtxcutoverrpt_sql,38:19.0,xrdcwddbsuip06,MTX_ACOE_Cutover_Reporting,UI_Excel_Select_Xwalk_Source_Accommodations,facility,*ALL*,QXA4067,07:43.2
1990,COCPE,HC,Hospice Care,HC,Y,"TEST (2026-04-21),ZCON (2026-04-21),LIVE (2026-02-12)",0,COCPE,PR,PRIVATE ROOM,PR,Y,Y,N,None,IIU7623,35:19.2,corpsvcmtxcutoverrpt_sql,38:19.0,xrdcwddbsuip06,MTX_ACOE_Cutover_Reporting,UI_Excel_Select_Xwalk_Source_Accommodations,facility,*ALL*,QXA4067,07:43.2
1991,COCPE,IC,INTENSIVE CARE,IC,Y,"TEST (2026-04-21),ZCON (2026-04-21),LIVE (2026-02-12)",0,COCPE,IC,INTENSIVE CARE,IC,Y,Y,N,None,IIU7623,35:19.3,corpsvcmtxcutoverrpt_sql,38:19.0,xrdcwddbsuip06,MTX_ACOE_Cutover_Reporting,UI_Excel_Select_Xwalk_Source_Accommodations,facility,*ALL*,QXA4067,07:43.2
1992,COCPE,II,INTENSIVE CARE ISOLATION,II,N,NO MATCH,0,COCPE,,,,,N,Y,None,IIU7623,54:44.7,corpsvcmtxcutoverrpt_sql,38:19.0,xrdcwddbsuip06,MTX_ACOE_Cutover_Reporting,UI_Excel_Select_Xwalk_Source_Accommodations,facility,*ALL*,QXA4067,07:43.2
1993,COCPE,IN,INTENSIVE NURSERY,IN,Y,"TEST (2026-04-21),ZCON (2026-04-21),LIVE (2026-02-12)",0,COCPE,PR,PRIVATE ROOM,PR,Y,Y,N,None,IIU7623,35:19.3,corpsvcmtxcutoverrpt_sql,38:19.0,xrdcwddbsuip06,MTX_ACOE_Cutover_Reporting,UI_Excel_Select_Xwalk_Source_Accommodations,facility,*ALL*,QXA4067,07:43.2
1994,COCPE,JP,JUSTIFIED PRIVATE,JP,Y,"TEST (2026-04-21),ZCON (2026-04-21),LIVE (2026-02-12)",0,COCPE,PR,PRIVATE ROOM,PR,Y,Y,N,None,IIU7623,35:19.3,corpsvcmtxcutoverrpt_sql,38:19.0,xrdcwddbsuip06,MTX_ACOE_Cutover_Reporting,UI_Excel_Select_Xwalk_Source_Accommodations,facility,*ALL*,QXA4067,07:43.2
1995,COCPE,MC,MONITORED CARE,MC,Y,"TEST (2026-04-21),ZCON (2026-04-21),LIVE (2026-02-12)",0,COCPE,TEL,TELEMETRY,TE,Y,Y,N,None,QVO8748,10:05.1,corpsvcmtxcutoverrpt_sql,38:19.0,xrdcwddbsuip06,MTX_ACOE_Cutover_Reporting,UI_Excel_Select_Xwalk_Source_Accommodations,facility,*ALL*,QXA4067,07:43.2
1996,COCPE,NA,NURSERY ADMISSION,NA,Y,"TEST (2026-04-21),ZCON (2026-04-21),LIVE (2026-02-12)",0,COCPE,PR,PRIVATE ROOM,PR,Y,Y,N,None,IIU7623,35:19.4,corpsvcmtxcutoverrpt_sql,38:19.0,xrdcwddbsuip06,MTX_ACOE_Cutover_Reporting,UI_Excel_Select_Xwalk_Source_Accommodations,facility,*ALL*,QXA4067,07:43.2
1997,COCPE,NB,NURSERY,NB,Y,"TEST (2026-04-21),ZCON (2026-04-21),LIVE (2026-02-12)",0,COCPE,PR,PRIVATE ROOM,PR,Y,Y,N,None,IIU7623,35:19.4,corpsvcmtxcutoverrpt_sql,38:19.0,xrdcwddbsuip06,MTX_ACOE_Cutover_Reporting,UI_Excel_Select_Xwalk_Source_Accommodations,facility,*ALL*,QXA4067,07:43.2
1998,COCPE,NI,NURSERY ISOLATION,NI,Y,"TEST (2026-04-21),ZCON (2026-04-21),LIVE (2026-02-12)",0,COCPE,PR,PRIVATE ROOM,PR,Y,Y,N,None,IIU7623,35:19.4,corpsvcmtxcutoverrpt_sql,38:19.0,xrdcwddbsuip06,MTX_ACOE_Cutover_Reporting,UI_Excel_Select_Xwalk_Source_Accommodations,facility,*ALL*,QXA4067,07:43.2
1999,COCPE,OB,OBSTETRICS,OB,Y,"TEST (2026-04-21),ZCON (2026-04-21),LIVE (2026-02-12)",0,COCPE,PR,PRIVATE ROOM,PR,Y,Y,N,None,IIU7623,35:19.5,corpsvcmtxcutoverrpt_sql,38:19.0,xrdcwddbsuip06,MTX_ACOE_Cutover_Reporting,UI_Excel_Select_Xwalk_Source_Accommodations,facility,*ALL*,QXA4067,07:43.2
2000,COCPE,OI,OBSTETRIC ISOLATION,OI,Y,"TEST (2026-04-21),ZCON (2026-04-21),LIVE (2026-02-12)",0,COCPE,PR,PRIVATE ROOM,PR,Y,Y,N,None,IIU7623,35:19.5,corpsvcmtxcutoverrpt_sql,38:19.0,xrdcwddbsuip06,MTX_ACOE_Cutover_Reporting,UI_Excel_Select_Xwalk_Source_Accommodations,facility,*ALL*,QXA4067,07:43.2
2001,COCPE,OS,OBSERVATION,OS,Y,"TEST (2026-04-21),ZCON (2026-04-21),LIVE (2026-02-12)",0,COCPE,PR,PRIVATE ROOM,PR,Y,Y,N,None,IIU7623,35:19.5,corpsvcmtxcutoverrpt_sql,38:19.0,xrdcwddbsuip06,MTX_ACOE_Cutover_Reporting,UI_Excel_Select_Xwalk_Source_Accommodations,facility,*ALL*,QXA4067,07:43.2
2002,COCPE,OT,ORTHOPEDICS,OT,Y,"TEST (2026-04-21),ZCON (2026-04-21),LIVE (2026-02-12)",0,COCPE,PR,PRIVATE ROOM,PR,Y,Y,N,None,IIU7623,35:19.6,corpsvcmtxcutoverrpt_sql,38:19.0,xrdcwddbsuip06,MTX_ACOE_Cutover_Reporting,UI_Excel_Select_Xwalk_Source_Accommodations,facility,*ALL*,QXA4067,07:43.2
2003,COCPE,PC,PROGRESSIVE CARE,PC,Y,"TEST (2026-04-21),ZCON (2026-04-21),LIVE (2026-02-12)",0,COCPE,PR,PRIVATE ROOM,PR,Y,Y,N,None,IIU7623,35:19.6,corpsvcmtxcutoverrpt_sql,38:19.0,xrdcwddbsuip06,MTX_ACOE_Cutover_Reporting,UI_Excel_Select_Xwalk_Source_Accommodations,facility,*ALL*,QXA4067,07:43.2
2004,COCPE,PI,PRIVATE ISOLATION,PI,N,NO MATCH,0,COCPE,,,,,N,Y,None,IIU7623,54:44.7,corpsvcmtxcutoverrpt_sql,38:19.0,xrdcwddbsuip06,MTX_ACOE_Cutover_Reporting,UI_Excel_Select_Xwalk_Source_Accommodations,facility,*ALL*,QXA4067,07:43.2
2005,COCPE,PR,PRIVATE ROOM,P,Y,"TEST (2026-04-21),ZCON (2026-04-21),LIVE (2026-02-12)",0,COCPE,PR,PRIVATE ROOM,PR,Y,Y,N,None,IIU7623,35:19.6,corpsvcmtxcutoverrpt_sql,38:19.0,xrdcwddbsuip06,MTX_ACOE_Cutover_Reporting,UI_Excel_Select_Xwalk_Source_Accommodations,facility,*ALL*,QXA4067,07:43.2
2006,COCPE,PS,ADULT PSYCHIATRIC,PS,Y,"TEST (2026-04-21),ZCON (2026-04-21),LIVE (2026-02-12)",0,COCPE,BH,BEHAVIORAL HEALTH,BH,Y,Y,N,None,IIU7623,35:19.7,corpsvcmtxcutoverrpt_sql,38:19.0,xrdcwddbsuip06,MTX_ACOE_Cutover_Reporting,UI_Excel_Select_Xwalk_Source_Accommodations,facility,*ALL*,QXA4067,07:43.2
2007,COCPE,SC,SURGICAL CARE,SC,Y,"TEST (2026-04-21),ZCON (2026-04-21),LIVE (2026-02-12)",0,COCPE,PR,PRIVATE ROOM,PR,Y,Y,N,None,IIU7623,35:19.7,corpsvcmtxcutoverrpt_sql,38:19.0,xrdcwddbsuip06,MTX_ACOE_Cutover_Reporting,UI_Excel_Select_Xwalk_Source_Accommodations,facility,*ALL*,QXA4067,07:43.2
2008,COCPE,SI,SEMI-PRIVATE ISOLATION,SI,N,NO MATCH,0,COCPE,,,,,N,Y,None,IIU7623,54:44.8,corpsvcmtxcutoverrpt_sql,38:19.0,xrdcwddbsuip06,MTX_ACOE_Cutover_Reporting,UI_Excel_Select_Xwalk_Source_Accommodations,facility,*ALL*,QXA4067,07:43.2
2009,COCPE,SKP,SKILLED NURSING PRIVATE,SP,Y,"TEST (2026-04-21),ZCON (2026-04-21),LIVE (2026-02-12)",0,COCPE,PR,PRIVATE ROOM,PR,Y,Y,N,None,IIU7623,35:19.7,corpsvcmtxcutoverrpt_sql,38:19.0,xrdcwddbsuip06,MTX_ACOE_Cutover_Reporting,UI_Excel_Select_Xwalk_Source_Accommodations,facility,*ALL*,QXA4067,07:43.2
2010,COCPE,SKS,SKILLED NURSING SEMI-PRIVATE,SS,Y,"TEST (2026-04-21),ZCON (2026-04-21),LIVE (2026-02-12)",0,COCPE,PR,PRIVATE ROOM,PR,Y,Y,N,None,IIU7623,35:19.8,corpsvcmtxcutoverrpt_sql,38:19.0,xrdcwddbsuip06,MTX_ACOE_Cutover_Reporting,UI_Excel_Select_Xwalk_Source_Accommodations,facility,*ALL*,QXA4067,07:43.2
2011,COCPE,SP,SEMI-PRIVATE ROOM,S,Y,"TEST (2026-04-21),ZCON (2026-04-21),LIVE (2026-02-12)",0,COCPE,SP,SEMI PRIVATE ROOM,SP,Y,Y,N,None,IIU7623,35:19.8,corpsvcmtxcutoverrpt_sql,38:19.0,xrdcwddbsuip06,MTX_ACOE_Cutover_Reporting,UI_Excel_Select_Xwalk_Source_Accommodations,facility,*ALL*,QXA4067,07:43.2
2012,COCPE,SPI,SNF PRIVATE ISOLATION,IP,Y,"TEST (2026-04-21),ZCON (2026-04-21),LIVE (2026-02-12)",0,COCPE,PR,PRIVATE ROOM,PR,Y,Y,N,None,IIU7623,35:19.8,corpsvcmtxcutoverrpt_sql,38:19.0,xrdcwddbsuip06,MTX_ACOE_Cutover_Reporting,UI_Excel_Select_Xwalk_Source_Accommodations,facility,*ALL*,QXA4067,07:43.2
2013,COCPE,SSI,SNF SEMI-PVT ISOLATION,IS,Y,"TEST (2026-04-21),ZCON (2026-04-21),LIVE (2026-02-12)",0,COCPE,PR,PRIVATE ROOM,PR,Y,Y,N,None,IIU7623,35:19.8,corpsvcmtxcutoverrpt_sql,38:19.0,xrdcwddbsuip06,MTX_ACOE_Cutover_Reporting,UI_Excel_Select_Xwalk_Source_Accommodations,facility,*ALL*,QXA4067,07:43.2
2014,COCPF,___N/A___20250403142744,Net New Expanse Location--no MT56 data,,,NO MATCH,0,COCPF,LDHR,LABOR AND DELIVERY HIGH RISK,HR,Y,Y,N,None,FRE8115,10:15.8,HCA\IIU4396,17:12.8,xrdcwddbsuip06,MTX_ACOE_Cutover_Reporting,UI_Excel_Select_Xwalk_Source_Accommodations,facility,*ALL*,QXA4067,07:43.2
2015,COCPF,3ESE,3 EAST SEMI,TE,N,NO MATCH,0,COCPF,,,,,N,Y,None,JKB0282,47:14.2,HCA\IIU4396,46:47.7,xrdcwddbsuip06,MTX_ACOE_Cutover_Reporting,UI_Excel_Select_Xwalk_Source_Accommodations,facility,*ALL*,QXA4067,07:43.2
2016,COCPF,3ETL,3 EAST TELEMETRY,ET,N,NO MATCH,0,COCPF,,,,,N,Y,None,JKB0282,47:14.3,HCA\IIU4396,46:47.7,xrdcwddbsuip06,MTX_ACOE_Cutover_Reporting,UI_Excel_Select_Xwalk_Source_Accommodations,facility,*ALL*,QXA4067,07:43.2
2017,COCPF,BURN,Burn Intensive Care,BU,N,NO MATCH,0,COCPF,,,,,N,Y,None,JKB0282,47:14.4,HCA\IIU4396,46:47.7,xrdcwddbsuip06,MTX_ACOE_Cutover_Reporting,UI_Excel_Select_Xwalk_Source_Accommodations,facility,*ALL*,QXA4067,07:43.2
2018,COCPF,CC,Coronary Care,CO,N,NO MATCH,0,COCPF,,,,,N,Y,None,JKB0282,47:14.5,HCA\IIU4396,46:47.7,xrdcwddbsuip06,MTX_ACOE_Cutover_Reporting,UI_Excel_Select_Xwalk_Source_Accommodations,facility,*ALL*,QXA4067,07:43.2
2019,COCPF,DX,Detox,DX,N,NO MATCH,0,COCPF,,,,,N,Y,None,JKB0282,47:14.6,HCA\IIU4396,46:47.7,xrdcwddbsuip06,MTX_ACOE_Cutover_Reporting,UI_Excel_Select_Xwalk_Source_Accommodations,facility,*ALL*,QXA4067,07:43.2
2020,COCPF,HR,LABOR AND DELIVERY HIGH RISK,HR,Y,NO MATCH,0,COCPF,LDHR,LABOR AND DELIVERY HIGH RISK,HR,Y,Y,N,None,FRE8115,10:16.1,HCA\CORPSVCACOESSISPROXY,14:04.7,xrdcwddbsuip06,MTX_ACOE_Cutover_Reporting,UI_Excel_Select_Xwalk_Source_Accommodations,facility,*ALL*,QXA4067,07:43.2
2021,COCPF,IC,INTENSIVE CARE UNIT,IN,Y,NO MATCH,0,COCPF,IC,INTENSIVE CARE,IN,Y,Y,N,None,FRE8115,10:16.1,HCA\IIU4396,46:47.7,xrdcwddbsuip06,MTX_ACOE_Cutover_Reporting,UI_Excel_Select_Xwalk_Source_Accommodations,facility,*ALL*,QXA4067,07:43.2
2022,COCPF,IM,INTERMEDIATE CARE,IR,Y,NO MATCH,0,COCPF,PC,PROGRESSIVE CARE,IR,Y,Y,N,None,FRE8115,10:16.2,HCA\IIU4396,46:47.7,xrdcwddbsuip06,MTX_ACOE_Cutover_Reporting,UI_Excel_Select_Xwalk_Source_Accommodations,facility,*ALL*,QXA4067,07:43.2
2023,COCPF,IS,ISOLATION-MED/SURG,IS,N,NO MATCH,0,COCPF,,,,,N,Y,None,JKB0282,47:14.7,HCA\IIU4396,46:47.7,xrdcwddbsuip06,MTX_ACOE_Cutover_Reporting,UI_Excel_Select_Xwalk_Source_Accommodations,facility,*ALL*,QXA4067,07:43.2
2024,COCPF,IS-T,ISOLATION TELEMETRY,IT,N,NO MATCH,0,COCPF,,,,,N,Y,None,JKB0282,47:14.8,HCA\IIU4396,46:47.7,xrdcwddbsuip06,MTX_ACOE_Cutover_Reporting,UI_Excel_Select_Xwalk_Source_Accommodations,facility,*ALL*,QXA4067,07:43.2
2025,COCPF,L1,NEWBORN LEVEL I,L1,Y,NO MATCH,0,COCPF,L1,NEWBORN LEVEL I CARE,L1,Y,Y,N,None,FRE8115,10:16.6,HCA\CORPSVCACOESSISPROXY,14:05.9,xrdcwddbsuip06,MTX_ACOE_Cutover_Reporting,UI_Excel_Select_Xwalk_Source_Accommodations,facility,*ALL*,QXA4067,07:43.2
2026,COCPF,L2,NEWBORN LEVEL II,L2,Y,NO MATCH,0,COCPF,L2,NEWBORN LEVEL II CARE,L2,Y,Y,N,None,FRE8115,10:16.6,HCA\CORPSVCACOESSISPROXY,14:05.9,xrdcwddbsuip06,MTX_ACOE_Cutover_Reporting,UI_Excel_Select_Xwalk_Source_Accommodations,facility,*ALL*,QXA4067,07:43.2
2027,COCPF,L3,NEWBORN LEVEL III,L3,Y,NO MATCH,0,COCPF,L3,NEWBORN LEVEL III CARE,L3,Y,Y,N,None,FRE8115,10:16.7,HCA\CORPSVCACOESSISPROXY,14:05.9,xrdcwddbsuip06,MTX_ACOE_Cutover_Reporting,UI_Excel_Select_Xwalk_Source_Accommodations,facility,*ALL*,QXA4067,07:43.2
2028,COCPF,L4,NEWBORN LEVEL IV,L4,Y,NO MATCH,0,COCPF,L4,NEWBORN LEVEL IV CARE,L4,Y,Y,N,None,FRE8115,10:16.7,HCA\CORPSVCACOESSISPROXY,14:05.9,xrdcwddbsuip06,MTX_ACOE_Cutover_Reporting,UI_Excel_Select_Xwalk_Source_Accommodations,facility,*ALL*,QXA4067,07:43.2
2029,COCPF,LD,LABOR & DELIVERY,LD,Y,NO MATCH,0,COCPF,LD,LABOR AND DELIVERY,LD,Y,Y,N,None,FRE8115,10:16.8,HCA\IIU4396,46:47.7,xrdcwddbsuip06,MTX_ACOE_Cutover_Reporting,UI_Excel_Select_Xwalk_Source_Accommodations,facility,*ALL*,QXA4067,07:43.2
2030,COCPF,MS,Med Surg,MD,Y,NO MATCH,0,COCPF,MS,MED SURG,MD,Y,Y,N,None,FRE8115,10:16.8,HCA\IIU4396,46:47.7,xrdcwddbsuip06,MTX_ACOE_Cutover_Reporting,UI_Excel_Select_Xwalk_Source_Accommodations,facility,*ALL*,QXA4067,07:43.2
2031,COCPF,MS-P,MED/SURG PRIV,MP,N,NO MATCH,0,COCPF,,,,,N,Y,None,JKB0282,47:14.9,HCA\IIU4396,46:47.7,xrdcwddbsuip06,MTX_ACOE_Cutover_Reporting,UI_Excel_Select_Xwalk_Source_Accommodations,facility,*ALL*,QXA4067,07:43.2
2032,COCPF,MS-S,MED/SURG SEMI,MS,N,NO MATCH,0,COCPF,,,,,N,Y,None,JKB0282,47:15.0,HCA\IIU4396,46:47.7,xrdcwddbsuip06,MTX_ACOE_Cutover_Reporting,UI_Excel_Select_Xwalk_Source_Accommodations,facility,*ALL*,QXA4067,07:43.2
2033,COCPF,N1,NICU Level 1,NO,N,NO MATCH,0,COCPF,,,,,N,Y,None,JKB0282,47:15.1,HCA\IIU4396,46:47.7,xrdcwddbsuip06,MTX_ACOE_Cutover_Reporting,UI_Excel_Select_Xwalk_Source_Accommodations,facility,*ALL*,QXA4067,07:43.2
2034,COCPF,N2,NICU Level 2,NT,Y,NO MATCH,0,COCPF,,,,,N,Y,None,FRE8115,10:17.0,HCA\IIU4396,46:47.7,xrdcwddbsuip06,MTX_ACOE_Cutover_Reporting,UI_Excel_Select_Xwalk_Source_Accommodations,facility,*ALL*,QXA4067,07:43.2
2035,COCPF,N3,NICU Level 3,N3,Y,NO MATCH,0,COCPF,,,,,N,Y,None,FRE8115,10:17.0,HCA\IIU4396,46:47.7,xrdcwddbsuip06,MTX_ACOE_Cutover_Reporting,UI_Excel_Select_Xwalk_Source_Accommodations,facility,*ALL*,QXA4067,07:43.2
2036,COCPF,N4,NICU Level 4,N4,Y,NO MATCH,0,COCPF,,,,,N,Y,None,FRE8115,10:17.1,HCA\IIU4396,46:47.7,xrdcwddbsuip06,MTX_ACOE_Cutover_Reporting,UI_Excel_Select_Xwalk_Source_Accommodations,facility,*ALL*,QXA4067,07:43.2
2037,COCPF,NB,NEWBORN,NB,Y,NO MATCH,0,COCPF,L1,NEWBORN LEVEL I CARE,L1,Y,Y,N,None,FRE8115,10:17.1,HCA\IIU4396,46:47.7,xrdcwddbsuip06,MTX_ACOE_Cutover_Reporting,UI_Excel_Select_Xwalk_Source_Accommodations,facility,*ALL*,QXA4067,07:43.2
2038,COCPF,NU,NEWBORN NURSERY,B,N,NO MATCH,0,COCPF,,,,,N,Y,None,JKB0282,47:15.2,HCA\IIU4396,46:47.7,xrdcwddbsuip06,MTX_ACOE_Cutover_Reporting,UI_Excel_Select_Xwalk_Source_Accommodations,facility,*ALL*,QXA4067,07:43.2
2039,COCPF,OB,OBSTETRICS,OB,N,NO MATCH,0,COCPF,,,,,N,Y,None,JKB0282,47:15.3,HCA\IIU4396,46:47.7,xrdcwddbsuip06,MTX_ACOE_Cutover_Reporting,UI_Excel_Select_Xwalk_Source_Accommodations,facility,*ALL*,QXA4067,07:43.2
2040,COCPF,OC,Obstetrics,OC,Y,NO MATCH,0,COCPF,PR,PRIVATE ROOM,OC,Y,Y,N,None,FRE8115,10:17.2,HCA\IIU4396,46:47.7,xrdcwddbsuip06,MTX_ACOE_Cutover_Reporting,UI_Excel_Select_Xwalk_Source_Accommodations,facility,*ALL*,QXA4067,07:43.2
2041,COCPF,ONC,ADULT ONCOLOGY,ON,N,NO MATCH,0,COCPF,,,,,N,Y,None,JKB0282,47:15.4,HCA\IIU4396,46:47.7,xrdcwddbsuip06,MTX_ACOE_Cutover_Reporting,UI_Excel_Select_Xwalk_Source_Accommodations,facility,*ALL*,QXA4067,07:43.2
2042,COCPF,PED-P,PEDIATRIC PRIVATE,PP,N,NO MATCH,0,COCPF,,,,,N,Y,None,JKB0282,47:15.5,HCA\IIU4396,46:47.7,xrdcwddbsuip06,MTX_ACOE_Cutover_Reporting,UI_Excel_Select_Xwalk_Source_Accommodations,facility,*ALL*,QXA4067,07:43.2
2043,COCPF,PED-PO,PEDIATRIC PRIVATE ONCOLOGY,PO,N,NO MATCH,0,COCPF,,,,,N,Y,None,JKB0282,47:15.6,HCA\IIU4396,46:47.7,xrdcwddbsuip06,MTX_ACOE_Cutover_Reporting,UI_Excel_Select_Xwalk_Source_Accommodations,facility,*ALL*,QXA4067,07:43.2
2044,COCPF,PED-S,PEDIATRIC SEMI,PS,N,NO MATCH,0,COCPF,,,,,N,Y,None,JKB0282,47:15.7,HCA\IIU4396,46:47.7,xrdcwddbsuip06,MTX_ACOE_Cutover_Reporting,UI_Excel_Select_Xwalk_Source_Accommodations,facility,*ALL*,QXA4067,07:43.2
2045,COCPF,PED-SO,PEDIATRIC SEMI ONCOLOGY,SO,N,NO MATCH,0,COCPF,,,,,N,Y,None,JKB0282,47:15.8,HCA\IIU4396,46:47.7,xrdcwddbsuip06,MTX_ACOE_Cutover_Reporting,UI_Excel_Select_Xwalk_Source_Accommodations,facility,*ALL*,QXA4067,07:43.2
2046,COCPF,PEDS,Pediatrics,PE,Y,NO MATCH,0,COCPF,P,PEDIATRIC,PE,Y,Y,N,None,FRE8115,10:17.5,HCA\IIU4396,46:47.7,xrdcwddbsuip06,MTX_ACOE_Cutover_Reporting,UI_Excel_Select_Xwalk_Source_Accommodations,facility,*ALL*,QXA4067,07:43.2
2047,COCPF,PI,PICU,PI,N,NO MATCH,0,COCPF,,,,,N,Y,None,JKB0282,47:15.9,HCA\IIU4396,46:47.7,xrdcwddbsuip06,MTX_ACOE_Cutover_Reporting,UI_Excel_Select_Xwalk_Source_Accommodations,facility,*ALL*,QXA4067,07:43.2
2048,COCPF,PICU,PICU,PD,Y,NO MATCH,0,COCPF,PIC,PEDIATRIC INTENSIVE CARE,PD,Y,Y,N,None,FRE8115,10:17.6,HCA\IIU4396,46:47.7,xrdcwddbsuip06,MTX_ACOE_Cutover_Reporting,UI_Excel_Select_Xwalk_Source_Accommodations,facility,*ALL*,QXA4067,07:43.2
2049,COCPF,PN,Perinatal Unit,PN,Y,NO MATCH,0,COCPF,PR,PRIVATE ROOM,OC,Y,Y,N,None,FRE8115,10:17.6,HCA\IIU4396,46:47.7,xrdcwddbsuip06,MTX_ACOE_Cutover_Reporting,UI_Excel_Select_Xwalk_Source_Accommodations,facility,*ALL*,QXA4067,07:43.2
2050,COCPF,PRIV,PRIVATE (NOT MEDICALLY NEC),P,N,NO MATCH,0,COCPF,,,,,N,Y,None,JKB0282,4/29/2025 15:47,HCA\IIU4396,46:47.7,xrdcwddbsuip06,MTX_ACOE_Cutover_Reporting,UI_Excel_Select_Xwalk_Source_Accommodations,facility,*ALL*,QXA4067,07:43.2
2051,COCPF,SB,SWING BED,SB,N,NO MATCH,0,COCPF,,,,,N,Y,None,JKB0282,47:16.1,HCA\CORPSVCACOESSISPROXY,14:05.4,xrdcwddbsuip06,MTX_ACOE_Cutover_Reporting,UI_Excel_Select_Xwalk_Source_Accommodations,facility,*ALL*,QXA4067,07:43.2
2052,COCPF,SEMI,SEMI PRIVATE,S,N,NO MATCH,0,COCPF,,,,,N,Y,None,JKB0282,47:16.2,HCA\IIU4396,46:47.7,xrdcwddbsuip06,MTX_ACOE_Cutover_Reporting,UI_Excel_Select_Xwalk_Source_Accommodations,facility,*ALL*,QXA4067,07:43.2
2053,COCPF,T,Tele,T,Y,NO MATCH,0,COCPF,TEL,TELEMETRY,T,Y,Y,N,None,FRE8115,10:17.8,HCA\IIU4396,46:47.7,xrdcwddbsuip06,MTX_ACOE_Cutover_Reporting,UI_Excel_Select_Xwalk_Source_Accommodations,facility,*ALL*,QXA4067,07:43.2
2054,COCPF,TL,TELEMETRY,TL,N,NO MATCH,0,COCPF,,,,,N,Y,None,JKB0282,47:16.3,HCA\IIU4396,46:47.7,xrdcwddbsuip06,MTX_ACOE_Cutover_Reporting,UI_Excel_Select_Xwalk_Source_Accommodations,facility,*ALL*,QXA4067,07:43.2
2055,COCPF,TLP,TELEMETRY PRIVATE,TP,N,NO MATCH,0,COCPF,,,,,N,Y,None,JKB0282,47:16.4,HCA\IIU4396,46:47.7,xrdcwddbsuip06,MTX_ACOE_Cutover_Reporting,UI_Excel_Select_Xwalk_Source_Accommodations,facility,*ALL*,QXA4067,07:43.2
2056,COCPF,TLS,TELEMETRY SEMI,TS,N,NO MATCH,0,COCPF,,,,,N,Y,None,JKB0282,47:16.5,HCA\IIU4396,46:47.7,xrdcwddbsuip06,MTX_ACOE_Cutover_Reporting,UI_Excel_Select_Xwalk_Source_Accommodations,facility,*ALL*,QXA4067,07:43.2
2057,COCPF,TR,Trauma Intensive Care,TR,N,NO MATCH,0,COCPF,,,,,N,Y,None,JKB0282,47:16.6,HCA\IIU4396,46:47.7,xrdcwddbsuip06,MTX_ACOE_Cutover_Reporting,UI_Excel_Select_Xwalk_Source_Accommodations,facility,*ALL*,QXA4067,07:43.2
2058,COCPF,VIP,PRIVATE SUITE,VI,N,NO MATCH,0,COCPF,,,,,N,Y,None,JKB0282,47:16.7,HCA\IIU4396,46:47.7,xrdcwddbsuip06,MTX_ACOE_Cutover_Reporting,UI_Excel_Select_Xwalk_Source_Accommodations,facility,*ALL*,QXA4067,07:43.2
2059,COCPL,E.AC,ACUTE CARE PEDIATRIC UNIT,AC,Y,NO MATCH,0,COCPL,PR,PRIVATE ROOM,P,Y,Y,N,None,DJU8757,08:59.6,corpsvcmtxcutoverrpt_sql,12:30.1,xrdcwddbsuip06,MTX_ACOE_Cutover_Reporting,UI_Excel_Select_Xwalk_Source_Accommodations,facility,*ALL*,QXA4067,07:43.2
2060,COCPL,E.ANTE,ANTEPARTUM,AN,Y,NO MATCH,0,COCPL,AP,ANTEPARTUM,AP,Y,Y,N,None,DJU8757,08:59.8,corpsvcmtxcutoverrpt_sql,12:30.1,xrdcwddbsuip06,MTX_ACOE_Cutover_Reporting,UI_Excel_Select_Xwalk_Source_Accommodations,facility,*ALL*,QXA4067,07:43.2
2061,COCPL,E.ANTEMON,ANTEPARTUM MONITORED,AM,Y,NO MATCH,8,COCPL,AP,ANTEPARTUM,AP,Y,Y,N,None,DJU8757,08:59.9,corpsvcmtxcutoverrpt_sql,12:30.1,xrdcwddbsuip06,MTX_ACOE_Cutover_Reporting,UI_Excel_Select_Xwalk_Source_Accommodations,facility,*ALL*,QXA4067,07:43.2
2062,COCPL,E.B1,Neonatal ICU Isolation,B1,N,NO MATCH,0,COCPL,,,,,N,Y,None,DJU8757,58:37.6,corpsvcmtxcutoverrpt_sql,12:30.1,xrdcwddbsuip06,MTX_ACOE_Cutover_Reporting,UI_Excel_Select_Xwalk_Source_Accommodations,facility,*ALL*,QXA4067,07:43.2
2063,COCPL,E.B2,Neonatal ICU,B2,Y,NO MATCH,0,COCPL,L4,NEWBORN LEVEL IV CARE,L4,Y,Y,N,None,DJU8757,09:00.1,corpsvcmtxcutoverrpt_sql,12:30.1,xrdcwddbsuip06,MTX_ACOE_Cutover_Reporting,UI_Excel_Select_Xwalk_Source_Accommodations,facility,*ALL*,QXA4067,07:43.2
2064,COCPL,E.B3,Neonatal Acute Isolation,B3,N,NO MATCH,0,COCPL,,,,,N,Y,None,DJU8757,58:37.8,corpsvcmtxcutoverrpt_sql,12:30.1,xrdcwddbsuip06,MTX_ACOE_Cutover_Reporting,UI_Excel_Select_Xwalk_Source_Accommodations,facility,*ALL*,QXA4067,07:43.2
2065,COCPL,E.B4,Neonatal Acute,B4,Y,NO MATCH,0,COCPL,L3,NEWBORN LEVEL III CARE,L3,Y,Y,N,None,DJU8757,09:00.2,corpsvcmtxcutoverrpt_sql,12:30.1,xrdcwddbsuip06,MTX_ACOE_Cutover_Reporting,UI_Excel_Select_Xwalk_Source_Accommodations,facility,*ALL*,QXA4067,07:43.2
2066,COCPL,E.B5,Neonatal Intermediate Isolatio,B5,N,NO MATCH,0,COCPL,,,,,N,Y,None,DJU8757,58:37.9,corpsvcmtxcutoverrpt_sql,12:30.1,xrdcwddbsuip06,MTX_ACOE_Cutover_Reporting,UI_Excel_Select_Xwalk_Source_Accommodations,facility,*ALL*,QXA4067,07:43.2
2067,COCPL,E.B6,Neonatal Intermediate,B6,Y,NO MATCH,0,COCPL,L2,NEWBORN LEVEL II CARE,L2,Y,Y,N,None,DJU8757,09:00.3,corpsvcmtxcutoverrpt_sql,12:30.1,xrdcwddbsuip06,MTX_ACOE_Cutover_Reporting,UI_Excel_Select_Xwalk_Source_Accommodations,facility,*ALL*,QXA4067,07:43.2
2068,COCPL,E.BB,BOARDER BABY,BB,N,NO MATCH,0,COCPL,,,,,N,Y,None,DJU8757,58:38.1,corpsvcmtxcutoverrpt_sql,12:30.1,xrdcwddbsuip06,MTX_ACOE_Cutover_Reporting,UI_Excel_Select_Xwalk_Source_Accommodations,facility,*ALL*,QXA4067,07:43.2
2069,COCPL,E.BR,BURN UNIT,BR,Y,NO MATCH,28,COCPL,BIC,BURN INTENSIVE CARE,BC,Y,Y,N,None,DJU8757,09:00.5,corpsvcmtxcutoverrpt_sql,12:30.1,xrdcwddbsuip06,MTX_ACOE_Cutover_Reporting,UI_Excel_Select_Xwalk_Source_Accommodations,facility,*ALL*,QXA4067,07:43.2
2070,COCPL,E.CATH,CATH LAB FROM ED,CA,Y,NO MATCH,0,COCPL,PR,PRIVATE ROOM,P,Y,Y,N,None,DJU8757,09:00.6,corpsvcmtxcutoverrpt_sql,12:30.1,xrdcwddbsuip06,MTX_ACOE_Cutover_Reporting,UI_Excel_Select_Xwalk_Source_Accommodations,facility,*ALL*,QXA4067,07:43.2
2071,COCPL,E.CC,CCU,CC,Y,NO MATCH,19,COCPL,CC,CORONARY CARE,CC,Y,Y,N,None,DJU8757,09:01.0,corpsvcmtxcutoverrpt_sql,12:30.1,xrdcwddbsuip06,MTX_ACOE_Cutover_Reporting,UI_Excel_Select_Xwalk_Source_Accommodations,facility,*ALL*,QXA4067,07:43.2
2072,COCPL,E.CP,Children Private Overflow,CP,Y,NO MATCH,0,COCPL,PR,PRIVATE ROOM,P,Y,Y,N,None,DJU8757,09:01.1,corpsvcmtxcutoverrpt_sql,12:30.1,xrdcwddbsuip06,MTX_ACOE_Cutover_Reporting,UI_Excel_Select_Xwalk_Source_Accommodations,facility,*ALL*,QXA4067,07:43.2
2073,COCPL,E.CS,Children Semi Private Overflow,CS,Y,NO MATCH,0,COCPL,SP,SEMI PRIVATE ROOM,SP,Y,Y,N,None,DJU8757,09:01.3,corpsvcmtxcutoverrpt_sql,12:30.1,xrdcwddbsuip06,MTX_ACOE_Cutover_Reporting,UI_Excel_Select_Xwalk_Source_Accommodations,facility,*ALL*,QXA4067,07:43.2
2074,COCPL,E.DP,Deluxe Private,DP,Y,NO MATCH,0,COCPL,PR,PRIVATE ROOM,P,Y,Y,N,None,DJU8757,09:01.4,corpsvcmtxcutoverrpt_sql,12:30.1,xrdcwddbsuip06,MTX_ACOE_Cutover_Reporting,UI_Excel_Select_Xwalk_Source_Accommodations,facility,*ALL*,QXA4067,07:43.2
2075,COCPL,E.EDCARD,ED HOLD 7 CARDIAC,EC,Y,NO MATCH,0,COCPL,PR,PRIVATE ROOM,P,Y,Y,N,None,DJU8757,09:01.5,corpsvcmtxcutoverrpt_sql,12:30.1,xrdcwddbsuip06,MTX_ACOE_Cutover_Reporting,UI_Excel_Select_Xwalk_Source_Accommodations,facility,*ALL*,QXA4067,07:43.2
2076,COCPL,E.EDCN1,ED HOLD CCU POD 1,E1,Y,NO MATCH,0,COCPL,PR,PRIVATE ROOM,P,Y,Y,N,None,DJU8757,09:01.7,corpsvcmtxcutoverrpt_sql,12:30.1,xrdcwddbsuip06,MTX_ACOE_Cutover_Reporting,UI_Excel_Select_Xwalk_Source_Accommodations,facility,*ALL*,QXA4067,07:43.2
2077,COCPL,E.EDCN2,ED HOLD CCU POD 2,E2,Y,NO MATCH,0,COCPL,PR,PRIVATE ROOM,P,Y,Y,N,None,DJU8757,09:01.8,corpsvcmtxcutoverrpt_sql,12:30.1,xrdcwddbsuip06,MTX_ACOE_Cutover_Reporting,UI_Excel_Select_Xwalk_Source_Accommodations,facility,*ALL*,QXA4067,07:43.2
2078,COCPL,E.EDCN3,ED HOLD CCU POD 3,E3,Y,NO MATCH,0,COCPL,PR,PRIVATE ROOM,P,Y,Y,N,None,DJU8757,09:01.9,corpsvcmtxcutoverrpt_sql,12:30.1,xrdcwddbsuip06,MTX_ACOE_Cutover_Reporting,UI_Excel_Select_Xwalk_Source_Accommodations,facility,*ALL*,QXA4067,07:43.2
2079,COCPL,E.EDCN4,ED HOLD CCU POD 4,E4,N,NO MATCH,0,COCPL,,,,,N,Y,None,DJU8757,58:39.2,corpsvcmtxcutoverrpt_sql,12:30.1,xrdcwddbsuip06,MTX_ACOE_Cutover_Reporting,UI_Excel_Select_Xwalk_Source_Accommodations,facility,*ALL*,QXA4067,07:43.2
2080,COCPL,E.EDLD,ED HOLD LD/OB,EL,Y,NO MATCH,0,COCPL,LD,LABOR AND DELIVERY,LD,Y,Y,N,None,DJU8757,09:02.1,corpsvcmtxcutoverrpt_sql,12:30.1,xrdcwddbsuip06,MTX_ACOE_Cutover_Reporting,UI_Excel_Select_Xwalk_Source_Accommodations,facility,*ALL*,QXA4067,07:43.2
2081,COCPL,E.EDMS,ED HOLD 4 MED/SURG,E5,Y,NO MATCH,55,COCPL,PR,PRIVATE ROOM,P,Y,Y,N,None,DJU8757,09:02.3,corpsvcmtxcutoverrpt_sql,12:30.1,xrdcwddbsuip06,MTX_ACOE_Cutover_Reporting,UI_Excel_Select_Xwalk_Source_Accommodations,facility,*ALL*,QXA4067,07:43.2
2082,COCPL,E.EDMT,ED HOLD MED TELE,E6,Y,NO MATCH,0,COCPL,TEL,TELEMETRY,TE,Y,Y,N,None,DJU8757,09:02.4,corpsvcmtxcutoverrpt_sql,12:30.1,xrdcwddbsuip06,MTX_ACOE_Cutover_Reporting,UI_Excel_Select_Xwalk_Source_Accommodations,facility,*ALL*,QXA4067,07:43.2
2083,COCPL,E.EDNEURO,ED HOLD 6 NEURO,EN,Y,NO MATCH,3,COCPL,NI,NEURO ICU,NI,Y,Y,N,None,DJU8757,09:02.5,corpsvcmtxcutoverrpt_sql,12:30.1,xrdcwddbsuip06,MTX_ACOE_Cutover_Reporting,UI_Excel_Select_Xwalk_Source_Accommodations,facility,*ALL*,QXA4067,07:43.2
2084,COCPL,E.EDNSI,ED HOLD NEURO ICU,E7,Y,NO MATCH,0,COCPL,NI,NEURO ICU,NI,Y,Y,N,None,DJU8757,09:02.6,corpsvcmtxcutoverrpt_sql,12:30.1,xrdcwddbsuip06,MTX_ACOE_Cutover_Reporting,UI_Excel_Select_Xwalk_Source_Accommodations,facility,*ALL*,QXA4067,07:43.2
2085,COCPL,E.EDNSP,ED HOLD NEURO PCU,E8,Y,NO MATCH,0,COCPL,NI,NEURO ICU,NI,Y,Y,N,None,DJU8757,09:02.8,corpsvcmtxcutoverrpt_sql,12:30.1,xrdcwddbsuip06,MTX_ACOE_Cutover_Reporting,UI_Excel_Select_Xwalk_Source_Accommodations,facility,*ALL*,QXA4067,07:43.2
2086,COCPL,E.EDORT,ED HOLD 5 ORTHO,EO,Y,NO MATCH,8,COCPL,PR,PRIVATE ROOM,P,Y,Y,N,None,DJU8757,09:02.9,corpsvcmtxcutoverrpt_sql,12:30.1,xrdcwddbsuip06,MTX_ACOE_Cutover_Reporting,UI_Excel_Select_Xwalk_Source_Accommodations,facility,*ALL*,QXA4067,07:43.2
2087,COCPL,E.EDPED,ED HOLD 3 PED,EP,N,NO MATCH,0,COCPL,,,,,N,Y,None,DJU8757,58:40.1,corpsvcmtxcutoverrpt_sql,12:30.1,xrdcwddbsuip06,MTX_ACOE_Cutover_Reporting,UI_Excel_Select_Xwalk_Source_Accommodations,facility,*ALL*,QXA4067,07:43.2
2088,COCPL,E.EDWS,ED HOLD 2 WS,EW,Y,NO MATCH,0,COCPL,PR,PRIVATE ROOM,P,Y,Y,N,None,DJU8757,09:03.0,corpsvcmtxcutoverrpt_sql,12:30.1,xrdcwddbsuip06,MTX_ACOE_Cutover_Reporting,UI_Excel_Select_Xwalk_Source_Accommodations,facility,*ALL*,QXA4067,07:43.2
2089,COCPL,E.EMU,EMU INPATIENT BEDS,EM,Y,NO MATCH,0,COCPL,PR,PRIVATE ROOM,P,Y,Y,N,None,DJU8757,09:03.2,corpsvcmtxcutoverrpt_sql,12:30.1,xrdcwddbsuip06,MTX_ACOE_Cutover_Reporting,UI_Excel_Select_Xwalk_Source_Accommodations,facility,*ALL*,QXA4067,07:43.2
2090,COCPL,E.ENDO,ENDO FROM ED,GI,Y,NO MATCH,0,COCPL,PR,PRIVATE ROOM,P,Y,Y,N,None,DJU8757,09:03.3,corpsvcmtxcutoverrpt_sql,12:30.1,xrdcwddbsuip06,MTX_ACOE_Cutover_Reporting,UI_Excel_Select_Xwalk_Source_Accommodations,facility,*ALL*,QXA4067,07:43.2
2091,COCPL,E.IC,INTENSIVE CARE,IC,Y,NO MATCH,30,COCPL,IC,INTENSIVE CARE,IC,Y,Y,N,None,DJU8757,09:03.5,corpsvcmtxcutoverrpt_sql,12:30.1,xrdcwddbsuip06,MTX_ACOE_Cutover_Reporting,UI_Excel_Select_Xwalk_Source_Accommodations,facility,*ALL*,QXA4067,07:43.2
2092,COCPL,E.ICUECMO,ICU W/ECMO PRIVATE,IE,Y,NO MATCH,2,COCPL,EC,ECMO,EC,Y,Y,N,None,DJU8757,09:03.6,corpsvcmtxcutoverrpt_sql,12:30.1,xrdcwddbsuip06,MTX_ACOE_Cutover_Reporting,UI_Excel_Select_Xwalk_Source_Accommodations,facility,*ALL*,QXA4067,07:43.2
2093,COCPL,E.L1,NEWBORN LEVEL I,N1,Y,NO MATCH,0,COCPL,L1,NEWBORN LEVEL I CARE,L1,Y,Y,N,None,DJU8757,09:03.8,corpsvcmtxcutoverrpt_sql,12:30.1,xrdcwddbsuip06,MTX_ACOE_Cutover_Reporting,UI_Excel_Select_Xwalk_Source_Accommodations,facility,*ALL*,QXA4067,07:43.2
2094,COCPL,E.L2,Neonatal Intermediate (L2),N2,N,NO MATCH,0,COCPL,,,,,N,Y,None,DJU8757,58:40.7,corpsvcmtxcutoverrpt_sql,12:30.1,xrdcwddbsuip06,MTX_ACOE_Cutover_Reporting,UI_Excel_Select_Xwalk_Source_Accommodations,facility,*ALL*,QXA4067,07:43.2
2095,COCPL,E.L3,Neonatal Acute (L3),N3,N,NO MATCH,0,COCPL,,,,,N,Y,None,DJU8757,58:40.8,corpsvcmtxcutoverrpt_sql,12:30.1,xrdcwddbsuip06,MTX_ACOE_Cutover_Reporting,UI_Excel_Select_Xwalk_Source_Accommodations,facility,*ALL*,QXA4067,07:43.2
2096,COCPL,E.L4,Neonatal ICU (L4),N4,N,NO MATCH,0,COCPL,,,,,N,Y,None,DJU8757,58:40.8,corpsvcmtxcutoverrpt_sql,12:30.1,xrdcwddbsuip06,MTX_ACOE_Cutover_Reporting,UI_Excel_Select_Xwalk_Source_Accommodations,facility,*ALL*,QXA4067,07:43.2
2097,COCPL,E.LA,LEAVE OF ABSENCE,LA,Y,NO MATCH,0,COCPL,PR,PRIVATE ROOM,P,Y,Y,N,None,DJU8757,09:03.9,corpsvcmtxcutoverrpt_sql,12:30.1,xrdcwddbsuip06,MTX_ACOE_Cutover_Reporting,UI_Excel_Select_Xwalk_Source_Accommodations,facility,*ALL*,QXA4067,07:43.2
2098,COCPL,E.MB,MONITORED BED,MB,Y,NO MATCH,299,COCPL,TEL,TELEMETRY,TE,Y,Y,N,None,DJU8757,09:04.1,corpsvcmtxcutoverrpt_sql,12:30.1,xrdcwddbsuip06,MTX_ACOE_Cutover_Reporting,UI_Excel_Select_Xwalk_Source_Accommodations,facility,*ALL*,QXA4067,07:43.2
2099,COCPL,E.MSOP,MED/SURGE OVERFLOW PVT,MP,Y,NO MATCH,0,COCPL,PR,PRIVATE ROOM,P,Y,Y,N,None,DJU8757,09:04.2,corpsvcmtxcutoverrpt_sql,12:30.1,xrdcwddbsuip06,MTX_ACOE_Cutover_Reporting,UI_Excel_Select_Xwalk_Source_Accommodations,facility,*ALL*,QXA4067,07:43.2
2100,COCPL,E.MSOPT,MED/SURG OVERFLOW PVT TELE,MT,Y,NO MATCH,0,COCPL,PR,PRIVATE ROOM,P,Y,Y,N,None,DJU8757,09:04.3,corpsvcmtxcutoverrpt_sql,12:30.1,xrdcwddbsuip06,MTX_ACOE_Cutover_Reporting,UI_Excel_Select_Xwalk_Source_Accommodations,facility,*ALL*,QXA4067,07:43.2
2101,COCPL,E.NC,NON-CHARGE,NC,Y,NO MATCH,0,COCPL,PR,PRIVATE ROOM,P,Y,Y,N,None,DJU8757,09:04.5,corpsvcmtxcutoverrpt_sql,12:30.1,xrdcwddbsuip06,MTX_ACOE_Cutover_Reporting,UI_Excel_Select_Xwalk_Source_Accommodations,facility,*ALL*,QXA4067,07:43.2
2102,COCPL,E.NS,Nursery CLASS B Intervention,NS,N,NO MATCH,0,COCPL,,,,,N,Y,None,DJU8757,58:41.3,corpsvcmtxcutoverrpt_sql,12:30.1,xrdcwddbsuip06,MTX_ACOE_Cutover_Reporting,UI_Excel_Select_Xwalk_Source_Accommodations,facility,*ALL*,QXA4067,07:43.2
2103,COCPL,E.NSICU,NEURO SCIENCE ICU,NI,Y,NO MATCH,21,COCPL,NI,NEURO ICU,NI,Y,Y,N,None,DJU8757,09:04.6,corpsvcmtxcutoverrpt_sql,12:30.1,xrdcwddbsuip06,MTX_ACOE_Cutover_Reporting,UI_Excel_Select_Xwalk_Source_Accommodations,facility,*ALL*,QXA4067,07:43.2
2104,COCPL,E.NSP,NEURO PRIVATE OVERFLOW,NP,Y,NO MATCH,0,COCPL,PR,PRIVATE ROOM,P,Y,Y,N,None,DJU8757,09:04.8,corpsvcmtxcutoverrpt_sql,12:30.1,xrdcwddbsuip06,MTX_ACOE_Cutover_Reporting,UI_Excel_Select_Xwalk_Source_Accommodations,facility,*ALL*,QXA4067,07:43.2
2105,COCPL,E.NSPCU,NEURO SCIENCE PCU,NT,Y,NO MATCH,65,COCPL,PC,PROGRESSIVE CARE,PC,Y,Y,N,None,DJU8757,09:04.9,corpsvcmtxcutoverrpt_sql,12:30.1,xrdcwddbsuip06,MTX_ACOE_Cutover_Reporting,UI_Excel_Select_Xwalk_Source_Accommodations,facility,*ALL*,QXA4067,07:43.2
2106,COCPL,E.NU,Nursery CLASS A Normal,NU,Y,NO MATCH,1,COCPL,L1,NEWBORN LEVEL I CARE,L1,Y,Y,N,None,DJU8757,09:05.1,corpsvcmtxcutoverrpt_sql,12:30.1,xrdcwddbsuip06,MTX_ACOE_Cutover_Reporting,UI_Excel_Select_Xwalk_Source_Accommodations,facility,*ALL*,QXA4067,07:43.2
2107,COCPL,E.NX,Nursery CLASS A Normal Isol,NX,N,NO MATCH,0,COCPL,,,,,N,Y,None,DJU8757,58:41.7,corpsvcmtxcutoverrpt_sql,12:30.1,xrdcwddbsuip06,MTX_ACOE_Cutover_Reporting,UI_Excel_Select_Xwalk_Source_Accommodations,facility,*ALL*,QXA4067,07:43.2
2108,COCPL,E.OB,OB,OB,Y,NO MATCH,113,COCPL,LD,LABOR AND DELIVERY,LD,Y,Y,N,None,DJU8757,09:05.2,corpsvcmtxcutoverrpt_sql,12:30.1,xrdcwddbsuip06,MTX_ACOE_Cutover_Reporting,UI_Excel_Select_Xwalk_Source_Accommodations,facility,*ALL*,QXA4067,07:43.2
2109,COCPL,E.P,Private,P,Y,NO MATCH,866,COCPL,PR,PRIVATE ROOM,P,Y,Y,N,None,DJU8757,09:05.4,corpsvcmtxcutoverrpt_sql,12:30.1,xrdcwddbsuip06,MTX_ACOE_Cutover_Reporting,UI_Excel_Select_Xwalk_Source_Accommodations,facility,*ALL*,QXA4067,07:43.2
2110,COCPL,E.P3,Pediatric 3-6 Bed Unit,P3,Y,NO MATCH,0,COCPL,PR,PRIVATE ROOM,P,Y,Y,N,None,DJU8757,09:05.5,corpsvcmtxcutoverrpt_sql,12:30.1,xrdcwddbsuip06,MTX_ACOE_Cutover_Reporting,UI_Excel_Select_Xwalk_Source_Accommodations,facility,*ALL*,QXA4067,07:43.2
2111,COCPL,E.PB,PEDIATRIC BURN,PB,Y,NO MATCH,0,COCPL,BIC,BURN INTENSIVE CARE,BC,Y,Y,N,None,DJU8757,09:05.7,corpsvcmtxcutoverrpt_sql,12:30.1,xrdcwddbsuip06,MTX_ACOE_Cutover_Reporting,UI_Excel_Select_Xwalk_Source_Accommodations,facility,*ALL*,QXA4067,07:43.2
2112,COCPL,E.PC,Progressive Care,PC,Y,NO MATCH,94,COCPL,PC,PROGRESSIVE CARE,PC,Y,Y,N,None,DJU8757,09:05.8,corpsvcmtxcutoverrpt_sql,12:30.1,xrdcwddbsuip06,MTX_ACOE_Cutover_Reporting,UI_Excel_Select_Xwalk_Source_Accommodations,facility,*ALL*,QXA4067,07:43.2
2113,COCPL,E.PO,PRIVATE PATIENT ROOM OVERFLOW,PO,Y,NO MATCH,10,COCPL,PR,PRIVATE ROOM,P,Y,Y,N,None,DJU8757,09:05.9,corpsvcmtxcutoverrpt_sql,12:30.1,xrdcwddbsuip06,MTX_ACOE_Cutover_Reporting,UI_Excel_Select_Xwalk_Source_Accommodations,facility,*ALL*,QXA4067,07:43.2
2114,COCPL,E.PS,PEDS SEMI PRIVATE,PS,Y,NO MATCH,0,COCPL,SP,SEMI PRIVATE ROOM,SP,Y,Y,N,None,DJU8757,09:06.1,corpsvcmtxcutoverrpt_sql,12:30.1,xrdcwddbsuip06,MTX_ACOE_Cutover_Reporting,UI_Excel_Select_Xwalk_Source_Accommodations,facility,*ALL*,QXA4067,07:43.2
2115,COCPL,E.S,Suite,S,Y,NO MATCH,0,COCPL,PR,PRIVATE ROOM,P,Y,Y,N,None,DJU8757,09:06.2,corpsvcmtxcutoverrpt_sql,12:30.1,xrdcwddbsuip06,MTX_ACOE_Cutover_Reporting,UI_Excel_Select_Xwalk_Source_Accommodations,facility,*ALL*,QXA4067,07:43.2
2116,COCPL,E.SP,Semi Private,SP,Y,NO MATCH,37,COCPL,SP,SEMI PRIVATE ROOM,SP,Y,Y,N,None,DJU8757,09:06.4,corpsvcmtxcutoverrpt_sql,12:30.1,xrdcwddbsuip06,MTX_ACOE_Cutover_Reporting,UI_Excel_Select_Xwalk_Source_Accommodations,facility,*ALL*,QXA4067,07:43.2
2117,COCPL,E.SPEC,SPECIALS FROM ED,RD,Y,NO MATCH,0,COCPL,PR,PRIVATE ROOM,P,Y,Y,N,None,DJU8757,09:06.5,corpsvcmtxcutoverrpt_sql,12:30.1,xrdcwddbsuip06,MTX_ACOE_Cutover_Reporting,UI_Excel_Select_Xwalk_Source_Accommodations,facility,*ALL*,QXA4067,07:43.2
2118,COCPL,E.SPMB,SEMI PRIVATE MONITOR BED,SB,Y,NO MATCH,0,COCPL,SP,SEMI PRIVATE ROOM,SP,Y,Y,N,None,DJU8757,09:06.6,corpsvcmtxcutoverrpt_sql,12:30.1,xrdcwddbsuip06,MTX_ACOE_Cutover_Reporting,UI_Excel_Select_Xwalk_Source_Accommodations,facility,*ALL*,QXA4067,07:43.2
2119,COCPL,E.SPO,SEMI PRIVATE PT ROOM OVERFLOW,SO,Y,NO MATCH,0,COCPL,SP,SEMI PRIVATE ROOM,SP,Y,Y,N,None,DJU8757,09:06.8,corpsvcmtxcutoverrpt_sql,12:30.1,xrdcwddbsuip06,MTX_ACOE_Cutover_Reporting,UI_Excel_Select_Xwalk_Source_Accommodations,facility,*ALL*,QXA4067,07:43.2
2120,COCPL,E.SUR,SURGERY FROM ED,OR,Y,NO MATCH,0,COCPL,PR,PRIVATE ROOM,P,Y,Y,N,None,DJU8757,09:06.9,corpsvcmtxcutoverrpt_sql,12:30.1,xrdcwddbsuip06,MTX_ACOE_Cutover_Reporting,UI_Excel_Select_Xwalk_Source_Accommodations,facility,*ALL*,QXA4067,07:43.2
2121,COCPL,E.T,Telemetry,T,Y,NO MATCH,10,COCPL,TEL,TELEMETRY,TE,Y,Y,N,None,DJU8757,09:07.0,corpsvcmtxcutoverrpt_sql,12:30.1,xrdcwddbsuip06,MTX_ACOE_Cutover_Reporting,UI_Excel_Select_Xwalk_Source_Accommodations,facility,*ALL*,QXA4067,07:43.2
2122,COCPL,E.TRAUMA,INTENSIVE CARE TRAUMA,TR,Y,NO MATCH,45,COCPL,TRIC,TRAUMA INTENSIVE CARE,TR,Y,Y,N,None,DJU8757,09:07.2,corpsvcmtxcutoverrpt_sql,12:30.1,xrdcwddbsuip06,MTX_ACOE_Cutover_Reporting,UI_Excel_Select_Xwalk_Source_Accommodations,facility,*ALL*,QXA4067,07:43.2
2123,COCPL,L1,NEWBORN LEVEL 1,L1,Y,NO MATCH,55,COCPL,L1,NEWBORN LEVEL I CARE,L1,Y,Y,N,None,DJU8757,09:07.3,corpsvcmtxcutoverrpt_sql,12:30.1,xrdcwddbsuip06,MTX_ACOE_Cutover_Reporting,UI_Excel_Select_Xwalk_Source_Accommodations,facility,*ALL*,QXA4067,07:43.2
2124,COCPL,L2,NEWBORN LEVEL 2,L2,Y,NO MATCH,48,COCPL,L2,NEWBORN LEVEL II CARE,L2,Y,Y,N,None,DJU8757,09:07.4,corpsvcmtxcutoverrpt_sql,12:30.1,xrdcwddbsuip06,MTX_ACOE_Cutover_Reporting,UI_Excel_Select_Xwalk_Source_Accommodations,facility,*ALL*,QXA4067,07:43.2
2125,COCPL,L3,NEWBORN LEVEL 3,L3,Y,NO MATCH,34,COCPL,L3,NEWBORN LEVEL III CARE,L3,Y,Y,N,None,DJU8757,09:07.5,corpsvcmtxcutoverrpt_sql,12:30.1,xrdcwddbsuip06,MTX_ACOE_Cutover_Reporting,UI_Excel_Select_Xwalk_Source_Accommodations,facility,*ALL*,QXA4067,07:43.2
2126,COCPL,L4,NEWBORN LEVEL 4,L4,Y,NO MATCH,6,COCPL,L4,NEWBORN LEVEL IV CARE,L4,Y,Y,N,None,DJU8757,09:07.7,corpsvcmtxcutoverrpt_sql,12:30.1,xrdcwddbsuip06,MTX_ACOE_Cutover_Reporting,UI_Excel_Select_Xwalk_Source_Accommodations,facility,*ALL*,QXA4067,07:43.2
2127,COCPMA,I,INTENSIVE CARE,IC,Y,"TEST (2026-08-13),ZCON (2026-08-13),LIVE (2026-08-11)",0,COCPMA,IC,INTENSIVE CARE,IC,Y,Y,N,None,KSI8889,09:48.3,corpsvcmtxcutoverrpt_sql,47:33.7,xrdcwddbsuip06,MTX_ACOE_Cutover_Reporting,UI_Excel_Select_Xwalk_Source_Accommodations,facility,*ALL*,QXA4067,07:43.2
2128,COCPMA,IS,ISOLATION,IS,Y,"TEST (2026-08-13),ZCON (2026-08-13),LIVE (2026-08-11)",0,COCPMA,IS,ISOLATION,IS,Y,Y,N,None,KSI8889,09:48.6,corpsvcmtxcutoverrpt_sql,47:33.7,xrdcwddbsuip06,MTX_ACOE_Cutover_Reporting,UI_Excel_Select_Xwalk_Source_Accommodations,facility,*ALL*,QXA4067,07:43.2
2129,COCPMA,M,CORONARY CARE,CC,Y,"TEST (2026-08-13),ZCON (2026-08-13),LIVE (2026-08-11)",0,COCPMA,CC,CORONARY CARE,CC,Y,Y,N,None,KSI8889,09:48.3,corpsvcmtxcutoverrpt_sql,47:33.7,xrdcwddbsuip06,MTX_ACOE_Cutover_Reporting,UI_Excel_Select_Xwalk_Source_Accommodations,facility,*ALL*,QXA4067,07:43.2
2130,COCPMA,MS,Med Surg,MS,Y,"TEST (2026-08-13),ZCON (2026-08-13),LIVE (2026-08-11)",0,COCPMA,MS,MED SURG,MS,Y,Y,N,None,KSI8889,09:48.6,corpsvcmtxcutoverrpt_sql,47:33.7,xrdcwddbsuip06,MTX_ACOE_Cutover_Reporting,UI_Excel_Select_Xwalk_Source_Accommodations,facility,*ALL*,QXA4067,07:43.2
2131,COCPMA,P,PRIVATE ROOM,P,Y,"TEST (2026-08-13),ZCON (2026-08-13),LIVE (2026-08-11)",0,COCPMA,PR,PRIVATE ROOM,PR,Y,Y,N,None,KSI8889,09:48.6,corpsvcmtxcutoverrpt_sql,47:33.7,xrdcwddbsuip06,MTX_ACOE_Cutover_Reporting,UI_Excel_Select_Xwalk_Source_Accommodations,facility,*ALL*,QXA4067,07:43.2
2132,COCPMA,PC,PROGRESSIVE CARE UNIT,PC,Y,"TEST (2026-08-13),ZCON (2026-08-13),LIVE (2026-08-11)",0,COCPMA,PC,PROGRESSIVE CARE,PC,Y,Y,N,None,KSI8889,09:48.6,corpsvcmtxcutoverrpt_sql,47:33.7,xrdcwddbsuip06,MTX_ACOE_Cutover_Reporting,UI_Excel_Select_Xwalk_Source_Accommodations,facility,*ALL*,QXA4067,07:43.2
2133,COCPMA,T,TELEMETRY,T,Y,"TEST (2026-08-13),ZCON (2026-08-13),LIVE (2026-08-11)",0,COCPMA,TEL,TELEMETRY,TE,Y,Y,N,None,KSI8889,09:48.7,corpsvcmtxcutoverrpt_sql,47:33.7,xrdcwddbsuip06,MTX_ACOE_Cutover_Reporting,UI_Excel_Select_Xwalk_Source_Accommodations,facility,*ALL*,QXA4067,07:43.2
2134,COCPMC,AP,ANTEPARTUM ROOM,AP,Y,"TEST (2026-08-12),ZCON (2026-08-12),LIVE (2026-08-11)",0,COCPMC,PR,PRIVATE ROOM,PR,Y,Y,N,None,IIU7623,03:17.2,corpsvcmtxcutoverrpt_sql,47:33.7,xrdcwddbsuip06,MTX_ACOE_Cutover_Reporting,UI_Excel_Select_Xwalk_Source_Accommodations,facility,*ALL*,QXA4067,07:43.2
2135,COCPMC,I,INTENSIVE CARE,IC,Y,"TEST (2026-08-12),ZCON (2026-08-12),LIVE (2026-08-11)",0,COCPMC,IC,INTENSIVE CARE,IC,Y,Y,N,None,IIU7623,03:17.3,corpsvcmtxcutoverrpt_sql,47:33.7,xrdcwddbsuip06,MTX_ACOE_Cutover_Reporting,UI_Excel_Select_Xwalk_Source_Accommodations,facility,*ALL*,QXA4067,07:43.2
2136,COCPMC,MED,MEDICAL UNIT,ME,Y,"TEST (2026-08-12),ZCON (2026-08-12),LIVE (2026-08-11)",0,COCPMC,PR,PRIVATE ROOM,PR,Y,N,N,None,QXA4067,48:08.8,corpsvcmtxcutoverrpt_sql,11:41.1,xrdcwddbsuip06,MTX_ACOE_Cutover_Reporting,UI_Excel_Select_Xwalk_Source_Accommodations,facility,*ALL*,QXA4067,07:43.2
2137,COCPMC,N,INTERMEDIATE,IM,Y,"TEST (2026-08-12),ZCON (2026-08-12),LIVE (2026-08-11)",0,COCPMC,PC,PROGRESSIVE CARE,IM,Y,Y,N,None,IIU7623,03:17.4,corpsvcmtxcutoverrpt_sql,47:33.7,xrdcwddbsuip06,MTX_ACOE_Cutover_Reporting,UI_Excel_Select_Xwalk_Source_Accommodations,facility,*ALL*,QXA4067,07:43.2
2138,COCPMC,N1,NURSERY LEVEL 1,N1,Y,"TEST (2026-08-12),ZCON (2026-08-12),LIVE (2026-08-11)",0,COCPMC,PR,PRIVATE ROOM,PR,Y,Y,N,None,IIU7623,03:17.5,corpsvcmtxcutoverrpt_sql,47:33.7,xrdcwddbsuip06,MTX_ACOE_Cutover_Reporting,UI_Excel_Select_Xwalk_Source_Accommodations,facility,*ALL*,QXA4067,07:43.2
2139,COCPMC,N2,NURSERY LEVEL II,N2,Y,"TEST (2026-08-12),ZCON (2026-08-12),LIVE (2026-08-11)",0,COCPMC,PR,PRIVATE ROOM,PR,Y,Y,N,None,IIU7623,03:17.5,corpsvcmtxcutoverrpt_sql,47:33.7,xrdcwddbsuip06,MTX_ACOE_Cutover_Reporting,UI_Excel_Select_Xwalk_Source_Accommodations,facility,*ALL*,QXA4067,07:43.2
2140,COCPMC,NB,NEWBORN,NB,Y,"TEST (2026-08-12),ZCON (2026-08-12),LIVE (2026-08-11)",0,COCPMC,PR,PRIVATE ROOM,PR,Y,Y,N,None,IIU7623,03:17.6,corpsvcmtxcutoverrpt_sql,47:33.7,xrdcwddbsuip06,MTX_ACOE_Cutover_Reporting,UI_Excel_Select_Xwalk_Source_Accommodations,facility,*ALL*,QXA4067,07:43.2
2141,COCPMC,P,PRIVATE ROOM,P,Y,"TEST (2026-08-12),ZCON (2026-08-12),LIVE (2026-08-11)",0,COCPMC,PR,PRIVATE ROOM,PR,Y,Y,N,None,IIU7623,03:17.6,corpsvcmtxcutoverrpt_sql,47:33.7,xrdcwddbsuip06,MTX_ACOE_Cutover_Reporting,UI_Excel_Select_Xwalk_Source_Accommodations,facility,*ALL*,QXA4067,07:43.2
2142,COCPMC,S,SEMI-PRIVATE ROOM,SP,Y,"TEST (2026-08-12),ZCON (2026-08-12),LIVE (2026-08-11)",0,COCPMC,SP,SEMI PRIVATE ROOM,SP,Y,Y,N,None,IIU7623,03:17.7,corpsvcmtxcutoverrpt_sql,47:33.7,xrdcwddbsuip06,MTX_ACOE_Cutover_Reporting,UI_Excel_Select_Xwalk_Source_Accommodations,facility,*ALL*,QXA4067,07:43.2
2143,COCPMC,TE,TELEMETRY,TE,Y,"TEST (2026-08-12),ZCON (2026-08-12),LIVE (2026-08-11)",0,COCPMC,TEL,TELEMETRY,TE,Y,Y,N,None,IIU7623,03:17.8,corpsvcmtxcutoverrpt_sql,47:33.7,xrdcwddbsuip06,MTX_ACOE_Cutover_Reporting,UI_Excel_Select_Xwalk_Source_Accommodations,facility,*ALL*,QXA4067,07:43.2
2144,COCPMC,TS,TELEMETRY SEMI-PRIVATE,TS,Y,"TEST (2026-08-12),ZCON (2026-08-12),LIVE (2026-08-11)",0,COCPMC,PR,PRIVATE ROOM,PR,Y,Y,N,None,IIU7623,03:17.8,corpsvcmtxcutoverrpt_sql,47:33.7,xrdcwddbsuip06,MTX_ACOE_Cutover_Reporting,UI_Excel_Select_Xwalk_Source_Accommodations,facility,*ALL*,QXA4067,07:43.2
2145,COCPPA,I,INTENSIVE CARE,I,Y,"TEST (2025-12-11),ZCON (2025-12-11),LIVE (2025-12-05)",0,COCPPA,IC,INTENSIVE CARE,I,Y,Y,N,None,IIU7623,55:15.9,HCA\IIU4396,46:47.7,xrdcwddbsuip06,MTX_ACOE_Cutover_Reporting,UI_Excel_Select_Xwalk_Source_Accommodations,facility,*ALL*,QXA4067,07:43.2
2146,COCPPA,IC,INTENSIVE CARE,IC,Y,"TEST (2025-12-11),ZCON (2025-12-11),LIVE (2025-12-05)",0,COCPPA,IC,INTENSIVE CARE,I,N,N,Y,None,IIU7623,55:16.0,HCA\IIU4396,46:47.7,xrdcwddbsuip06,MTX_ACOE_Cutover_Reporting,UI_Excel_Select_Xwalk_Source_Accommodations,facility,*ALL*,QXA4067,07:43.2
2147,COCPPA,ICUECMO,ICU W/ECMO,IE,Y,"TEST (2025-12-11),ZCON (2025-12-11),LIVE (2025-12-05)",0,COCPPA,EC,ECMO,EC,Y,Y,N,None,IIU7623,9/18/2025 10:19,HCA\IIU4396,46:47.7,xrdcwddbsuip06,MTX_ACOE_Cutover_Reporting,UI_Excel_Select_Xwalk_Source_Accommodations,facility,*ALL*,QXA4067,07:43.2
2148,COCPPA,IM,INTERMEDIATE CARE,IM,Y,"TEST (2025-12-11),ZCON (2025-12-11),LIVE (2025-12-05)",0,COCPPA,PC,PROGRESSIVE CARE,IM,Y,Y,N,None,IIU7623,55:16.0,HCA\IIU4396,46:47.7,xrdcwddbsuip06,MTX_ACOE_Cutover_Reporting,UI_Excel_Select_Xwalk_Source_Accommodations,facility,*ALL*,QXA4067,07:43.2
2149,COCPPA,IS,ISOLATION,IS,Y,"TEST (2025-12-11),ZCON (2025-12-11),LIVE (2025-12-05)",0,COCPPA,IS,ISOLATION,IS,Y,Y,N,None,IIU7623,55:16.1,HCA\IIU4396,46:47.7,xrdcwddbsuip06,MTX_ACOE_Cutover_Reporting,UI_Excel_Select_Xwalk_Source_Accommodations,facility,*ALL*,QXA4067,07:43.2
2150,COCPPA,N,INTERMEDIATE,N,Y,"TEST (2025-12-11),ZCON (2025-12-11),LIVE (2025-12-05)",0,COCPPA,PC,PROGRESSIVE CARE,IM,Y,Y,N,None,IIU7623,55:16.1,HCA\IIU4396,46:47.7,xrdcwddbsuip06,MTX_ACOE_Cutover_Reporting,UI_Excel_Select_Xwalk_Source_Accommodations,facility,*ALL*,QXA4067,07:43.2
2151,COCPPA,P,PRIVATE ROOM,P,Y,"TEST (2025-12-11),ZCON (2025-12-11),LIVE (2025-12-05)",0,COCPPA,PR,PRIVATE ROOM,P,Y,Y,N,None,IIU7623,55:16.1,HCA\IIU4396,46:47.7,xrdcwddbsuip06,MTX_ACOE_Cutover_Reporting,UI_Excel_Select_Xwalk_Source_Accommodations,facility,*ALL*,QXA4067,07:43.2
2152,COCPPA,S,SEMI-PRIVATE ROOM,SP,Y,"TEST (2025-12-11),ZCON (2025-12-11),LIVE (2025-12-05)",0,COCPPA,SP,SEMI PRIVATE ROOM,SP,Y,Y,N,None,IIU7623,55:16.2,HCA\IIU4396,46:47.7,xrdcwddbsuip06,MTX_ACOE_Cutover_Reporting,UI_Excel_Select_Xwalk_Source_Accommodations,facility,*ALL*,QXA4067,07:43.2
2153,COCPPA,TE,TELEMETRY,TE,Y,"TEST (2025-12-11),ZCON (2025-12-11),LIVE (2025-12-05)",0,COCPPA,TEL,TELEMETRY,TE,Y,Y,N,None,IIU7623,55:16.2,HCA\IIU4396,46:47.7,xrdcwddbsuip06,MTX_ACOE_Cutover_Reporting,UI_Excel_Select_Xwalk_Source_Accommodations,facility,*ALL*,QXA4067,07:43.2
2154,COCPZ,CM.ERCICU,ER COVID ICU,EU,Y,NO MATCH,0,COCPZ,IC,INTENSIVE CARE,IC,,Y,N,None,DJU8757,11:24.5,corpsvcmtxcutoverrpt_sql,43:36.1,xrdcwddbsuip06,MTX_ACOE_Cutover_Reporting,UI_Excel_Select_Xwalk_Source_Accommodations,facility,*ALL*,QXA4067,07:43.2
2155,COCPZ,CM.ERCMS,ER COVID MS,EO,N,NO MATCH,0,COCPZ,,,,,N,Y,None,DJU8757,29:48.6,corpsvcmtxcutoverrpt_sql,43:36.1,xrdcwddbsuip06,MTX_ACOE_Cutover_Reporting,UI_Excel_Select_Xwalk_Source_Accommodations,facility,*ALL*,QXA4067,07:43.2
2156,COCPZ,CM.ERCONC,ER COVIC ONC,EN,N,NO MATCH,0,COCPZ,,,,,N,Y,None,DJU8757,29:48.6,corpsvcmtxcutoverrpt_sql,43:36.1,xrdcwddbsuip06,MTX_ACOE_Cutover_Reporting,UI_Excel_Select_Xwalk_Source_Accommodations,facility,*ALL*,QXA4067,07:43.2
2157,COCPZ,CM.ERCOVID,ER COVID,EC,N,NO MATCH,0,COCPZ,,,,,N,Y,None,DJU8757,29:48.7,corpsvcmtxcutoverrpt_sql,43:36.1,xrdcwddbsuip06,MTX_ACOE_Cutover_Reporting,UI_Excel_Select_Xwalk_Source_Accommodations,facility,*ALL*,QXA4067,07:43.2
2158,COCPZ,CM.ERCPCU,ER COVID PCU,ED,N,NO MATCH,0,COCPZ,,,,,N,Y,None,DJU8757,29:48.7,corpsvcmtxcutoverrpt_sql,43:36.1,xrdcwddbsuip06,MTX_ACOE_Cutover_Reporting,UI_Excel_Select_Xwalk_Source_Accommodations,facility,*ALL*,QXA4067,07:43.2
2159,COCPZ,ICUECMO,ECMO SURGICAL ICU ROOM,IE,N,NO MATCH,0,COCPZ,,,,,N,Y,None,DJU8757,29:48.8,corpsvcmtxcutoverrpt_sql,43:36.1,xrdcwddbsuip06,MTX_ACOE_Cutover_Reporting,UI_Excel_Select_Xwalk_Source_Accommodations,facility,*ALL*,QXA4067,07:43.2
2160,COCPZ,M.3E REHAB,3E Rehab Unit,RE,Y,NO MATCH,17,COCPZ,R,REHABILITATION,RB,,Y,N,None,DJU8757,11:24.5,corpsvcmtxcutoverrpt_sql,43:36.1,xrdcwddbsuip06,MTX_ACOE_Cutover_Reporting,UI_Excel_Select_Xwalk_Source_Accommodations,facility,*ALL*,QXA4067,07:43.2
2161,COCPZ,M.3W SPCU,3W Surgical PCU,SR,N,NO MATCH,0,COCPZ,,,,,N,Y,None,DJU8757,29:48.9,corpsvcmtxcutoverrpt_sql,43:36.1,xrdcwddbsuip06,MTX_ACOE_Cutover_Reporting,UI_Excel_Select_Xwalk_Source_Accommodations,facility,*ALL*,QXA4067,07:43.2
2162,COCPZ,M.4S PCUOF,4S PCU OVERFLOW,OU,Y,NO MATCH,18,COCPZ,PC,PROGRESSIVE CARE,PC,,Y,N,None,DJU8757,11:24.6,corpsvcmtxcutoverrpt_sql,43:36.1,xrdcwddbsuip06,MTX_ACOE_Cutover_Reporting,UI_Excel_Select_Xwalk_Source_Accommodations,facility,*ALL*,QXA4067,07:43.2
2163,COCPZ,M.4W CVSU,4W CV Speciality Unit,VS,Y,NO MATCH,35,COCPZ,PR,PRIVATE ROOM,PR,,Y,N,None,DJU8757,11:24.6,corpsvcmtxcutoverrpt_sql,43:36.1,xrdcwddbsuip06,MTX_ACOE_Cutover_Reporting,UI_Excel_Select_Xwalk_Source_Accommodations,facility,*ALL*,QXA4067,07:43.2
2164,COCPZ,M.4W CVT,4W CV TRANSITIONAL SERVICES,CT,N,NO MATCH,0,COCPZ,,,,,N,Y,None,DJU8757,29:49.0,corpsvcmtxcutoverrpt_sql,43:36.1,xrdcwddbsuip06,MTX_ACOE_Cutover_Reporting,UI_Excel_Select_Xwalk_Source_Accommodations,facility,*ALL*,QXA4067,07:43.2
2165,COCPZ,M.5E,*5 EAST,5E,N,NO MATCH,0,COCPZ,,,,,N,Y,None,DJU8757,29:49.1,corpsvcmtxcutoverrpt_sql,43:36.1,xrdcwddbsuip06,MTX_ACOE_Cutover_Reporting,UI_Excel_Select_Xwalk_Source_Accommodations,facility,*ALL*,QXA4067,07:43.2
2166,COCPZ,M.5E N/M,5E NEURO/MEDICAL PCU,NE,N,NO MATCH,0,COCPZ,,,,,N,Y,None,DJU8757,29:49.1,corpsvcmtxcutoverrpt_sql,43:36.1,xrdcwddbsuip06,MTX_ACOE_Cutover_Reporting,UI_Excel_Select_Xwalk_Source_Accommodations,facility,*ALL*,QXA4067,07:43.2
2167,COCPZ,M.5E NM,5E Neuro/Medical PCU,UC,Y,NO MATCH,13,COCPZ,PC,PROGRESSIVE CARE,PC,,Y,N,None,DJU8757,11:24.7,corpsvcmtxcutoverrpt_sql,43:36.1,xrdcwddbsuip06,MTX_ACOE_Cutover_Reporting,UI_Excel_Select_Xwalk_Source_Accommodations,facility,*ALL*,QXA4067,07:43.2
2168,COCPZ,M.5W,*5 WEST,5W,N,NO MATCH,0,COCPZ,,,,,N,Y,None,DJU8757,29:49.2,corpsvcmtxcutoverrpt_sql,43:36.1,xrdcwddbsuip06,MTX_ACOE_Cutover_Reporting,UI_Excel_Select_Xwalk_Source_Accommodations,facility,*ALL*,QXA4067,07:43.2
2169,COCPZ,M.5W M/S,5W MEDICAL/SURGICAL,MW,N,NO MATCH,0,COCPZ,,,,,N,Y,None,DJU8757,29:49.3,corpsvcmtxcutoverrpt_sql,43:36.1,xrdcwddbsuip06,MTX_ACOE_Cutover_Reporting,UI_Excel_Select_Xwalk_Source_Accommodations,facility,*ALL*,QXA4067,07:43.2
2170,COCPZ,M.5W MS,5W Medical/surgical,MG,Y,NO MATCH,15,COCPZ,PR,PRIVATE ROOM,PR,,Y,N,None,DJU8757,11:24.7,corpsvcmtxcutoverrpt_sql,43:36.1,xrdcwddbsuip06,MTX_ACOE_Cutover_Reporting,UI_Excel_Select_Xwalk_Source_Accommodations,facility,*ALL*,QXA4067,07:43.2
2171,COCPZ,M.6E,6 EAST,6E,Y,NO MATCH,31,COCPZ,PR,PRIVATE ROOM,PR,,Y,N,None,DJU8757,11:24.8,corpsvcmtxcutoverrpt_sql,43:36.1,xrdcwddbsuip06,MTX_ACOE_Cutover_Reporting,UI_Excel_Select_Xwalk_Source_Accommodations,facility,*ALL*,QXA4067,07:43.2
2172,COCPZ,M.6E SG/ON,6E SURGICAL/ONCOLOGY,OG,N,NO MATCH,0,COCPZ,,,,,N,Y,None,DJU8757,29:49.4,corpsvcmtxcutoverrpt_sql,43:36.1,xrdcwddbsuip06,MTX_ACOE_Cutover_Reporting,UI_Excel_Select_Xwalk_Source_Accommodations,facility,*ALL*,QXA4067,07:43.2
2173,COCPZ,M.6E SGON,6E Surgical/Oncology,SG,N,NO MATCH,0,COCPZ,,,,,N,Y,None,DJU8757,29:49.4,corpsvcmtxcutoverrpt_sql,43:36.1,xrdcwddbsuip06,MTX_ACOE_Cutover_Reporting,UI_Excel_Select_Xwalk_Source_Accommodations,facility,*ALL*,QXA4067,07:43.2
2174,COCPZ,M.6W,6 WEST RENAL PCU,6W,N,NO MATCH,0,COCPZ,,,,,N,Y,None,DJU8757,29:49.5,corpsvcmtxcutoverrpt_sql,43:36.1,xrdcwddbsuip06,MTX_ACOE_Cutover_Reporting,UI_Excel_Select_Xwalk_Source_Accommodations,facility,*ALL*,QXA4067,07:43.2
2175,COCPZ,M.6W RCU,6W Renal Care Unit,RC,N,NO MATCH,0,COCPZ,,,,,N,Y,None,DJU8757,29:49.5,corpsvcmtxcutoverrpt_sql,43:36.1,xrdcwddbsuip06,MTX_ACOE_Cutover_Reporting,UI_Excel_Select_Xwalk_Source_Accommodations,facility,*ALL*,QXA4067,07:43.2
2176,COCPZ,M.6W1,6W-1 Surgical/Oncology,GO,Y,NO MATCH,23,COCPZ,PR,PRIVATE ROOM,PR,,Y,N,None,DJU8757,11:24.8,corpsvcmtxcutoverrpt_sql,43:36.1,xrdcwddbsuip06,MTX_ACOE_Cutover_Reporting,UI_Excel_Select_Xwalk_Source_Accommodations,facility,*ALL*,QXA4067,07:43.2
2177,COCPZ,M.6W2,6W-2 Blood Cancer Unit,BC,Y,NO MATCH,5,COCPZ,PR,PRIVATE ROOM,PR,,Y,N,None,DJU8757,11:24.9,corpsvcmtxcutoverrpt_sql,43:36.1,xrdcwddbsuip06,MTX_ACOE_Cutover_Reporting,UI_Excel_Select_Xwalk_Source_Accommodations,facility,*ALL*,QXA4067,07:43.2
2178,COCPZ,M.7E,*7 EAST,7E,N,NO MATCH,0,COCPZ,,,,,N,Y,None,DJU8757,29:49.7,corpsvcmtxcutoverrpt_sql,43:36.1,xrdcwddbsuip06,MTX_ACOE_Cutover_Reporting,UI_Excel_Select_Xwalk_Source_Accommodations,facility,*ALL*,QXA4067,07:43.2
2179,COCPZ,M.7W,*7 WEST,7W,N,NO MATCH,0,COCPZ,,,,,N,Y,None,DJU8757,29:49.7,corpsvcmtxcutoverrpt_sql,43:36.1,xrdcwddbsuip06,MTX_ACOE_Cutover_Reporting,UI_Excel_Select_Xwalk_Source_Accommodations,facility,*ALL*,QXA4067,07:43.2
2180,COCPZ,M.7W MS,7W Medical/Surgical,7M,Y,NO MATCH,39,COCPZ,PR,PRIVATE ROOM,PR,,Y,N,None,DJU8757,11:24.9,corpsvcmtxcutoverrpt_sql,43:36.1,xrdcwddbsuip06,MTX_ACOE_Cutover_Reporting,UI_Excel_Select_Xwalk_Source_Accommodations,facility,*ALL*,QXA4067,07:43.2
2181,COCPZ,M.BURPBED,BURLESON PBED,BU,N,NO MATCH,0,COCPZ,,,,,N,Y,None,DJU8757,29:49.8,corpsvcmtxcutoverrpt_sql,43:36.1,xrdcwddbsuip06,MTX_ACOE_Cutover_Reporting,UI_Excel_Select_Xwalk_Source_Accommodations,facility,*ALL*,QXA4067,07:43.2
2182,COCPZ,M.CC,CORONARY CARE,CC,N,NO MATCH,0,COCPZ,,,,,N,Y,None,DJU8757,29:49.9,corpsvcmtxcutoverrpt_sql,43:36.1,xrdcwddbsuip06,MTX_ACOE_Cutover_Reporting,UI_Excel_Select_Xwalk_Source_Accommodations,facility,*ALL*,QXA4067,07:43.2
2183,COCPZ,M.CDU,CLINICAL DECISION UNIT,ER,N,NO MATCH,0,COCPZ,,,,,N,Y,None,DJU8757,29:49.9,corpsvcmtxcutoverrpt_sql,43:36.1,xrdcwddbsuip06,MTX_ACOE_Cutover_Reporting,UI_Excel_Select_Xwalk_Source_Accommodations,facility,*ALL*,QXA4067,07:43.2
2184,COCPZ,M.CLOVERFL,Cath Lab Overflow,CF,N,NO MATCH,0,COCPZ,,,,,N,Y,None,DJU8757,29:50.0,corpsvcmtxcutoverrpt_sql,43:36.1,xrdcwddbsuip06,MTX_ACOE_Cutover_Reporting,UI_Excel_Select_Xwalk_Source_Accommodations,facility,*ALL*,QXA4067,07:43.2
2185,COCPZ,M.CPCU,Cardiac PCU,CA,N,NO MATCH,0,COCPZ,,,,,N,Y,None,DJU8757,29:50.0,corpsvcmtxcutoverrpt_sql,43:36.1,xrdcwddbsuip06,MTX_ACOE_Cutover_Reporting,UI_Excel_Select_Xwalk_Source_Accommodations,facility,*ALL*,QXA4067,07:43.2
2186,COCPZ,M.CPCUICOF,Cardiac PCU Priv ICU OF,CU,Y,NO MATCH,0,COCPZ,PC,PROGRESSIVE CARE,PC,,Y,N,None,DJU8757,11:25.0,corpsvcmtxcutoverrpt_sql,43:36.1,xrdcwddbsuip06,MTX_ACOE_Cutover_Reporting,UI_Excel_Select_Xwalk_Source_Accommodations,facility,*ALL*,QXA4067,07:43.2
2187,COCPZ,M.CPCUMSOF,Cardiac PCU Med/Surg OF,CS,Y,NO MATCH,1,COCPZ,PC,PROGRESSIVE CARE,PC,,Y,N,None,DJU8757,11:25.0,corpsvcmtxcutoverrpt_sql,43:36.1,xrdcwddbsuip06,MTX_ACOE_Cutover_Reporting,UI_Excel_Select_Xwalk_Source_Accommodations,facility,*ALL*,QXA4067,07:43.2
2188,COCPZ,M.CV,Cardiovascular Intensive Care,CV,Y,NO MATCH,16,COCPZ,IC,INTENSIVE CARE,IC,,Y,N,None,DJU8757,11:25.1,corpsvcmtxcutoverrpt_sql,43:36.1,xrdcwddbsuip06,MTX_ACOE_Cutover_Reporting,UI_Excel_Select_Xwalk_Source_Accommodations,facility,*ALL*,QXA4067,07:43.2
2189,COCPZ,M.CVICUECM,ECMO CVICU Room,VE,Y,NO MATCH,1,COCPZ,EC,ECMO,EC,,Y,N,None,DJU8757,11:25.1,corpsvcmtxcutoverrpt_sql,43:36.1,xrdcwddbsuip06,MTX_ACOE_Cutover_Reporting,UI_Excel_Select_Xwalk_Source_Accommodations,facility,*ALL*,QXA4067,07:43.2
2190,COCPZ,M.CVOFMS,CVICU Overflow PCU,CM,Y,NO MATCH,0,COCPZ,PC,PROGRESSIVE CARE,PC,,Y,N,None,DJU8757,11:25.1,corpsvcmtxcutoverrpt_sql,43:36.1,xrdcwddbsuip06,MTX_ACOE_Cutover_Reporting,UI_Excel_Select_Xwalk_Source_Accommodations,facility,*ALL*,QXA4067,07:43.2
2191,COCPZ,M.CVOFPCU,CVICU Overflow PCU,CP,Y,NO MATCH,0,COCPZ,PC,PROGRESSIVE CARE,PC,,Y,N,None,DJU8757,11:25.2,corpsvcmtxcutoverrpt_sql,43:36.1,xrdcwddbsuip06,MTX_ACOE_Cutover_Reporting,UI_Excel_Select_Xwalk_Source_Accommodations,facility,*ALL*,QXA4067,07:43.2
2192,COCPZ,M.CVPACUOF,CV PACU Overflow,VF,Y,NO MATCH,0,COCPZ,PC,PROGRESSIVE CARE,PC,,Y,N,None,DJU8757,11:25.2,corpsvcmtxcutoverrpt_sql,43:36.1,xrdcwddbsuip06,MTX_ACOE_Cutover_Reporting,UI_Excel_Select_Xwalk_Source_Accommodations,facility,*ALL*,QXA4067,07:43.2
2193,COCPZ,M.CVSU,Cardiovascular Speciality Unit,VU,Y,NO MATCH,23,COCPZ,PC,PROGRESSIVE CARE,PC,,Y,N,None,DJU8757,11:25.3,corpsvcmtxcutoverrpt_sql,43:36.1,xrdcwddbsuip06,MTX_ACOE_Cutover_Reporting,UI_Excel_Select_Xwalk_Source_Accommodations,facility,*ALL*,QXA4067,07:43.2
2194,COCPZ,M.DC,DAILY CARE,DC,N,NO MATCH,0,COCPZ,,,,,N,Y,None,DJU8757,29:50.5,corpsvcmtxcutoverrpt_sql,43:36.1,xrdcwddbsuip06,MTX_ACOE_Cutover_Reporting,UI_Excel_Select_Xwalk_Source_Accommodations,facility,*ALL*,QXA4067,07:43.2
2195,COCPZ,M.DSOF,Day Surgery Overflow,DF,Y,NO MATCH,0,COCPZ,PC,PROGRESSIVE CARE,PC,,Y,N,None,DJU8757,11:25.3,corpsvcmtxcutoverrpt_sql,43:36.1,xrdcwddbsuip06,MTX_ACOE_Cutover_Reporting,UI_Excel_Select_Xwalk_Source_Accommodations,facility,*ALL*,QXA4067,07:43.2
2196,COCPZ,M.ECMO,ECMO,EE,N,NO MATCH,0,COCPZ,,,,,N,Y,None,DJU8757,29:50.5,corpsvcmtxcutoverrpt_sql,43:36.1,xrdcwddbsuip06,MTX_ACOE_Cutover_Reporting,UI_Excel_Select_Xwalk_Source_Accommodations,facility,*ALL*,QXA4067,07:43.2
2197,COCPZ,M.ENDOOF,Endo Overflow,EF,N,NO MATCH,0,COCPZ,,,,,N,Y,None,DJU8757,29:50.6,corpsvcmtxcutoverrpt_sql,43:36.1,xrdcwddbsuip06,MTX_ACOE_Cutover_Reporting,UI_Excel_Select_Xwalk_Source_Accommodations,facility,*ALL*,QXA4067,07:43.2
2198,COCPZ,M.ER,EMERGENCY ROOM BED,00,N,NO MATCH,0,COCPZ,,,,,N,Y,None,DJU8757,29:50.6,corpsvcmtxcutoverrpt_sql,43:36.1,xrdcwddbsuip06,MTX_ACOE_Cutover_Reporting,UI_Excel_Select_Xwalk_Source_Accommodations,facility,*ALL*,QXA4067,07:43.2
2199,COCPZ,M.ER1 ICU,ER Inpatient ICU,EI,N,NO MATCH,0,COCPZ,,,,,N,Y,None,DJU8757,29:50.7,corpsvcmtxcutoverrpt_sql,43:36.1,xrdcwddbsuip06,MTX_ACOE_Cutover_Reporting,UI_Excel_Select_Xwalk_Source_Accommodations,facility,*ALL*,QXA4067,07:43.2
2200,COCPZ,M.ER1 MS,ER Inpatient MS,MS,N,NO MATCH,0,COCPZ,,,,,N,Y,None,DJU8757,29:50.7,corpsvcmtxcutoverrpt_sql,43:36.1,xrdcwddbsuip06,MTX_ACOE_Cutover_Reporting,UI_Excel_Select_Xwalk_Source_Accommodations,facility,*ALL*,QXA4067,07:43.2
2201,COCPZ,M.ER1 PCU,ER Inpatient PCU,PI,N,NO MATCH,0,COCPZ,,,,,N,Y,None,DJU8757,29:50.8,corpsvcmtxcutoverrpt_sql,43:36.1,xrdcwddbsuip06,MTX_ACOE_Cutover_Reporting,UI_Excel_Select_Xwalk_Source_Accommodations,facility,*ALL*,QXA4067,07:43.2
2202,COCPZ,M.ERICU,ER HOLD ICU ADULT,HI,N,NO MATCH,0,COCPZ,,,,,N,Y,None,DJU8757,29:50.8,corpsvcmtxcutoverrpt_sql,43:36.1,xrdcwddbsuip06,MTX_ACOE_Cutover_Reporting,UI_Excel_Select_Xwalk_Source_Accommodations,facility,*ALL*,QXA4067,07:43.2
2203,COCPZ,M.ERICUOF,ER ICU OVERFLOW,RF,Y,NO MATCH,2,COCPZ,IC,INTENSIVE CARE,IC,,Y,N,None,DJU8757,11:25.4,corpsvcmtxcutoverrpt_sql,43:36.1,xrdcwddbsuip06,MTX_ACOE_Cutover_Reporting,UI_Excel_Select_Xwalk_Source_Accommodations,facility,*ALL*,QXA4067,07:43.2
2204,COCPZ,M.ERMS,ER Hold Med/Surg,HM,N,NO MATCH,0,COCPZ,,,,,N,Y,None,DJU8757,29:50.9,corpsvcmtxcutoverrpt_sql,43:36.1,xrdcwddbsuip06,MTX_ACOE_Cutover_Reporting,UI_Excel_Select_Xwalk_Source_Accommodations,facility,*ALL*,QXA4067,07:43.2
2205,COCPZ,M.ERMSOF,ER MED/SURG OVERFLOW,M0,Y,NO MATCH,47,COCPZ,MS,MED SURG,MS,,Y,N,None,DJU8757,11:25.4,corpsvcmtxcutoverrpt_sql,43:36.1,xrdcwddbsuip06,MTX_ACOE_Cutover_Reporting,UI_Excel_Select_Xwalk_Source_Accommodations,facility,*ALL*,QXA4067,07:43.2
2206,COCPZ,M.EROF,Emergency Room Overflow,RO,Y,NO MATCH,0,COCPZ,SP,SEMI PRIVATE ROOM,SP,,Y,N,None,DJU8757,11:25.5,corpsvcmtxcutoverrpt_sql,43:36.1,xrdcwddbsuip06,MTX_ACOE_Cutover_Reporting,UI_Excel_Select_Xwalk_Source_Accommodations,facility,*ALL*,QXA4067,07:43.2
2207,COCPZ,M.EROFB,Burleson Overflow,BO,N,NO MATCH,0,COCPZ,,,,,N,Y,None,DJU8757,29:51.1,corpsvcmtxcutoverrpt_sql,43:36.1,xrdcwddbsuip06,MTX_ACOE_Cutover_Reporting,UI_Excel_Select_Xwalk_Source_Accommodations,facility,*ALL*,QXA4067,07:43.2
2208,COCPZ,M.ERONC,ER HOLD ONCOLOGY,HC,N,NO MATCH,0,COCPZ,,,,,N,Y,None,DJU8757,29:51.1,corpsvcmtxcutoverrpt_sql,43:36.1,xrdcwddbsuip06,MTX_ACOE_Cutover_Reporting,UI_Excel_Select_Xwalk_Source_Accommodations,facility,*ALL*,QXA4067,07:43.2
2209,COCPZ,M.ERONCOF,ER ONCOLOGY OVERFLOW,NF,N,NO MATCH,0,COCPZ,,,,,N,Y,None,DJU8757,29:51.2,corpsvcmtxcutoverrpt_sql,43:36.1,xrdcwddbsuip06,MTX_ACOE_Cutover_Reporting,UI_Excel_Select_Xwalk_Source_Accommodations,facility,*ALL*,QXA4067,07:43.2
2210,COCPZ,M.ERORTHO,ER HOLD ORTHO 7W,HO,N,NO MATCH,0,COCPZ,,,,,N,Y,None,DJU8757,29:51.2,corpsvcmtxcutoverrpt_sql,43:36.1,xrdcwddbsuip06,MTX_ACOE_Cutover_Reporting,UI_Excel_Select_Xwalk_Source_Accommodations,facility,*ALL*,QXA4067,07:43.2
2211,COCPZ,M.ERPCU,ER Hold PCU,HP,N,NO MATCH,0,COCPZ,,,,,N,Y,None,DJU8757,29:51.3,corpsvcmtxcutoverrpt_sql,43:36.1,xrdcwddbsuip06,MTX_ACOE_Cutover_Reporting,UI_Excel_Select_Xwalk_Source_Accommodations,facility,*ALL*,QXA4067,07:43.2
2212,COCPZ,M.ERPCUOF,ER PCU OVERFLOW,EV,Y,NO MATCH,13,COCPZ,PC,PROGRESSIVE CARE,PC,,Y,N,None,DJU8757,11:25.5,corpsvcmtxcutoverrpt_sql,43:36.1,xrdcwddbsuip06,MTX_ACOE_Cutover_Reporting,UI_Excel_Select_Xwalk_Source_Accommodations,facility,*ALL*,QXA4067,07:43.2
2213,COCPZ,M.ES,PRIVATE DELUXE,ES,N,NO MATCH,0,COCPZ,,,,,N,Y,None,DJU8757,29:51.4,corpsvcmtxcutoverrpt_sql,43:36.1,xrdcwddbsuip06,MTX_ACOE_Cutover_Reporting,UI_Excel_Select_Xwalk_Source_Accommodations,facility,*ALL*,QXA4067,07:43.2
2214,COCPZ,M.GP,GERIO PSYCH,GP,N,NO MATCH,0,COCPZ,,,,,N,Y,None,DJU8757,29:51.4,corpsvcmtxcutoverrpt_sql,43:36.1,xrdcwddbsuip06,MTX_ACOE_Cutover_Reporting,UI_Excel_Select_Xwalk_Source_Accommodations,facility,*ALL*,QXA4067,07:43.2
2215,COCPZ,M.IC,INTENSIVE CARE UNIT,IC,N,NO MATCH,0,COCPZ,,,,,N,Y,None,DJU8757,29:51.5,corpsvcmtxcutoverrpt_sql,43:36.1,xrdcwddbsuip06,MTX_ACOE_Cutover_Reporting,UI_Excel_Select_Xwalk_Source_Accommodations,facility,*ALL*,QXA4067,07:43.2
2216,COCPZ,M.ICEC,Intensive Care ECMO,CE,Y,NO MATCH,2,COCPZ,EC,ECMO,EC,,Y,N,None,DJU8757,11:25.6,corpsvcmtxcutoverrpt_sql,43:36.1,xrdcwddbsuip06,MTX_ACOE_Cutover_Reporting,UI_Excel_Select_Xwalk_Source_Accommodations,facility,*ALL*,QXA4067,07:43.2
2217,COCPZ,M.ICU,Intensive Care Unit,IU,Y,NO MATCH,53,COCPZ,IC,INTENSIVE CARE,IC,,Y,N,None,DJU8757,11:25.6,corpsvcmtxcutoverrpt_sql,43:36.1,xrdcwddbsuip06,MTX_ACOE_Cutover_Reporting,UI_Excel_Select_Xwalk_Source_Accommodations,facility,*ALL*,QXA4067,07:43.2
2218,COCPZ,M.IN,NURSERY - INTER,IN,N,NO MATCH,0,COCPZ,,,,,N,Y,None,DJU8757,29:51.6,corpsvcmtxcutoverrpt_sql,43:36.1,xrdcwddbsuip06,MTX_ACOE_Cutover_Reporting,UI_Excel_Select_Xwalk_Source_Accommodations,facility,*ALL*,QXA4067,07:43.2
2219,COCPZ,M.IS,*ISOLATION,IS,N,NO MATCH,0,COCPZ,,,,,N,Y,None,DJU8757,29:51.6,corpsvcmtxcutoverrpt_sql,43:36.1,xrdcwddbsuip06,MTX_ACOE_Cutover_Reporting,UI_Excel_Select_Xwalk_Source_Accommodations,facility,*ALL*,QXA4067,07:43.2
2220,COCPZ,M.LD,*LABOR/DELIVERY,LD,N,NO MATCH,0,COCPZ,,,,,N,Y,None,DJU8757,29:51.7,corpsvcmtxcutoverrpt_sql,43:36.1,xrdcwddbsuip06,MTX_ACOE_Cutover_Reporting,UI_Excel_Select_Xwalk_Source_Accommodations,facility,*ALL*,QXA4067,07:43.2
2221,COCPZ,M.MAS,Medical and Surgical ICU,MU,N,NO MATCH,0,COCPZ,,,,,N,Y,None,DJU8757,29:51.7,corpsvcmtxcutoverrpt_sql,43:36.1,xrdcwddbsuip06,MTX_ACOE_Cutover_Reporting,UI_Excel_Select_Xwalk_Source_Accommodations,facility,*ALL*,QXA4067,07:43.2
2222,COCPZ,M.MI,Medical Intensive Care,MI,N,NO MATCH,0,COCPZ,,,,,N,Y,None,DJU8757,29:51.8,corpsvcmtxcutoverrpt_sql,43:36.1,xrdcwddbsuip06,MTX_ACOE_Cutover_Reporting,UI_Excel_Select_Xwalk_Source_Accommodations,facility,*ALL*,QXA4067,07:43.2
2223,COCPZ,M.MICUECMO,ECMO MICU ROOM,MM,N,NO MATCH,0,COCPZ,,,,,N,Y,None,DJU8757,29:51.8,corpsvcmtxcutoverrpt_sql,43:36.1,xrdcwddbsuip06,MTX_ACOE_Cutover_Reporting,UI_Excel_Select_Xwalk_Source_Accommodations,facility,*ALL*,QXA4067,07:43.2
2224,COCPZ,M.MICUMSOF,MICU M/S Overflow,MO,N,NO MATCH,0,COCPZ,,,,,N,Y,None,DJU8757,29:51.9,corpsvcmtxcutoverrpt_sql,43:36.1,xrdcwddbsuip06,MTX_ACOE_Cutover_Reporting,UI_Excel_Select_Xwalk_Source_Accommodations,facility,*ALL*,QXA4067,07:43.2
2225,COCPZ,M.MICUPSOF,MICU PCU Overflow,MP,N,NO MATCH,0,COCPZ,,,,,N,Y,None,DJU8757,29:51.9,corpsvcmtxcutoverrpt_sql,43:36.1,xrdcwddbsuip06,MTX_ACOE_Cutover_Reporting,UI_Excel_Select_Xwalk_Source_Accommodations,facility,*ALL*,QXA4067,07:43.2
2226,COCPZ,M.MP,Medical Private,DP,N,NO MATCH,0,COCPZ,,,,,N,Y,None,DJU8757,29:52.0,corpsvcmtxcutoverrpt_sql,43:36.1,xrdcwddbsuip06,MTX_ACOE_Cutover_Reporting,UI_Excel_Select_Xwalk_Source_Accommodations,facility,*ALL*,QXA4067,07:43.2
2227,COCPZ,M.MPCU,Medical PCU,MC,N,NO MATCH,0,COCPZ,,,,,N,Y,None,DJU8757,4/20/2026 13:29,corpsvcmtxcutoverrpt_sql,43:36.1,xrdcwddbsuip06,MTX_ACOE_Cutover_Reporting,UI_Excel_Select_Xwalk_Source_Accommodations,facility,*ALL*,QXA4067,07:43.2
2228,COCPZ,M.MPCUMSOF,Medical PCU Med Surg OF,UO,Y,NO MATCH,5,COCPZ,MS,MED SURG,MS,,Y,N,None,DJU8757,11:25.7,corpsvcmtxcutoverrpt_sql,43:36.1,xrdcwddbsuip06,MTX_ACOE_Cutover_Reporting,UI_Excel_Select_Xwalk_Source_Accommodations,facility,*ALL*,QXA4067,07:43.2
2229,COCPZ,M.MS,Med/Surg,SU,Y,NO MATCH,317,COCPZ,MS,MED SURG,MS,,Y,N,None,DJU8757,11:25.7,corpsvcmtxcutoverrpt_sql,43:36.1,xrdcwddbsuip06,MTX_ACOE_Cutover_Reporting,UI_Excel_Select_Xwalk_Source_Accommodations,facility,*ALL*,QXA4067,07:43.2
2230,COCPZ,M.MSICU,Medical/Surgical ICU,SC,Y,NO MATCH,22,COCPZ,IC,INTENSIVE CARE,IC,,Y,N,None,DJU8757,11:25.7,corpsvcmtxcutoverrpt_sql,43:36.1,xrdcwddbsuip06,MTX_ACOE_Cutover_Reporting,UI_Excel_Select_Xwalk_Source_Accommodations,facility,*ALL*,QXA4067,07:43.2
2231,COCPZ,M.MSP,Med Surg Private,DG,Y,NO MATCH,51,COCPZ,MS,MED SURG,MS,,Y,N,None,DJU8757,11:25.8,corpsvcmtxcutoverrpt_sql,43:36.1,xrdcwddbsuip06,MTX_ACOE_Cutover_Reporting,UI_Excel_Select_Xwalk_Source_Accommodations,facility,*ALL*,QXA4067,07:43.2
2232,COCPZ,M.MSPCUOF,Med Surg PCU OF,UU,Y,NO MATCH,0,COCPZ,MS,MED SURG,MS,,Y,N,None,DJU8757,11:25.8,corpsvcmtxcutoverrpt_sql,43:36.1,xrdcwddbsuip06,MTX_ACOE_Cutover_Reporting,UI_Excel_Select_Xwalk_Source_Accommodations,facility,*ALL*,QXA4067,07:43.2
2233,COCPZ,M.NB,NURSERY BOARDER,NB,N,NO MATCH,0,COCPZ,,,,,N,Y,None,DJU8757,29:52.3,corpsvcmtxcutoverrpt_sql,43:36.1,xrdcwddbsuip06,MTX_ACOE_Cutover_Reporting,UI_Excel_Select_Xwalk_Source_Accommodations,facility,*ALL*,QXA4067,07:43.2
2234,COCPZ,M.NC,NEURO SURGICAL ICU,NC,N,NO MATCH,0,COCPZ,,,,,N,Y,None,DJU8757,29:52.3,corpsvcmtxcutoverrpt_sql,43:36.1,xrdcwddbsuip06,MTX_ACOE_Cutover_Reporting,UI_Excel_Select_Xwalk_Source_Accommodations,facility,*ALL*,QXA4067,07:43.2
2235,COCPZ,M.NI,NURSERY INTERMEDIATE,NI,N,NO MATCH,0,COCPZ,,,,,N,Y,None,DJU8757,29:52.4,corpsvcmtxcutoverrpt_sql,43:36.1,xrdcwddbsuip06,MTX_ACOE_Cutover_Reporting,UI_Excel_Select_Xwalk_Source_Accommodations,facility,*ALL*,QXA4067,07:43.2
2236,COCPZ,M.NICUMSOF,Neur ICU PCU Overflow,NM,Y,NO MATCH,0,COCPZ,IC,INTENSIVE CARE,IC,,Y,N,None,DJU8757,11:25.9,corpsvcmtxcutoverrpt_sql,43:36.1,xrdcwddbsuip06,MTX_ACOE_Cutover_Reporting,UI_Excel_Select_Xwalk_Source_Accommodations,facility,*ALL*,QXA4067,07:43.2
2237,COCPZ,M.NICUPSOF,Neur ICU M/S Overflow,NO,Y,NO MATCH,0,COCPZ,IC,INTENSIVE CARE,IC,,Y,N,None,DJU8757,11:25.9,corpsvcmtxcutoverrpt_sql,43:36.1,xrdcwddbsuip06,MTX_ACOE_Cutover_Reporting,UI_Excel_Select_Xwalk_Source_Accommodations,facility,*ALL*,QXA4067,07:43.2
2238,COCPZ,M.NM,Neuro/Med Surg,RM,Y,NO MATCH,0,COCPZ,MS,MED SURG,MS,,Y,N,None,DJU8757,11:26.0,corpsvcmtxcutoverrpt_sql,43:36.1,xrdcwddbsuip06,MTX_ACOE_Cutover_Reporting,UI_Excel_Select_Xwalk_Source_Accommodations,facility,*ALL*,QXA4067,07:43.2
2239,COCPZ,M.NN,NEONATAL INTENSIVE,NN,N,NO MATCH,0,COCPZ,,,,,N,Y,None,DJU8757,29:52.6,corpsvcmtxcutoverrpt_sql,43:36.1,xrdcwddbsuip06,MTX_ACOE_Cutover_Reporting,UI_Excel_Select_Xwalk_Source_Accommodations,facility,*ALL*,QXA4067,07:43.2
2240,COCPZ,M.NP,NURSERY PROGRESSIVE,NP,N,NO MATCH,0,COCPZ,,,,,N,Y,None,DJU8757,29:52.6,corpsvcmtxcutoverrpt_sql,43:36.1,xrdcwddbsuip06,MTX_ACOE_Cutover_Reporting,UI_Excel_Select_Xwalk_Source_Accommodations,facility,*ALL*,QXA4067,07:43.2
2241,COCPZ,M.NSICMSOF,NeuroSurg ICU M/S Overflow,ON,N,NO MATCH,0,COCPZ,,,,,N,Y,None,DJU8757,29:52.7,corpsvcmtxcutoverrpt_sql,43:36.1,xrdcwddbsuip06,MTX_ACOE_Cutover_Reporting,UI_Excel_Select_Xwalk_Source_Accommodations,facility,*ALL*,QXA4067,07:43.2
2242,COCPZ,M.NSICPCOF,NeuoSurg ICU PCU Overflow,PU,N,NO MATCH,0,COCPZ,,,,,N,Y,None,DJU8757,29:52.7,corpsvcmtxcutoverrpt_sql,43:36.1,xrdcwddbsuip06,MTX_ACOE_Cutover_Reporting,UI_Excel_Select_Xwalk_Source_Accommodations,facility,*ALL*,QXA4067,07:43.2
2243,COCPZ,M.NSICU,Neuro Surgcial ICU,NS,Y,NO MATCH,9,COCPZ,IC,INTENSIVE CARE,IC,,Y,N,None,DJU8757,11:26.0,corpsvcmtxcutoverrpt_sql,43:36.1,xrdcwddbsuip06,MTX_ACOE_Cutover_Reporting,UI_Excel_Select_Xwalk_Source_Accommodations,facility,*ALL*,QXA4067,07:43.2
2244,COCPZ,M.NSMS,Neuro Surg/Med Surg,MN,Y,NO MATCH,1,COCPZ,MS,MED SURG,MS,,Y,N,None,DJU8757,11:26.1,corpsvcmtxcutoverrpt_sql,43:36.1,xrdcwddbsuip06,MTX_ACOE_Cutover_Reporting,UI_Excel_Select_Xwalk_Source_Accommodations,facility,*ALL*,QXA4067,07:43.2
2245,COCPZ,M.NT,NURSERY TRANSFER PATIENT,NT,N,NO MATCH,0,COCPZ,,,,,N,Y,None,DJU8757,29:52.9,corpsvcmtxcutoverrpt_sql,43:36.1,xrdcwddbsuip06,MTX_ACOE_Cutover_Reporting,UI_Excel_Select_Xwalk_Source_Accommodations,facility,*ALL*,QXA4067,07:43.2
2246,COCPZ,M.NUR,NURSERY,NU,N,NO MATCH,0,COCPZ,,,,,N,Y,None,DJU8757,29:52.9,corpsvcmtxcutoverrpt_sql,43:36.1,xrdcwddbsuip06,MTX_ACOE_Cutover_Reporting,UI_Excel_Select_Xwalk_Source_Accommodations,facility,*ALL*,QXA4067,07:43.2
2247,COCPZ,M.NURICU,*NURSERY - ICU,N,N,NO MATCH,0,COCPZ,,,,,N,Y,None,DJU8757,29:53.0,corpsvcmtxcutoverrpt_sql,43:36.1,xrdcwddbsuip06,MTX_ACOE_Cutover_Reporting,UI_Excel_Select_Xwalk_Source_Accommodations,facility,*ALL*,QXA4067,07:43.2
2248,COCPZ,M.NURIN,*NURSERY - INTERMEDIATE,O,N,NO MATCH,0,COCPZ,,,,,N,Y,None,DJU8757,29:53.0,corpsvcmtxcutoverrpt_sql,43:36.1,xrdcwddbsuip06,MTX_ACOE_Cutover_Reporting,UI_Excel_Select_Xwalk_Source_Accommodations,facility,*ALL*,QXA4067,07:43.2
2249,COCPZ,M.OB,OB/GYN CARE,OB,N,NO MATCH,0,COCPZ,,,,,N,Y,None,DJU8757,29:53.1,corpsvcmtxcutoverrpt_sql,43:36.1,xrdcwddbsuip06,MTX_ACOE_Cutover_Reporting,UI_Excel_Select_Xwalk_Source_Accommodations,facility,*ALL*,QXA4067,07:43.2
2250,COCPZ,M.OBS,*OBSTERTICS/GYN,S,N,NO MATCH,0,COCPZ,,,,,N,Y,None,DJU8757,29:53.1,corpsvcmtxcutoverrpt_sql,43:36.1,xrdcwddbsuip06,MTX_ACOE_Cutover_Reporting,UI_Excel_Select_Xwalk_Source_Accommodations,facility,*ALL*,QXA4067,07:43.2
2251,COCPZ,M.OF,Overflow,OW,Y,NO MATCH,0,COCPZ,SP,SEMI PRIVATE ROOM,SP,,Y,N,None,DJU8757,11:26.1,corpsvcmtxcutoverrpt_sql,43:36.1,xrdcwddbsuip06,MTX_ACOE_Cutover_Reporting,UI_Excel_Select_Xwalk_Source_Accommodations,facility,*ALL*,QXA4067,07:43.2
2252,COCPZ,M.OFICU,Overflow Intensive Care,IO,Y,NO MATCH,0,COCPZ,IC,INTENSIVE CARE,IC,,Y,N,None,DJU8757,11:26.2,corpsvcmtxcutoverrpt_sql,43:36.1,xrdcwddbsuip06,MTX_ACOE_Cutover_Reporting,UI_Excel_Select_Xwalk_Source_Accommodations,facility,*ALL*,QXA4067,07:43.2
2253,COCPZ,M.OFMS,Overflow Medical Surgical,OS,Y,NO MATCH,0,COCPZ,MS,MED SURG,MS,,Y,N,None,DJU8757,11:26.2,corpsvcmtxcutoverrpt_sql,43:36.1,xrdcwddbsuip06,MTX_ACOE_Cutover_Reporting,UI_Excel_Select_Xwalk_Source_Accommodations,facility,*ALL*,QXA4067,07:43.2
2254,COCPZ,M.OFPCU,Overflow PCU,OP,Y,NO MATCH,0,COCPZ,PC,PROGRESSIVE CARE,PC,,Y,N,None,DJU8757,11:26.3,corpsvcmtxcutoverrpt_sql,43:36.1,xrdcwddbsuip06,MTX_ACOE_Cutover_Reporting,UI_Excel_Select_Xwalk_Source_Accommodations,facility,*ALL*,QXA4067,07:43.2
2255,COCPZ,M.OMAS,OVERFLOW MED/SURG BED,EM,Y,NO MATCH,0,COCPZ,MS,MED SURG,MS,,Y,N,None,DJU8757,11:26.3,corpsvcmtxcutoverrpt_sql,43:36.1,xrdcwddbsuip06,MTX_ACOE_Cutover_Reporting,UI_Excel_Select_Xwalk_Source_Accommodations,facility,*ALL*,QXA4067,07:43.2
2256,COCPZ,M.ONMS,Ortho Neuro Med Surg,SN,Y,NO MATCH,54,COCPZ,MS,MED SURG,MS,,Y,N,None,DJU8757,11:26.4,corpsvcmtxcutoverrpt_sql,43:36.1,xrdcwddbsuip06,MTX_ACOE_Cutover_Reporting,UI_Excel_Select_Xwalk_Source_Accommodations,facility,*ALL*,QXA4067,07:43.2
2257,COCPZ,M.OPCU,OVERFLOW PCU 5E,E1,N,NO MATCH,0,COCPZ,,,,,N,Y,None,DJU8757,29:53.5,corpsvcmtxcutoverrpt_sql,43:36.1,xrdcwddbsuip06,MTX_ACOE_Cutover_Reporting,UI_Excel_Select_Xwalk_Source_Accommodations,facility,*ALL*,QXA4067,07:43.2
2258,COCPZ,M.OPINFUSE,Outpatient Infusion Department,OF,N,NO MATCH,0,COCPZ,,,,,N,Y,None,DJU8757,29:53.5,corpsvcmtxcutoverrpt_sql,43:36.1,xrdcwddbsuip06,MTX_ACOE_Cutover_Reporting,UI_Excel_Select_Xwalk_Source_Accommodations,facility,*ALL*,QXA4067,07:43.2
2259,COCPZ,M.OTELE,OVERFLOW ICU STEPDOWN,EP,Y,NO MATCH,0,COCPZ,IC,INTENSIVE CARE,IC,,Y,N,None,DJU8757,11:26.4,corpsvcmtxcutoverrpt_sql,43:36.1,xrdcwddbsuip06,MTX_ACOE_Cutover_Reporting,UI_Excel_Select_Xwalk_Source_Accommodations,facility,*ALL*,QXA4067,07:43.2
2260,COCPZ,M.OV,OBSERVATION,OV,Y,NO MATCH,5,COCPZ,SP,SEMI PRIVATE ROOM,SP,,Y,N,None,DJU8757,11:26.5,corpsvcmtxcutoverrpt_sql,43:36.1,xrdcwddbsuip06,MTX_ACOE_Cutover_Reporting,UI_Excel_Select_Xwalk_Source_Accommodations,facility,*ALL*,QXA4067,07:43.2
2261,COCPZ,M.OVCATH,OVERFLOW CATH LAB,OC,Y,NO MATCH,0,COCPZ,SP,SEMI PRIVATE ROOM,SP,,Y,N,None,DJU8757,11:26.6,corpsvcmtxcutoverrpt_sql,43:36.1,xrdcwddbsuip06,MTX_ACOE_Cutover_Reporting,UI_Excel_Select_Xwalk_Source_Accommodations,facility,*ALL*,QXA4067,07:43.2
2262,COCPZ,M.OVIC,OBSERV HOLD INTEN CARE ADULT,OI,Y,NO MATCH,0,COCPZ,IC,INTENSIVE CARE,IC,,Y,N,None,DJU8757,11:26.6,corpsvcmtxcutoverrpt_sql,43:36.1,xrdcwddbsuip06,MTX_ACOE_Cutover_Reporting,UI_Excel_Select_Xwalk_Source_Accommodations,facility,*ALL*,QXA4067,07:43.2
2263,COCPZ,M.OVMS,OBSERV HOLD MED/SUR,OM,Y,NO MATCH,0,COCPZ,MS,MED SURG,MS,,Y,N,None,DJU8757,11:26.7,corpsvcmtxcutoverrpt_sql,43:36.1,xrdcwddbsuip06,MTX_ACOE_Cutover_Reporting,UI_Excel_Select_Xwalk_Source_Accommodations,facility,*ALL*,QXA4067,07:43.2
2264,COCPZ,M.OVONC,OBSERV HOLD ONCOLOGY 6E,CO,Y,NO MATCH,0,COCPZ,PR,PRIVATE ROOM,PR,,Y,N,None,DJU8757,11:26.7,corpsvcmtxcutoverrpt_sql,43:36.1,xrdcwddbsuip06,MTX_ACOE_Cutover_Reporting,UI_Excel_Select_Xwalk_Source_Accommodations,facility,*ALL*,QXA4067,07:43.2
2265,COCPZ,M.OVORTHO,OBSERV HOLD ORTHO 7W,OL,N,NO MATCH,0,COCPZ,,,,,N,Y,None,DJU8757,29:53.8,corpsvcmtxcutoverrpt_sql,43:36.1,xrdcwddbsuip06,MTX_ACOE_Cutover_Reporting,UI_Excel_Select_Xwalk_Source_Accommodations,facility,*ALL*,QXA4067,07:43.2
2266,COCPZ,M.OVPCU,OBSERV HOLD,OH,Y,NO MATCH,0,COCPZ,PC,PROGRESSIVE CARE,PC,,Y,N,None,DJU8757,11:26.8,corpsvcmtxcutoverrpt_sql,43:36.1,xrdcwddbsuip06,MTX_ACOE_Cutover_Reporting,UI_Excel_Select_Xwalk_Source_Accommodations,facility,*ALL*,QXA4067,07:43.2
2267,COCPZ,M.P,PRIVATE,P,Y,NO MATCH,11,COCPZ,PR,PRIVATE ROOM,PR,,Y,N,None,DJU8757,11:26.8,corpsvcmtxcutoverrpt_sql,43:36.1,xrdcwddbsuip06,MTX_ACOE_Cutover_Reporting,UI_Excel_Select_Xwalk_Source_Accommodations,facility,*ALL*,QXA4067,07:43.2
2268,COCPZ,M.PACUOF,PACU Overflow,PF,Y,NO MATCH,0,COCPZ,SP,SEMI PRIVATE ROOM,SP,,Y,N,None,DJU8757,11:26.9,corpsvcmtxcutoverrpt_sql,43:36.1,xrdcwddbsuip06,MTX_ACOE_Cutover_Reporting,UI_Excel_Select_Xwalk_Source_Accommodations,facility,*ALL*,QXA4067,07:43.2
2269,COCPZ,M.PC,"PCU 4E,4W,5E,5W,6W",PC,N,NO MATCH,0,COCPZ,,,,,N,Y,None,DJU8757,29:54.0,corpsvcmtxcutoverrpt_sql,43:36.1,xrdcwddbsuip06,MTX_ACOE_Cutover_Reporting,UI_Excel_Select_Xwalk_Source_Accommodations,facility,*ALL*,QXA4067,07:43.2
2270,COCPZ,M.PCU,PCU,PO,Y,NO MATCH,204,COCPZ,PC,PROGRESSIVE CARE,PC,,Y,N,None,DJU8757,11:27.0,corpsvcmtxcutoverrpt_sql,43:36.1,xrdcwddbsuip06,MTX_ACOE_Cutover_Reporting,UI_Excel_Select_Xwalk_Source_Accommodations,facility,*ALL*,QXA4067,07:43.2
2271,COCPZ,M.PCUICUOF,PCU ICU OVERFLOW,PV,Y,NO MATCH,0,COCPZ,IC,INTENSIVE CARE,IC,,Y,N,None,DJU8757,11:27.0,corpsvcmtxcutoverrpt_sql,43:36.1,xrdcwddbsuip06,MTX_ACOE_Cutover_Reporting,UI_Excel_Select_Xwalk_Source_Accommodations,facility,*ALL*,QXA4067,07:43.2
2272,COCPZ,M.PCUMCW,PCU Med/Surg Ward,PW,Y,NO MATCH,0,COCPZ,MS,MED SURG,MS,,Y,N,None,DJU8757,11:27.1,corpsvcmtxcutoverrpt_sql,43:36.1,xrdcwddbsuip06,MTX_ACOE_Cutover_Reporting,UI_Excel_Select_Xwalk_Source_Accommodations,facility,*ALL*,QXA4067,07:43.2
2273,COCPZ,M.PCUMSOF,PCU MS OVERFLOW,PM,Y,NO MATCH,0,COCPZ,PC,PROGRESSIVE CARE,PC,,Y,N,None,DJU8757,11:27.2,corpsvcmtxcutoverrpt_sql,43:36.1,xrdcwddbsuip06,MTX_ACOE_Cutover_Reporting,UI_Excel_Select_Xwalk_Source_Accommodations,facility,*ALL*,QXA4067,07:43.2
2274,COCPZ,M.PCUP,PCU PRIVATE,PP,Y,NO MATCH,0,COCPZ,PC,PROGRESSIVE CARE,PC,,Y,N,None,DJU8757,11:27.2,corpsvcmtxcutoverrpt_sql,43:36.1,xrdcwddbsuip06,MTX_ACOE_Cutover_Reporting,UI_Excel_Select_Xwalk_Source_Accommodations,facility,*ALL*,QXA4067,07:43.2
2275,COCPZ,M.PCUSI,PCU Surgical Intensive Care,PS,Y,NO MATCH,0,COCPZ,PC,PROGRESSIVE CARE,PC,,Y,N,None,DJU8757,11:27.3,corpsvcmtxcutoverrpt_sql,43:36.1,xrdcwddbsuip06,MTX_ACOE_Cutover_Reporting,UI_Excel_Select_Xwalk_Source_Accommodations,facility,*ALL*,QXA4067,07:43.2
2276,COCPZ,M.PVT,PRIVATE,99,N,NO MATCH,0,COCPZ,,,,,N,Y,None,DJU8757,29:54.4,corpsvcmtxcutoverrpt_sql,43:36.1,xrdcwddbsuip06,MTX_ACOE_Cutover_Reporting,UI_Excel_Select_Xwalk_Source_Accommodations,facility,*ALL*,QXA4067,07:43.2
2277,COCPZ,M.RH,REHAB,01,N,NO MATCH,0,COCPZ,,,,,N,Y,None,DJU8757,29:54.4,corpsvcmtxcutoverrpt_sql,43:36.1,xrdcwddbsuip06,MTX_ACOE_Cutover_Reporting,UI_Excel_Select_Xwalk_Source_Accommodations,facility,*ALL*,QXA4067,07:43.2
2278,COCPZ,M.RHB,Inpatient Rehab Therapy,RB,Y,NO MATCH,16,COCPZ,R,REHABILITATION,RB,,Y,N,None,DJU8757,11:27.3,corpsvcmtxcutoverrpt_sql,43:36.1,xrdcwddbsuip06,MTX_ACOE_Cutover_Reporting,UI_Excel_Select_Xwalk_Source_Accommodations,facility,*ALL*,QXA4067,07:43.2
2279,COCPZ,M.RHBISO,REHAB ISOLATION,RI,Y,NO MATCH,0,COCPZ,R,REHABILITATION,RB,,Y,N,None,DJU8757,11:27.4,corpsvcmtxcutoverrpt_sql,43:36.1,xrdcwddbsuip06,MTX_ACOE_Cutover_Reporting,UI_Excel_Select_Xwalk_Source_Accommodations,facility,*ALL*,QXA4067,07:43.2
2280,COCPZ,M.RHBT,Inpatient Rehab Therapy,RH,N,NO MATCH,0,COCPZ,,,,,N,Y,None,DJU8757,29:54.5,corpsvcmtxcutoverrpt_sql,43:36.1,xrdcwddbsuip06,MTX_ACOE_Cutover_Reporting,UI_Excel_Select_Xwalk_Source_Accommodations,facility,*ALL*,QXA4067,07:43.2
2281,COCPZ,M.RP,RENAL PCU,RP,N,NO MATCH,0,COCPZ,,,,,N,Y,None,DJU8757,29:54.6,corpsvcmtxcutoverrpt_sql,43:36.1,xrdcwddbsuip06,MTX_ACOE_Cutover_Reporting,UI_Excel_Select_Xwalk_Source_Accommodations,facility,*ALL*,QXA4067,07:43.2
2282,COCPZ,M.S1,STRESS UNIT - PRIVATE,S1,N,NO MATCH,0,COCPZ,,,,,N,Y,None,DJU8757,29:54.6,corpsvcmtxcutoverrpt_sql,43:36.1,xrdcwddbsuip06,MTX_ACOE_Cutover_Reporting,UI_Excel_Select_Xwalk_Source_Accommodations,facility,*ALL*,QXA4067,07:43.2
2283,COCPZ,M.S2,STRESS UNIT - SEMI PRIVATE,S2,N,NO MATCH,0,COCPZ,,,,,N,Y,None,DJU8757,29:54.7,corpsvcmtxcutoverrpt_sql,43:36.1,xrdcwddbsuip06,MTX_ACOE_Cutover_Reporting,UI_Excel_Select_Xwalk_Source_Accommodations,facility,*ALL*,QXA4067,07:43.2
2284,COCPZ,M.SICU,SURGICAL ICU,SI,N,NO MATCH,0,COCPZ,,,,,N,Y,None,DJU8757,29:54.7,corpsvcmtxcutoverrpt_sql,43:36.1,xrdcwddbsuip06,MTX_ACOE_Cutover_Reporting,UI_Excel_Select_Xwalk_Source_Accommodations,facility,*ALL*,QXA4067,07:43.2
2285,COCPZ,M.SICUMSOF,SICU MED/SURG OVERFLOW,SM,N,NO MATCH,0,COCPZ,,,,,N,Y,None,DJU8757,29:54.8,corpsvcmtxcutoverrpt_sql,43:36.1,xrdcwddbsuip06,MTX_ACOE_Cutover_Reporting,UI_Excel_Select_Xwalk_Source_Accommodations,facility,*ALL*,QXA4067,07:43.2
2286,COCPZ,M.SICUPCOF,SICU PCU OVERFLOW,SO,N,NO MATCH,0,COCPZ,,,,,N,Y,None,DJU8757,29:54.8,corpsvcmtxcutoverrpt_sql,43:36.1,xrdcwddbsuip06,MTX_ACOE_Cutover_Reporting,UI_Excel_Select_Xwalk_Source_Accommodations,facility,*ALL*,QXA4067,07:43.2
2287,COCPZ,M.SP,SEMI PRIVATE,SP,Y,NO MATCH,17,COCPZ,SP,SEMI PRIVATE ROOM,SP,,Y,N,None,DJU8757,11:27.4,corpsvcmtxcutoverrpt_sql,43:36.1,xrdcwddbsuip06,MTX_ACOE_Cutover_Reporting,UI_Excel_Select_Xwalk_Source_Accommodations,facility,*ALL*,QXA4067,07:43.2
2288,COCPZ,M.SS,SHORT STAY UNIT,OO,N,NO MATCH,0,COCPZ,,,,,N,Y,None,DJU8757,29:54.9,corpsvcmtxcutoverrpt_sql,43:36.1,xrdcwddbsuip06,MTX_ACOE_Cutover_Reporting,UI_Excel_Select_Xwalk_Source_Accommodations,facility,*ALL*,QXA4067,07:43.2
2289,COCPZ,M.SUITE,Suite,ST,N,NO MATCH,0,COCPZ,,,,,N,Y,None,DJU8757,29:55.0,corpsvcmtxcutoverrpt_sql,43:36.1,xrdcwddbsuip06,MTX_ACOE_Cutover_Reporting,UI_Excel_Select_Xwalk_Source_Accommodations,facility,*ALL*,QXA4067,07:43.2
2290,COCPZ,M.TP,CARDIAC/NEURO 3E PRIVATE,TP,N,NO MATCH,0,COCPZ,,,,,N,Y,None,DJU8757,29:55.0,corpsvcmtxcutoverrpt_sql,43:36.1,xrdcwddbsuip06,MTX_ACOE_Cutover_Reporting,UI_Excel_Select_Xwalk_Source_Accommodations,facility,*ALL*,QXA4067,07:43.2
2291,COCPZ,M.TS,CARDIAC/NEURO 3E SEMI-PRIVATE,TS,N,NO MATCH,0,COCPZ,,,,,N,Y,None,DJU8757,29:55.1,corpsvcmtxcutoverrpt_sql,43:36.1,xrdcwddbsuip06,MTX_ACOE_Cutover_Reporting,UI_Excel_Select_Xwalk_Source_Accommodations,facility,*ALL*,QXA4067,07:43.2
2292,COCPZ,M.WGP,W GERIO PSYCH,,N,NO MATCH,0,COCPZ,,,,,N,Y,None,DJU8757,29:55.1,corpsvcmtxcutoverrpt_sql,43:36.1,xrdcwddbsuip06,MTX_ACOE_Cutover_Reporting,UI_Excel_Select_Xwalk_Source_Accommodations,facility,*ALL*,QXA4067,07:43.2
2293,COCPZ,M.WIC,W INTENSIVE CARE,XX,N,NO MATCH,0,COCPZ,,,,,N,Y,None,DJU8757,29:55.1,corpsvcmtxcutoverrpt_sql,43:36.1,xrdcwddbsuip06,MTX_ACOE_Cutover_Reporting,UI_Excel_Select_Xwalk_Source_Accommodations,facility,*ALL*,QXA4067,07:43.2
2294,COCPZ,M.WIN,W NURSERY - INTERMEDIATE,,N,NO MATCH,0,COCPZ,,,,,N,Y,None,DJU8757,29:55.2,corpsvcmtxcutoverrpt_sql,43:36.1,xrdcwddbsuip06,MTX_ACOE_Cutover_Reporting,UI_Excel_Select_Xwalk_Source_Accommodations,facility,*ALL*,QXA4067,07:43.2
2295,COCPZ,M.WIS,W ISOLOATION,,N,NO MATCH,0,COCPZ,,,,,N,Y,None,DJU8757,29:55.2,corpsvcmtxcutoverrpt_sql,43:36.1,xrdcwddbsuip06,MTX_ACOE_Cutover_Reporting,UI_Excel_Select_Xwalk_Source_Accommodations,facility,*ALL*,QXA4067,07:43.2
2296,COCPZ,M.WNI,W NURSERY - ICU,,N,NO MATCH,0,COCPZ,,,,,N,Y,None,DJU8757,29:55.3,corpsvcmtxcutoverrpt_sql,43:36.1,xrdcwddbsuip06,MTX_ACOE_Cutover_Reporting,UI_Excel_Select_Xwalk_Source_Accommodations,facility,*ALL*,QXA4067,07:43.2
2297,COCPZ,M.WNN,W NEONATAL CARE,,N,NO MATCH,0,COCPZ,,,,,N,Y,None,DJU8757,29:55.3,corpsvcmtxcutoverrpt_sql,43:36.1,xrdcwddbsuip06,MTX_ACOE_Cutover_Reporting,UI_Excel_Select_Xwalk_Source_Accommodations,facility,*ALL*,QXA4067,07:43.2
2298,COCPZ,M.WNP,W NURSERY - PCU,,N,NO MATCH,0,COCPZ,,,,,N,Y,None,DJU8757,29:55.4,corpsvcmtxcutoverrpt_sql,43:36.1,xrdcwddbsuip06,MTX_ACOE_Cutover_Reporting,UI_Excel_Select_Xwalk_Source_Accommodations,facility,*ALL*,QXA4067,07:43.2
2299,COCPZ,M.WNS,W NURSERY,,N,NO MATCH,0,COCPZ,,,,,N,Y,None,DJU8757,29:55.4,corpsvcmtxcutoverrpt_sql,43:36.1,xrdcwddbsuip06,MTX_ACOE_Cutover_Reporting,UI_Excel_Select_Xwalk_Source_Accommodations,facility,*ALL*,QXA4067,07:43.2
2300,COCPZ,M.WOB,W OBSTERTICS/GYN CARE,,N,NO MATCH,0,COCPZ,,,,,N,Y,None,DJU8757,29:55.5,corpsvcmtxcutoverrpt_sql,43:36.1,xrdcwddbsuip06,MTX_ACOE_Cutover_Reporting,UI_Excel_Select_Xwalk_Source_Accommodations,facility,*ALL*,QXA4067,07:43.2
2301,COCPZ,M.WPC,W PROGRESSIVE CARE,PA,N,NO MATCH,0,COCPZ,,,,,N,Y,None,DJU8757,29:55.5,corpsvcmtxcutoverrpt_sql,43:36.1,xrdcwddbsuip06,MTX_ACOE_Cutover_Reporting,UI_Excel_Select_Xwalk_Source_Accommodations,facility,*ALL*,QXA4067,07:43.2
2302,COCPZ,M.WRH,W REHAB,,N,NO MATCH,0,COCPZ,,,,,N,Y,None,DJU8757,29:55.5,corpsvcmtxcutoverrpt_sql,43:36.1,xrdcwddbsuip06,MTX_ACOE_Cutover_Reporting,UI_Excel_Select_Xwalk_Source_Accommodations,facility,*ALL*,QXA4067,07:43.2
2303,COCPZ,M.WS,WOMENS SERVICES,WS,N,NO MATCH,0,COCPZ,,,,,N,Y,None,DJU8757,29:55.6,corpsvcmtxcutoverrpt_sql,43:36.1,xrdcwddbsuip06,MTX_ACOE_Cutover_Reporting,UI_Excel_Select_Xwalk_Source_Accommodations,facility,*ALL*,QXA4067,07:43.2
2304,COCPZ,M.WSEROF,White Settlement Overflow,WO,Y,NO MATCH,0,COCPZ,PR,PRIVATE ROOM,PR,,Y,N,None,DJU8757,11:27.5,corpsvcmtxcutoverrpt_sql,43:36.1,xrdcwddbsuip06,MTX_ACOE_Cutover_Reporting,UI_Excel_Select_Xwalk_Source_Accommodations,facility,*ALL*,QXA4067,07:43.2
2305,COCPZ,M.WSP,W SEMI PRIVATE,,N,NO MATCH,0,COCPZ,,,,,N,Y,None,DJU8757,29:55.7,corpsvcmtxcutoverrpt_sql,43:36.1,xrdcwddbsuip06,MTX_ACOE_Cutover_Reporting,UI_Excel_Select_Xwalk_Source_Accommodations,facility,*ALL*,QXA4067,07:43.2
2306,COCPZ,M.WWS,*W WOMENS SERVICES,,N,NO MATCH,0,COCPZ,,,,,N,Y,None,DJU8757,29:55.7,corpsvcmtxcutoverrpt_sql,43:36.1,xrdcwddbsuip06,MTX_ACOE_Cutover_Reporting,UI_Excel_Select_Xwalk_Source_Accommodations,facility,*ALL*,QXA4067,07:43.2
2307,COCPZ,MICUECMO,ECMO MICU ROOM,ME,N,NO MATCH,0,COCPZ,,,,,N,Y,None,DJU8757,29:55.8,corpsvcmtxcutoverrpt_sql,43:36.1,xrdcwddbsuip06,MTX_ACOE_Cutover_Reporting,UI_Excel_Select_Xwalk_Source_Accommodations,facility,*ALL*,QXA4067,07:43.2
2308,COCQR,BURN,Burn Intensive Care,BU,N,NO MATCH,0,COCQR,,,,,N,Y,None,RWM4772,41:10.7,corpsvcmtxcutoverrpt_sql,53:33.3,xrdcwddbsuip06,MTX_ACOE_Cutover_Reporting,UI_Excel_Select_Xwalk_Source_Accommodations,facility,*ALL*,QXA4067,07:43.2
2309,COCQR,CC,Coronary Care,CO,N,NO MATCH,0,COCQR,,,,,N,Y,None,RWM4772,41:10.8,corpsvcmtxcutoverrpt_sql,53:33.3,xrdcwddbsuip06,MTX_ACOE_Cutover_Reporting,UI_Excel_Select_Xwalk_Source_Accommodations,facility,*ALL*,QXA4067,07:43.2
2310,COCQR,DX,Detox,DX,N,NO MATCH,0,COCQR,,,,,N,Y,None,RWM4772,39:56.4,corpsvcmtxcutoverrpt_sql,53:33.3,xrdcwddbsuip06,MTX_ACOE_Cutover_Reporting,UI_Excel_Select_Xwalk_Source_Accommodations,facility,*ALL*,QXA4067,07:43.2
2311,COCQR,HC,HOSPITAL CONVENIENCE,HC,N,NO MATCH,0,COCQR,,,,,N,Y,None,RWM4772,39:56.5,corpsvcmtxcutoverrpt_sql,53:33.3,xrdcwddbsuip06,MTX_ACOE_Cutover_Reporting,UI_Excel_Select_Xwalk_Source_Accommodations,facility,*ALL*,QXA4067,07:43.2
2312,COCQR,I,INTENSIVE CARE *,IP,N,NO MATCH,0,COCQR,,,,,N,Y,None,RWM4772,39:56.5,corpsvcmtxcutoverrpt_sql,53:33.3,xrdcwddbsuip06,MTX_ACOE_Cutover_Reporting,UI_Excel_Select_Xwalk_Source_Accommodations,facility,*ALL*,QXA4067,07:43.2
2313,COCQR,IC,INTENSIVE CARE,IN,Y,NO MATCH,14,COCQR,IC,INTENSIVE CARE,IC,Y,Y,N,None,RWM4772,39:56.6,corpsvcmtxcutoverrpt_sql,53:33.3,xrdcwddbsuip06,MTX_ACOE_Cutover_Reporting,UI_Excel_Select_Xwalk_Source_Accommodations,facility,*ALL*,QXA4067,07:43.2
2314,COCQR,IM,Intermediate Care,IR,Y,NO MATCH,0,COCQR,PC,PROGRESSIVE CARE,PC,Y,Y,N,None,RWM4772,39:56.7,corpsvcmtxcutoverrpt_sql,53:33.3,xrdcwddbsuip06,MTX_ACOE_Cutover_Reporting,UI_Excel_Select_Xwalk_Source_Accommodations,facility,*ALL*,QXA4067,07:43.2
2315,COCQR,IS,ISOLATION,IS,N,NO MATCH,0,COCQR,,,,,N,Y,None,RWM4772,39:56.8,corpsvcmtxcutoverrpt_sql,53:33.3,xrdcwddbsuip06,MTX_ACOE_Cutover_Reporting,UI_Excel_Select_Xwalk_Source_Accommodations,facility,*ALL*,QXA4067,07:43.2
2316,COCQR,J,"PRIVATE, MEDICALLY JUSTIFIED *",OP,N,NO MATCH,0,COCQR,,,,,N,Y,None,RWM4772,39:56.8,corpsvcmtxcutoverrpt_sql,53:33.3,xrdcwddbsuip06,MTX_ACOE_Cutover_Reporting,UI_Excel_Select_Xwalk_Source_Accommodations,facility,*ALL*,QXA4067,07:43.2
2317,COCQR,MS,MED SURG,MD,Y,NO MATCH,100,COCQR,MS,MED SURG,MS,Y,Y,N,None,RWM4772,39:56.9,corpsvcmtxcutoverrpt_sql,53:33.3,xrdcwddbsuip06,MTX_ACOE_Cutover_Reporting,UI_Excel_Select_Xwalk_Source_Accommodations,facility,*ALL*,QXA4067,07:43.2
2318,COCQR,MT,MED SURG WITH TELE,MT,N,NO MATCH,0,COCQR,,,,,N,Y,None,RWM4772,39:56.9,corpsvcmtxcutoverrpt_sql,53:33.3,xrdcwddbsuip06,MTX_ACOE_Cutover_Reporting,UI_Excel_Select_Xwalk_Source_Accommodations,facility,*ALL*,QXA4067,07:43.2
2319,COCQR,P,PRIVATE ROOM,P,N,NO MATCH,0,COCQR,,,,,N,Y,None,RWM4772,39:57.0,corpsvcmtxcutoverrpt_sql,53:33.3,xrdcwddbsuip06,MTX_ACOE_Cutover_Reporting,UI_Excel_Select_Xwalk_Source_Accommodations,facility,*ALL*,QXA4067,07:43.2
2320,COCQR,SB,SWING BED,SB,N,NO MATCH,0,COCQR,,,,,N,Y,None,RWM4772,39:57.1,corpsvcmtxcutoverrpt_sql,53:33.3,xrdcwddbsuip06,MTX_ACOE_Cutover_Reporting,UI_Excel_Select_Xwalk_Source_Accommodations,facility,*ALL*,QXA4067,07:43.2
2321,COCQR,SP,SEMI PRIVATE,SP,N,NO MATCH,0,COCQR,,,,,N,Y,None,RWM4772,39:57.2,corpsvcmtxcutoverrpt_sql,53:33.3,xrdcwddbsuip06,MTX_ACOE_Cutover_Reporting,UI_Excel_Select_Xwalk_Source_Accommodations,facility,*ALL*,QXA4067,07:43.2
2322,COCQR,T,Tele,T,Y,NO MATCH,98,COCQR,TEL,TELEMETRY,TE,Y,Y,N,None,RWM4772,39:57.2,corpsvcmtxcutoverrpt_sql,53:33.3,xrdcwddbsuip06,MTX_ACOE_Cutover_Reporting,UI_Excel_Select_Xwalk_Source_Accommodations,facility,*ALL*,QXA4067,07:43.2
2323,COCQR,VIP,VIP Room,VI,N,NO MATCH,0,COCQR,,,,,N,Y,None,RWM4772,39:57.3,corpsvcmtxcutoverrpt_sql,53:33.3,xrdcwddbsuip06,MTX_ACOE_Cutover_Reporting,UI_Excel_Select_Xwalk_Source_Accommodations,facility,*ALL*,QXA4067,07:43.2
2324,COCQR,W,WARD *,Q,N,NO MATCH,0,COCQR,,,,,N,Y,None,RWM4772,39:57.4,corpsvcmtxcutoverrpt_sql,53:33.3,xrdcwddbsuip06,MTX_ACOE_Cutover_Reporting,UI_Excel_Select_Xwalk_Source_Accommodations,facility,*ALL*,QXA4067,07:43.2
2325,COCQV,EC,ECMO,EC,Y,NO MATCH,0,COCQV,EC,ECMO,EC,Y,Y,N,None,KSI8889,52:09.7,corpsvcmtxcutoverrpt_sql,53:33.3,xrdcwddbsuip06,MTX_ACOE_Cutover_Reporting,UI_Excel_Select_Xwalk_Source_Accommodations,facility,*ALL*,QXA4067,07:43.2
2326,COCQV,HD,HOLDING ROOM,HD,Y,NO MATCH,10,COCQV,L4,NEWBORN LEVEL IV CARE,L4,Y,Y,N,None,KSI8889,52:09.8,corpsvcmtxcutoverrpt_sql,53:33.3,xrdcwddbsuip06,MTX_ACOE_Cutover_Reporting,UI_Excel_Select_Xwalk_Source_Accommodations,facility,*ALL*,QXA4067,07:43.2
2327,COCQV,HR,HIGH RISK NURSERY,HR,Y,NO MATCH,0,COCQV,PR,PRIVATE ROOM,PR,Y,Y,N,None,KSI8889,52:09.8,corpsvcmtxcutoverrpt_sql,53:33.3,xrdcwddbsuip06,MTX_ACOE_Cutover_Reporting,UI_Excel_Select_Xwalk_Source_Accommodations,facility,*ALL*,QXA4067,07:43.2
2328,COCQV,IC,INTENSIVE CARE,IC,Y,NO MATCH,20,COCQV,IC,INTENSIVE CARE,IC,Y,Y,N,None,KSI8889,52:09.8,corpsvcmtxcutoverrpt_sql,53:33.3,xrdcwddbsuip06,MTX_ACOE_Cutover_Reporting,UI_Excel_Select_Xwalk_Source_Accommodations,facility,*ALL*,QXA4067,07:43.2
2329,COCQV,L1,NEWBORN LEVEL I,L1,Y,NO MATCH,0,COCQV,L1,NEWBORN LEVEL I CARE,L1,Y,Y,N,None,KSI8889,52:09.9,corpsvcmtxcutoverrpt_sql,53:33.3,xrdcwddbsuip06,MTX_ACOE_Cutover_Reporting,UI_Excel_Select_Xwalk_Source_Accommodations,facility,*ALL*,QXA4067,07:43.2
2330,COCQV,L2,NEWBORN LEVEL II,L2,Y,NO MATCH,3,COCQV,L2,NEWBORN LEVEL II CARE,L2,Y,Y,N,None,KSI8889,52:09.9,corpsvcmtxcutoverrpt_sql,53:33.3,xrdcwddbsuip06,MTX_ACOE_Cutover_Reporting,UI_Excel_Select_Xwalk_Source_Accommodations,facility,*ALL*,QXA4067,07:43.2
2331,COCQV,L3,NEWBORN LEVEL III,L3,Y,NO MATCH,2,COCQV,L3,NEWBORN LEVEL III CARE,L3,Y,Y,N,None,KSI8889,52:09.9,corpsvcmtxcutoverrpt_sql,53:33.3,xrdcwddbsuip06,MTX_ACOE_Cutover_Reporting,UI_Excel_Select_Xwalk_Source_Accommodations,facility,*ALL*,QXA4067,07:43.2
2332,COCQV,L4,NEWBORN LEVEL IV,L4,Y,NO MATCH,0,COCQV,L4,NEWBORN LEVEL IV CARE,L4,Y,Y,N,None,KSI8889,52:09.9,corpsvcmtxcutoverrpt_sql,53:33.3,xrdcwddbsuip06,MTX_ACOE_Cutover_Reporting,UI_Excel_Select_Xwalk_Source_Accommodations,facility,*ALL*,QXA4067,07:43.2
2333,COCQV,MI,MEDICAL INTENSIVE CARE,MI,Y,NO MATCH,34,COCQV,IC,INTENSIVE CARE,IC,Y,Y,N,None,KSI8889,52:10.0,corpsvcmtxcutoverrpt_sql,53:33.3,xrdcwddbsuip06,MTX_ACOE_Cutover_Reporting,UI_Excel_Select_Xwalk_Source_Accommodations,facility,*ALL*,QXA4067,07:43.2
2334,COCQV,MS,ANNEX MED SURG,MS,Y,NO MATCH,4,COCQV,MS,MED SURG,MS,Y,Y,N,None,KSI8889,52:10.0,corpsvcmtxcutoverrpt_sql,53:33.3,xrdcwddbsuip06,MTX_ACOE_Cutover_Reporting,UI_Excel_Select_Xwalk_Source_Accommodations,facility,*ALL*,QXA4067,07:43.2
2335,COCQV,NU,NEWBORN NURSERY,NU,Y,NO MATCH,1,COCQV,L1,NEWBORN LEVEL I CARE,L1,Y,Y,N,None,KSI8889,52:10.0,corpsvcmtxcutoverrpt_sql,53:33.3,xrdcwddbsuip06,MTX_ACOE_Cutover_Reporting,UI_Excel_Select_Xwalk_Source_Accommodations,facility,*ALL*,QXA4067,07:43.2
2336,COCQV,OBG,PRIVATE - OB/GYN/PP,OB,Y,NO MATCH,1,COCQV,AP,ANTEPARTUM,AP,Y,Y,N,None,KSI8889,52:10.0,corpsvcmtxcutoverrpt_sql,53:33.3,xrdcwddbsuip06,MTX_ACOE_Cutover_Reporting,UI_Excel_Select_Xwalk_Source_Accommodations,facility,*ALL*,QXA4067,07:43.2
2337,COCQV,P,PRIVATE ROOM,P,Y,NO MATCH,1233,COCQV,PR,PRIVATE ROOM,PR,Y,Y,N,None,KSI8889,52:10.1,corpsvcmtxcutoverrpt_sql,53:33.3,xrdcwddbsuip06,MTX_ACOE_Cutover_Reporting,UI_Excel_Select_Xwalk_Source_Accommodations,facility,*ALL*,QXA4067,07:43.2
2338,COCQV,PC,PROGRESSIVE CARE UNIT,PC,Y,NO MATCH,143,COCQV,PC,PROGRESSIVE CARE,PC,Y,Y,N,None,KSI8889,52:10.1,corpsvcmtxcutoverrpt_sql,53:33.3,xrdcwddbsuip06,MTX_ACOE_Cutover_Reporting,UI_Excel_Select_Xwalk_Source_Accommodations,facility,*ALL*,QXA4067,07:43.2
2339,COCQV,PCU,ANNEX PCU,PU,Y,NO MATCH,0,COCQV,PC,PROGRESSIVE CARE,PC,Y,Y,N,None,KSI8889,52:10.1,corpsvcmtxcutoverrpt_sql,53:33.3,xrdcwddbsuip06,MTX_ACOE_Cutover_Reporting,UI_Excel_Select_Xwalk_Source_Accommodations,facility,*ALL*,QXA4067,07:43.2
2340,COCQV,PE,PEDS,PE,Y,NO MATCH,22,COCQV,P,PEDIATRIC,P,Y,Y,N,None,KSI8889,52:10.1,corpsvcmtxcutoverrpt_sql,53:33.3,xrdcwddbsuip06,MTX_ACOE_Cutover_Reporting,UI_Excel_Select_Xwalk_Source_Accommodations,facility,*ALL*,QXA4067,07:43.2
2341,COCQV,PICU,Pediatric Intensive Care Unit,PI,Y,NO MATCH,7,COCQV,PIC,PEDIATRIC INTENSIVE CARE,PI,Y,Y,N,None,KSI8889,52:10.2,corpsvcmtxcutoverrpt_sql,53:33.3,xrdcwddbsuip06,MTX_ACOE_Cutover_Reporting,UI_Excel_Select_Xwalk_Source_Accommodations,facility,*ALL*,QXA4067,07:43.2
2342,COCQV,PS,BEHAVIORAL UNIT SEMI PRIVATE,PS,Y,NO MATCH,74,COCQV,BH,BEHAVIORAL HEALTH,BH,Y,Y,N,None,KSI8889,52:10.2,corpsvcmtxcutoverrpt_sql,53:33.3,xrdcwddbsuip06,MTX_ACOE_Cutover_Reporting,UI_Excel_Select_Xwalk_Source_Accommodations,facility,*ALL*,QXA4067,07:43.2
2343,COCQV,RH,REHAB PRIVATE,RH,Y,NO MATCH,70,COCQV,R,REHABILITATION,R,Y,Y,N,None,KSI8889,52:10.2,corpsvcmtxcutoverrpt_sql,53:33.3,xrdcwddbsuip06,MTX_ACOE_Cutover_Reporting,UI_Excel_Select_Xwalk_Source_Accommodations,facility,*ALL*,QXA4067,07:43.2
2344,COCQV,S,SEMI-PRIVATE ROOM,1,N,NO MATCH,0,COCQV,,,,Y,Y,Y,None,KSI8889,52:10.2,corpsvcmtxcutoverrpt_sql,53:33.3,xrdcwddbsuip06,MTX_ACOE_Cutover_Reporting,UI_Excel_Select_Xwalk_Source_Accommodations,facility,*ALL*,QXA4067,07:43.2
2345,COCQV,SB,SPECIALTY BED,SB,Y,NO MATCH,0,COCQV,PC,PROGRESSIVE CARE,PC,Y,Y,N,None,KSI8889,52:10.3,corpsvcmtxcutoverrpt_sql,53:33.3,xrdcwddbsuip06,MTX_ACOE_Cutover_Reporting,UI_Excel_Select_Xwalk_Source_Accommodations,facility,*ALL*,QXA4067,07:43.2
2346,COCQV,SI,SURGICAL INTENSIVE CARE,SI,Y,NO MATCH,26,COCQV,SIC,SURGICAL INTENSIVE CARE,SI,Y,Y,N,None,KSI8889,52:10.3,corpsvcmtxcutoverrpt_sql,53:33.3,xrdcwddbsuip06,MTX_ACOE_Cutover_Reporting,UI_Excel_Select_Xwalk_Source_Accommodations,facility,*ALL*,QXA4067,07:43.2
2347,COCQV,SP,SEMI-PRIVATE,SP,Y,NO MATCH,31,COCQV,SP,SEMI PRIVATE ROOM,SP,Y,Y,N,None,KSI8889,52:10.4,corpsvcmtxcutoverrpt_sql,53:33.3,xrdcwddbsuip06,MTX_ACOE_Cutover_Reporting,UI_Excel_Select_Xwalk_Source_Accommodations,facility,*ALL*,QXA4067,07:43.2
2348,COCQV,SPOBG,SEMI-PRIVATE OB/GYN/PP,SO,Y,NO MATCH,3,COCQV,LD,LABOR AND DELIVERY,LD,Y,Y,N,None,KSI8889,52:10.4,corpsvcmtxcutoverrpt_sql,53:33.3,xrdcwddbsuip06,MTX_ACOE_Cutover_Reporting,UI_Excel_Select_Xwalk_Source_Accommodations,facility,*ALL*,QXA4067,07:43.2
2349,COCQV,SS,Swing Bed Semi-Private,SS,N,NO MATCH,0,COCQV,,,,Y,Y,Y,None,KSI8889,52:10.4,corpsvcmtxcutoverrpt_sql,53:33.3,xrdcwddbsuip06,MTX_ACOE_Cutover_Reporting,UI_Excel_Select_Xwalk_Source_Accommodations,facility,*ALL*,QXA4067,07:43.2
2350,COCQV,SW,Swing Bed Private,SW,N,NO MATCH,0,COCQV,,,,Y,Y,Y,None,KSI8889,52:10.4,corpsvcmtxcutoverrpt_sql,53:33.3,xrdcwddbsuip06,MTX_ACOE_Cutover_Reporting,UI_Excel_Select_Xwalk_Source_Accommodations,facility,*ALL*,QXA4067,07:43.2
2351,COCQV,TR,Trauma ICU,TR,Y,NO MATCH,116,COCQV,TRIC           ,TRAUMA INTENSIVE CARE               ,TI,Y,Y,N,None,KSI8889,52:10.5,corpsvcmtxcutoverrpt_sql,53:33.3,xrdcwddbsuip06,MTX_ACOE_Cutover_Reporting,UI_Excel_Select_Xwalk_Source_Accommodations,facility,*ALL*,QXA4067,07:43.2
2352,COCQV,TROBG,TRAUMA OB/GYN/PP,TO,Y,NO MATCH,0,COCQV,TR,TRAUMA,TR,Y,Y,N,None,KSI8889,52:10.5,corpsvcmtxcutoverrpt_sql,53:33.3,xrdcwddbsuip06,MTX_ACOE_Cutover_Reporting,UI_Excel_Select_Xwalk_Source_Accommodations,facility,*ALL*,QXA4067,07:43.2
2353,COCQV,TRP,Trauma Private Room,T1,Y,NO MATCH,49,COCQV,TR,TRAUMA,TR,Y,Y,N,None,KSI8889,52:10.5,corpsvcmtxcutoverrpt_sql,53:33.3,xrdcwddbsuip06,MTX_ACOE_Cutover_Reporting,UI_Excel_Select_Xwalk_Source_Accommodations,facility,*ALL*,QXA4067,07:43.2
2354,COCQV,TRPE,Trauma Peds,TE,N,NO MATCH,0,COCQV,,,,Y,Y,Y,None,KSI8889,52:10.5,corpsvcmtxcutoverrpt_sql,53:33.3,xrdcwddbsuip06,MTX_ACOE_Cutover_Reporting,UI_Excel_Select_Xwalk_Source_Accommodations,facility,*ALL*,QXA4067,07:43.2
2355,COCQV,TRPI,Trauma PICU,TI,Y,NO MATCH,2,COCQV,TR,TRAUMA,TR,Y,Y,N,None,KSI8889,52:10.6,corpsvcmtxcutoverrpt_sql,53:33.3,xrdcwddbsuip06,MTX_ACOE_Cutover_Reporting,UI_Excel_Select_Xwalk_Source_Accommodations,facility,*ALL*,QXA4067,07:43.2
2356,COCQV,TRS,Trauma Special Bed,TS,Y,NO MATCH,0,COCQV,TR,TRAUMA,TR,Y,Y,N,None,KSI8889,52:10.6,corpsvcmtxcutoverrpt_sql,53:33.3,xrdcwddbsuip06,MTX_ACOE_Cutover_Reporting,UI_Excel_Select_Xwalk_Source_Accommodations,facility,*ALL*,QXA4067,07:43.2
2357,COCQV,TRSD,Trauma Step Down,TD,Y,NO MATCH,3,COCQV,TR,TRAUMA,TR,Y,Y,N,None,KSI8889,52:10.6,corpsvcmtxcutoverrpt_sql,53:33.3,xrdcwddbsuip06,MTX_ACOE_Cutover_Reporting,UI_Excel_Select_Xwalk_Source_Accommodations,facility,*ALL*,QXA4067,07:43.2
2358,COCQV,TRSP,Trauma Semi-Private,TP,Y,NO MATCH,0,COCQV,TR,TRAUMA,TR,Y,Y,N,None,KSI8889,52:10.6,corpsvcmtxcutoverrpt_sql,53:33.3,xrdcwddbsuip06,MTX_ACOE_Cutover_Reporting,UI_Excel_Select_Xwalk_Source_Accommodations,facility,*ALL*,QXA4067,07:43.2
2359,COCRA,B,NEWBORN,B,Y,NO MATCH,5,COCRA,L1,NEWBORN LEVEL I CARE,L1,Y,Y,N,None,QVO8748,50:38.3,corpsvcmtxcutoverrpt_sql,43:36.1,xrdcwddbsuip06,MTX_ACOE_Cutover_Reporting,UI_Excel_Select_Xwalk_Source_Accommodations,facility,*ALL*,QXA4067,07:43.2
2360,COCRA,HR,HIGH RISK LABOR & DELIVERY,HR,Y,NO MATCH,0,COCRA,PR,PRIVATE ROOM,PR,Y,Y,N,None,QVO8748,50:38.3,corpsvcmtxcutoverrpt_sql,43:36.1,xrdcwddbsuip06,MTX_ACOE_Cutover_Reporting,UI_Excel_Select_Xwalk_Source_Accommodations,facility,*ALL*,QXA4067,07:43.2
2361,COCRA,I,INTENSIVE CARE,I,Y,NO MATCH,63,COCRA,IC,INTENSIVE CARE,IC,Y,Y,N,None,QVO8748,00:13.0,corpsvcmtxcutoverrpt_sql,43:36.1,xrdcwddbsuip06,MTX_ACOE_Cutover_Reporting,UI_Excel_Select_Xwalk_Source_Accommodations,facility,*ALL*,QXA4067,07:43.2
2362,COCRA,IC,INTENSIVE CARE,IC,Y,NO MATCH,24,COCRA,IC,INTENSIVE CARE,IC,Y,Y,N,None,QVO8748,00:13.0,corpsvcmtxcutoverrpt_sql,43:36.1,xrdcwddbsuip06,MTX_ACOE_Cutover_Reporting,UI_Excel_Select_Xwalk_Source_Accommodations,facility,*ALL*,QXA4067,07:43.2
2363,COCRA,INT,INTERMEDIATE CARE,IN,Y,NO MATCH,0,COCRA,PC,PROGRESSIVE CARE,PC,Y,Y,N,None,QVO8748,00:13.1,corpsvcmtxcutoverrpt_sql,43:36.1,xrdcwddbsuip06,MTX_ACOE_Cutover_Reporting,UI_Excel_Select_Xwalk_Source_Accommodations,facility,*ALL*,QXA4067,07:43.2
2364,COCRA,L1,NEWBORN LEVEL I,L1,Y,NO MATCH,51,COCRA,L1,NEWBORN LEVEL I CARE,L1,Y,Y,N,None,QVO8748,00:13.1,corpsvcmtxcutoverrpt_sql,43:36.1,xrdcwddbsuip06,MTX_ACOE_Cutover_Reporting,UI_Excel_Select_Xwalk_Source_Accommodations,facility,*ALL*,QXA4067,07:43.2
2365,COCRA,L2,NEWBORN LEVEL 2,L2,Y,NO MATCH,56,COCRA,L2,NEWBORN LEVEL II CARE,L2,Y,Y,N,None,QVO8748,00:13.1,corpsvcmtxcutoverrpt_sql,43:36.1,xrdcwddbsuip06,MTX_ACOE_Cutover_Reporting,UI_Excel_Select_Xwalk_Source_Accommodations,facility,*ALL*,QXA4067,07:43.2
2366,COCRA,L3,NEWBORN LEVEL 3,L3,Y,NO MATCH,14,COCRA,L3,NEWBORN LEVEL III CARE,L3,Y,Y,N,None,QVO8748,00:13.2,corpsvcmtxcutoverrpt_sql,43:36.1,xrdcwddbsuip06,MTX_ACOE_Cutover_Reporting,UI_Excel_Select_Xwalk_Source_Accommodations,facility,*ALL*,QXA4067,07:43.2
2367,COCRA,L4,NEWBORN LEVEL 4,L4,Y,NO MATCH,2,COCRA,L4,NEWBORN LEVEL IV CARE,L4,Y,Y,N,None,QVO8748,00:13.2,corpsvcmtxcutoverrpt_sql,43:36.1,xrdcwddbsuip06,MTX_ACOE_Cutover_Reporting,UI_Excel_Select_Xwalk_Source_Accommodations,facility,*ALL*,QXA4067,07:43.2
2368,COCRA,LD,LABOR AND DELIVERY,LD,Y,NO MATCH,58,COCRA,LD,LABOR AND DELIVERY,LD,Y,Y,N,None,QVO8748,00:13.2,corpsvcmtxcutoverrpt_sql,43:36.1,xrdcwddbsuip06,MTX_ACOE_Cutover_Reporting,UI_Excel_Select_Xwalk_Source_Accommodations,facility,*ALL*,QXA4067,07:43.2
2369,COCRA,LP,LARGE PRIVATE,LP,Y,NO MATCH,0,COCRA,PR,PRIVATE ROOM,PR,Y,Y,N,None,QVO8748,50:38.3,corpsvcmtxcutoverrpt_sql,43:36.1,xrdcwddbsuip06,MTX_ACOE_Cutover_Reporting,UI_Excel_Select_Xwalk_Source_Accommodations,facility,*ALL*,QXA4067,07:43.2
2370,COCRA,OB,ED Holding (Women's),OB,Y,NO MATCH,0,COCRA,PR,PRIVATE ROOM,PR,Y,Y,N,None,QVO8748,50:38.3,corpsvcmtxcutoverrpt_sql,43:36.1,xrdcwddbsuip06,MTX_ACOE_Cutover_Reporting,UI_Excel_Select_Xwalk_Source_Accommodations,facility,*ALL*,QXA4067,07:43.2
2371,COCRA,P,PRIVATE ROOM,P,Y,NO MATCH,480,COCRA,PR,PRIVATE ROOM,PR,Y,Y,N,None,QVO8748,00:13.3,corpsvcmtxcutoverrpt_sql,43:36.1,xrdcwddbsuip06,MTX_ACOE_Cutover_Reporting,UI_Excel_Select_Xwalk_Source_Accommodations,facility,*ALL*,QXA4067,07:43.2
2372,COCRA,PC,PCU,PC,Y,NO MATCH,0,COCRA,PC,PROGRESSIVE CARE,PC,Y,Y,N,None,QVO8748,00:13.3,corpsvcmtxcutoverrpt_sql,43:36.1,xrdcwddbsuip06,MTX_ACOE_Cutover_Reporting,UI_Excel_Select_Xwalk_Source_Accommodations,facility,*ALL*,QXA4067,07:43.2
2373,COCRA,PD,ED Holding (PEDI),PD,Y,NO MATCH,8,COCRA,P,PEDIATRIC,P,Y,Y,N,None,QVO8748,00:13.3,corpsvcmtxcutoverrpt_sql,43:36.1,xrdcwddbsuip06,MTX_ACOE_Cutover_Reporting,UI_Excel_Select_Xwalk_Source_Accommodations,facility,*ALL*,QXA4067,07:43.2
2374,COCRA,PE,ER Holding (PEDI),PE,N,NO MATCH,0,COCRA,,,,,N,Y,None,QVO8748,18:36.8,corpsvcmtxcutoverrpt_sql,43:36.1,xrdcwddbsuip06,MTX_ACOE_Cutover_Reporting,UI_Excel_Select_Xwalk_Source_Accommodations,facility,*ALL*,QXA4067,07:43.2
2375,COCRA,PEDI,W4 - PEDI,P4,Y,NO MATCH,0,COCRA,PR,PRIVATE ROOM,PR,Y,Y,N,None,QVO8748,50:38.4,corpsvcmtxcutoverrpt_sql,43:36.1,xrdcwddbsuip06,MTX_ACOE_Cutover_Reporting,UI_Excel_Select_Xwalk_Source_Accommodations,facility,*ALL*,QXA4067,07:43.2
2376,COCRA,PI,ER Holding (PICU),PI,N,NO MATCH,0,COCRA,,,,,N,Y,None,QVO8748,18:36.9,corpsvcmtxcutoverrpt_sql,43:36.1,xrdcwddbsuip06,MTX_ACOE_Cutover_Reporting,UI_Excel_Select_Xwalk_Source_Accommodations,facility,*ALL*,QXA4067,07:43.2
2377,COCRA,Q,OBSERVATION,Q,N,NO MATCH,0,COCRA,,,,,N,Y,None,QVO8748,18:36.9,corpsvcmtxcutoverrpt_sql,43:36.1,xrdcwddbsuip06,MTX_ACOE_Cutover_Reporting,UI_Excel_Select_Xwalk_Source_Accommodations,facility,*ALL*,QXA4067,07:43.2
2378,COCRA,S,SEMI-PRIVATE ROOM,S,Y,NO MATCH,137,COCRA,PR,PRIVATE ROOM,PR,Y,Y,N,None,QVO8748,50:38.4,corpsvcmtxcutoverrpt_sql,43:36.1,xrdcwddbsuip06,MTX_ACOE_Cutover_Reporting,UI_Excel_Select_Xwalk_Source_Accommodations,facility,*ALL*,QXA4067,07:43.2
2379,COCRA,SD,SUITE DELUXE,SD,Y,NO MATCH,4,COCRA,PR,PRIVATE ROOM,PR,Y,Y,N,None,QVO8748,50:38.4,corpsvcmtxcutoverrpt_sql,43:36.1,xrdcwddbsuip06,MTX_ACOE_Cutover_Reporting,UI_Excel_Select_Xwalk_Source_Accommodations,facility,*ALL*,QXA4067,07:43.2
2380,COCRA,SP,SUITE - PEDI,SP,Y,NO MATCH,0,COCRA,PR,PRIVATE ROOM,PR,Y,Y,N,None,QVO8748,50:38.4,corpsvcmtxcutoverrpt_sql,43:36.1,xrdcwddbsuip06,MTX_ACOE_Cutover_Reporting,UI_Excel_Select_Xwalk_Source_Accommodations,facility,*ALL*,QXA4067,07:43.2
2381,COCRA,SU,SUITE,SU,Y,NO MATCH,1,COCRA,PR,PRIVATE ROOM,PR,Y,Y,N,None,QVO8748,50:38.4,corpsvcmtxcutoverrpt_sql,43:36.1,xrdcwddbsuip06,MTX_ACOE_Cutover_Reporting,UI_Excel_Select_Xwalk_Source_Accommodations,facility,*ALL*,QXA4067,07:43.2
2382,COCRA,T,TELEMETRY,T,Y,NO MATCH,106,COCRA,PR,PRIVATE ROOM,PR,Y,Y,N,None,QVO8748,50:38.5,corpsvcmtxcutoverrpt_sql,43:36.1,xrdcwddbsuip06,MTX_ACOE_Cutover_Reporting,UI_Excel_Select_Xwalk_Source_Accommodations,facility,*ALL*,QXA4067,07:43.2
2383,COCRA,TR,TRAUMA ICU,TR,Y,NO MATCH,10,COCRA,TR,TRAUMA INTENSIVE CARE,TR,Y,Y,N,None,QVO8748,00:13.3,corpsvcmtxcutoverrpt_sql,43:36.1,xrdcwddbsuip06,MTX_ACOE_Cutover_Reporting,UI_Excel_Select_Xwalk_Source_Accommodations,facility,*ALL*,QXA4067,07:43.2
2384,COCRA,V,VENTILATOR,V,Y,NO MATCH,0,COCRA,PR,PRIVATE ROOM,PR,Y,Y,N,None,QVO8748,50:38.5,corpsvcmtxcutoverrpt_sql,43:36.1,xrdcwddbsuip06,MTX_ACOE_Cutover_Reporting,UI_Excel_Select_Xwalk_Source_Accommodations,facility,*ALL*,QXA4067,07:43.2
2385,COCRA,WS,ER Holding (WOMENS),WS,N,NO MATCH,0,COCRA,,,,,N,Y,None,QVO8748,18:37.2,corpsvcmtxcutoverrpt_sql,43:36.1,xrdcwddbsuip06,MTX_ACOE_Cutover_Reporting,UI_Excel_Select_Xwalk_Source_Accommodations,facility,*ALL*,QXA4067,07:43.2
2386,COCRD,BB,BORDER BABY,BB,Y,NO MATCH,0,COCRD,PR,PRIVATE ROOM,P,Y,Y,N,None,IIU4396,42:30.8,corpsvcmtxcutoverrpt_sql,14:03.2,xrdcwddbsuip06,MTX_ACOE_Cutover_Reporting,UI_Excel_Select_Xwalk_Source_Accommodations,facility,*ALL*,QXA4067,07:43.2
2387,COCRD,CC,CORONARY CARE,CC,Y,NO MATCH,0,COCRD,IC,INTENSIVE CARE,IC,Y,Y,N,None,IIU4396,42:30.9,corpsvcmtxcutoverrpt_sql,14:03.2,xrdcwddbsuip06,MTX_ACOE_Cutover_Reporting,UI_Excel_Select_Xwalk_Source_Accommodations,facility,*ALL*,QXA4067,07:43.2
2388,COCRD,CI,HEART TRANSPLANT WAITING,CI,N,NO MATCH,0,COCRD,,,,,N,Y,None,BMB1734,09:19.3,corpsvcmtxcutoverrpt_sql,14:03.2,xrdcwddbsuip06,MTX_ACOE_Cutover_Reporting,UI_Excel_Select_Xwalk_Source_Accommodations,facility,*ALL*,QXA4067,07:43.2
2389,COCRD,CP,CHEST PAIN,CP,N,NO MATCH,0,COCRD,,,,,N,Y,None,BMB1734,09:19.4,corpsvcmtxcutoverrpt_sql,14:03.2,xrdcwddbsuip06,MTX_ACOE_Cutover_Reporting,UI_Excel_Select_Xwalk_Source_Accommodations,facility,*ALL*,QXA4067,07:43.2
2390,COCRD,CS,CARDIAC SURGERY ICU,CS,N,NO MATCH,0,COCRD,,,,,N,Y,None,BMB1734,09:19.5,corpsvcmtxcutoverrpt_sql,14:03.2,xrdcwddbsuip06,MTX_ACOE_Cutover_Reporting,UI_Excel_Select_Xwalk_Source_Accommodations,facility,*ALL*,QXA4067,07:43.2
2391,COCRD,HOS,HOSPICE,HO,N,NO MATCH,0,COCRD,,,,,N,Y,None,BMB1734,09:19.5,corpsvcmtxcutoverrpt_sql,14:03.2,xrdcwddbsuip06,MTX_ACOE_Cutover_Reporting,UI_Excel_Select_Xwalk_Source_Accommodations,facility,*ALL*,QXA4067,07:43.2
2392,COCRD,IC,INTENSIVE CARE,IC,Y,NO MATCH,0,COCRD,IC,INTENSIVE CARE,IC,Y,Y,N,None,IIU4396,42:30.9,corpsvcmtxcutoverrpt_sql,14:03.2,xrdcwddbsuip06,MTX_ACOE_Cutover_Reporting,UI_Excel_Select_Xwalk_Source_Accommodations,facility,*ALL*,QXA4067,07:43.2
2393,COCRD,IS,ISOLATION,IS,Y,NO MATCH,0,COCRD,PR,PRIVATE ROOM,P,Y,Y,N,None,IIU4396,42:30.9,corpsvcmtxcutoverrpt_sql,14:03.2,xrdcwddbsuip06,MTX_ACOE_Cutover_Reporting,UI_Excel_Select_Xwalk_Source_Accommodations,facility,*ALL*,QXA4067,07:43.2
2394,COCRD,ISP,ISOLATION - PRIVATE,IR,Y,NO MATCH,0,COCRD,PR,PRIVATE ROOM,P,Y,Y,N,None,IIU4396,42:31.0,corpsvcmtxcutoverrpt_sql,14:03.2,xrdcwddbsuip06,MTX_ACOE_Cutover_Reporting,UI_Excel_Select_Xwalk_Source_Accommodations,facility,*ALL*,QXA4067,07:43.2
2395,COCRD,ISS,ISOLATION - SEMIPRIVATE,IL,Y,NO MATCH,0,COCRD,PR,PRIVATE ROOM,P,Y,Y,N,None,IIU4396,42:31.0,corpsvcmtxcutoverrpt_sql,14:03.2,xrdcwddbsuip06,MTX_ACOE_Cutover_Reporting,UI_Excel_Select_Xwalk_Source_Accommodations,facility,*ALL*,QXA4067,07:43.2
2396,COCRD,IV,LEVEL IV - NICU NURSERY,IV,N,NO MATCH,0,COCRD,,,,,N,Y,None,BMB1734,09:19.6,corpsvcmtxcutoverrpt_sql,14:03.2,xrdcwddbsuip06,MTX_ACOE_Cutover_Reporting,UI_Excel_Select_Xwalk_Source_Accommodations,facility,*ALL*,QXA4067,07:43.2
2397,COCRD,IVU,INTERVENTIONAL CARE UNIT,IU,Y,NO MATCH,0,COCRD,PR,PRIVATE ROOM,IU,Y,Y,N,None,IIU4396,42:31.0,corpsvcmtxcutoverrpt_sql,14:03.2,xrdcwddbsuip06,MTX_ACOE_Cutover_Reporting,UI_Excel_Select_Xwalk_Source_Accommodations,facility,*ALL*,QXA4067,07:43.2
2398,COCRD,J,"PRIVATE, MEDICALLY JUSTIFIED",J,N,NO MATCH,0,COCRD,,,,,N,Y,None,BMB1734,09:19.7,corpsvcmtxcutoverrpt_sql,14:03.2,xrdcwddbsuip06,MTX_ACOE_Cutover_Reporting,UI_Excel_Select_Xwalk_Source_Accommodations,facility,*ALL*,QXA4067,07:43.2
2399,COCRD,JR,JOINT REPLACEMENT,JR,N,NO MATCH,0,COCRD,,,,,N,Y,None,BMB1734,09:19.7,corpsvcmtxcutoverrpt_sql,14:03.2,xrdcwddbsuip06,MTX_ACOE_Cutover_Reporting,UI_Excel_Select_Xwalk_Source_Accommodations,facility,*ALL*,QXA4067,07:43.2
2400,COCRD,L1,NEWBORN,L1,Y,NO MATCH,0,COCRD,PR,PRIVATE ROOM,P,Y,Y,N,None,BMB1734,02:10.9,corpsvcmtxcutoverrpt_sql,14:03.2,xrdcwddbsuip06,MTX_ACOE_Cutover_Reporting,UI_Excel_Select_Xwalk_Source_Accommodations,facility,*ALL*,QXA4067,07:43.2
2401,COCRD,L2,NEWBORN LEVEL II,L2,Y,NO MATCH,0,COCRD,PR,PRIVATE ROOM,P,Y,Y,N,None,IIU4396,42:31.1,corpsvcmtxcutoverrpt_sql,14:03.2,xrdcwddbsuip06,MTX_ACOE_Cutover_Reporting,UI_Excel_Select_Xwalk_Source_Accommodations,facility,*ALL*,QXA4067,07:43.2
2402,COCRD,L3,NEWBORN NICU LEVEL III,L3,Y,NO MATCH,0,COCRD,PR,PRIVATE ROOM,P,Y,Y,N,None,IIU4396,42:31.1,corpsvcmtxcutoverrpt_sql,14:03.2,xrdcwddbsuip06,MTX_ACOE_Cutover_Reporting,UI_Excel_Select_Xwalk_Source_Accommodations,facility,*ALL*,QXA4067,07:43.2
2403,COCRD,L4,NEWBORN NICU LEVEL IV,L4,Y,NO MATCH,0,COCRD,PR,PRIVATE ROOM,P,Y,Y,N,None,IIU4396,42:31.1,corpsvcmtxcutoverrpt_sql,14:03.2,xrdcwddbsuip06,MTX_ACOE_Cutover_Reporting,UI_Excel_Select_Xwalk_Source_Accommodations,facility,*ALL*,QXA4067,07:43.2
2404,COCRD,LD,LABOR AND DELIVERY,LD,Y,NO MATCH,0,COCRD,PR,PRIVATE ROOM,P,Y,Y,N,None,IIU4396,42:31.2,corpsvcmtxcutoverrpt_sql,14:03.2,xrdcwddbsuip06,MTX_ACOE_Cutover_Reporting,UI_Excel_Select_Xwalk_Source_Accommodations,facility,*ALL*,QXA4067,07:43.2
2405,COCRD,M,CORONARY CARE,MM,N,NO MATCH,0,COCRD,,,,,N,Y,None,BMB1734,09:19.8,corpsvcmtxcutoverrpt_sql,14:03.2,xrdcwddbsuip06,MTX_ACOE_Cutover_Reporting,UI_Excel_Select_Xwalk_Source_Accommodations,facility,*ALL*,QXA4067,07:43.2
2406,COCRD,MI,MEDICAL ICU,MI,N,NO MATCH,0,COCRD,,,,,N,Y,None,BMB1734,09:19.9,corpsvcmtxcutoverrpt_sql,14:03.2,xrdcwddbsuip06,MTX_ACOE_Cutover_Reporting,UI_Excel_Select_Xwalk_Source_Accommodations,facility,*ALL*,QXA4067,07:43.2
2407,COCRD,N1,NICU LEVEL 1,N1,N,NO MATCH,0,COCRD,,,,,N,Y,None,BMB1734,09:19.9,corpsvcmtxcutoverrpt_sql,14:03.2,xrdcwddbsuip06,MTX_ACOE_Cutover_Reporting,UI_Excel_Select_Xwalk_Source_Accommodations,facility,*ALL*,QXA4067,07:43.2
2408,COCRD,N2,NICU LEVEL 2,N2,N,NO MATCH,0,COCRD,,,,,N,Y,None,BMB1734,09:20.0,corpsvcmtxcutoverrpt_sql,14:03.2,xrdcwddbsuip06,MTX_ACOE_Cutover_Reporting,UI_Excel_Select_Xwalk_Source_Accommodations,facility,*ALL*,QXA4067,07:43.2
2409,COCRD,N3,NICU LEVEL 3,N3,N,NO MATCH,0,COCRD,,,,,N,Y,None,BMB1734,09:20.1,corpsvcmtxcutoverrpt_sql,14:03.2,xrdcwddbsuip06,MTX_ACOE_Cutover_Reporting,UI_Excel_Select_Xwalk_Source_Accommodations,facility,*ALL*,QXA4067,07:43.2
2410,COCRD,NB,NEWBORN WELL BABY,NB,Y,NO MATCH,0,COCRD,PR,PRIVATE ROOM,P,Y,Y,N,None,IIU4396,42:31.2,corpsvcmtxcutoverrpt_sql,14:03.2,xrdcwddbsuip06,MTX_ACOE_Cutover_Reporting,UI_Excel_Select_Xwalk_Source_Accommodations,facility,*ALL*,QXA4067,07:43.2
2411,COCRD,NI,NICU,NI,N,NO MATCH,0,COCRD,,,,,N,Y,None,BMB1734,09:20.1,corpsvcmtxcutoverrpt_sql,14:03.2,xrdcwddbsuip06,MTX_ACOE_Cutover_Reporting,UI_Excel_Select_Xwalk_Source_Accommodations,facility,*ALL*,QXA4067,07:43.2
2412,COCRD,NIH,NICU-NEWBORN,NZ,N,NO MATCH,0,COCRD,,,,,N,Y,None,BMB1734,09:20.2,corpsvcmtxcutoverrpt_sql,14:03.2,xrdcwddbsuip06,MTX_ACOE_Cutover_Reporting,UI_Excel_Select_Xwalk_Source_Accommodations,facility,*ALL*,QXA4067,07:43.2
2413,COCRD,NS,NICU,NS,N,NO MATCH,0,COCRD,,,,,N,Y,None,BMB1734,09:20.3,corpsvcmtxcutoverrpt_sql,14:03.2,xrdcwddbsuip06,MTX_ACOE_Cutover_Reporting,UI_Excel_Select_Xwalk_Source_Accommodations,facility,*ALL*,QXA4067,07:43.2
2414,COCRD,NV,NEUROVASCULAR UNIT,NV,N,NO MATCH,0,COCRD,,,,,N,Y,None,BMB1734,09:20.4,corpsvcmtxcutoverrpt_sql,14:03.2,xrdcwddbsuip06,MTX_ACOE_Cutover_Reporting,UI_Excel_Select_Xwalk_Source_Accommodations,facility,*ALL*,QXA4067,07:43.2
2415,COCRD,OF,OVERFLOW,OF,N,NO MATCH,0,COCRD,,,,,N,Y,None,BMB1734,09:20.4,corpsvcmtxcutoverrpt_sql,14:03.2,xrdcwddbsuip06,MTX_ACOE_Cutover_Reporting,UI_Excel_Select_Xwalk_Source_Accommodations,facility,*ALL*,QXA4067,07:43.2
2416,COCRD,OS,OBSERVATION,OS,N,NO MATCH,0,COCRD,,,,,N,Y,None,BMB1734,09:20.5,corpsvcmtxcutoverrpt_sql,14:03.2,xrdcwddbsuip06,MTX_ACOE_Cutover_Reporting,UI_Excel_Select_Xwalk_Source_Accommodations,facility,*ALL*,QXA4067,07:43.2
2417,COCRD,P,PRIVATE ROOM,P,Y,NO MATCH,0,COCRD,PR,PRIVATE ROOM,P,Y,Y,N,None,IIU4396,42:31.2,corpsvcmtxcutoverrpt_sql,14:03.2,xrdcwddbsuip06,MTX_ACOE_Cutover_Reporting,UI_Excel_Select_Xwalk_Source_Accommodations,facility,*ALL*,QXA4067,07:43.2
2418,COCRD,PC,PROGRESSIVE CARE,PC,Y,NO MATCH,0,COCRD,PC,PROGRESSIVE CARE,PC,Y,Y,N,None,IIU4396,42:31.3,corpsvcmtxcutoverrpt_sql,14:03.2,xrdcwddbsuip06,MTX_ACOE_Cutover_Reporting,UI_Excel_Select_Xwalk_Source_Accommodations,facility,*ALL*,QXA4067,07:43.2
2419,COCRD,PM,PROGRESSIVE CARE MED UNIT,PM,N,NO MATCH,0,COCRD,,,,,N,Y,None,BMB1734,09:20.6,corpsvcmtxcutoverrpt_sql,14:03.2,xrdcwddbsuip06,MTX_ACOE_Cutover_Reporting,UI_Excel_Select_Xwalk_Source_Accommodations,facility,*ALL*,QXA4067,07:43.2
2420,COCRD,PNH,PROGRESSIVE NURS HDH,PZ,N,NO MATCH,0,COCRD,,,,,N,Y,None,BMB1734,09:20.6,corpsvcmtxcutoverrpt_sql,14:03.2,xrdcwddbsuip06,MTX_ACOE_Cutover_Reporting,UI_Excel_Select_Xwalk_Source_Accommodations,facility,*ALL*,QXA4067,07:43.2
2421,COCRD,PP,POST PARTUM,PP,Y,NO MATCH,0,COCRD,PR,PRIVATE ROOM,P,Y,Y,N,None,IIU4396,42:31.3,corpsvcmtxcutoverrpt_sql,14:03.2,xrdcwddbsuip06,MTX_ACOE_Cutover_Reporting,UI_Excel_Select_Xwalk_Source_Accommodations,facility,*ALL*,QXA4067,07:43.2
2422,COCRD,PR,PRIVATE,PR,N,NO MATCH,0,COCRD,,,,,N,Y,None,BMB1734,09:20.7,corpsvcmtxcutoverrpt_sql,14:03.2,xrdcwddbsuip06,MTX_ACOE_Cutover_Reporting,UI_Excel_Select_Xwalk_Source_Accommodations,facility,*ALL*,QXA4067,07:43.2
2423,COCRD,PS,POST SURGICAL CARE UNIT,PS,Y,NO MATCH,0,COCRD,PR,PRIVATE ROOM,P,Y,Y,N,None,IIU4396,42:31.3,corpsvcmtxcutoverrpt_sql,14:03.2,xrdcwddbsuip06,MTX_ACOE_Cutover_Reporting,UI_Excel_Select_Xwalk_Source_Accommodations,facility,*ALL*,QXA4067,07:43.2
2424,COCRD,RB,RENAL CARE INTERMEDIATE,RB,N,NO MATCH,0,COCRD,,,,,N,Y,None,BMB1734,09:20.8,corpsvcmtxcutoverrpt_sql,14:03.2,xrdcwddbsuip06,MTX_ACOE_Cutover_Reporting,UI_Excel_Select_Xwalk_Source_Accommodations,facility,*ALL*,QXA4067,07:43.2
2425,COCRD,RC,RENAL CARE PROGRESSIVE,RC,N,NO MATCH,0,COCRD,,,,,N,Y,None,BMB1734,09:20.9,corpsvcmtxcutoverrpt_sql,14:03.2,xrdcwddbsuip06,MTX_ACOE_Cutover_Reporting,UI_Excel_Select_Xwalk_Source_Accommodations,facility,*ALL*,QXA4067,07:43.2
2426,COCRD,RP,RENAL CARE PRIVATE ROOM,RP,N,NO MATCH,0,COCRD,,,,,N,Y,None,BMB1734,09:20.9,corpsvcmtxcutoverrpt_sql,14:03.2,xrdcwddbsuip06,MTX_ACOE_Cutover_Reporting,UI_Excel_Select_Xwalk_Source_Accommodations,facility,*ALL*,QXA4067,07:43.2
2427,COCRD,RS,REHAB SEMI-PRIVATE,RS,N,NO MATCH,0,COCRD,,,,,N,Y,None,BMB1734,09:21.0,corpsvcmtxcutoverrpt_sql,14:03.2,xrdcwddbsuip06,MTX_ACOE_Cutover_Reporting,UI_Excel_Select_Xwalk_Source_Accommodations,facility,*ALL*,QXA4067,07:43.2
2428,COCRD,S,SEMI-PRIVATE ROOM,S,Y,NO MATCH,0,COCRD,SP,SEMI PRIVATE ROOM,S,Y,Y,N,None,IIU4396,42:31.4,corpsvcmtxcutoverrpt_sql,14:03.2,xrdcwddbsuip06,MTX_ACOE_Cutover_Reporting,UI_Excel_Select_Xwalk_Source_Accommodations,facility,*ALL*,QXA4067,07:43.2
2429,COCRD,SI,SURGICAL ICU,SI,Y,NO MATCH,0,COCRD,IC,INTENSIVE CARE,IC,Y,Y,N,None,IIU4396,42:31.4,corpsvcmtxcutoverrpt_sql,14:03.2,xrdcwddbsuip06,MTX_ACOE_Cutover_Reporting,UI_Excel_Select_Xwalk_Source_Accommodations,facility,*ALL*,QXA4067,07:43.2
2430,COCRD,SP,SEMI-PRIVATE,SP,N,NO MATCH,0,COCRD,,,,,N,Y,None,BMB1734,09:21.1,corpsvcmtxcutoverrpt_sql,14:03.2,xrdcwddbsuip06,MTX_ACOE_Cutover_Reporting,UI_Excel_Select_Xwalk_Source_Accommodations,facility,*ALL*,QXA4067,07:43.2
2431,COCRD,SPEC,SPECIAL CARE BED,SB,Y,NO MATCH,0,COCRD,PR,PRIVATE ROOM,P,Y,Y,N,None,IIU4396,42:31.4,corpsvcmtxcutoverrpt_sql,14:03.2,xrdcwddbsuip06,MTX_ACOE_Cutover_Reporting,UI_Excel_Select_Xwalk_Source_Accommodations,facility,*ALL*,QXA4067,07:43.2
2432,COCRD,SPECP,SPECIALITY BED - PRIVATE,BP,Y,NO MATCH,0,COCRD,PR,PRIVATE ROOM,P,Y,Y,N,None,IIU4396,42:31.5,corpsvcmtxcutoverrpt_sql,14:03.2,xrdcwddbsuip06,MTX_ACOE_Cutover_Reporting,UI_Excel_Select_Xwalk_Source_Accommodations,facility,*ALL*,QXA4067,07:43.2
2433,COCRD,SPECS,SPECIALITY BED - SEMIPRIVATE,BS,Y,NO MATCH,0,COCRD,PR,PRIVATE ROOM,P,Y,Y,N,None,IIU4396,42:31.5,corpsvcmtxcutoverrpt_sql,14:03.2,xrdcwddbsuip06,MTX_ACOE_Cutover_Reporting,UI_Excel_Select_Xwalk_Source_Accommodations,facility,*ALL*,QXA4067,07:43.2
2434,COCRD,TEL,STEPDOWN/TEL,TE,Y,NO MATCH,0,COCRD,TEL,TELEMETRY,TE,Y,Y,N,None,IIU4396,42:31.5,corpsvcmtxcutoverrpt_sql,14:03.2,xrdcwddbsuip06,MTX_ACOE_Cutover_Reporting,UI_Excel_Select_Xwalk_Source_Accommodations,facility,*ALL*,QXA4067,07:43.2
2435,COCRD,TR,TRAUMA,TR,Y,NO MATCH,0,COCRD,IC,INTENSIVE CARE,IC,Y,Y,N,None,IIU4396,42:31.5,corpsvcmtxcutoverrpt_sql,14:03.2,xrdcwddbsuip06,MTX_ACOE_Cutover_Reporting,UI_Excel_Select_Xwalk_Source_Accommodations,facility,*ALL*,QXA4067,07:43.2
2436,COCSAA,BB,BORDER BABY,BB,Y,NO MATCH,0,COCSAA,L1,NEWBORN LEVEL I CARE,L1,Y,Y,N,None,IIU4396,49:36.5,HCA\IIU4396,46:47.7,xrdcwddbsuip06,MTX_ACOE_Cutover_Reporting,UI_Excel_Select_Xwalk_Source_Accommodations,facility,*ALL*,QXA4067,07:43.2
2437,COCSAA,D,SEMI PRIVATE DETOX,D,Y,NO MATCH,0,COCSAA,D,DETOX,D,Y,Y,N,None,IIU4396,49:36.5,HCA\IIU4396,46:47.7,xrdcwddbsuip06,MTX_ACOE_Cutover_Reporting,UI_Excel_Select_Xwalk_Source_Accommodations,facility,*ALL*,QXA4067,07:43.2
2438,COCSAA,ER,EMERGENCY ROOM,ER,Y,NO MATCH,0,COCSAA,PR,PRIVATE ROOM,P,Y,Y,N,None,IIU4396,49:36.6,HCA\IIU4396,46:47.7,xrdcwddbsuip06,MTX_ACOE_Cutover_Reporting,UI_Excel_Select_Xwalk_Source_Accommodations,facility,*ALL*,QXA4067,07:43.2
2439,COCSAA,ER ICU,ER ICU,EI,Y,NO MATCH,0,COCSAA,IC,INTENSIVE CARE,IC,Y,Y,N,None,IIU4396,49:36.6,HCA\IIU4396,46:47.7,xrdcwddbsuip06,MTX_ACOE_Cutover_Reporting,UI_Excel_Select_Xwalk_Source_Accommodations,facility,*ALL*,QXA4067,07:43.2
2440,COCSAA,ER TEL,ER HOLD TELEMETRY,ET,Y,NO MATCH,0,COCSAA,TEL,TELEMETRY,TE,Y,Y,N,None,IIU4396,49:36.7,HCA\IIU4396,46:47.7,xrdcwddbsuip06,MTX_ACOE_Cutover_Reporting,UI_Excel_Select_Xwalk_Source_Accommodations,facility,*ALL*,QXA4067,07:43.2
2441,COCSAA,GYN,WOMEN'S SERVICES,GY,Y,NO MATCH,0,COCSAA,SP,SEMI PRIVATE ROOM,S,Y,Y,N,None,IIU4396,49:36.7,HCA\IIU4396,46:47.7,xrdcwddbsuip06,MTX_ACOE_Cutover_Reporting,UI_Excel_Select_Xwalk_Source_Accommodations,facility,*ALL*,QXA4067,07:43.2
2442,COCSAA,ICU,ICU,IC,Y,NO MATCH,0,COCSAA,IC,INTENSIVE CARE,IC,Y,Y,N,None,IIU4396,49:36.7,HCA\IIU4396,46:47.7,xrdcwddbsuip06,MTX_ACOE_Cutover_Reporting,UI_Excel_Select_Xwalk_Source_Accommodations,facility,*ALL*,QXA4067,07:43.2
2443,COCSAA,IS,ISOLATION,IS,Y,NO MATCH,0,COCSAA,PR,PRIVATE ROOM,P,Y,Y,N,None,IIU4396,49:36.8,HCA\IIU4396,46:47.7,xrdcwddbsuip06,MTX_ACOE_Cutover_Reporting,UI_Excel_Select_Xwalk_Source_Accommodations,facility,*ALL*,QXA4067,07:43.2
2444,COCSAA,L1,NEWBORN,L1,Y,NO MATCH,0,COCSAA,L1,NEWBORN LEVEL I CARE,L1,Y,Y,N,None,KSI8889,47:13.3,HCA\IIU4396,46:47.7,xrdcwddbsuip06,MTX_ACOE_Cutover_Reporting,UI_Excel_Select_Xwalk_Source_Accommodations,facility,*ALL*,QXA4067,07:43.2
2445,COCSAA,L2,NEWBORN LEVEL II,L2,Y,NO MATCH,0,COCSAA,L2,NEWBORN LEVEL II CARE,L2,Y,Y,N,None,IIU4396,49:36.8,HCA\IIU4396,46:47.7,xrdcwddbsuip06,MTX_ACOE_Cutover_Reporting,UI_Excel_Select_Xwalk_Source_Accommodations,facility,*ALL*,QXA4067,07:43.2
2446,COCSAA,L3,NEWBORN NICU LEVEL III,L3,Y,NO MATCH,0,COCSAA,L3,NEWBORN LEVEL III CARE,L3,Y,Y,N,None,IIU4396,49:36.8,HCA\IIU4396,46:47.7,xrdcwddbsuip06,MTX_ACOE_Cutover_Reporting,UI_Excel_Select_Xwalk_Source_Accommodations,facility,*ALL*,QXA4067,07:43.2
2447,COCSAA,L4,NEWBORN NICU LEVEL IV,L4,Y,NO MATCH,0,COCSAA,L4,NEWBORN LEVEL IV CARE,L4,Y,Y,N,None,IIU4396,49:36.9,HCA\IIU4396,46:47.7,xrdcwddbsuip06,MTX_ACOE_Cutover_Reporting,UI_Excel_Select_Xwalk_Source_Accommodations,facility,*ALL*,QXA4067,07:43.2
2448,COCSAA,LD,LABOR AND DELIVERY,LD,Y,NO MATCH,0,COCSAA,LD,LABOR AND DELIVERY,LD,Y,Y,N,None,IIU4396,49:36.9,HCA\IIU4396,46:47.7,xrdcwddbsuip06,MTX_ACOE_Cutover_Reporting,UI_Excel_Select_Xwalk_Source_Accommodations,facility,*ALL*,QXA4067,07:43.2
2449,COCSAA,N1,NICU LEVEL 1,N1,N,NO MATCH,0,COCSAA,,,,,N,Y,None,JKB0282,47:16.8,HCA\IIU4396,46:47.7,xrdcwddbsuip06,MTX_ACOE_Cutover_Reporting,UI_Excel_Select_Xwalk_Source_Accommodations,facility,*ALL*,QXA4067,07:43.2
2450,COCSAA,N2,NICU LEVEL 2,N2,N,NO MATCH,0,COCSAA,,,,,N,Y,None,JKB0282,47:16.9,HCA\IIU4396,46:47.7,xrdcwddbsuip06,MTX_ACOE_Cutover_Reporting,UI_Excel_Select_Xwalk_Source_Accommodations,facility,*ALL*,QXA4067,07:43.2
2451,COCSAA,N3,NICU LEVEL 3,N3,N,NO MATCH,0,COCSAA,,,,,N,Y,None,JKB0282,47:17.0,HCA\IIU4396,46:47.7,xrdcwddbsuip06,MTX_ACOE_Cutover_Reporting,UI_Excel_Select_Xwalk_Source_Accommodations,facility,*ALL*,QXA4067,07:43.2
2452,COCSAA,NB,NEWBORN WELL BABY,NB,Y,NO MATCH,0,COCSAA,L1,NEWBORN LEVEL I CARE,L1,Y,Y,N,None,PDC2902,36:42.2,HCA\IIU4396,46:47.7,xrdcwddbsuip06,MTX_ACOE_Cutover_Reporting,UI_Excel_Select_Xwalk_Source_Accommodations,facility,*ALL*,QXA4067,07:43.2
2453,COCSAA,OB,OBSTETRICS,OB,Y,NO MATCH,0,COCSAA,SP,SEMI PRIVATE ROOM,S,Y,Y,N,None,IIU4396,49:37.0,HCA\IIU4396,46:47.7,xrdcwddbsuip06,MTX_ACOE_Cutover_Reporting,UI_Excel_Select_Xwalk_Source_Accommodations,facility,*ALL*,QXA4067,07:43.2
2454,COCSAA,P,PRIVATE ROOM,P,Y,NO MATCH,0,COCSAA,PR,PRIVATE ROOM,P,Y,Y,N,None,IIU4396,49:37.0,HCA\IIU4396,46:47.7,xrdcwddbsuip06,MTX_ACOE_Cutover_Reporting,UI_Excel_Select_Xwalk_Source_Accommodations,facility,*ALL*,QXA4067,07:43.2
2455,COCSAA,PC,PROGRESSIVE CARE,PC,Y,NO MATCH,0,COCSAA,PC,PROGRESSIVE CARE,PC,Y,Y,N,None,IIU4396,49:37.1,HCA\IIU4396,46:47.7,xrdcwddbsuip06,MTX_ACOE_Cutover_Reporting,UI_Excel_Select_Xwalk_Source_Accommodations,facility,*ALL*,QXA4067,07:43.2
2456,COCSAA,PED,PEDIATRICS,PD,Y,NO MATCH,0,COCSAA,SP,SEMI PRIVATE ROOM,S,Y,Y,N,None,IIU4396,49:37.1,HCA\IIU4396,46:47.7,xrdcwddbsuip06,MTX_ACOE_Cutover_Reporting,UI_Excel_Select_Xwalk_Source_Accommodations,facility,*ALL*,QXA4067,07:43.2
2457,COCSAA,PED ISOL,PEDIATRIC ISOLATION BED,PI,N,NO MATCH,0,COCSAA,,,,,N,Y,None,KSI8889,07:16.1,corpsvcmtxcutoverrpt_sql,14:05.4,xrdcwddbsuip06,MTX_ACOE_Cutover_Reporting,UI_Excel_Select_Xwalk_Source_Accommodations,facility,*ALL*,QXA4067,07:43.2
2458,COCSAA,PED SPEC,PEDIATRIC SPECIAL CARE BED,SC,N,NO MATCH,0,COCSAA,,,,,N,Y,None,JKB0282,47:17.2,HCA\IIU4396,46:47.7,xrdcwddbsuip06,MTX_ACOE_Cutover_Reporting,UI_Excel_Select_Xwalk_Source_Accommodations,facility,*ALL*,QXA4067,07:43.2
2459,COCSAA,PSYCH,PSYCHIATRIC PRIVATE,PY,Y,NO MATCH,0,COCSAA,BH,BEHAVIORAL HEALTH,PY,Y,Y,N,None,IIU4396,49:37.1,HCA\IIU4396,46:47.7,xrdcwddbsuip06,MTX_ACOE_Cutover_Reporting,UI_Excel_Select_Xwalk_Source_Accommodations,facility,*ALL*,QXA4067,07:43.2
2460,COCSAA,PSYCH IS,PSYCH ISOLATION,PS,Y,NO MATCH,0,COCSAA,BH,BEHAVIORAL HEALTH,PY,Y,Y,N,None,IIU4396,49:37.2,HCA\IIU4396,46:47.7,xrdcwddbsuip06,MTX_ACOE_Cutover_Reporting,UI_Excel_Select_Xwalk_Source_Accommodations,facility,*ALL*,QXA4067,07:43.2
2461,COCSAA,PSYP,PSYCHIATRIC PRIVATE,PP,Y,NO MATCH,0,COCSAA,BH,BEHAVIORAL HEALTH,PY,Y,Y,N,None,IIU4396,49:37.2,HCA\IIU4396,46:47.7,xrdcwddbsuip06,MTX_ACOE_Cutover_Reporting,UI_Excel_Select_Xwalk_Source_Accommodations,facility,*ALL*,QXA4067,07:43.2
2462,COCSAA,S,SEMI-PRIVATE ROOM,S,Y,NO MATCH,0,COCSAA,SP,SEMI PRIVATE ROOM,S,Y,Y,N,None,IIU4396,49:37.2,HCA\IIU4396,46:47.7,xrdcwddbsuip06,MTX_ACOE_Cutover_Reporting,UI_Excel_Select_Xwalk_Source_Accommodations,facility,*ALL*,QXA4067,07:43.2
2463,COCSAA,SPEC,SPECIAL CARE BED,SB,Y,NO MATCH,0,COCSAA,SP,SEMI PRIVATE ROOM,S,Y,Y,N,None,IIU4396,49:37.3,HCA\IIU4396,46:47.7,xrdcwddbsuip06,MTX_ACOE_Cutover_Reporting,UI_Excel_Select_Xwalk_Source_Accommodations,facility,*ALL*,QXA4067,07:43.2
2464,COCSAA,SUR,SURGICAL POST OP INPATIENT,SU,Y,NO MATCH,0,COCSAA,SP,SEMI PRIVATE ROOM,S,Y,Y,N,None,IIU4396,49:37.3,HCA\IIU4396,46:47.7,xrdcwddbsuip06,MTX_ACOE_Cutover_Reporting,UI_Excel_Select_Xwalk_Source_Accommodations,facility,*ALL*,QXA4067,07:43.2
2465,COCSAA,TEL,STEPDOWN/TEL,TE,Y,NO MATCH,0,COCSAA,TEL,TELEMETRY,TE,Y,Y,N,None,IIU4396,49:37.4,HCA\IIU4396,46:47.7,xrdcwddbsuip06,MTX_ACOE_Cutover_Reporting,UI_Excel_Select_Xwalk_Source_Accommodations,facility,*ALL*,QXA4067,07:43.2
2466,COCSHA,BH,BEHAVIORAL HEALTH,BH,N,NO MATCH,0,COCSS,*,Not In Expanse,,,Y,Y,None,JKB0282,47:17.3,HCA\HGE3782,27:27.0,xrdcwddbsuip06,MTX_ACOE_Cutover_Reporting,UI_Excel_Select_Xwalk_Source_Accommodations,facility,*ALL*,QXA4067,07:43.2
2467,COCSHA,ICU,INTENSIVE CARE UNIT,IC,N,NO MATCH,0,COCSS,IC,INTENSIVE CARE,IC,Y,N,N,None,UDP4850,11:44.4,corpsvcmtxcutoverrpt_sql,14:06.0,xrdcwddbsuip06,MTX_ACOE_Cutover_Reporting,UI_Excel_Select_Xwalk_Source_Accommodations,facility,*ALL*,QXA4067,07:43.2
2468,COCSHA,L2,NURSERY LEVEL II,L2,N,NO MATCH,0,COCSS,L2,NEWBORN LEVEL II CARE,L2,Y,N,N,None,HGE3782,49:59.4,corpsvcmtxcutoverrpt_sql,14:06.0,xrdcwddbsuip06,MTX_ACOE_Cutover_Reporting,UI_Excel_Select_Xwalk_Source_Accommodations,facility,*ALL*,QXA4067,07:43.2
2469,COCSHA,L3,NURSERY NICU LEVEL III,L3,N,NO MATCH,0,COCSS,L3,NEWBORN LEVEL III CARE,L3,Y,N,N,None,HGE3782,49:59.4,corpsvcmtxcutoverrpt_sql,14:06.0,xrdcwddbsuip06,MTX_ACOE_Cutover_Reporting,UI_Excel_Select_Xwalk_Source_Accommodations,facility,*ALL*,QXA4067,07:43.2
2470,COCSHA,LD,LABOR/DELIVERY,LD,N,NO MATCH,0,COCSS,LD,LABOR AND DELIVERY,LD,Y,N,N,None,HGE3782,49:59.4,corpsvcmtxcutoverrpt_sql,14:06.0,xrdcwddbsuip06,MTX_ACOE_Cutover_Reporting,UI_Excel_Select_Xwalk_Source_Accommodations,facility,*ALL*,QXA4067,07:43.2
2471,COCSHA,MEDSURG,MEDICAL SURGICAL SERVICES,MS,N,NO MATCH,0,COCSS,,,,,N,Y,None,JKB0282,47:17.4,HCA\HGE3782,27:27.0,xrdcwddbsuip06,MTX_ACOE_Cutover_Reporting,UI_Excel_Select_Xwalk_Source_Accommodations,facility,*ALL*,QXA4067,07:43.2
2472,COCSHA,N1,LEVEL 1 NICU,N1,N,NO MATCH,0,COCSS,*,Not In Expanse,,,Y,Y,None,JKB0282,47:17.5,HCA\HGE3782,27:27.0,xrdcwddbsuip06,MTX_ACOE_Cutover_Reporting,UI_Excel_Select_Xwalk_Source_Accommodations,facility,*ALL*,QXA4067,07:43.2
2473,COCSHA,N2,LEVEL 2 NICU,N2,N,NO MATCH,0,COCSS,*,Not In Expanse,,,Y,Y,None,JKB0282,47:17.6,HCA\HGE3782,27:27.0,xrdcwddbsuip06,MTX_ACOE_Cutover_Reporting,UI_Excel_Select_Xwalk_Source_Accommodations,facility,*ALL*,QXA4067,07:43.2
2474,COCSHA,N3,LEVEL 3 NICU,N3,N,NO MATCH,0,COCSS,*,Not In Expanse,,,Y,Y,None,JKB0282,47:17.7,HCA\HGE3782,27:27.0,xrdcwddbsuip06,MTX_ACOE_Cutover_Reporting,UI_Excel_Select_Xwalk_Source_Accommodations,facility,*ALL*,QXA4067,07:43.2
2475,COCSHA,NB,NEWBORN,NU,N,NO MATCH,0,COCSS,L1,NEWBORN LEVEL I CARE,L1,Y,N,N,None,IIU4396,37:33.8,corpsvcmtxcutoverrpt_sql,14:06.0,xrdcwddbsuip06,MTX_ACOE_Cutover_Reporting,UI_Excel_Select_Xwalk_Source_Accommodations,facility,*ALL*,QXA4067,07:43.2
2476,COCSHA,OBPP,OB POST PARTUM,OB,N,NO MATCH,0,COCSS,*,Not In Expanse,,,Y,Y,None,JKB0282,47:17.8,HCA\HGE3782,27:27.0,xrdcwddbsuip06,MTX_ACOE_Cutover_Reporting,UI_Excel_Select_Xwalk_Source_Accommodations,facility,*ALL*,QXA4067,07:43.2
2477,COCSHA,P,PRIVATE ROOM,P,N,NO MATCH,0,COCSS,PR,PRIVATE ROOM,P,Y,N,N,None,HGE3782,49:59.5,corpsvcmtxcutoverrpt_sql,14:06.0,xrdcwddbsuip06,MTX_ACOE_Cutover_Reporting,UI_Excel_Select_Xwalk_Source_Accommodations,facility,*ALL*,QXA4067,07:43.2
2478,COCSHA,PCU,PROGRESSIVE CARE UNIT,PC,N,NO MATCH,0,COCSS,PC,PROGRESSIVE CARE,PC,Y,N,N,None,HGE3782,49:59.5,corpsvcmtxcutoverrpt_sql,14:06.0,xrdcwddbsuip06,MTX_ACOE_Cutover_Reporting,UI_Excel_Select_Xwalk_Source_Accommodations,facility,*ALL*,QXA4067,07:43.2
2479,COCSHA,PED,PEDIATRICS,PE,N,NO MATCH,0,COCSS,PR,PRIVATE ROOM,P,Y,N,N,None,UDP4850,11:44.4,corpsvcmtxcutoverrpt_sql,14:06.0,xrdcwddbsuip06,MTX_ACOE_Cutover_Reporting,UI_Excel_Select_Xwalk_Source_Accommodations,facility,*ALL*,QXA4067,07:43.2
2480,COCSHA,S,SEMI-PRIVATE ROOM,S,N,NO MATCH,0,COCSS,,,,,N,Y,None,JKB0282,47:17.9,HCA\HGE3782,27:27.0,xrdcwddbsuip06,MTX_ACOE_Cutover_Reporting,UI_Excel_Select_Xwalk_Source_Accommodations,facility,*ALL*,QXA4067,07:43.2
2481,COCSHA,TEL,TELEMETRY,TE,N,NO MATCH,0,COCSS,TEL,TELEMETRY,TE,Y,N,N,None,HGE3782,49:59.5,corpsvcmtxcutoverrpt_sql,14:06.0,xrdcwddbsuip06,MTX_ACOE_Cutover_Reporting,UI_Excel_Select_Xwalk_Source_Accommodations,facility,*ALL*,QXA4067,07:43.2
2482,COCSHA,TRAUMA,TRAUMA,TM,N,NO MATCH,0,COCSS,*,Not In Expanse,,,Y,Y,None,JKB0282,47:18.0,HCA\HGE3782,27:27.0,xrdcwddbsuip06,MTX_ACOE_Cutover_Reporting,UI_Excel_Select_Xwalk_Source_Accommodations,facility,*ALL*,QXA4067,07:43.2
2483,COCSN,DX,DETOX,DX,Y,NO MATCH,0,COCSN,,,,,N,N,None,,,corpsvcmtxcutoverrpt_sql,45:52.7,xrdcwddbsuip06,MTX_ACOE_Cutover_Reporting,UI_Excel_Select_Xwalk_Source_Accommodations,facility,*ALL*,QXA4067,07:43.2
2484,COCSN,EC,ECMO,EC,Y,NO MATCH,0,COCSN,,,,,N,N,None,,,corpsvcmtxcutoverrpt_sql,45:52.7,xrdcwddbsuip06,MTX_ACOE_Cutover_Reporting,UI_Excel_Select_Xwalk_Source_Accommodations,facility,*ALL*,QXA4067,07:43.2
2485,COCSN,HOLD,HOLD PATIENTS,H,Y,NO MATCH,0,COCSN,,,,,N,N,None,,,corpsvcmtxcutoverrpt_sql,45:52.7,xrdcwddbsuip06,MTX_ACOE_Cutover_Reporting,UI_Excel_Select_Xwalk_Source_Accommodations,facility,*ALL*,QXA4067,07:43.2
2486,COCSN,I,INTENSIVE CARE,IC,Y,NO MATCH,0,COCSN,,,,,N,N,None,,,corpsvcmtxcutoverrpt_sql,45:52.7,xrdcwddbsuip06,MTX_ACOE_Cutover_Reporting,UI_Excel_Select_Xwalk_Source_Accommodations,facility,*ALL*,QXA4067,07:43.2
2487,COCSN,J,PRIVATE - MEDICALLY JUSTIFIED,J,Y,NO MATCH,0,COCSN,,,,,N,N,None,,,corpsvcmtxcutoverrpt_sql,45:52.7,xrdcwddbsuip06,MTX_ACOE_Cutover_Reporting,UI_Excel_Select_Xwalk_Source_Accommodations,facility,*ALL*,QXA4067,07:43.2
2488,COCSN,M,CORONARY CARE,CC,Y,NO MATCH,0,COCSN,,,,,N,N,None,,,corpsvcmtxcutoverrpt_sql,45:52.7,xrdcwddbsuip06,MTX_ACOE_Cutover_Reporting,UI_Excel_Select_Xwalk_Source_Accommodations,facility,*ALL*,QXA4067,07:43.2
2489,COCSN,MSO,MED SURG OVERFLOW,MS,Y,NO MATCH,0,COCSN,,,,,N,N,None,,,corpsvcmtxcutoverrpt_sql,45:52.7,xrdcwddbsuip06,MTX_ACOE_Cutover_Reporting,UI_Excel_Select_Xwalk_Source_Accommodations,facility,*ALL*,QXA4067,07:43.2
2490,COCSN,P,PRIVATE  ROOM,P,Y,NO MATCH,0,COCSN,,,,,N,N,None,,,corpsvcmtxcutoverrpt_sql,45:52.7,xrdcwddbsuip06,MTX_ACOE_Cutover_Reporting,UI_Excel_Select_Xwalk_Source_Accommodations,facility,*ALL*,QXA4067,07:43.2
2491,COCSN,PCU,PROGRESSIVE CARE,PU,Y,NO MATCH,0,COCSN,,,,,N,N,None,,,corpsvcmtxcutoverrpt_sql,45:52.7,xrdcwddbsuip06,MTX_ACOE_Cutover_Reporting,UI_Excel_Select_Xwalk_Source_Accommodations,facility,*ALL*,QXA4067,07:43.2
2492,COCSN,PDU,PSYCHIATRIC DECISION UNIT,PD,Y,NO MATCH,0,COCSN,,,,,N,N,None,,,corpsvcmtxcutoverrpt_sql,45:52.7,xrdcwddbsuip06,MTX_ACOE_Cutover_Reporting,UI_Excel_Select_Xwalk_Source_Accommodations,facility,*ALL*,QXA4067,07:43.2
2493,COCSN,PS,PSYCHIATRIC,PS,Y,NO MATCH,0,COCSN,,,,,N,N,None,,,corpsvcmtxcutoverrpt_sql,45:52.7,xrdcwddbsuip06,MTX_ACOE_Cutover_Reporting,UI_Excel_Select_Xwalk_Source_Accommodations,facility,*ALL*,QXA4067,07:43.2
2494,COCSN,S,SEMI-PRIVATE ROOM,S,Y,NO MATCH,0,COCSN,,,,,N,N,None,,,corpsvcmtxcutoverrpt_sql,45:52.7,xrdcwddbsuip06,MTX_ACOE_Cutover_Reporting,UI_Excel_Select_Xwalk_Source_Accommodations,facility,*ALL*,QXA4067,07:43.2
2495,COCSN,T,TELEMETRY,TL,Y,NO MATCH,0,COCSN,,,,,N,N,None,,,corpsvcmtxcutoverrpt_sql,45:52.7,xrdcwddbsuip06,MTX_ACOE_Cutover_Reporting,UI_Excel_Select_Xwalk_Source_Accommodations,facility,*ALL*,QXA4067,07:43.2
2496,COCSN,TNIC,TRANSPLANT ICU,TI,Y,NO MATCH,0,COCSN,,,,,N,N,None,,,corpsvcmtxcutoverrpt_sql,45:52.7,xrdcwddbsuip06,MTX_ACOE_Cutover_Reporting,UI_Excel_Select_Xwalk_Source_Accommodations,facility,*ALL*,QXA4067,07:43.2
2497,COCSN,TNIM,TRANSPLANT INTERMEDIATE,IT,Y,NO MATCH,0,COCSN,,,,,N,N,None,,,corpsvcmtxcutoverrpt_sql,45:52.7,xrdcwddbsuip06,MTX_ACOE_Cutover_Reporting,UI_Excel_Select_Xwalk_Source_Accommodations,facility,*ALL*,QXA4067,07:43.2
2498,COCSN,W,WARD,W,N,NO MATCH,0,COCSN,,,,,N,N,None,,,corpsvcmtxcutoverrpt_sql,45:52.7,xrdcwddbsuip06,MTX_ACOE_Cutover_Reporting,UI_Excel_Select_Xwalk_Source_Accommodations,facility,*ALL*,QXA4067,07:43.2
2499,COCSO,I,INTENSIVE CARE,IC,Y,"TEST (2025-12-11),ZCON (2026-04-21),LIVE (2026-02-12)",0,COCSO,IC,INTENSIVE CARE,IC,Y,Y,N,None,HGE3782,33:09.5,corpsvcmtxcutoverrpt_sql,38:19.0,xrdcwddbsuip06,MTX_ACOE_Cutover_Reporting,UI_Excel_Select_Xwalk_Source_Accommodations,facility,*ALL*,QXA4067,07:43.2
2500,COCSO,OF,OVERFLOW PRIVATE,OF,Y,"TEST (2025-12-11),ZCON (2026-04-21),LIVE (2026-02-12)",0,COCSO,MS,MED SURG,MS,Y,Y,N,None,HGE3782,33:09.5,corpsvcmtxcutoverrpt_sql,38:19.0,xrdcwddbsuip06,MTX_ACOE_Cutover_Reporting,UI_Excel_Select_Xwalk_Source_Accommodations,facility,*ALL*,QXA4067,07:43.2
2501,COCSO,P,PRIVATE ROOM,P,Y,"TEST (2025-12-11),ZCON (2026-04-21),LIVE (2026-02-12)",0,COCSO,PR,PRIVATE ROOM,P,Y,Y,N,None,HGE3782,33:09.5,corpsvcmtxcutoverrpt_sql,38:19.0,xrdcwddbsuip06,MTX_ACOE_Cutover_Reporting,UI_Excel_Select_Xwalk_Source_Accommodations,facility,*ALL*,QXA4067,07:43.2
2502,COCSO,PC,PROGRESSIVE CARE UNIT,PC,Y,"TEST (2025-12-11),ZCON (2026-04-21),LIVE (2026-02-12)",0,COCSO,PC,PROGRESSIVE CARE,PC,Y,Y,N,None,HGE3782,33:09.5,corpsvcmtxcutoverrpt_sql,38:19.0,xrdcwddbsuip06,MTX_ACOE_Cutover_Reporting,UI_Excel_Select_Xwalk_Source_Accommodations,facility,*ALL*,QXA4067,07:43.2
2503,COCSO,RP,REHAB PRIVATE,RP,Y,"TEST (2025-12-11),ZCON (2026-04-21),LIVE (2026-02-12)",0,COCSO,RP,REHAB PRIVATE,RP,Y,Y,N,None,HGE3782,33:09.5,corpsvcmtxcutoverrpt_sql,38:19.0,xrdcwddbsuip06,MTX_ACOE_Cutover_Reporting,UI_Excel_Select_Xwalk_Source_Accommodations,facility,*ALL*,QXA4067,07:43.2
2504,COCSUM,___N/A___20260803080355,Net New Expanse Accommodation--no MT56 data,,N,NO MATCH,0,COCSUM,LDHR,LABOR AND DELIVERY HIGH RISK,LR,Y,Y,N,None,IIU4396,56:14.8,HCA\IIU4396,55:02.2,xrdcwddbsuip06,MTX_ACOE_Cutover_Reporting,UI_Excel_Select_Xwalk_Source_Accommodations,facility,*ALL*,QXA4067,07:43.2
2505,COCSUM,___N/A___20260914134215,Net New Expanse Accommodation--no MT56 data,___,N,NO MATCH,0,COCSUM,,,,,N,Y,None,BMB1734,43:01.3,HCA\BMB1734,42:15.9,xrdcwddbsuip06,MTX_ACOE_Cutover_Reporting,UI_Excel_Select_Xwalk_Source_Accommodations,facility,*ALL*,QXA4067,07:43.2
2506,COCSUM,B,NEWBORN,B,N,NO MATCH,0,COCSUM,,,,,N,Y,None,BMB1734,08:02.7,corpsvcmtxcutoverrpt_sql,00:05.1,xrdcwddbsuip06,MTX_ACOE_Cutover_Reporting,UI_Excel_Select_Xwalk_Source_Accommodations,facility,*ALL*,QXA4067,07:43.2
2507,COCSUM,EC,ECMO,EC,Y,NO MATCH,0,COCSUM,,,,,N,Y,None,BMB1734,42:21.4,corpsvcmtxcutoverrpt_sql,00:05.1,xrdcwddbsuip06,MTX_ACOE_Cutover_Reporting,UI_Excel_Select_Xwalk_Source_Accommodations,facility,*ALL*,QXA4067,07:43.2
2508,COCSUM,EHC,ER HOLDING CRITICAL,H1,N,NO MATCH,0,COCSUM,,,,,N,Y,None,BMB1734,08:02.8,corpsvcmtxcutoverrpt_sql,00:05.1,xrdcwddbsuip06,MTX_ACOE_Cutover_Reporting,UI_Excel_Select_Xwalk_Source_Accommodations,facility,*ALL*,QXA4067,07:43.2
2509,COCSUM,EHM,ER HOLDING MED-SURG,H4,N,NO MATCH,0,COCSUM,,,,,N,Y,None,BMB1734,08:02.8,corpsvcmtxcutoverrpt_sql,00:05.1,xrdcwddbsuip06,MTX_ACOE_Cutover_Reporting,UI_Excel_Select_Xwalk_Source_Accommodations,facility,*ALL*,QXA4067,07:43.2
2510,COCSUM,EHP,ER HOLDING PEDIATRICS,H3,N,NO MATCH,0,COCSUM,,,,,N,Y,None,BMB1734,08:02.9,corpsvcmtxcutoverrpt_sql,00:05.1,xrdcwddbsuip06,MTX_ACOE_Cutover_Reporting,UI_Excel_Select_Xwalk_Source_Accommodations,facility,*ALL*,QXA4067,07:43.2
2511,COCSUM,EHT,ER HOLDING TELEMETRY,H2,N,NO MATCH,0,COCSUM,,,,,N,Y,None,BMB1734,08:03.0,corpsvcmtxcutoverrpt_sql,00:05.1,xrdcwddbsuip06,MTX_ACOE_Cutover_Reporting,UI_Excel_Select_Xwalk_Source_Accommodations,facility,*ALL*,QXA4067,07:43.2
2512,COCSUM,IC,INTENSIVE CARE,IC,Y,NO MATCH,6,COCSUM,IC,INTENSIVE CARE,IC,Y,Y,N,None,BMB1734,38:18.7,corpsvcmtxcutoverrpt_sql,00:05.1,xrdcwddbsuip06,MTX_ACOE_Cutover_Reporting,UI_Excel_Select_Xwalk_Source_Accommodations,facility,*ALL*,QXA4067,07:43.2
2513,COCSUM,L1,NEWBORN LEVEL I,L1,Y,NO MATCH,61,COCSUM,L1,NEWBORN LEVEL I CARE,L1,Y,Y,N,None,BMB1734,38:18.8,corpsvcmtxcutoverrpt_sql,00:05.1,xrdcwddbsuip06,MTX_ACOE_Cutover_Reporting,UI_Excel_Select_Xwalk_Source_Accommodations,facility,*ALL*,QXA4067,07:43.2
2514,COCSUM,L2,NEWBORN LEVEL II,L2,Y,NO MATCH,71,COCSUM,L2,NEWBORN LEVEL II CARE,L2,Y,Y,N,None,BMB1734,38:18.9,corpsvcmtxcutoverrpt_sql,00:05.1,xrdcwddbsuip06,MTX_ACOE_Cutover_Reporting,UI_Excel_Select_Xwalk_Source_Accommodations,facility,*ALL*,QXA4067,07:43.2
2515,COCSUM,L3,NEWBORN LEVEL III,L3,Y,NO MATCH,14,COCSUM,L3,NEWBORN LEVEL III CARE,L3,Y,Y,N,None,BMB1734,38:18.9,corpsvcmtxcutoverrpt_sql,00:05.1,xrdcwddbsuip06,MTX_ACOE_Cutover_Reporting,UI_Excel_Select_Xwalk_Source_Accommodations,facility,*ALL*,QXA4067,07:43.2
2516,COCSUM,L4,NEWBORN LEVEL IV,L4,Y,NO MATCH,4,COCSUM,L4,NEWBORN LEVEL IV CARE,L4,Y,Y,N,None,BMB1734,8/3/2026 15:38,corpsvcmtxcutoverrpt_sql,00:05.1,xrdcwddbsuip06,MTX_ACOE_Cutover_Reporting,UI_Excel_Select_Xwalk_Source_Accommodations,facility,*ALL*,QXA4067,07:43.2
2517,COCSUM,NC,NURSERY INTERMEDIATE,NC,Y,NO MATCH,0,COCSUM,,,,,N,Y,None,BMB1734,42:21.5,corpsvcmtxcutoverrpt_sql,00:05.1,xrdcwddbsuip06,MTX_ACOE_Cutover_Reporting,UI_Excel_Select_Xwalk_Source_Accommodations,facility,*ALL*,QXA4067,07:43.2
2518,COCSUM,NI,NEO-NATAL INTENSIVE,NI,Y,NO MATCH,0,COCSUM,,,,,N,Y,None,BMB1734,42:21.6,corpsvcmtxcutoverrpt_sql,00:05.1,xrdcwddbsuip06,MTX_ACOE_Cutover_Reporting,UI_Excel_Select_Xwalk_Source_Accommodations,facility,*ALL*,QXA4067,07:43.2
2519,COCSUM,NU,NEWBORN NURSERY,NU,Y,NO MATCH,1,COCSUM,,,,,N,Y,None,BMB1734,42:21.6,corpsvcmtxcutoverrpt_sql,00:05.1,xrdcwddbsuip06,MTX_ACOE_Cutover_Reporting,UI_Excel_Select_Xwalk_Source_Accommodations,facility,*ALL*,QXA4067,07:43.2
2520,COCSUM,NV,NURSERY VENT,NV,Y,NO MATCH,0,COCSUM,,,,,N,Y,None,BMB1734,42:21.7,corpsvcmtxcutoverrpt_sql,00:05.1,xrdcwddbsuip06,MTX_ACOE_Cutover_Reporting,UI_Excel_Select_Xwalk_Source_Accommodations,facility,*ALL*,QXA4067,07:43.2
2521,COCSUM,OBG,PRIVATE - OB/GYN/PP,OB,Y,NO MATCH,6,COCSUM,AP,ANTEPARTUM,AP,Y,Y,N,None,BMB1734,38:19.1,corpsvcmtxcutoverrpt_sql,00:05.1,xrdcwddbsuip06,MTX_ACOE_Cutover_Reporting,UI_Excel_Select_Xwalk_Source_Accommodations,facility,*ALL*,QXA4067,07:43.2
2522,COCSUM,OP,OB - PRIVATE,OP,Y,NO MATCH,0,COCSUM,,,,,N,Y,None,BMB1734,42:21.8,corpsvcmtxcutoverrpt_sql,00:05.1,xrdcwddbsuip06,MTX_ACOE_Cutover_Reporting,UI_Excel_Select_Xwalk_Source_Accommodations,facility,*ALL*,QXA4067,07:43.2
2523,COCSUM,P,PRIVATE ROOM,P,Y,NO MATCH,341,COCSUM,PR,PRIVATE ROOM,PR,Y,Y,N,None,BMB1734,08:03.0,corpsvcmtxcutoverrpt_sql,00:05.1,xrdcwddbsuip06,MTX_ACOE_Cutover_Reporting,UI_Excel_Select_Xwalk_Source_Accommodations,facility,*ALL*,QXA4067,07:43.2
2524,COCSUM,PAC,PATIENT ADMISSION CENTER,ZZ,N,NO MATCH,0,COCSUM,,,,,N,Y,None,BMB1734,08:03.1,corpsvcmtxcutoverrpt_sql,00:05.1,xrdcwddbsuip06,MTX_ACOE_Cutover_Reporting,UI_Excel_Select_Xwalk_Source_Accommodations,facility,*ALL*,QXA4067,07:43.2
2525,COCSUM,PC,PROGRESSIVE CARE UNIT,PC,Y,NO MATCH,38,COCSUM,PC,PROGRESSIVE CARE,PC,Y,Y,N,None,BMB1734,08:03.2,corpsvcmtxcutoverrpt_sql,00:05.1,xrdcwddbsuip06,MTX_ACOE_Cutover_Reporting,UI_Excel_Select_Xwalk_Source_Accommodations,facility,*ALL*,QXA4067,07:43.2
2526,COCSUM,PDP,PRIVATE PED,P1,Y,NO MATCH,11,COCSUM,PP,PEDIATRIC PRIVATE,PD,Y,Y,N,None,BMB1734,08:03.3,corpsvcmtxcutoverrpt_sql,00:05.1,xrdcwddbsuip06,MTX_ACOE_Cutover_Reporting,UI_Excel_Select_Xwalk_Source_Accommodations,facility,*ALL*,QXA4067,07:43.2
2527,COCSUM,PICU,Pediatric Intensive Care Unit,PI,Y,NO MATCH,0,COCSUM,PIC,PEDIATRIC INTENSIVE CARE,PI,Y,Y,N,None,BMB1734,08:03.4,corpsvcmtxcutoverrpt_sql,00:05.1,xrdcwddbsuip06,MTX_ACOE_Cutover_Reporting,UI_Excel_Select_Xwalk_Source_Accommodations,facility,*ALL*,QXA4067,07:43.2
2528,COCSUM,RB,REHAB SP,RB,Y,NO MATCH,0,COCSUM,,,,,N,Y,None,BMB1734,42:21.8,corpsvcmtxcutoverrpt_sql,00:05.1,xrdcwddbsuip06,MTX_ACOE_Cutover_Reporting,UI_Excel_Select_Xwalk_Source_Accommodations,facility,*ALL*,QXA4067,07:43.2
2529,COCSUM,RH,REHAB PRIVATE,RH,Y,NO MATCH,0,COCSUM,,,,,N,Y,None,BMB1734,42:21.9,corpsvcmtxcutoverrpt_sql,00:05.1,xrdcwddbsuip06,MTX_ACOE_Cutover_Reporting,UI_Excel_Select_Xwalk_Source_Accommodations,facility,*ALL*,QXA4067,07:43.2
2530,COCSUM,S,SEMI-PRIVATE ROOM,1,N,NO MATCH,0,COCSUM,,,,,N,Y,None,BMB1734,08:03.4,corpsvcmtxcutoverrpt_sql,00:05.1,xrdcwddbsuip06,MTX_ACOE_Cutover_Reporting,UI_Excel_Select_Xwalk_Source_Accommodations,facility,*ALL*,QXA4067,07:43.2
2531,COCSUM,SP,SEMI-PRIVATE,SP,Y,NO MATCH,14,COCSUM,SP,SEMI PRIVATE ROOM,SP,Y,Y,N,None,BMB1734,08:03.5,corpsvcmtxcutoverrpt_sql,00:05.1,xrdcwddbsuip06,MTX_ACOE_Cutover_Reporting,UI_Excel_Select_Xwalk_Source_Accommodations,facility,*ALL*,QXA4067,07:43.2
2532,COCSUM,TL,TELEMETRY,TL,Y,NO MATCH,181,COCSUM,TEL,TELEMETRY,TE,Y,Y,N,None,BMB1734,08:03.6,corpsvcmtxcutoverrpt_sql,00:05.1,xrdcwddbsuip06,MTX_ACOE_Cutover_Reporting,UI_Excel_Select_Xwalk_Source_Accommodations,facility,*ALL*,QXA4067,07:43.2
2533,COCSUM,TR,Trauma ICU,TR,Y,NO MATCH,0,COCSUM,,,,,N,Y,None,BMB1734,42:21.9,corpsvcmtxcutoverrpt_sql,00:05.1,xrdcwddbsuip06,MTX_ACOE_Cutover_Reporting,UI_Excel_Select_Xwalk_Source_Accommodations,facility,*ALL*,QXA4067,07:43.2
2534,COCSUM,TREC,Trauma w/ECMO,TO,Y,NO MATCH,0,COCSUM,,,,,N,Y,None,BMB1734,42:22.0,corpsvcmtxcutoverrpt_sql,00:05.1,xrdcwddbsuip06,MTX_ACOE_Cutover_Reporting,UI_Excel_Select_Xwalk_Source_Accommodations,facility,*ALL*,QXA4067,07:43.2
2535,COCSUM,TRP,Trauma Private Room,T1,Y,NO MATCH,0,COCSUM,,,,,N,Y,None,BMB1734,42:22.1,corpsvcmtxcutoverrpt_sql,00:05.1,xrdcwddbsuip06,MTX_ACOE_Cutover_Reporting,UI_Excel_Select_Xwalk_Source_Accommodations,facility,*ALL*,QXA4067,07:43.2
2536,COCSUM,TRPI,Trauma PICU,TI,Y,NO MATCH,0,COCSUM,,,,,N,Y,None,BMB1734,42:22.1,corpsvcmtxcutoverrpt_sql,00:05.1,xrdcwddbsuip06,MTX_ACOE_Cutover_Reporting,UI_Excel_Select_Xwalk_Source_Accommodations,facility,*ALL*,QXA4067,07:43.2
2537,COCSUM,TRS,Trauma Special Bed,TS,Y,NO MATCH,0,COCSUM,,,,,N,Y,None,BMB1734,42:22.2,corpsvcmtxcutoverrpt_sql,00:05.1,xrdcwddbsuip06,MTX_ACOE_Cutover_Reporting,UI_Excel_Select_Xwalk_Source_Accommodations,facility,*ALL*,QXA4067,07:43.2
2538,COCSUM,TRSP,Trauma Semi-Private,TP,Y,NO MATCH,0,COCSUM,,,,,N,Y,None,BMB1734,42:22.3,corpsvcmtxcutoverrpt_sql,00:05.1,xrdcwddbsuip06,MTX_ACOE_Cutover_Reporting,UI_Excel_Select_Xwalk_Source_Accommodations,facility,*ALL*,QXA4067,07:43.2
2539,COCSY,FB,FAMILY BIRTHING UNIT,FB,Y,"TEST (2025-12-11),ZCON (2026-04-21),LIVE (2026-02-12)",0,COCSY,LD,LABOR DELIVERY,LD,Y,Y,N,None,HGE3782,44:30.1,corpsvcmtxcutoverrpt_sql,38:19.0,xrdcwddbsuip06,MTX_ACOE_Cutover_Reporting,UI_Excel_Select_Xwalk_Source_Accommodations,facility,*ALL*,QXA4067,07:43.2
2540,COCSY,GY,GYNECOLOGY PRIVATE,GY,Y,"TEST (2025-12-11),ZCON (2026-04-21),LIVE (2026-02-12)",0,COCSY,PR,PRIVATE ROOM,PR,Y,Y,N,None,HGE3782,44:30.1,corpsvcmtxcutoverrpt_sql,38:19.0,xrdcwddbsuip06,MTX_ACOE_Cutover_Reporting,UI_Excel_Select_Xwalk_Source_Accommodations,facility,*ALL*,QXA4067,07:43.2
2541,COCSY,I,INTENSIVE CARE,IC,Y,"TEST (2025-12-11),ZCON (2026-04-21),LIVE (2026-02-12)",0,COCSY,IC,INTENSIVE CARE,IC,Y,Y,N,None,HGE3782,44:30.1,corpsvcmtxcutoverrpt_sql,38:19.0,xrdcwddbsuip06,MTX_ACOE_Cutover_Reporting,UI_Excel_Select_Xwalk_Source_Accommodations,facility,*ALL*,QXA4067,07:43.2
2542,COCSY,L1,NEWBORN LEVEL 1,L1,Y,"TEST (2025-12-11),ZCON (2026-04-21),LIVE (2026-02-12)",0,COCSY,L1,NEWBORN LEVEL 1 CARE,L1,Y,Y,N,None,HGE3782,44:30.1,corpsvcmtxcutoverrpt_sql,38:19.0,xrdcwddbsuip06,MTX_ACOE_Cutover_Reporting,UI_Excel_Select_Xwalk_Source_Accommodations,facility,*ALL*,QXA4067,07:43.2
2543,COCSY,L2,NEWBORN LEVEL 2,L2,Y,"TEST (2025-12-11),ZCON (2026-04-21),LIVE (2026-02-12)",0,COCSY,L2,NEWBORN LEVEL 2 CARE,L2,Y,Y,N,None,HGE3782,44:30.1,corpsvcmtxcutoverrpt_sql,38:19.0,xrdcwddbsuip06,MTX_ACOE_Cutover_Reporting,UI_Excel_Select_Xwalk_Source_Accommodations,facility,*ALL*,QXA4067,07:43.2
2544,COCSY,L3,NEWBORN LEVEL 3,L3,Y,"TEST (2025-12-11),ZCON (2026-04-21),LIVE (2026-02-12)",0,COCSY,L3,NEWBORN LEVEL 3 CARE,L3,Y,Y,N,None,HGE3782,44:30.2,corpsvcmtxcutoverrpt_sql,38:19.0,xrdcwddbsuip06,MTX_ACOE_Cutover_Reporting,UI_Excel_Select_Xwalk_Source_Accommodations,facility,*ALL*,QXA4067,07:43.2
2545,COCSY,L4,NEWBORN LEVEL 4,L4,Y,"TEST (2025-12-11),ZCON (2026-04-21),LIVE (2026-02-12)",0,COCSY,L4,NEWBORN LEVEL 4 CARE,L4,Y,Y,N,None,HGE3782,44:30.2,corpsvcmtxcutoverrpt_sql,38:19.0,xrdcwddbsuip06,MTX_ACOE_Cutover_Reporting,UI_Excel_Select_Xwalk_Source_Accommodations,facility,*ALL*,QXA4067,07:43.2
2546,COCSY,LD,LABOR AND DELIVERY,LD,Y,"TEST (2025-12-11),ZCON (2026-04-21),LIVE (2026-02-12)",0,COCSY,LD,LABOR AND DELIVERY,LD,Y,Y,N,None,FAK3017,47:02.4,corpsvcmtxcutoverrpt_sql,38:19.0,xrdcwddbsuip06,MTX_ACOE_Cutover_Reporting,UI_Excel_Select_Xwalk_Source_Accommodations,facility,*ALL*,QXA4067,07:43.2
2547,COCSY,LDO,LABOR AND DELIVERY OVERFLOW,LO,N,NO MATCH,0,COCSY,,,,,N,Y,None,FAK3017,11:52.0,corpsvcmtxcutoverrpt_sql,38:19.0,xrdcwddbsuip06,MTX_ACOE_Cutover_Reporting,UI_Excel_Select_Xwalk_Source_Accommodations,facility,*ALL*,QXA4067,07:43.2
2548,COCSY,OF,OVERFLOW PRIVATE,OF,Y,"TEST (2025-12-11),ZCON (2026-04-21),LIVE (2026-02-12)",0,COCSY,MS,MED SURG,MS,Y,Y,N,None,HGE3782,44:30.2,corpsvcmtxcutoverrpt_sql,38:19.0,xrdcwddbsuip06,MTX_ACOE_Cutover_Reporting,UI_Excel_Select_Xwalk_Source_Accommodations,facility,*ALL*,QXA4067,07:43.2
2549,COCSY,P,PRIVATE ROOM,P,Y,"TEST (2025-12-11),ZCON (2026-04-21),LIVE (2026-02-12)",0,COCSY,PR,PRIVATE ROOM,P,Y,Y,N,None,HGE3782,44:30.3,corpsvcmtxcutoverrpt_sql,38:19.0,xrdcwddbsuip06,MTX_ACOE_Cutover_Reporting,UI_Excel_Select_Xwalk_Source_Accommodations,facility,*ALL*,QXA4067,07:43.2
2550,COCSY,PC,PROGRESSIVE CARE UNIT,PC,Y,"TEST (2025-12-11),ZCON (2026-04-21),LIVE (2026-02-12)",0,COCSY,PC,PROGRESSIVE CARE,PC,Y,Y,N,None,HGE3782,44:30.3,corpsvcmtxcutoverrpt_sql,38:19.0,xrdcwddbsuip06,MTX_ACOE_Cutover_Reporting,UI_Excel_Select_Xwalk_Source_Accommodations,facility,*ALL*,QXA4067,07:43.2
2551,COCSY,TRI,TRAUMA INTENSIVE CARE,TI,Y,NO MATCH,0,COCSY,TRI,TRAUMA INTENSIVE CARE,TI,Y,Y,N,None,HGE3782,44:30.3,corpsvcmtxcutoverrpt_sql,38:19.0,xrdcwddbsuip06,MTX_ACOE_Cutover_Reporting,UI_Excel_Select_Xwalk_Source_Accommodations,facility,*ALL*,QXA4067,07:43.2
2552,COCTE,I,INTENSIVE CARE,I,Y,"TEST (2026-09-20),ZCON (2026-09-20),LIVE (2026-09-04)",0,COCTE,IC,INTENSIVE CARE,I,Y,Y,N,None,DJU8757,30:34.3,corpsvcmtxcutoverrpt_sql,47:33.7,xrdcwddbsuip06,MTX_ACOE_Cutover_Reporting,UI_Excel_Select_Xwalk_Source_Accommodations,facility,*ALL*,QXA4067,07:43.2
2553,COCTE,N,INTERMEDIATE,N,Y,"TEST (2026-09-20),ZCON (2026-09-20),LIVE (2026-09-04)",0,COCTE,PR,PRIVATE ROOM,P,Y,Y,N,None,DJU8757,38:14.9,corpsvcmtxcutoverrpt_sql,47:33.7,xrdcwddbsuip06,MTX_ACOE_Cutover_Reporting,UI_Excel_Select_Xwalk_Source_Accommodations,facility,*ALL*,QXA4067,07:43.2
2554,COCTE,OBS,OBSERVATION,OS,Y,"TEST (2026-09-20),ZCON (2026-09-20),LIVE (2026-09-04)",0,COCTE,PR,PRIVATE ROOM,P,Y,Y,N,None,DJU8757,38:15.0,corpsvcmtxcutoverrpt_sql,47:33.7,xrdcwddbsuip06,MTX_ACOE_Cutover_Reporting,UI_Excel_Select_Xwalk_Source_Accommodations,facility,*ALL*,QXA4067,07:43.2
2555,COCTE,P,PRIVATE ROOM,P,Y,"TEST (2026-09-20),ZCON (2026-09-20),LIVE (2026-09-04)",0,COCTE,PR,PRIVATE ROOM,P,Y,Y,N,None,DJU8757,30:34.4,corpsvcmtxcutoverrpt_sql,47:33.7,xrdcwddbsuip06,MTX_ACOE_Cutover_Reporting,UI_Excel_Select_Xwalk_Source_Accommodations,facility,*ALL*,QXA4067,07:43.2
2556,COCTE,PR,PRIVATE ROOM - PATIENT REQUEST,PR,N,NO MATCH,0,COCTE,,,,,N,Y,None,DJU8757,30:34.4,corpsvcmtxcutoverrpt_sql,47:33.7,xrdcwddbsuip06,MTX_ACOE_Cutover_Reporting,UI_Excel_Select_Xwalk_Source_Accommodations,facility,*ALL*,QXA4067,07:43.2
2557,COCTE,S,SEMI-PRIVATE ROOM,S,Y,"TEST (2026-09-20),ZCON (2026-09-20),LIVE (2026-09-04)",0,COCTE,SP,SEMI PRIVATE ROOM,S,Y,Y,N,None,DJU8757,30:34.5,corpsvcmtxcutoverrpt_sql,47:33.7,xrdcwddbsuip06,MTX_ACOE_Cutover_Reporting,UI_Excel_Select_Xwalk_Source_Accommodations,facility,*ALL*,QXA4067,07:43.2
2558,COCTE,SNP,SKILLED NURSING PRIVATE,NP,Y,"TEST (2026-09-20),ZCON (2026-09-20),LIVE (2026-09-04)",0,COCTE,PR,PRIVATE ROOM,P,Y,Y,N,None,DJU8757,38:15.0,corpsvcmtxcutoverrpt_sql,47:33.7,xrdcwddbsuip06,MTX_ACOE_Cutover_Reporting,UI_Excel_Select_Xwalk_Source_Accommodations,facility,*ALL*,QXA4067,07:43.2
2559,COCTL,AR,ADDICTION RECOVERY,AR,Y,"TEST (2025-12-11),ZCON (2025-12-11),LIVE (2025-12-05)",0,COCTL,M,MEDICAL,M,Y,Y,N,None,IIU4396,34:34.4,corpsvcmtxcutoverrpt_sql,14:06.0,xrdcwddbsuip06,MTX_ACOE_Cutover_Reporting,UI_Excel_Select_Xwalk_Source_Accommodations,facility,*ALL*,QXA4067,07:43.2
2560,COCTL,BB,BOARDER BABY,BB,Y,"TEST (2025-12-11),ZCON (2025-12-11),LIVE (2025-12-05)",0,COCTL,M,MEDICAL,M,Y,Y,N,None,IIU4396,34:34.5,corpsvcmtxcutoverrpt_sql,00:04.0,xrdcwddbsuip06,MTX_ACOE_Cutover_Reporting,UI_Excel_Select_Xwalk_Source_Accommodations,facility,*ALL*,QXA4067,07:43.2
2561,COCTL,BH,BEHAVIORAL HEALTH,BH,Y,"TEST (2025-12-11),ZCON (2025-12-11),LIVE (2025-12-05)",0,COCTL,BH,BEHAVIORAL HEALTH,BH,Y,Y,N,None,IIU4396,34:34.5,HCA\IIU4396,07:21.2,xrdcwddbsuip06,MTX_ACOE_Cutover_Reporting,UI_Excel_Select_Xwalk_Source_Accommodations,facility,*ALL*,QXA4067,07:43.2
2562,COCTL,CC,CORONARY CARE,CC,Y,"TEST (2025-12-11),ZCON (2025-12-11),LIVE (2025-12-05)",0,COCTL,CC,CORONARY CARE,CC,Y,Y,N,None,IIU4396,34:34.5,corpsvcmtxcutoverrpt_sql,00:04.0,xrdcwddbsuip06,MTX_ACOE_Cutover_Reporting,UI_Excel_Select_Xwalk_Source_Accommodations,facility,*ALL*,QXA4067,07:43.2
2563,COCTL,EC,ECMO,EC,Y,"TEST (2025-12-11),LIVE (2025-12-05)",0,COCTL,EC,ECMO,EC,Y,Y,N,None,KSI8889,47:26.7,corpsvcmtxcutoverrpt_sql,00:06.5,xrdcwddbsuip06,MTX_ACOE_Cutover_Reporting,UI_Excel_Select_Xwalk_Source_Accommodations,facility,*ALL*,QXA4067,07:43.2
2564,COCTL,ER,EMERGENCY ROOM,ER,Y,"TEST (2025-12-11),ZCON (2025-12-11),LIVE (2025-12-05)",0,COCTL,SP,SEMI PRIVATE ROOM,SP,Y,Y,N,None,IIU4396,34:34.6,HCA\IIU4396,07:21.2,xrdcwddbsuip06,MTX_ACOE_Cutover_Reporting,UI_Excel_Select_Xwalk_Source_Accommodations,facility,*ALL*,QXA4067,07:43.2
2565,COCTL,IC,INTENSIVE CARE,IC,Y,"TEST (2025-12-11),ZCON (2025-12-11),LIVE (2025-12-05)",0,COCTL,IC,INTENSIVE CARE,IC,Y,Y,N,None,IIU4396,34:34.6,HCA\IIU4396,07:21.2,xrdcwddbsuip06,MTX_ACOE_Cutover_Reporting,UI_Excel_Select_Xwalk_Source_Accommodations,facility,*ALL*,QXA4067,07:43.2
2566,COCTL,IM,INTERMEDIATE CARE,IM,Y,"TEST (2025-12-11),ZCON (2025-12-11),LIVE (2025-12-05)",0,COCTL,M,MEDICAL,M,Y,Y,N,None,IIU4396,34:34.6,HCA\IIU4396,07:21.2,xrdcwddbsuip06,MTX_ACOE_Cutover_Reporting,UI_Excel_Select_Xwalk_Source_Accommodations,facility,*ALL*,QXA4067,07:43.2
2567,COCTL,IS,ISOLATION,IS,Y,"TEST (2025-12-11),ZCON (2025-12-11),LIVE (2025-12-05)",0,COCTL,M,MEDICAL,M,Y,Y,N,None,IIU4396,34:34.7,HCA\IIU4396,07:21.2,xrdcwddbsuip06,MTX_ACOE_Cutover_Reporting,UI_Excel_Select_Xwalk_Source_Accommodations,facility,*ALL*,QXA4067,07:43.2
2568,COCTL,L1,NEWBORN LEVEL I,L1,Y,"TEST (2025-12-11),ZCON (2025-12-11),LIVE (2025-12-05)",0,COCTL,L1,NEWBORN LEVEL I CARE,L1,Y,Y,N,None,IIU4396,34:34.7,HCA\CORPSVCACOESSISPROXY,14:04.6,xrdcwddbsuip06,MTX_ACOE_Cutover_Reporting,UI_Excel_Select_Xwalk_Source_Accommodations,facility,*ALL*,QXA4067,07:43.2
2569,COCTL,L2,NEWBORN LEVEL II,L2,Y,"TEST (2025-12-11),ZCON (2025-12-11),LIVE (2025-12-05)",0,COCTL,L2,NEWBORN LEVEL II CARE,L2,Y,Y,N,None,IIU4396,34:34.7,HCA\CORPSVCACOESSISPROXY,14:04.6,xrdcwddbsuip06,MTX_ACOE_Cutover_Reporting,UI_Excel_Select_Xwalk_Source_Accommodations,facility,*ALL*,QXA4067,07:43.2
2570,COCTL,L3,NEWBORN LEVEL III,L3,Y,"TEST (2025-12-11),ZCON (2025-12-11),LIVE (2025-12-05)",0,COCTL,L3,NEWBORN LEVEL III CARE,L3,Y,Y,N,None,IIU4396,34:34.8,HCA\CORPSVCACOESSISPROXY,14:04.6,xrdcwddbsuip06,MTX_ACOE_Cutover_Reporting,UI_Excel_Select_Xwalk_Source_Accommodations,facility,*ALL*,QXA4067,07:43.2
2571,COCTL,L4,NEWBORN LEVEL IV,L4,Y,"TEST (2025-12-11),ZCON (2025-12-11),LIVE (2025-12-05)",0,COCTL,L4,NEWBORN LEVEL IV,L4,Y,Y,N,None,IIU4396,34:34.8,HCA\CORPSVCACOESSISPROXY,14:04.6,xrdcwddbsuip06,MTX_ACOE_Cutover_Reporting,UI_Excel_Select_Xwalk_Source_Accommodations,facility,*ALL*,QXA4067,07:43.2
2572,COCTL,LA,LEAVE OF ABSENCE,LA,Y,"TEST (2025-12-11),ZCON (2025-12-11),LIVE (2025-12-05)",0,COCTL,M,MEDICAL,M,Y,Y,N,None,IIU4396,34:34.8,HCA\IIU4396,07:21.2,xrdcwddbsuip06,MTX_ACOE_Cutover_Reporting,UI_Excel_Select_Xwalk_Source_Accommodations,facility,*ALL*,QXA4067,07:43.2
2573,COCTL,LD,LABOR AND DELIVERY,LD,Y,"TEST (2025-12-11),ZCON (2025-12-11),LIVE (2025-12-05)",0,COCTL,LD,LABOR AND DELIVERY,LD,Y,Y,N,None,IIU4396,34:34.9,HCA\IIU4396,07:21.2,xrdcwddbsuip06,MTX_ACOE_Cutover_Reporting,UI_Excel_Select_Xwalk_Source_Accommodations,facility,*ALL*,QXA4067,07:43.2
2574,COCTL,MD,MEDICAL,MD,Y,"TEST (2025-12-11),ZCON (2025-12-11),LIVE (2025-12-05)",0,COCTL,M,MEDICAL,M,Y,Y,N,None,IIU4396,34:34.9,HCA\IIU4396,07:21.2,xrdcwddbsuip06,MTX_ACOE_Cutover_Reporting,UI_Excel_Select_Xwalk_Source_Accommodations,facility,*ALL*,QXA4067,07:43.2
2575,COCTL,MJ,MEDICALLY JUSTIFIED,MJ,Y,"TEST (2025-12-11),ZCON (2025-12-11),LIVE (2025-12-05)",0,COCTL,M,MEDICAL,M,Y,Y,N,None,IIU4396,34:35.0,HCA\IIU4396,07:21.2,xrdcwddbsuip06,MTX_ACOE_Cutover_Reporting,UI_Excel_Select_Xwalk_Source_Accommodations,facility,*ALL*,QXA4067,07:43.2
2576,COCTL,N2,NEONATAL INTENSIVE LEVEL 2,N2,N,NO MATCH,0,COCTL,,,,,N,Y,None,KSI8889,20:19.7,corpsvcmtxcutoverrpt_sql,00:05.4,xrdcwddbsuip06,MTX_ACOE_Cutover_Reporting,UI_Excel_Select_Xwalk_Source_Accommodations,facility,*ALL*,QXA4067,07:43.2
2577,COCTL,N3,NEONATAL INTENSIVE LEVEL 3,N3,N,NO MATCH,0,COCTL,,,,,N,Y,None,KSI8889,20:19.8,corpsvcmtxcutoverrpt_sql,00:05.4,xrdcwddbsuip06,MTX_ACOE_Cutover_Reporting,UI_Excel_Select_Xwalk_Source_Accommodations,facility,*ALL*,QXA4067,07:43.2
2578,COCTL,N4,NEONATAL INTENSIVE LEVEL 4,N4,N,NO MATCH,0,COCTL,,,,,N,Y,None,KSI8889,20:19.8,corpsvcmtxcutoverrpt_sql,00:05.4,xrdcwddbsuip06,MTX_ACOE_Cutover_Reporting,UI_Excel_Select_Xwalk_Source_Accommodations,facility,*ALL*,QXA4067,07:43.2
2579,COCTL,NI,NEONATAL INTENSIVE,NI,Y,"TEST (2025-12-11),ZCON (2025-12-11),LIVE (2025-12-05)",0,COCTL,M,MEDICAL,M,Y,Y,N,None,IIU4396,34:35.0,corpsvcmtxcutoverrpt_sql,14:06.0,xrdcwddbsuip06,MTX_ACOE_Cutover_Reporting,UI_Excel_Select_Xwalk_Source_Accommodations,facility,*ALL*,QXA4067,07:43.2
2580,COCTL,NU,NEWBORN NURSERY,NU,Y,"TEST (2025-12-11),ZCON (2025-12-11),LIVE (2025-12-05)",0,COCTL,L1,NEWBORN LEVEL I CARE,L1,Y,Y,N,None,IIU4396,34:35.0,HCA\IIU4396,07:21.2,xrdcwddbsuip06,MTX_ACOE_Cutover_Reporting,UI_Excel_Select_Xwalk_Source_Accommodations,facility,*ALL*,QXA4067,07:43.2
2581,COCTL,P,PRIVATE ROOM,P,Y,"TEST (2025-12-11),ZCON (2025-12-11),LIVE (2025-12-05)",0,COCTL,PR,PRIVATE ROOM,PR,Y,Y,N,None,IIU4396,34:35.1,HCA\IIU4396,07:21.2,xrdcwddbsuip06,MTX_ACOE_Cutover_Reporting,UI_Excel_Select_Xwalk_Source_Accommodations,facility,*ALL*,QXA4067,07:43.2
2582,COCTL,PC,PROGRESSIVE CARE,PC,Y,"TEST (2025-12-11),ZCON (2025-12-11),LIVE (2025-12-05)",0,COCTL,PC,PROGRESSIVE CARE,PC,Y,Y,N,None,IIU4396,34:35.1,HCA\IIU4396,07:21.2,xrdcwddbsuip06,MTX_ACOE_Cutover_Reporting,UI_Excel_Select_Xwalk_Source_Accommodations,facility,*ALL*,QXA4067,07:43.2
2583,COCTL,PD,PEDIATRICS,PD,Y,"TEST (2025-12-11),ZCON (2025-12-11),LIVE (2025-12-05)",0,COCTL,M,MEDICAL,M,Y,Y,N,None,IIU4396,34:35.1,HCA\IIU4396,07:21.2,xrdcwddbsuip06,MTX_ACOE_Cutover_Reporting,UI_Excel_Select_Xwalk_Source_Accommodations,facility,*ALL*,QXA4067,07:43.2
2584,COCTL,PP,PROGRESSIVE PRIVATE,PP,Y,"TEST (2025-12-11),ZCON (2025-12-11),LIVE (2025-12-05)",0,COCTL,M,MEDICAL,M,Y,Y,N,None,IIU4396,34:35.2,HCA\IIU4396,07:21.2,xrdcwddbsuip06,MTX_ACOE_Cutover_Reporting,UI_Excel_Select_Xwalk_Source_Accommodations,facility,*ALL*,QXA4067,07:43.2
2585,COCTL,PS,PSYCHIATRIC SEMI PRIVATE,PS,Y,"TEST (2025-12-11),ZCON (2025-12-11),LIVE (2025-12-05)",0,COCTL,M,MEDICAL,M,Y,Y,N,None,IIU4396,34:35.2,HCA\IIU4396,07:21.2,xrdcwddbsuip06,MTX_ACOE_Cutover_Reporting,UI_Excel_Select_Xwalk_Source_Accommodations,facility,*ALL*,QXA4067,07:43.2
2586,COCTL,RP,REHAB PRIVATE,RP,Y,"TEST (2025-12-11),ZCON (2025-12-11),LIVE (2025-12-05)",0,COCTL,R,REHABILITATION,R,Y,Y,N,None,IIU4396,34:35.3,HCA\IIU4396,07:21.2,xrdcwddbsuip06,MTX_ACOE_Cutover_Reporting,UI_Excel_Select_Xwalk_Source_Accommodations,facility,*ALL*,QXA4067,07:43.2
2587,COCTL,SD,STEP DOWN,SD,Y,"TEST (2025-12-11),ZCON (2025-12-11),LIVE (2025-12-05)",0,COCTL,M,MEDICAL,M,Y,Y,N,None,IIU4396,34:35.3,HCA\IIU4396,07:21.2,xrdcwddbsuip06,MTX_ACOE_Cutover_Reporting,UI_Excel_Select_Xwalk_Source_Accommodations,facility,*ALL*,QXA4067,07:43.2
2588,COCTL,SN,SKILLED NURSING SEMI PRIVATE,SN,Y,"TEST (2025-12-11),ZCON (2025-12-11),LIVE (2025-12-05)",0,COCTL,M,MEDICAL,M,Y,Y,N,None,IIU4396,34:35.3,HCA\IIU4396,07:21.2,xrdcwddbsuip06,MTX_ACOE_Cutover_Reporting,UI_Excel_Select_Xwalk_Source_Accommodations,facility,*ALL*,QXA4067,07:43.2
2589,COCTL,SP,SEMI-PRIVATE,SP,Y,"TEST (2025-12-11),ZCON (2025-12-11),LIVE (2025-12-05)",0,COCTL,SP,SEMI PRIVATE ROOM,SP,Y,Y,N,None,IIU4396,34:35.4,HCA\IIU4396,07:21.2,xrdcwddbsuip06,MTX_ACOE_Cutover_Reporting,UI_Excel_Select_Xwalk_Source_Accommodations,facility,*ALL*,QXA4067,07:43.2
2590,COCTL,SU,SURGICAL,SU,Y,"TEST (2025-12-11),ZCON (2025-12-11),LIVE (2025-12-05)",0,COCTL,MS,MED SURG,MS,Y,Y,N,None,IIU4396,34:35.4,HCA\IIU4396,07:21.2,xrdcwddbsuip06,MTX_ACOE_Cutover_Reporting,UI_Excel_Select_Xwalk_Source_Accommodations,facility,*ALL*,QXA4067,07:43.2
2591,COCTL,TE,TELEMETRY,TE,Y,"TEST (2025-12-11),ZCON (2025-12-11),LIVE (2025-12-05)",0,COCTL,M,MEDICAL,M,Y,Y,N,None,IIU4396,34:35.4,HCA\IIU4396,07:21.2,xrdcwddbsuip06,MTX_ACOE_Cutover_Reporting,UI_Excel_Select_Xwalk_Source_Accommodations,facility,*ALL*,QXA4067,07:43.2
2592,COCTL,TU,TRANSITION UNIT,TU,Y,"TEST (2025-12-11),ZCON (2025-12-11),LIVE (2025-12-05)",0,COCTL,M,MEDICAL,M,Y,Y,N,None,IIU4396,34:35.5,HCA\IIU4396,07:21.2,xrdcwddbsuip06,MTX_ACOE_Cutover_Reporting,UI_Excel_Select_Xwalk_Source_Accommodations,facility,*ALL*,QXA4067,07:43.2
2593,COCTNS,I,INTENSIVE CARE,IC,Y,"TEST (2026-01-06),ZCON (2026-01-27)",0,COCTNS,IC,INTENSIVE CARE,IC,Y,Y,N,None,DOF3224,25:22.2,corpsvcmtxcutoverrpt_sql,38:19.0,xrdcwddbsuip06,MTX_ACOE_Cutover_Reporting,UI_Excel_Select_Xwalk_Source_Accommodations,facility,*ALL*,QXA4067,07:43.2
2594,COCTNS,L1,NEWBORN LEVEL 1,L1,Y,"TEST (2026-01-06),ZCON (2026-01-27)",0,COCTNS,L1,NEWBORN LEVEL I CARE,L1,Y,Y,N,None,DOF3224,25:22.2,corpsvcmtxcutoverrpt_sql,38:19.0,xrdcwddbsuip06,MTX_ACOE_Cutover_Reporting,UI_Excel_Select_Xwalk_Source_Accommodations,facility,*ALL*,QXA4067,07:43.2
2595,COCTNS,L2,NEWBORN LEVEL 2,L2,Y,"TEST (2026-01-06),ZCON (2026-01-27)",0,COCTNS,L2,NEWBORN LEVEL II CARE,L2,Y,Y,N,None,DOF3224,25:22.3,corpsvcmtxcutoverrpt_sql,38:19.0,xrdcwddbsuip06,MTX_ACOE_Cutover_Reporting,UI_Excel_Select_Xwalk_Source_Accommodations,facility,*ALL*,QXA4067,07:43.2
2596,COCTNS,L3,NEWBORN LEVEL 3,L3,Y,"TEST (2026-01-06),ZCON (2026-01-27)",0,COCTNS,L3,NEWBORN LEVEL III CARE,L3,Y,Y,N,None,DOF3224,25:22.3,corpsvcmtxcutoverrpt_sql,38:19.0,xrdcwddbsuip06,MTX_ACOE_Cutover_Reporting,UI_Excel_Select_Xwalk_Source_Accommodations,facility,*ALL*,QXA4067,07:43.2
2597,COCTNS,OF,OVERFLOW PRIVATE,OF,Y,"TEST (2026-01-06),ZCON (2026-01-27)",0,COCTNS,MS,MED SURG,MS,Y,Y,N,None,DOF3224,25:22.4,corpsvcmtxcutoverrpt_sql,38:19.0,xrdcwddbsuip06,MTX_ACOE_Cutover_Reporting,UI_Excel_Select_Xwalk_Source_Accommodations,facility,*ALL*,QXA4067,07:43.2
2598,COCTNS,P,PRIVATE ROOM,P,Y,"TEST (2026-01-06),ZCON (2026-01-27)",0,COCTNS,PR,PRIVATE ROOM,P,Y,Y,N,None,DOF3224,25:22.5,corpsvcmtxcutoverrpt_sql,38:19.0,xrdcwddbsuip06,MTX_ACOE_Cutover_Reporting,UI_Excel_Select_Xwalk_Source_Accommodations,facility,*ALL*,QXA4067,07:43.2
2599,COCTNS,PC,PROGRESSIVE CARE UNIT,PC,Y,"TEST (2026-01-06),ZCON (2026-01-27)",0,COCTNS,PC,PROGRESSIVE CARE,PC,Y,Y,N,None,DOF3224,25:22.5,corpsvcmtxcutoverrpt_sql,38:19.0,xrdcwddbsuip06,MTX_ACOE_Cutover_Reporting,UI_Excel_Select_Xwalk_Source_Accommodations,facility,*ALL*,QXA4067,07:43.2
2600,COCTR,B,NEWBORN,B,N,NO MATCH,0,COCTR,,,,,N,Y,None,QVO8748,04:53.5,corpsvcmtxcutoverrpt_sql,53:33.3,xrdcwddbsuip06,MTX_ACOE_Cutover_Reporting,UI_Excel_Select_Xwalk_Source_Accommodations,facility,*ALL*,QXA4067,07:43.2
2601,COCTR,EC,ECMO,EC,Y,NO MATCH,0,COCTR,EC,ECMO,EC,Y,Y,N,None,QVO8748,02:49.0,corpsvcmtxcutoverrpt_sql,53:33.3,xrdcwddbsuip06,MTX_ACOE_Cutover_Reporting,UI_Excel_Select_Xwalk_Source_Accommodations,facility,*ALL*,QXA4067,07:43.2
2602,COCTR,EHC,ER HOLDING CRITICAL,H1,N,NO MATCH,0,COCTR,,,,,N,Y,None,QVO8748,04:53.6,corpsvcmtxcutoverrpt_sql,53:33.3,xrdcwddbsuip06,MTX_ACOE_Cutover_Reporting,UI_Excel_Select_Xwalk_Source_Accommodations,facility,*ALL*,QXA4067,07:43.2
2603,COCTR,EHM,ER HOLDING MED-SURG,H4,N,NO MATCH,0,COCTR,,,,,N,Y,None,QVO8748,04:53.6,corpsvcmtxcutoverrpt_sql,53:33.3,xrdcwddbsuip06,MTX_ACOE_Cutover_Reporting,UI_Excel_Select_Xwalk_Source_Accommodations,facility,*ALL*,QXA4067,07:43.2
2604,COCTR,EHP,ER HOLDING PEDIATRICS,H3,N,NO MATCH,0,COCTR,,,,,N,Y,None,QVO8748,04:53.7,corpsvcmtxcutoverrpt_sql,53:33.3,xrdcwddbsuip06,MTX_ACOE_Cutover_Reporting,UI_Excel_Select_Xwalk_Source_Accommodations,facility,*ALL*,QXA4067,07:43.2
2605,COCTR,EHT,ER HOLDING TELEMETRY,H2,N,NO MATCH,0,COCTR,,,,,N,Y,None,QVO8748,04:53.7,corpsvcmtxcutoverrpt_sql,53:33.3,xrdcwddbsuip06,MTX_ACOE_Cutover_Reporting,UI_Excel_Select_Xwalk_Source_Accommodations,facility,*ALL*,QXA4067,07:43.2
2606,COCTR,IC,INTENSIVE CARE,IC,Y,NO MATCH,65,COCTR,IC,INTENSIVE CARE,IC,Y,Y,N,None,QVO8748,02:49.0,corpsvcmtxcutoverrpt_sql,53:33.3,xrdcwddbsuip06,MTX_ACOE_Cutover_Reporting,UI_Excel_Select_Xwalk_Source_Accommodations,facility,*ALL*,QXA4067,07:43.2
2607,COCTR,L1,NEWBORN LEVEL I,L1,Y,NO MATCH,0,COCTR,PR,PRIVATE ROOM,PR,Y,Y,N,None,QVO8748,02:49.0,corpsvcmtxcutoverrpt_sql,53:33.3,xrdcwddbsuip06,MTX_ACOE_Cutover_Reporting,UI_Excel_Select_Xwalk_Source_Accommodations,facility,*ALL*,QXA4067,07:43.2
2608,COCTR,L2,NEWBORN LEVEL II,L2,Y,NO MATCH,0,COCTR,PR,PRIVATE ROOM,PR,Y,Y,N,None,QVO8748,02:49.1,corpsvcmtxcutoverrpt_sql,53:33.3,xrdcwddbsuip06,MTX_ACOE_Cutover_Reporting,UI_Excel_Select_Xwalk_Source_Accommodations,facility,*ALL*,QXA4067,07:43.2
2609,COCTR,L3,NEWBORN LEVEL III,L3,Y,NO MATCH,0,COCTR,PR,PRIVATE ROOM,PR,Y,Y,N,None,QVO8748,02:49.1,corpsvcmtxcutoverrpt_sql,53:33.3,xrdcwddbsuip06,MTX_ACOE_Cutover_Reporting,UI_Excel_Select_Xwalk_Source_Accommodations,facility,*ALL*,QXA4067,07:43.2
2610,COCTR,L4,NEWBORN LEVEL IV,L4,Y,NO MATCH,0,COCTR,PR,PRIVATE ROOM,PR,Y,Y,N,None,QVO8748,02:49.1,corpsvcmtxcutoverrpt_sql,53:33.3,xrdcwddbsuip06,MTX_ACOE_Cutover_Reporting,UI_Excel_Select_Xwalk_Source_Accommodations,facility,*ALL*,QXA4067,07:43.2
2611,COCTR,NC,NURSERY INTERMEDIATE,NC,Y,NO MATCH,0,COCTR,PR,PRIVATE ROOM,PR,Y,Y,N,None,QVO8748,02:49.1,corpsvcmtxcutoverrpt_sql,53:33.3,xrdcwddbsuip06,MTX_ACOE_Cutover_Reporting,UI_Excel_Select_Xwalk_Source_Accommodations,facility,*ALL*,QXA4067,07:43.2
2612,COCTR,NI,NEO-NATAL INTENSIVE,NI,Y,NO MATCH,0,COCTR,PR,PRIVATE ROOM,PR,Y,Y,N,None,QVO8748,02:49.1,corpsvcmtxcutoverrpt_sql,53:33.3,xrdcwddbsuip06,MTX_ACOE_Cutover_Reporting,UI_Excel_Select_Xwalk_Source_Accommodations,facility,*ALL*,QXA4067,07:43.2
2613,COCTR,NU,NEWBORN NURSERY,NU,Y,NO MATCH,0,COCTR,PR,PRIVATE ROOM,PR,Y,Y,N,None,QVO8748,02:49.2,corpsvcmtxcutoverrpt_sql,53:33.3,xrdcwddbsuip06,MTX_ACOE_Cutover_Reporting,UI_Excel_Select_Xwalk_Source_Accommodations,facility,*ALL*,QXA4067,07:43.2
2614,COCTR,NV,NURSERY VENT,NV,Y,NO MATCH,0,COCTR,PR,PRIVATE ROOM,PR,Y,Y,N,None,QVO8748,02:49.2,corpsvcmtxcutoverrpt_sql,53:33.3,xrdcwddbsuip06,MTX_ACOE_Cutover_Reporting,UI_Excel_Select_Xwalk_Source_Accommodations,facility,*ALL*,QXA4067,07:43.2
2615,COCTR,OBG,PRIVATE - OB/GYN/PP,OB,Y,NO MATCH,0,COCTR,PR,PRIVATE ROOM,PR,Y,Y,N,None,QVO8748,02:49.2,corpsvcmtxcutoverrpt_sql,53:33.3,xrdcwddbsuip06,MTX_ACOE_Cutover_Reporting,UI_Excel_Select_Xwalk_Source_Accommodations,facility,*ALL*,QXA4067,07:43.2
2616,COCTR,OP,OB - PRIVATE,OP,Y,NO MATCH,0,COCTR,PR,PRIVATE ROOM,PR,Y,Y,N,None,QVO8748,02:49.2,corpsvcmtxcutoverrpt_sql,53:33.3,xrdcwddbsuip06,MTX_ACOE_Cutover_Reporting,UI_Excel_Select_Xwalk_Source_Accommodations,facility,*ALL*,QXA4067,07:43.2
2617,COCTR,P,PRIVATE ROOM,P,Y,NO MATCH,356,COCTR,PR,PRIVATE ROOM,PR,Y,Y,N,None,QVO8748,02:49.2,corpsvcmtxcutoverrpt_sql,53:33.3,xrdcwddbsuip06,MTX_ACOE_Cutover_Reporting,UI_Excel_Select_Xwalk_Source_Accommodations,facility,*ALL*,QXA4067,07:43.2
2618,COCTR,PAC,PATIENT ADMISSION CENTER,ZZ,N,NO MATCH,0,COCTR,,,,,N,Y,None,QVO8748,04:53.8,corpsvcmtxcutoverrpt_sql,53:33.3,xrdcwddbsuip06,MTX_ACOE_Cutover_Reporting,UI_Excel_Select_Xwalk_Source_Accommodations,facility,*ALL*,QXA4067,07:43.2
2619,COCTR,PC,PROGRESSIVE CARE UNIT,PC,Y,NO MATCH,78,COCTR,PC,PROGRESSIVE CARE,PC,Y,Y,N,None,QVO8748,02:49.3,corpsvcmtxcutoverrpt_sql,53:33.3,xrdcwddbsuip06,MTX_ACOE_Cutover_Reporting,UI_Excel_Select_Xwalk_Source_Accommodations,facility,*ALL*,QXA4067,07:43.2
2620,COCTR,PDP,PRIVATE PED,P1,Y,NO MATCH,0,COCTR,PP,PEDIATRIC PRIVATE,PD,Y,Y,N,None,QVO8748,02:49.3,corpsvcmtxcutoverrpt_sql,53:33.3,xrdcwddbsuip06,MTX_ACOE_Cutover_Reporting,UI_Excel_Select_Xwalk_Source_Accommodations,facility,*ALL*,QXA4067,07:43.2
2621,COCTR,PICU,Pediatric Intensive Care Unit,PI,Y,NO MATCH,0,COCTR,PIC,PEDIATRIC INTENSIVE CARE,PI,Y,Y,N,None,QVO8748,02:49.3,corpsvcmtxcutoverrpt_sql,53:33.3,xrdcwddbsuip06,MTX_ACOE_Cutover_Reporting,UI_Excel_Select_Xwalk_Source_Accommodations,facility,*ALL*,QXA4067,07:43.2
2622,COCTR,RB,REHAB SP,RB,Y,NO MATCH,0,COCTR,SP,SEMI PRIVATE ROOM,SP,Y,Y,N,None,QVO8748,02:49.3,corpsvcmtxcutoverrpt_sql,53:33.3,xrdcwddbsuip06,MTX_ACOE_Cutover_Reporting,UI_Excel_Select_Xwalk_Source_Accommodations,facility,*ALL*,QXA4067,07:43.2
2623,COCTR,RH,REHAB PRIVATE,RH,Y,NO MATCH,66,COCTR,RP,REHAB PRIVATE,RP,Y,Y,N,None,QVO8748,02:49.3,corpsvcmtxcutoverrpt_sql,53:33.3,xrdcwddbsuip06,MTX_ACOE_Cutover_Reporting,UI_Excel_Select_Xwalk_Source_Accommodations,facility,*ALL*,QXA4067,07:43.2
2624,COCTR,S,SEMI-PRIVATE ROOM,1,N,NO MATCH,0,COCTR,,,,,N,Y,None,QVO8748,04:53.8,corpsvcmtxcutoverrpt_sql,53:33.3,xrdcwddbsuip06,MTX_ACOE_Cutover_Reporting,UI_Excel_Select_Xwalk_Source_Accommodations,facility,*ALL*,QXA4067,07:43.2
2625,COCTR,SP,SEMI-PRIVATE,SP,Y,NO MATCH,395,COCTR,SP,SEMI PRIVATE ROOM,SP,Y,Y,N,None,QVO8748,02:49.4,corpsvcmtxcutoverrpt_sql,53:33.3,xrdcwddbsuip06,MTX_ACOE_Cutover_Reporting,UI_Excel_Select_Xwalk_Source_Accommodations,facility,*ALL*,QXA4067,07:43.2
2626,COCTR,TL,TELEMETRY,TL,Y,NO MATCH,258,COCTR,TEL,TELEMETRY,TE,Y,Y,N,None,QVO8748,02:49.4,corpsvcmtxcutoverrpt_sql,53:33.3,xrdcwddbsuip06,MTX_ACOE_Cutover_Reporting,UI_Excel_Select_Xwalk_Source_Accommodations,facility,*ALL*,QXA4067,07:43.2
2627,COCTR,TR,Trauma ICU,TR,Y,NO MATCH,19,COCTR,TRIC,TRAUMA INTENSIVE CARE,TI,Y,Y,N,None,QVO8748,02:49.4,corpsvcmtxcutoverrpt_sql,53:33.3,xrdcwddbsuip06,MTX_ACOE_Cutover_Reporting,UI_Excel_Select_Xwalk_Source_Accommodations,facility,*ALL*,QXA4067,07:43.2
2628,COCTR,TREC,Trauma w/ECMO,TO,Y,NO MATCH,0,COCTR,TREC,TRAUMA WITH ECMO,ET,Y,Y,N,None,QVO8748,02:49.4,corpsvcmtxcutoverrpt_sql,53:33.3,xrdcwddbsuip06,MTX_ACOE_Cutover_Reporting,UI_Excel_Select_Xwalk_Source_Accommodations,facility,*ALL*,QXA4067,07:43.2
2629,COCTR,TRP,Trauma Private Room,T1,Y,NO MATCH,9,COCTR,TR,TRAUMA,TR,Y,Y,N,None,QVO8748,02:49.4,corpsvcmtxcutoverrpt_sql,53:33.3,xrdcwddbsuip06,MTX_ACOE_Cutover_Reporting,UI_Excel_Select_Xwalk_Source_Accommodations,facility,*ALL*,QXA4067,07:43.2
2630,COCTR,TRPI,Trauma PICU,TI,Y,NO MATCH,0,COCTR,TR,TRAUMA,TR,Y,Y,N,None,QVO8748,02:49.5,corpsvcmtxcutoverrpt_sql,53:33.3,xrdcwddbsuip06,MTX_ACOE_Cutover_Reporting,UI_Excel_Select_Xwalk_Source_Accommodations,facility,*ALL*,QXA4067,07:43.2
2631,COCTR,TRS,Trauma Special Bed,TS,Y,NO MATCH,0,COCTR,TR,TRAUMA,TR,Y,Y,N,None,QVO8748,02:49.5,corpsvcmtxcutoverrpt_sql,53:33.3,xrdcwddbsuip06,MTX_ACOE_Cutover_Reporting,UI_Excel_Select_Xwalk_Source_Accommodations,facility,*ALL*,QXA4067,07:43.2
2632,COCTR,TRSP,Trauma Semi-Private,TP,Y,NO MATCH,1,COCTR,TR,TRAUMA,TR,Y,Y,N,None,QVO8748,02:49.5,corpsvcmtxcutoverrpt_sql,53:33.3,xrdcwddbsuip06,MTX_ACOE_Cutover_Reporting,UI_Excel_Select_Xwalk_Source_Accommodations,facility,*ALL*,QXA4067,07:43.2
2633,COCTRA,GPS,GERO PSYCH SEMI PRIVATE,GS,N,NO MATCH,0,COCTRA,,,,,N,Y,None,JKB0282,47:18.1,HCA\IIU4396,46:47.7,xrdcwddbsuip06,MTX_ACOE_Cutover_Reporting,UI_Excel_Select_Xwalk_Source_Accommodations,facility,*ALL*,QXA4067,07:43.2
2634,COCTRA,I,INTENSIVE CARE,I,Y,"TEST (2025-12-11),ZCON (2025-12-11),LIVE (2025-12-05)",0,COCTRA,IC,INTENSIVE CARE,I,Y,Y,N,None,IIU4396,12:26.7,HCA\IIU4396,46:47.7,xrdcwddbsuip06,MTX_ACOE_Cutover_Reporting,UI_Excel_Select_Xwalk_Source_Accommodations,facility,*ALL*,QXA4067,07:43.2
2635,COCTRA,IC,INTENSIVE CARE,IC,Y,"TEST (2025-12-11),ZCON (2025-12-11),LIVE (2025-12-05)",0,COCTRA,IC,INTENSIVE CARE,I,Y,Y,N,None,IIU4396,12:26.7,HCA\IIU4396,46:47.7,xrdcwddbsuip06,MTX_ACOE_Cutover_Reporting,UI_Excel_Select_Xwalk_Source_Accommodations,facility,*ALL*,QXA4067,07:43.2
2636,COCTRA,IM,INTERMEDIATE CARE,IM,Y,"TEST (2025-12-11),ZCON (2025-12-11),LIVE (2025-12-05)",0,COCTRA,PC,PROGRESSIVE CARE,IM,Y,Y,N,None,IIU4396,12:26.8,HCA\IIU4396,46:47.7,xrdcwddbsuip06,MTX_ACOE_Cutover_Reporting,UI_Excel_Select_Xwalk_Source_Accommodations,facility,*ALL*,QXA4067,07:43.2
2637,COCTRA,IS,ISOLATION,IS,Y,"TEST (2025-12-11),ZCON (2025-12-11),LIVE (2025-12-05)",0,COCTRA,IS,ISOLATION,IS,Y,Y,N,None,IIU4396,12:26.8,HCA\IIU4396,46:47.7,xrdcwddbsuip06,MTX_ACOE_Cutover_Reporting,UI_Excel_Select_Xwalk_Source_Accommodations,facility,*ALL*,QXA4067,07:43.2
2638,COCTRA,L1,L1 Newborn Level 1,L1,Y,"TEST (2025-12-11),ZCON (2025-12-11),LIVE (2025-12-05)",0,COCTRA,L1,NEWBORN LEVEL 1 CARE,L1,Y,Y,N,None,FRE8115,46:55.5,HCA\CORPSVCACOESSISPROXY,14:05.8,xrdcwddbsuip06,MTX_ACOE_Cutover_Reporting,UI_Excel_Select_Xwalk_Source_Accommodations,facility,*ALL*,QXA4067,07:43.2
2639,COCTRA,L2,NEWBORN L2 NURSERY,L2,Y,"TEST (2025-12-11),ZCON (2025-12-11),LIVE (2025-12-05)",0,COCTRA,L2,NEWBORN LEVEL II CARE,L2,Y,Y,N,None,IIU4396,12:26.9,HCA\IIU4396,46:47.7,xrdcwddbsuip06,MTX_ACOE_Cutover_Reporting,UI_Excel_Select_Xwalk_Source_Accommodations,facility,*ALL*,QXA4067,07:43.2
2640,COCTRA,L3,NEWBORN L3 NURSERY,L3,Y,"TEST (2025-12-11),ZCON (2025-12-11),LIVE (2025-12-05)",0,COCTRA,L3,NEWBORN LEVEL III CARE,L3,Y,Y,N,None,IIU4396,12:26.9,HCA\IIU4396,46:47.7,xrdcwddbsuip06,MTX_ACOE_Cutover_Reporting,UI_Excel_Select_Xwalk_Source_Accommodations,facility,*ALL*,QXA4067,07:43.2
2641,COCTRA,L4,NEWBORN L4 NURSERY,L4,Y,"TEST (2025-12-11),ZCON (2025-12-11),LIVE (2025-12-05)",0,COCTRA,L4,NEWBORN LEVEL IV CARE,L4,Y,Y,N,None,IIU4396,12:26.9,HCA\IIU4396,46:47.7,xrdcwddbsuip06,MTX_ACOE_Cutover_Reporting,UI_Excel_Select_Xwalk_Source_Accommodations,facility,*ALL*,QXA4067,07:43.2
2642,COCTRA,LD,LABOR & DELIVERY,LD,Y,"TEST (2025-12-11),ZCON (2025-12-11),LIVE (2025-12-05)",0,COCTRA,LD,LABOR AND DELIVERY,LD,Y,Y,N,None,IIU4396,12:27.0,HCA\IIU4396,46:47.7,xrdcwddbsuip06,MTX_ACOE_Cutover_Reporting,UI_Excel_Select_Xwalk_Source_Accommodations,facility,*ALL*,QXA4067,07:43.2
2643,COCTRA,N1,NURSERY LEVEL 1,N1,Y,"TEST (2025-12-11),ZCON (2025-12-11),LIVE (2025-12-05)",0,COCTRA,L1,NEWBORN LEVEL 1 CARE,L1,Y,Y,N,None,IIU4396,12:27.0,HCA\IIU4396,46:47.7,xrdcwddbsuip06,MTX_ACOE_Cutover_Reporting,UI_Excel_Select_Xwalk_Source_Accommodations,facility,*ALL*,QXA4067,07:43.2
2644,COCTRA,N2,NURSERY LEVEL II,N2,Y,"TEST (2025-12-11),ZCON (2025-12-11),LIVE (2025-12-05)",0,COCTRA,L2,NEWBORN LEVEL II CARE,L2,Y,Y,N,None,IIU4396,12:27.1,HCA\IIU4396,46:47.7,xrdcwddbsuip06,MTX_ACOE_Cutover_Reporting,UI_Excel_Select_Xwalk_Source_Accommodations,facility,*ALL*,QXA4067,07:43.2
2645,COCTRA,N3,NURSERY LEVEL III,N3,Y,"TEST (2025-12-11),ZCON (2025-12-11),LIVE (2025-12-05)",0,COCTRA,L3,NEWBORN LEVEL III CARE,L3,Y,Y,N,None,IIU4396,12:27.1,HCA\IIU4396,46:47.7,xrdcwddbsuip06,MTX_ACOE_Cutover_Reporting,UI_Excel_Select_Xwalk_Source_Accommodations,facility,*ALL*,QXA4067,07:43.2
2646,COCTRA,NB,NEWBORN,NB,Y,"TEST (2025-12-11),ZCON (2025-12-11),LIVE (2025-12-05)",0,COCTRA,L1,NEWBORN LEVEL 1 CARE,L1,Y,Y,N,None,IIU4396,12:27.1,HCA\IIU4396,46:47.7,xrdcwddbsuip06,MTX_ACOE_Cutover_Reporting,UI_Excel_Select_Xwalk_Source_Accommodations,facility,*ALL*,QXA4067,07:43.2
2647,COCTRA,P,PRIVATE ROOM,P,Y,"TEST (2025-12-11),ZCON (2025-12-11),LIVE (2025-12-05)",0,COCTRA,PR,PRIVATE ROOM,P,Y,Y,N,None,IIU4396,12:27.2,HCA\IIU4396,46:47.7,xrdcwddbsuip06,MTX_ACOE_Cutover_Reporting,UI_Excel_Select_Xwalk_Source_Accommodations,facility,*ALL*,QXA4067,07:43.2
2648,COCTRA,PCP,PEDIATRIC CARE PRIVATE,PC,N,NO MATCH,0,COCTRA,,,,,N,Y,None,JKB0282,47:18.2,HCA\IIU4396,46:47.7,xrdcwddbsuip06,MTX_ACOE_Cutover_Reporting,UI_Excel_Select_Xwalk_Source_Accommodations,facility,*ALL*,QXA4067,07:43.2
2649,COCTRA,PP,POSTPARTUM ROOM,PP,Y,"TEST (2025-12-11),ZCON (2025-12-11),LIVE (2025-12-05)",0,COCTRA,PR,PRIVATE ROOM,P,Y,Y,N,None,IIU4396,12:27.2,HCA\IIU4396,46:47.7,xrdcwddbsuip06,MTX_ACOE_Cutover_Reporting,UI_Excel_Select_Xwalk_Source_Accommodations,facility,*ALL*,QXA4067,07:43.2
2650,COCTRA,RHB,REHAB,RH,Y,"TEST (2025-12-11),ZCON (2025-12-11),LIVE (2025-12-05)",0,COCTRA,PR,PRIVATE ROOM,P,Y,Y,N,None,IIU4396,12:27.3,HCA\IIU4396,46:47.7,xrdcwddbsuip06,MTX_ACOE_Cutover_Reporting,UI_Excel_Select_Xwalk_Source_Accommodations,facility,*ALL*,QXA4067,07:43.2
2651,COCTRA,S,SEMI-PRIVATE ROOM,SP,Y,"TEST (2025-12-11),ZCON (2025-12-11),LIVE (2025-12-05)",0,COCTRA,SP,SEMI-PRIVATE ROOM,SP,Y,Y,N,None,IIU4396,12:27.3,HCA\IIU4396,46:47.7,xrdcwddbsuip06,MTX_ACOE_Cutover_Reporting,UI_Excel_Select_Xwalk_Source_Accommodations,facility,*ALL*,QXA4067,07:43.2
2652,COCTRA,TE,TELEMETRY,TE,Y,"TEST (2025-12-11),ZCON (2025-12-11),LIVE (2025-12-05)",0,COCTRA,TEL,TELEMETRY,TE,Y,Y,N,None,IIU4396,12:27.3,HCA\IIU4396,46:47.7,xrdcwddbsuip06,MTX_ACOE_Cutover_Reporting,UI_Excel_Select_Xwalk_Source_Accommodations,facility,*ALL*,QXA4067,07:43.2
2653,COCTRA,TP,TELEMETRY PRIVATE,TP,Y,"TEST (2025-12-11),ZCON (2025-12-11),LIVE (2025-12-05)",0,COCTRA,TEL,TELEMETRY,TE,Y,Y,N,None,IIU4396,12:27.4,HCA\IIU4396,46:47.7,xrdcwddbsuip06,MTX_ACOE_Cutover_Reporting,UI_Excel_Select_Xwalk_Source_Accommodations,facility,*ALL*,QXA4067,07:43.2
2654,COCTW,ER,EMERGENCY ROOM,ER,Y,"TEST (2025-12-11),ZCON (2025-12-11),LIVE (2025-12-05)",0,COCTW,PR,PRIVATE ROOM,PR,,Y,N,None,IIU4396,36:57.4,corpsvcmtxcutoverrpt_sql,14:04.8,xrdcwddbsuip06,MTX_ACOE_Cutover_Reporting,UI_Excel_Select_Xwalk_Source_Accommodations,facility,*ALL*,QXA4067,07:43.2
2655,COCTW,IC,INTENSIVE CARE,IC,Y,"TEST (2025-12-11),ZCON (2025-12-11),LIVE (2025-12-05)",0,COCTW,IC,INTENSIVE CARE,IC,,Y,N,None,IIU4396,36:57.5,corpsvcmtxcutoverrpt_sql,14:04.8,xrdcwddbsuip06,MTX_ACOE_Cutover_Reporting,UI_Excel_Select_Xwalk_Source_Accommodations,facility,*ALL*,QXA4067,07:43.2
2656,COCTW,IS,ISOLATION,IS,Y,"TEST (2025-12-11),ZCON (2025-12-11),LIVE (2025-12-05)",0,COCTW,PR,PRIVATE ROOM,PR,,Y,N,None,IIU4396,36:57.5,corpsvcmtxcutoverrpt_sql,14:04.8,xrdcwddbsuip06,MTX_ACOE_Cutover_Reporting,UI_Excel_Select_Xwalk_Source_Accommodations,facility,*ALL*,QXA4067,07:43.2
2657,COCTW,MJ,MEDICALLY JUSTIFIED,J,Y,"TEST (2025-12-11),ZCON (2025-12-11),LIVE (2025-12-05)",0,COCTW,PR,PRIVATE ROOM,PR,,Y,N,None,IIU4396,36:57.6,corpsvcmtxcutoverrpt_sql,14:04.8,xrdcwddbsuip06,MTX_ACOE_Cutover_Reporting,UI_Excel_Select_Xwalk_Source_Accommodations,facility,*ALL*,QXA4067,07:43.2
2658,COCTW,OED,OVERFLOW ED,OE,Y,"TEST (2025-12-11),ZCON (2025-12-11),LIVE (2025-12-05)",0,COCTW,PR,PRIVATE ROOM,PR,,Y,N,None,IIU4396,36:57.6,corpsvcmtxcutoverrpt_sql,14:04.8,xrdcwddbsuip06,MTX_ACOE_Cutover_Reporting,UI_Excel_Select_Xwalk_Source_Accommodations,facility,*ALL*,QXA4067,07:43.2
2659,COCTW,P,PRIVATE ROOM,P,Y,"TEST (2025-12-11),ZCON (2025-12-11),LIVE (2025-12-05)",0,COCTW,PR,PRIVATE ROOM,PR,,Y,N,None,IIU4396,36:57.6,corpsvcmtxcutoverrpt_sql,14:04.8,xrdcwddbsuip06,MTX_ACOE_Cutover_Reporting,UI_Excel_Select_Xwalk_Source_Accommodations,facility,*ALL*,QXA4067,07:43.2
2660,COCTW,PC,PROGRESSIVE CARE,PC,Y,"TEST (2025-12-11),ZCON (2025-12-11),LIVE (2025-12-05)",0,COCTW,PC,PROGRESSIVE CARE,PC,,Y,N,None,IIU4396,36:57.7,corpsvcmtxcutoverrpt_sql,14:04.8,xrdcwddbsuip06,MTX_ACOE_Cutover_Reporting,UI_Excel_Select_Xwalk_Source_Accommodations,facility,*ALL*,QXA4067,07:43.2
2661,COCTW,PD,PEDIATRICS,PD,Y,"TEST (2025-12-11),ZCON (2025-12-11),LIVE (2025-12-05)",0,COCTW,PR,PRIVATE ROOM,PR,,Y,N,None,IIU4396,36:57.7,corpsvcmtxcutoverrpt_sql,14:04.8,xrdcwddbsuip06,MTX_ACOE_Cutover_Reporting,UI_Excel_Select_Xwalk_Source_Accommodations,facility,*ALL*,QXA4067,07:43.2
2662,COCTW,PP,PROGRESSIVE PRIVATE,PP,Y,"TEST (2025-12-11),ZCON (2025-12-11),LIVE (2025-12-05)",0,COCTW,PCP,PROGRESSIVE CARE PRIVATE,PP,,Y,N,None,IIU4396,36:57.7,corpsvcmtxcutoverrpt_sql,14:04.8,xrdcwddbsuip06,MTX_ACOE_Cutover_Reporting,UI_Excel_Select_Xwalk_Source_Accommodations,facility,*ALL*,QXA4067,07:43.2
2663,COCTW,SD,STEP DOWN,SD,Y,"TEST (2025-12-11),ZCON (2025-12-11),LIVE (2025-12-05)",0,COCTW,PCP,PROGRESSIVE CARE PRIVATE,PP,,Y,N,None,IIU4396,36:57.8,corpsvcmtxcutoverrpt_sql,14:04.8,xrdcwddbsuip06,MTX_ACOE_Cutover_Reporting,UI_Excel_Select_Xwalk_Source_Accommodations,facility,*ALL*,QXA4067,07:43.2
2664,COCTW,SN,SKILLED NURSING SEMI PRIVATE,SN,Y,"TEST (2025-12-11),ZCON (2025-12-11),LIVE (2025-12-05)",0,COCTW,PR,PRIVATE ROOM,PR,,Y,N,None,IIU4396,36:57.8,corpsvcmtxcutoverrpt_sql,14:04.8,xrdcwddbsuip06,MTX_ACOE_Cutover_Reporting,UI_Excel_Select_Xwalk_Source_Accommodations,facility,*ALL*,QXA4067,07:43.2
2665,COCTW,SP,SEMI-PRIVATE,SP,Y,"TEST (2025-12-11),ZCON (2025-12-11),LIVE (2025-12-05)",0,COCTW,SP,SEMI PRIVATE ROOM,SP,,Y,N,None,IIU4396,36:57.8,corpsvcmtxcutoverrpt_sql,14:04.8,xrdcwddbsuip06,MTX_ACOE_Cutover_Reporting,UI_Excel_Select_Xwalk_Source_Accommodations,facility,*ALL*,QXA4067,07:43.2
2666,COCTW,UP,SNF PRIVATE,UP,Y,"TEST (2025-12-11),ZCON (2025-12-11),LIVE (2025-12-05)",0,COCTW,PR,PRIVATE ROOM,PR,,Y,N,None,IIU4396,36:57.9,corpsvcmtxcutoverrpt_sql,14:04.8,xrdcwddbsuip06,MTX_ACOE_Cutover_Reporting,UI_Excel_Select_Xwalk_Source_Accommodations,facility,*ALL*,QXA4067,07:43.2
2667,COCUH,BURN,Burn Intensive Care,BU,N,NO MATCH,0,COCUH,,,,,N,Y,None,FDO8801,38:15.8,corpsvcmtxcutoverrpt_sql,18:08.5,xrdcwddbsuip06,MTX_ACOE_Cutover_Reporting,UI_Excel_Select_Xwalk_Source_Accommodations,facility,*ALL*,QXA4067,07:43.2
2668,COCUH,CC,Coronary Care,CO,N,NO MATCH,0,COCUH,,,,,N,Y,None,FDO8801,38:15.9,corpsvcmtxcutoverrpt_sql,18:08.5,xrdcwddbsuip06,MTX_ACOE_Cutover_Reporting,UI_Excel_Select_Xwalk_Source_Accommodations,facility,*ALL*,QXA4067,07:43.2
2669,COCUH,CCU,CCU,CC,N,NO MATCH,0,COCUH,,,,,N,Y,None,FDO8801,38:16.0,corpsvcmtxcutoverrpt_sql,18:08.5,xrdcwddbsuip06,MTX_ACOE_Cutover_Reporting,UI_Excel_Select_Xwalk_Source_Accommodations,facility,*ALL*,QXA4067,07:43.2
2670,COCUH,CV,CVICU,CV,N,NO MATCH,0,COCUH,,,,,N,Y,None,FDO8801,38:16.1,corpsvcmtxcutoverrpt_sql,18:08.5,xrdcwddbsuip06,MTX_ACOE_Cutover_Reporting,UI_Excel_Select_Xwalk_Source_Accommodations,facility,*ALL*,QXA4067,07:43.2
2671,COCUH,DX,Detox,DX,N,NO MATCH,0,COCUH,,,,,N,Y,None,FDO8801,38:16.2,corpsvcmtxcutoverrpt_sql,18:08.5,xrdcwddbsuip06,MTX_ACOE_Cutover_Reporting,UI_Excel_Select_Xwalk_Source_Accommodations,facility,*ALL*,QXA4067,07:43.2
2672,COCUH,HOSP,HOSPICE CLIENT,HO,N,NO MATCH,0,COCUH,,,,,N,Y,None,FDO8801,38:16.3,corpsvcmtxcutoverrpt_sql,18:08.5,xrdcwddbsuip06,MTX_ACOE_Cutover_Reporting,UI_Excel_Select_Xwalk_Source_Accommodations,facility,*ALL*,QXA4067,07:43.2
2673,COCUH,IA,ICU/CCU ER ADMISSION UNIT,IA,N,NO MATCH,0,COCUH,,,,,N,Y,None,FDO8801,38:16.4,corpsvcmtxcutoverrpt_sql,18:08.5,xrdcwddbsuip06,MTX_ACOE_Cutover_Reporting,UI_Excel_Select_Xwalk_Source_Accommodations,facility,*ALL*,QXA4067,07:43.2
2674,COCUH,IC,Intensive Care,IN,Y,"TEST (2026-09-20),ZCON (2026-09-20),LIVE (2026-09-04)",25,COCUH,IC,INTENSIVE CARE,IC,Y,Y,N,None,FDO8801,34:03.2,corpsvcmtxcutoverrpt_sql,18:08.5,xrdcwddbsuip06,MTX_ACOE_Cutover_Reporting,UI_Excel_Select_Xwalk_Source_Accommodations,facility,*ALL*,QXA4067,07:43.2
2675,COCUH,ICCU,ICCU,IC,N,NO MATCH,0,COCUH,,,,,N,Y,None,FDO8801,38:16.5,corpsvcmtxcutoverrpt_sql,18:08.5,xrdcwddbsuip06,MTX_ACOE_Cutover_Reporting,UI_Excel_Select_Xwalk_Source_Accommodations,facility,*ALL*,QXA4067,07:43.2
2676,COCUH,IM,Intermediate Care,IR,Y,"TEST (2026-09-20),ZCON (2026-09-20),LIVE (2026-09-04)",22,COCUH,PC,PROGRESSIVE CARE,PC,Y,Y,N,None,FDO8801,34:03.3,corpsvcmtxcutoverrpt_sql,18:08.5,xrdcwddbsuip06,MTX_ACOE_Cutover_Reporting,UI_Excel_Select_Xwalk_Source_Accommodations,facility,*ALL*,QXA4067,07:43.2
2677,COCUH,IMCU,Intermediate Care CCU,CR,N,NO MATCH,0,COCUH,,,,,N,Y,None,FDO8801,38:16.6,corpsvcmtxcutoverrpt_sql,18:08.5,xrdcwddbsuip06,MTX_ACOE_Cutover_Reporting,UI_Excel_Select_Xwalk_Source_Accommodations,facility,*ALL*,QXA4067,07:43.2
2678,COCUH,ISO,ISOLATION,IS,N,NO MATCH,0,COCUH,,,,,N,Y,None,FDO8801,38:16.7,corpsvcmtxcutoverrpt_sql,18:08.5,xrdcwddbsuip06,MTX_ACOE_Cutover_Reporting,UI_Excel_Select_Xwalk_Source_Accommodations,facility,*ALL*,QXA4067,07:43.2
2679,COCUH,IT,ICCU/TELE,IT,N,NO MATCH,0,COCUH,,,,,N,Y,None,FDO8801,38:16.8,corpsvcmtxcutoverrpt_sql,18:08.5,xrdcwddbsuip06,MTX_ACOE_Cutover_Reporting,UI_Excel_Select_Xwalk_Source_Accommodations,facility,*ALL*,QXA4067,07:43.2
2680,COCUH,MA,MED SURG ER ADMISSION UNIT,MA,N,NO MATCH,0,COCUH,,,,,N,Y,None,FDO8801,38:17.0,corpsvcmtxcutoverrpt_sql,18:08.5,xrdcwddbsuip06,MTX_ACOE_Cutover_Reporting,UI_Excel_Select_Xwalk_Source_Accommodations,facility,*ALL*,QXA4067,07:43.2
2681,COCUH,MEDP,MEDICAL/SURGICAL PRIVATE,MP,N,NO MATCH,0,COCUH,,,,,N,Y,None,FDO8801,38:17.1,corpsvcmtxcutoverrpt_sql,18:08.5,xrdcwddbsuip06,MTX_ACOE_Cutover_Reporting,UI_Excel_Select_Xwalk_Source_Accommodations,facility,*ALL*,QXA4067,07:43.2
2682,COCUH,MEDSP,MEDICAL/SURGICAL SEMI-PRIVATE,MS,N,NO MATCH,0,COCUH,,,,,N,Y,None,FDO8801,38:17.2,corpsvcmtxcutoverrpt_sql,18:08.5,xrdcwddbsuip06,MTX_ACOE_Cutover_Reporting,UI_Excel_Select_Xwalk_Source_Accommodations,facility,*ALL*,QXA4067,07:43.2
2683,COCUH,MISO,MEDICAL/SURGICAL ISOLATION,MI,N,NO MATCH,0,COCUH,,,,,N,Y,None,FDO8801,38:17.3,corpsvcmtxcutoverrpt_sql,18:08.5,xrdcwddbsuip06,MTX_ACOE_Cutover_Reporting,UI_Excel_Select_Xwalk_Source_Accommodations,facility,*ALL*,QXA4067,07:43.2
2684,COCUH,MO,OBS MED ER HOLDING,MO,N,NO MATCH,0,COCUH,,,,,N,Y,None,FDO8801,38:17.4,corpsvcmtxcutoverrpt_sql,18:08.5,xrdcwddbsuip06,MTX_ACOE_Cutover_Reporting,UI_Excel_Select_Xwalk_Source_Accommodations,facility,*ALL*,QXA4067,07:43.2
2685,COCUH,MS,Med Surg,MD,Y,"TEST (2026-09-20),ZCON (2026-09-20),LIVE (2026-09-04)",422,COCUH,MS,MED SURG,MS,Y,Y,N,None,FDO8801,34:03.4,corpsvcmtxcutoverrpt_sql,18:08.5,xrdcwddbsuip06,MTX_ACOE_Cutover_Reporting,UI_Excel_Select_Xwalk_Source_Accommodations,facility,*ALL*,QXA4067,07:43.2
2686,COCUH,N1,NICU Level 1,NO,N,NO MATCH,0,COCUH,,,,,N,Y,None,FDO8801,38:17.5,corpsvcmtxcutoverrpt_sql,18:08.5,xrdcwddbsuip06,MTX_ACOE_Cutover_Reporting,UI_Excel_Select_Xwalk_Source_Accommodations,facility,*ALL*,QXA4067,07:43.2
2687,COCUH,N2,NICU Level 2,NT,N,NO MATCH,0,COCUH,,,,,N,Y,None,FDO8801,38:17.6,corpsvcmtxcutoverrpt_sql,18:08.5,xrdcwddbsuip06,MTX_ACOE_Cutover_Reporting,UI_Excel_Select_Xwalk_Source_Accommodations,facility,*ALL*,QXA4067,07:43.2
2688,COCUH,N3,NICU Level 3,N3,N,NO MATCH,0,COCUH,,,,,N,Y,None,FDO8801,38:17.7,corpsvcmtxcutoverrpt_sql,18:08.5,xrdcwddbsuip06,MTX_ACOE_Cutover_Reporting,UI_Excel_Select_Xwalk_Source_Accommodations,facility,*ALL*,QXA4067,07:43.2
2689,COCUH,NB,Newborn Basic Care,NB,N,NO MATCH,0,COCUH,,,,,N,Y,None,FDO8801,38:17.8,corpsvcmtxcutoverrpt_sql,18:08.5,xrdcwddbsuip06,MTX_ACOE_Cutover_Reporting,UI_Excel_Select_Xwalk_Source_Accommodations,facility,*ALL*,QXA4067,07:43.2
2690,COCUH,OBS,OBSERVATION ONLY,OB,N,NO MATCH,0,COCUH,,,,,N,Y,None,FDO8801,38:17.9,corpsvcmtxcutoverrpt_sql,18:08.5,xrdcwddbsuip06,MTX_ACOE_Cutover_Reporting,UI_Excel_Select_Xwalk_Source_Accommodations,facility,*ALL*,QXA4067,07:43.2
2691,COCUH,OC,Obstetrics,OC,N,NO MATCH,0,COCUH,,,,,N,Y,None,FDO8801,38:18.0,corpsvcmtxcutoverrpt_sql,18:08.5,xrdcwddbsuip06,MTX_ACOE_Cutover_Reporting,UI_Excel_Select_Xwalk_Source_Accommodations,facility,*ALL*,QXA4067,07:43.2
2692,COCUH,OM,OBS MED ER ADMISSION UNIT,OM,N,NO MATCH,0,COCUH,,,,,N,Y,None,FDO8801,38:18.1,corpsvcmtxcutoverrpt_sql,18:08.5,xrdcwddbsuip06,MTX_ACOE_Cutover_Reporting,UI_Excel_Select_Xwalk_Source_Accommodations,facility,*ALL*,QXA4067,07:43.2
2693,COCUH,OT,OBS TELE ER ADMISSION UNIT,OT,N,NO MATCH,0,COCUH,,,,,N,Y,None,FDO8801,38:18.2,corpsvcmtxcutoverrpt_sql,18:08.5,xrdcwddbsuip06,MTX_ACOE_Cutover_Reporting,UI_Excel_Select_Xwalk_Source_Accommodations,facility,*ALL*,QXA4067,07:43.2
2694,COCUH,P,PRIVATE,P,N,NO MATCH,0,COCUH,,,,,N,Y,None,FDO8801,38:18.3,corpsvcmtxcutoverrpt_sql,18:08.5,xrdcwddbsuip06,MTX_ACOE_Cutover_Reporting,UI_Excel_Select_Xwalk_Source_Accommodations,facility,*ALL*,QXA4067,07:43.2
2695,COCUH,PEDS,Pediatrics,PE,N,NO MATCH,0,COCUH,,,,,N,Y,None,FDO8801,38:18.4,corpsvcmtxcutoverrpt_sql,18:08.5,xrdcwddbsuip06,MTX_ACOE_Cutover_Reporting,UI_Excel_Select_Xwalk_Source_Accommodations,facility,*ALL*,QXA4067,07:43.2
2696,COCUH,PICU,PICU,PD,N,NO MATCH,0,COCUH,,,,,N,Y,None,FDO8801,38:18.5,corpsvcmtxcutoverrpt_sql,18:08.5,xrdcwddbsuip06,MTX_ACOE_Cutover_Reporting,UI_Excel_Select_Xwalk_Source_Accommodations,facility,*ALL*,QXA4067,07:43.2
2697,COCUH,PN,Perinatal Unit,PN,N,NO MATCH,0,COCUH,,,,,N,Y,None,FDO8801,38:18.6,corpsvcmtxcutoverrpt_sql,18:08.5,xrdcwddbsuip06,MTX_ACOE_Cutover_Reporting,UI_Excel_Select_Xwalk_Source_Accommodations,facility,*ALL*,QXA4067,07:43.2
2698,COCUH,PSY,PSYCH,PY,N,"TEST (2026-09-20),ZCON (2026-09-20),LIVE (2026-09-04)",0,COCUH,MS,MED SURG,MS,Y,Y,Y,None,FDO8801,41:11.0,corpsvcmtxcutoverrpt_sql,00:04.4,xrdcwddbsuip06,MTX_ACOE_Cutover_Reporting,UI_Excel_Select_Xwalk_Source_Accommodations,facility,*ALL*,QXA4067,07:43.2
2699,COCUH,PSYP,PSYCH PRIVATE,PS,N,NO MATCH,0,COCUH,,,,,N,Y,None,FDO8801,38:18.7,corpsvcmtxcutoverrpt_sql,18:08.5,xrdcwddbsuip06,MTX_ACOE_Cutover_Reporting,UI_Excel_Select_Xwalk_Source_Accommodations,facility,*ALL*,QXA4067,07:43.2
2700,COCUH,PSYSP,PSYCH SEMI-PRIVATE,P1,N,NO MATCH,0,COCUH,,,,,N,Y,None,FDO8801,38:18.8,corpsvcmtxcutoverrpt_sql,18:08.5,xrdcwddbsuip06,MTX_ACOE_Cutover_Reporting,UI_Excel_Select_Xwalk_Source_Accommodations,facility,*ALL*,QXA4067,07:43.2
2701,COCUH,RH,Rehabilitation,RH,Y,"TEST (2026-09-20),ZCON (2026-09-20),LIVE (2026-09-04)",70,COCUH,R,REHABILITATION,R,Y,Y,N,None,FDO8801,34:03.6,corpsvcmtxcutoverrpt_sql,18:08.5,xrdcwddbsuip06,MTX_ACOE_Cutover_Reporting,UI_Excel_Select_Xwalk_Source_Accommodations,facility,*ALL*,QXA4067,07:43.2
2702,COCUH,SB,SWING BED,SB,N,"TEST (2026-09-20),ZCON (2026-09-20),LIVE (2026-09-04)",0,COCUH,MS,MED SURG,MS,Y,Y,Y,None,FDO8801,41:11.1,corpsvcmtxcutoverrpt_sql,00:04.4,xrdcwddbsuip06,MTX_ACOE_Cutover_Reporting,UI_Excel_Select_Xwalk_Source_Accommodations,facility,*ALL*,QXA4067,07:43.2
2703,COCUH,SNU,SKILLED NURSING UNIT,SN,N,NO MATCH,0,COCUH,,,,,N,Y,None,FDO8801,38:18.9,corpsvcmtxcutoverrpt_sql,18:08.5,xrdcwddbsuip06,MTX_ACOE_Cutover_Reporting,UI_Excel_Select_Xwalk_Source_Accommodations,facility,*ALL*,QXA4067,07:43.2
2704,COCUH,SP,SEMI-PRIVATE,SP,N,NO MATCH,0,COCUH,,,,,N,Y,None,FDO8801,38:19.0,corpsvcmtxcutoverrpt_sql,18:08.5,xrdcwddbsuip06,MTX_ACOE_Cutover_Reporting,UI_Excel_Select_Xwalk_Source_Accommodations,facility,*ALL*,QXA4067,07:43.2
2705,COCUH,T,Tele,T,Y,"TEST (2026-09-20),ZCON (2026-09-20),LIVE (2026-09-04)",105,COCUH,TEL,TELEMETRY,T,Y,Y,N,None,FDO8801,34:03.7,corpsvcmtxcutoverrpt_sql,18:08.5,xrdcwddbsuip06,MTX_ACOE_Cutover_Reporting,UI_Excel_Select_Xwalk_Source_Accommodations,facility,*ALL*,QXA4067,07:43.2
2706,COCUH,TA,TELEMETRY ER ADMISSION UNIT,TA,N,NO MATCH,0,COCUH,,,,,N,Y,None,FDO8801,38:19.1,corpsvcmtxcutoverrpt_sql,18:08.5,xrdcwddbsuip06,MTX_ACOE_Cutover_Reporting,UI_Excel_Select_Xwalk_Source_Accommodations,facility,*ALL*,QXA4067,07:43.2
2707,COCUH,TELISO,TELEMETRY-ISOLATION,TI,N,NO MATCH,0,COCUH,,,,,N,Y,None,FDO8801,38:19.3,corpsvcmtxcutoverrpt_sql,18:08.5,xrdcwddbsuip06,MTX_ACOE_Cutover_Reporting,UI_Excel_Select_Xwalk_Source_Accommodations,facility,*ALL*,QXA4067,07:43.2
2708,COCUH,TELP,TELEMETRY PRIVATE,TP,N,NO MATCH,0,COCUH,,,,,N,Y,None,FDO8801,38:19.4,corpsvcmtxcutoverrpt_sql,18:08.5,xrdcwddbsuip06,MTX_ACOE_Cutover_Reporting,UI_Excel_Select_Xwalk_Source_Accommodations,facility,*ALL*,QXA4067,07:43.2
2709,COCUH,TELSP,TELEMETRY SEMI-PRIVATE,TS,N,NO MATCH,0,COCUH,,,,,N,Y,None,FDO8801,38:19.5,corpsvcmtxcutoverrpt_sql,18:08.5,xrdcwddbsuip06,MTX_ACOE_Cutover_Reporting,UI_Excel_Select_Xwalk_Source_Accommodations,facility,*ALL*,QXA4067,07:43.2
2710,COCUH,TELW,TELEMETRY-WARD,TW,N,NO MATCH,0,COCUH,,,,,N,Y,None,FDO8801,38:19.6,corpsvcmtxcutoverrpt_sql,18:08.5,xrdcwddbsuip06,MTX_ACOE_Cutover_Reporting,UI_Excel_Select_Xwalk_Source_Accommodations,facility,*ALL*,QXA4067,07:43.2
2711,COCUH,TO,OBS TEL ER HOLDING,TO,N,NO MATCH,0,COCUH,,,,,N,Y,None,FDO8801,38:19.7,corpsvcmtxcutoverrpt_sql,18:08.5,xrdcwddbsuip06,MTX_ACOE_Cutover_Reporting,UI_Excel_Select_Xwalk_Source_Accommodations,facility,*ALL*,QXA4067,07:43.2
2712,COCUH,VIP,VIP Room,VI,N,NO MATCH,0,COCUH,,,,,N,Y,None,FDO8801,38:19.8,corpsvcmtxcutoverrpt_sql,18:08.5,xrdcwddbsuip06,MTX_ACOE_Cutover_Reporting,UI_Excel_Select_Xwalk_Source_Accommodations,facility,*ALL*,QXA4067,07:43.2
2713,COCUH,WRD,WARD,WR,N,NO MATCH,0,COCUH,,,,,N,Y,None,FDO8801,38:19.9,corpsvcmtxcutoverrpt_sql,18:08.5,xrdcwddbsuip06,MTX_ACOE_Cutover_Reporting,UI_Excel_Select_Xwalk_Source_Accommodations,facility,*ALL*,QXA4067,07:43.2
2714,COCUHA,___N/A___20260522165610,Net New Expanse Accommodation--no MT56 data,___,N,"TEST (2026-09-20),ZCON (2026-09-20),LIVE (2026-09-04)",0,COCUHA,LDHR,LABOR AND DELIVERY HIGH RISK,LR,Y,Y,N,None,FAK3017,56:59.1,HCA\FAK3017,56:10.0,xrdcwddbsuip06,MTX_ACOE_Cutover_Reporting,UI_Excel_Select_Xwalk_Source_Accommodations,facility,*ALL*,QXA4067,07:43.2
2715,COCUHA,CC,CORONARY CARE,CO,Y,"TEST (2026-09-20),ZCON (2026-09-20),LIVE (2026-09-04)",0,COCUHA,CC,CORONARY CARE,CC,Y,Y,N,None,FAK3017,24:43.5,corpsvcmtxcutoverrpt_sql,53:30.8,xrdcwddbsuip06,MTX_ACOE_Cutover_Reporting,UI_Excel_Select_Xwalk_Source_Accommodations,facility,*ALL*,QXA4067,07:43.2
2716,COCUHA,IC,Intensive Care,IN,Y,"TEST (2026-09-20),ZCON (2026-09-20),LIVE (2026-09-04)",11,COCUHA,IC,INTENSIVE CARE,IC,Y,Y,N,None,FAK3017,24:43.6,corpsvcmtxcutoverrpt_sql,53:30.8,xrdcwddbsuip06,MTX_ACOE_Cutover_Reporting,UI_Excel_Select_Xwalk_Source_Accommodations,facility,*ALL*,QXA4067,07:43.2
2717,COCUHA,IM,Intermediate Care,IR,Y,"TEST (2026-09-20),ZCON (2026-09-20),LIVE (2026-09-04)",45,COCUHA,PC,PROGRESSIVE CARE,PC,Y,Y,N,None,FAK3017,24:43.6,corpsvcmtxcutoverrpt_sql,53:30.8,xrdcwddbsuip06,MTX_ACOE_Cutover_Reporting,UI_Excel_Select_Xwalk_Source_Accommodations,facility,*ALL*,QXA4067,07:43.2
2718,COCUHA,IMCU,Intermediate Care CCU,CR,Y,"TEST (2026-09-20),ZCON (2026-09-20),LIVE (2026-09-04)",1,COCUHA,PCCC,PROGRESSIVE CARE CCU,PU,Y,Y,N,None,FAK3017,24:43.6,corpsvcmtxcutoverrpt_sql,53:30.8,xrdcwddbsuip06,MTX_ACOE_Cutover_Reporting,UI_Excel_Select_Xwalk_Source_Accommodations,facility,*ALL*,QXA4067,07:43.2
2719,COCUHA,L1,NEWBORN LEVEL I,L1,Y,"TEST (2026-09-20),ZCON (2026-09-20),LIVE (2026-09-04)",64,COCUHA,L1,NEWBORN LEVEL I CARE,L1,Y,Y,N,None,FAK3017,24:43.6,corpsvcmtxcutoverrpt_sql,53:30.8,xrdcwddbsuip06,MTX_ACOE_Cutover_Reporting,UI_Excel_Select_Xwalk_Source_Accommodations,facility,*ALL*,QXA4067,07:43.2
2720,COCUHA,L2,NEWBORN LEVEL II,L2,Y,"TEST (2026-09-20),ZCON (2026-09-20),LIVE (2026-09-04)",32,COCUHA,L2,NEWBORN LEVEL II CARE,L2,Y,Y,N,None,FAK3017,24:43.7,corpsvcmtxcutoverrpt_sql,53:30.8,xrdcwddbsuip06,MTX_ACOE_Cutover_Reporting,UI_Excel_Select_Xwalk_Source_Accommodations,facility,*ALL*,QXA4067,07:43.2
2721,COCUHA,L3,NEWBORN LEVEL III,L3,Y,"TEST (2026-09-20),ZCON (2026-09-20),LIVE (2026-09-04)",10,COCUHA,L3,NEWBORN LEVEL III CARE,L3,Y,Y,N,None,FAK3017,24:43.7,corpsvcmtxcutoverrpt_sql,53:30.8,xrdcwddbsuip06,MTX_ACOE_Cutover_Reporting,UI_Excel_Select_Xwalk_Source_Accommodations,facility,*ALL*,QXA4067,07:43.2
2722,COCUHA,L4,NEWBORN LEVEL IV,L4,Y,"TEST (2026-09-20),ZCON (2026-09-20),LIVE (2026-09-04)",2,COCUHA,L4,NEWBORN LEVEL IV CARE,L4,Y,Y,N,None,FAK3017,24:43.7,corpsvcmtxcutoverrpt_sql,53:30.8,xrdcwddbsuip06,MTX_ACOE_Cutover_Reporting,UI_Excel_Select_Xwalk_Source_Accommodations,facility,*ALL*,QXA4067,07:43.2
2723,COCUHA,LD,LABOR & DELIVERY,LD,Y,"TEST (2026-09-20),ZCON (2026-09-20),LIVE (2026-09-04)",12,COCUHA,LD,LABOR AND DELIVERY,LD,Y,Y,N,None,FAK3017,24:43.8,corpsvcmtxcutoverrpt_sql,53:30.8,xrdcwddbsuip06,MTX_ACOE_Cutover_Reporting,UI_Excel_Select_Xwalk_Source_Accommodations,facility,*ALL*,QXA4067,07:43.2
2724,COCUHA,MS,Med Surg,MD,Y,"TEST (2026-09-20),ZCON (2026-09-20),LIVE (2026-09-04)",236,COCUHA,MS,MED SURG,MS,Y,Y,N,None,FAK3017,24:43.8,corpsvcmtxcutoverrpt_sql,53:30.8,xrdcwddbsuip06,MTX_ACOE_Cutover_Reporting,UI_Excel_Select_Xwalk_Source_Accommodations,facility,*ALL*,QXA4067,07:43.2
2725,COCUHA,OC,Obstetrics,OC,Y,"TEST (2026-09-20),ZCON (2026-09-20),LIVE (2026-09-04)",82,COCUHA,M,MEDICAL,M,Y,Y,N,None,FAK3017,24:43.8,corpsvcmtxcutoverrpt_sql,53:30.8,xrdcwddbsuip06,MTX_ACOE_Cutover_Reporting,UI_Excel_Select_Xwalk_Source_Accommodations,facility,*ALL*,QXA4067,07:43.2
2726,COCUHA,PEDS,Pediatrics,PE,Y,"TEST (2026-09-20),ZCON (2026-09-20),LIVE (2026-09-04)",0,COCUHA,M,MEDICAL,M,Y,Y,N,None,FAK3017,25:09.3,corpsvcmtxcutoverrpt_sql,53:30.8,xrdcwddbsuip06,MTX_ACOE_Cutover_Reporting,UI_Excel_Select_Xwalk_Source_Accommodations,facility,*ALL*,QXA4067,07:43.2
2727,COCUHA,PICU,PICU,PD,Y,"TEST (2026-09-20),ZCON (2026-09-20),LIVE (2026-09-04)",0,COCUHA,M,MEDICAL,M,Y,Y,N,None,FAK3017,25:09.3,corpsvcmtxcutoverrpt_sql,53:30.8,xrdcwddbsuip06,MTX_ACOE_Cutover_Reporting,UI_Excel_Select_Xwalk_Source_Accommodations,facility,*ALL*,QXA4067,07:43.2
2728,COCUHA,PN,Perinatal Unit,PN,Y,"TEST (2026-09-20),ZCON (2026-09-20),LIVE (2026-09-04)",8,COCUHA,AP,ANTEPARTUM,AP,Y,Y,N,None,FAK3017,25:09.3,corpsvcmtxcutoverrpt_sql,53:30.8,xrdcwddbsuip06,MTX_ACOE_Cutover_Reporting,UI_Excel_Select_Xwalk_Source_Accommodations,facility,*ALL*,QXA4067,07:43.2
2729,COCUHA,T,TELEMETRY,T,Y,"TEST (2026-09-20),ZCON (2026-09-20),LIVE (2026-09-04)",29,COCUHA,TEL,TELEMETRY,T,Y,Y,N,None,FAK3017,24:43.9,corpsvcmtxcutoverrpt_sql,53:30.8,xrdcwddbsuip06,MTX_ACOE_Cutover_Reporting,UI_Excel_Select_Xwalk_Source_Accommodations,facility,*ALL*,QXA4067,07:43.2
2730,COCVO,CC,CORONARY CARE,CC,Y,NO MATCH,0,COCVO,,,,,N,N,None,,,corpsvcmtxcutoverrpt_sql,45:52.7,xrdcwddbsuip06,MTX_ACOE_Cutover_Reporting,UI_Excel_Select_Xwalk_Source_Accommodations,facility,*ALL*,QXA4067,07:43.2
2731,COCVO,DX,DETOX,DX,Y,NO MATCH,0,COCVO,,,,,N,N,None,,,corpsvcmtxcutoverrpt_sql,45:52.7,xrdcwddbsuip06,MTX_ACOE_Cutover_Reporting,UI_Excel_Select_Xwalk_Source_Accommodations,facility,*ALL*,QXA4067,07:43.2
2732,COCVO,EC,ECMO,EC,Y,NO MATCH,0,COCVO,,,,,N,N,None,,,corpsvcmtxcutoverrpt_sql,45:52.7,xrdcwddbsuip06,MTX_ACOE_Cutover_Reporting,UI_Excel_Select_Xwalk_Source_Accommodations,facility,*ALL*,QXA4067,07:43.2
2733,COCVO,HOLD,HOLD PATIENTS,H,Y,NO MATCH,0,COCVO,,,,,N,N,None,,,corpsvcmtxcutoverrpt_sql,45:52.7,xrdcwddbsuip06,MTX_ACOE_Cutover_Reporting,UI_Excel_Select_Xwalk_Source_Accommodations,facility,*ALL*,QXA4067,07:43.2
2734,COCVO,I,INTENSIVE CARE,IC,Y,NO MATCH,0,COCVO,,,,,N,N,None,,,corpsvcmtxcutoverrpt_sql,45:52.7,xrdcwddbsuip06,MTX_ACOE_Cutover_Reporting,UI_Excel_Select_Xwalk_Source_Accommodations,facility,*ALL*,QXA4067,07:43.2
2735,COCVO,J,PRIVATE - MEDICALLY JUSTIFIED,J,Y,NO MATCH,0,COCVO,,,,,N,N,None,,,corpsvcmtxcutoverrpt_sql,45:52.7,xrdcwddbsuip06,MTX_ACOE_Cutover_Reporting,UI_Excel_Select_Xwalk_Source_Accommodations,facility,*ALL*,QXA4067,07:43.2
2736,COCVO,MSO,MED SURG OVERFLOW,MS,Y,NO MATCH,0,COCVO,,,,,N,N,None,,,corpsvcmtxcutoverrpt_sql,45:52.7,xrdcwddbsuip06,MTX_ACOE_Cutover_Reporting,UI_Excel_Select_Xwalk_Source_Accommodations,facility,*ALL*,QXA4067,07:43.2
2737,COCVO,P,PRIVATE  ROOM,P,Y,NO MATCH,0,COCVO,,,,,N,N,None,,,corpsvcmtxcutoverrpt_sql,45:52.7,xrdcwddbsuip06,MTX_ACOE_Cutover_Reporting,UI_Excel_Select_Xwalk_Source_Accommodations,facility,*ALL*,QXA4067,07:43.2
2738,COCVO,PCU,PROGRESSIVE CARE,PU,Y,NO MATCH,0,COCVO,,,,,N,N,None,,,corpsvcmtxcutoverrpt_sql,45:52.7,xrdcwddbsuip06,MTX_ACOE_Cutover_Reporting,UI_Excel_Select_Xwalk_Source_Accommodations,facility,*ALL*,QXA4067,07:43.2
2739,COCVO,PS,PSYCHIATRIC,PS,Y,NO MATCH,0,COCVO,,,,,N,N,None,,,corpsvcmtxcutoverrpt_sql,45:52.7,xrdcwddbsuip06,MTX_ACOE_Cutover_Reporting,UI_Excel_Select_Xwalk_Source_Accommodations,facility,*ALL*,QXA4067,07:43.2
2740,COCVO,S,SEMI-PRIVATE ROOM,S,Y,NO MATCH,0,COCVO,,,,,N,N,None,,,corpsvcmtxcutoverrpt_sql,45:52.7,xrdcwddbsuip06,MTX_ACOE_Cutover_Reporting,UI_Excel_Select_Xwalk_Source_Accommodations,facility,*ALL*,QXA4067,07:43.2
2741,COCVO,T,TELEMETRY,TL,Y,NO MATCH,0,COCVO,,,,,N,N,None,,,corpsvcmtxcutoverrpt_sql,45:52.7,xrdcwddbsuip06,MTX_ACOE_Cutover_Reporting,UI_Excel_Select_Xwalk_Source_Accommodations,facility,*ALL*,QXA4067,07:43.2
2742,COCVO,TP,MEDICAL MONITORED PRIVATE,TP,N,NO MATCH,0,COCVO,,,,,N,N,None,,,corpsvcmtxcutoverrpt_sql,45:52.7,xrdcwddbsuip06,MTX_ACOE_Cutover_Reporting,UI_Excel_Select_Xwalk_Source_Accommodations,facility,*ALL*,QXA4067,07:43.2
2743,COCVO,TR,TRAUMA,TR,Y,NO MATCH,0,COCVO,,,,,N,N,None,,,corpsvcmtxcutoverrpt_sql,45:52.7,xrdcwddbsuip06,MTX_ACOE_Cutover_Reporting,UI_Excel_Select_Xwalk_Source_Accommodations,facility,*ALL*,QXA4067,07:43.2
2744,COCVO,W,WARD,W,N,NO MATCH,0,COCVO,,,,,N,N,None,,,corpsvcmtxcutoverrpt_sql,45:52.7,xrdcwddbsuip06,MTX_ACOE_Cutover_Reporting,UI_Excel_Select_Xwalk_Source_Accommodations,facility,*ALL*,QXA4067,07:43.2
2745,COCVW,___N/A___20250403142744,Net New Expanse Location--no MT56 data,,,NO MATCH,0,COCVW,,,,,N,Y,None,MLT6916,04:10.7,HCA\IIU4396,12:48.7,xrdcwddbsuip06,MTX_ACOE_Cutover_Reporting,UI_Excel_Select_Xwalk_Source_Accommodations,facility,*ALL*,QXA4067,07:43.2
2746,COCVW,BURN,Burn Intensive Care,BU,N,NO MATCH,0,COCVW,,,,,N,Y,None,JKB0282,47:18.3,HCA\IIU4396,46:47.7,xrdcwddbsuip06,MTX_ACOE_Cutover_Reporting,UI_Excel_Select_Xwalk_Source_Accommodations,facility,*ALL*,QXA4067,07:43.2
2747,COCVW,CC,Coronary Care,CO,N,NO MATCH,0,COCVW,,,,,N,Y,None,JKB0282,47:18.4,HCA\IIU4396,46:47.7,xrdcwddbsuip06,MTX_ACOE_Cutover_Reporting,UI_Excel_Select_Xwalk_Source_Accommodations,facility,*ALL*,QXA4067,07:43.2
2748,COCVW,CV,CVICU,CV,Y,NO MATCH,0,COCVW,CC,CORONARY CARE,Y,CC,Y,N,None,MLT6916,11:22.4,HCA\IIU4396,46:47.7,xrdcwddbsuip06,MTX_ACOE_Cutover_Reporting,UI_Excel_Select_Xwalk_Source_Accommodations,facility,*ALL*,QXA4067,07:43.2
2749,COCVW,CVICU,CARDIO VASCULAR ICU,CI,N,NO MATCH,0,COCVW,,,,,N,Y,None,JKB0282,47:18.5,HCA\IIU4396,46:47.7,xrdcwddbsuip06,MTX_ACOE_Cutover_Reporting,UI_Excel_Select_Xwalk_Source_Accommodations,facility,*ALL*,QXA4067,07:43.2
2750,COCVW,CVSD,CARDIO VASCULAR STEP DOWN,CD,N,NO MATCH,0,COCVW,,,,,N,Y,None,JKB0282,47:18.6,HCA\IIU4396,46:47.7,xrdcwddbsuip06,MTX_ACOE_Cutover_Reporting,UI_Excel_Select_Xwalk_Source_Accommodations,facility,*ALL*,QXA4067,07:43.2
2751,COCVW,DX,Detox,DX,N,NO MATCH,0,COCVW,,,,,N,Y,None,JKB0282,47:18.7,HCA\IIU4396,46:47.7,xrdcwddbsuip06,MTX_ACOE_Cutover_Reporting,UI_Excel_Select_Xwalk_Source_Accommodations,facility,*ALL*,QXA4067,07:43.2
2752,COCVW,HC,HOSPITAL CONVENIENCE,HC,N,NO MATCH,0,COCVW,,,,,N,Y,None,JKB0282,47:18.8,HCA\IIU4396,46:47.7,xrdcwddbsuip06,MTX_ACOE_Cutover_Reporting,UI_Excel_Select_Xwalk_Source_Accommodations,facility,*ALL*,QXA4067,07:43.2
2753,COCVW,HR,LABOR AND DELIVERY HIGH RISK,HR,Y,NO MATCH,0,COCVW,LDHR,LABOR AND DELIVERY HIGH RISK,Y,LR,Y,N,None,MLT6916,11:22.4,HCA\CORPSVCACOESSISPROXY,14:04.7,xrdcwddbsuip06,MTX_ACOE_Cutover_Reporting,UI_Excel_Select_Xwalk_Source_Accommodations,facility,*ALL*,QXA4067,07:43.2
2754,COCVW,I,INTENSIVE CARE *,IP,N,NO MATCH,0,COCVW,,,,,N,Y,None,JKB0282,47:18.9,HCA\IIU4396,46:47.7,xrdcwddbsuip06,MTX_ACOE_Cutover_Reporting,UI_Excel_Select_Xwalk_Source_Accommodations,facility,*ALL*,QXA4067,07:43.2
2755,COCVW,IC,INTENSIVE CARE,IN,Y,NO MATCH,0,COCVW,IC,INTENSIVE CARE,Y,IC,Y,N,None,MLT6916,11:22.4,HCA\IIU4396,46:47.7,xrdcwddbsuip06,MTX_ACOE_Cutover_Reporting,UI_Excel_Select_Xwalk_Source_Accommodations,facility,*ALL*,QXA4067,07:43.2
2756,COCVW,IM,Intermediate Care,IR,Y,NO MATCH,0,COCVW,PC,PROGRESSIVE CARE,Y,PC,Y,N,None,MLT6916,11:22.5,HCA\IIU4396,46:47.7,xrdcwddbsuip06,MTX_ACOE_Cutover_Reporting,UI_Excel_Select_Xwalk_Source_Accommodations,facility,*ALL*,QXA4067,07:43.2
2757,COCVW,IMCU,Intermediate Care CCU,CR,Y,NO MATCH,0,COCVW,PCCC,PROGRESSIVE CARE CCU,Y,PU,Y,N,None,MLT6916,33:58.5,HCA\IIU4396,46:47.7,xrdcwddbsuip06,MTX_ACOE_Cutover_Reporting,UI_Excel_Select_Xwalk_Source_Accommodations,facility,*ALL*,QXA4067,07:43.2
2758,COCVW,IS,ISOLATION,IS,N,NO MATCH,0,COCVW,,,,,N,Y,None,JKB0282,47:19.0,HCA\IIU4396,46:47.7,xrdcwddbsuip06,MTX_ACOE_Cutover_Reporting,UI_Excel_Select_Xwalk_Source_Accommodations,facility,*ALL*,QXA4067,07:43.2
2759,COCVW,J,"PRIVATE, MEDICALLY JUSTIFIED *",19,N,NO MATCH,0,COCVW,,,,,N,Y,None,JKB0282,47:19.1,HCA\IIU4396,46:47.7,xrdcwddbsuip06,MTX_ACOE_Cutover_Reporting,UI_Excel_Select_Xwalk_Source_Accommodations,facility,*ALL*,QXA4067,07:43.2
2760,COCVW,L1,NEWBORN LEVEL I,L1,Y,NO MATCH,0,COCVW,L1,NEWBORN LEVEL I CARE,Y,L1,Y,N,None,IIU4396,07:19.6,HCA\CORPSVCACOESSISPROXY,14:05.9,xrdcwddbsuip06,MTX_ACOE_Cutover_Reporting,UI_Excel_Select_Xwalk_Source_Accommodations,facility,*ALL*,QXA4067,07:43.2
2761,COCVW,L2,NEWBORN LEVEL II,L2,Y,NO MATCH,0,COCVW,L2,NEWBORN LEVEL II CARE,Y,L2,Y,N,None,IIU4396,07:19.6,HCA\CORPSVCACOESSISPROXY,14:05.9,xrdcwddbsuip06,MTX_ACOE_Cutover_Reporting,UI_Excel_Select_Xwalk_Source_Accommodations,facility,*ALL*,QXA4067,07:43.2
2762,COCVW,L3,NEWBORN LEVEL III,L3,Y,NO MATCH,0,COCVW,L3,NEWBORN LEVEL III CARE,Y,L3,Y,N,None,IIU4396,07:19.6,HCA\CORPSVCACOESSISPROXY,14:05.9,xrdcwddbsuip06,MTX_ACOE_Cutover_Reporting,UI_Excel_Select_Xwalk_Source_Accommodations,facility,*ALL*,QXA4067,07:43.2
2763,COCVW,L4,NEWBORN LEVEL IV,L4,Y,NO MATCH,0,COCVW,L4,NEWBORN LEVEL IV CARE,Y,L4,Y,N,None,IIU4396,07:19.7,HCA\CORPSVCACOESSISPROXY,14:05.9,xrdcwddbsuip06,MTX_ACOE_Cutover_Reporting,UI_Excel_Select_Xwalk_Source_Accommodations,facility,*ALL*,QXA4067,07:43.2
2764,COCVW,LD,LABOR & DELIVERY,LD,Y,NO MATCH,0,COCVW,LD,LABOR AND DELIVERY,Y,LD,Y,N,None,IIU4396,07:19.7,HCA\IIU4396,46:47.7,xrdcwddbsuip06,MTX_ACOE_Cutover_Reporting,UI_Excel_Select_Xwalk_Source_Accommodations,facility,*ALL*,QXA4067,07:43.2
2765,COCVW,MJ,MEDICALLY JUSTIFIED,MJ,N,NO MATCH,0,COCVW,,,,,N,Y,None,JKB0282,47:19.2,HCA\IIU4396,46:47.7,xrdcwddbsuip06,MTX_ACOE_Cutover_Reporting,UI_Excel_Select_Xwalk_Source_Accommodations,facility,*ALL*,QXA4067,07:43.2
2766,COCVW,MS,MED SURG,MD,Y,NO MATCH,0,COCVW,MS,MED SURG,Y,MS,Y,N,None,MLT6916,11:22.5,HCA\IIU4396,46:47.7,xrdcwddbsuip06,MTX_ACOE_Cutover_Reporting,UI_Excel_Select_Xwalk_Source_Accommodations,facility,*ALL*,QXA4067,07:43.2
2767,COCVW,MT,MED SURG WITH TELE,MT,N,NO MATCH,0,COCVW,,,,,N,Y,None,JKB0282,47:19.3,HCA\IIU4396,46:47.7,xrdcwddbsuip06,MTX_ACOE_Cutover_Reporting,UI_Excel_Select_Xwalk_Source_Accommodations,facility,*ALL*,QXA4067,07:43.2
2768,COCVW,N2,NICU Level 2,NT,Y,NO MATCH,0,COCVW,L2,NEWBORN LEVEL II CARE,Y,L2,Y,N,None,IIU4396,07:19.8,HCA\IIU4396,46:47.7,xrdcwddbsuip06,MTX_ACOE_Cutover_Reporting,UI_Excel_Select_Xwalk_Source_Accommodations,facility,*ALL*,QXA4067,07:43.2
2769,COCVW,N3,NICU Level 3,N3,Y,NO MATCH,0,COCVW,L3,NEWBORN LEVEL III CARE,Y,L3,Y,N,None,IIU4396,07:19.8,HCA\IIU4396,46:47.7,xrdcwddbsuip06,MTX_ACOE_Cutover_Reporting,UI_Excel_Select_Xwalk_Source_Accommodations,facility,*ALL*,QXA4067,07:43.2
2770,COCVW,N4,NICU Level 4,N4,Y,NO MATCH,0,COCVW,L4,NEWBORN LEVEL IV CARE,Y,L4,Y,N,None,IIU4396,07:19.8,HCA\IIU4396,46:47.7,xrdcwddbsuip06,MTX_ACOE_Cutover_Reporting,UI_Excel_Select_Xwalk_Source_Accommodations,facility,*ALL*,QXA4067,07:43.2
2771,COCVW,NB,Newborn Basic Care,NB,Y,NO MATCH,0,COCVW,L1,NEWBORN LEVEL I CARE,Y,L1,Y,N,None,IIU4396,07:19.9,HCA\IIU4396,46:47.7,xrdcwddbsuip06,MTX_ACOE_Cutover_Reporting,UI_Excel_Select_Xwalk_Source_Accommodations,facility,*ALL*,QXA4067,07:43.2
2772,COCVW,NI,NEONATAL INTENSIVE,NI,N,NO MATCH,0,COCVW,,,,,N,Y,None,JKB0282,47:19.4,HCA\IIU4396,46:47.7,xrdcwddbsuip06,MTX_ACOE_Cutover_Reporting,UI_Excel_Select_Xwalk_Source_Accommodations,facility,*ALL*,QXA4067,07:43.2
2773,COCVW,NP,SNF PRIVATE ROOM,NP,N,NO MATCH,0,COCVW,,,,,N,Y,None,JKB0282,47:19.5,HCA\IIU4396,46:47.7,xrdcwddbsuip06,MTX_ACOE_Cutover_Reporting,UI_Excel_Select_Xwalk_Source_Accommodations,facility,*ALL*,QXA4067,07:43.2
2774,COCVW,NU,NEWBORN NURSERY,NU,N,NO MATCH,0,COCVW,,,,,N,Y,None,JKB0282,47:19.6,HCA\IIU4396,46:47.7,xrdcwddbsuip06,MTX_ACOE_Cutover_Reporting,UI_Excel_Select_Xwalk_Source_Accommodations,facility,*ALL*,QXA4067,07:43.2
2775,COCVW,OB,OBSERVATION,OB,N,NO MATCH,0,COCVW,,,,,N,Y,None,JKB0282,47:19.7,HCA\IIU4396,46:47.7,xrdcwddbsuip06,MTX_ACOE_Cutover_Reporting,UI_Excel_Select_Xwalk_Source_Accommodations,facility,*ALL*,QXA4067,07:43.2
2776,COCVW,OC,OBSTETRICS,OC,Y,NO MATCH,0,COCVW,PR,PRIVATE ROOM,Y,PR,Y,N,None,MLT6916,11:22.6,HCA\IIU4396,46:47.7,xrdcwddbsuip06,MTX_ACOE_Cutover_Reporting,UI_Excel_Select_Xwalk_Source_Accommodations,facility,*ALL*,QXA4067,07:43.2
2777,COCVW,P,PRIVATE ROOM,P,N,NO MATCH,0,COCVW,,,,,N,Y,None,JKB0282,47:19.8,HCA\IIU4396,46:47.7,xrdcwddbsuip06,MTX_ACOE_Cutover_Reporting,UI_Excel_Select_Xwalk_Source_Accommodations,facility,*ALL*,QXA4067,07:43.2
2778,COCVW,PC,PROGRESSIVE CARE,PC,N,NO MATCH,0,COCVW,,,,,N,Y,None,JKB0282,47:19.9,HCA\IIU4396,46:47.7,xrdcwddbsuip06,MTX_ACOE_Cutover_Reporting,UI_Excel_Select_Xwalk_Source_Accommodations,facility,*ALL*,QXA4067,07:43.2
2779,COCVW,PEDS,Pediatrics,PE,Y,NO MATCH,0,COCVW,P,PEDIATRIC,Y,P,Y,N,None,MLT6916,11:22.6,HCA\IIU4396,46:47.7,xrdcwddbsuip06,MTX_ACOE_Cutover_Reporting,UI_Excel_Select_Xwalk_Source_Accommodations,facility,*ALL*,QXA4067,07:43.2
2780,COCVW,PI,PSYCHIATRIC INTENSIVE,PI,N,NO MATCH,0,COCVW,,,,,N,Y,None,JKB0282,47:20.0,HCA\IIU4396,46:47.7,xrdcwddbsuip06,MTX_ACOE_Cutover_Reporting,UI_Excel_Select_Xwalk_Source_Accommodations,facility,*ALL*,QXA4067,07:43.2
2781,COCVW,PICU,PICU,PD,Y,NO MATCH,0,COCVW,PIC,PEDIATRIC INTENSIVE CARE,Y,PI,Y,N,None,MLT6916,11:22.6,HCA\IIU4396,46:47.7,xrdcwddbsuip06,MTX_ACOE_Cutover_Reporting,UI_Excel_Select_Xwalk_Source_Accommodations,facility,*ALL*,QXA4067,07:43.2
2782,COCVW,PN,Perinatal Unit,PN,Y,NO MATCH,0,COCVW,PR,PRIVATE ROOM,Y,PR,Y,N,None,MLT6916,11:22.7,HCA\IIU4396,46:47.7,xrdcwddbsuip06,MTX_ACOE_Cutover_Reporting,UI_Excel_Select_Xwalk_Source_Accommodations,facility,*ALL*,QXA4067,07:43.2
2783,COCVW,PP,POST PARTUM,PP,N,NO MATCH,0,COCVW,,,,,N,Y,None,JKB0282,47:20.1,HCA\IIU4396,46:47.7,xrdcwddbsuip06,MTX_ACOE_Cutover_Reporting,UI_Excel_Select_Xwalk_Source_Accommodations,facility,*ALL*,QXA4067,07:43.2
2784,COCVW,PS,PSYCHIATRIC,PS,N,NO MATCH,0,COCVW,,,,,N,Y,None,JKB0282,47:20.2,HCA\IIU4396,46:47.7,xrdcwddbsuip06,MTX_ACOE_Cutover_Reporting,UI_Excel_Select_Xwalk_Source_Accommodations,facility,*ALL*,QXA4067,07:43.2
2785,COCVW,PSY,Psych,PY,Y,NO MATCH,0,COCVW,BH,BEHAVIORAL HEALTH,Y,BH,Y,N,None,MLT6916,11:22.7,HCA\IIU4396,46:47.7,xrdcwddbsuip06,MTX_ACOE_Cutover_Reporting,UI_Excel_Select_Xwalk_Source_Accommodations,facility,*ALL*,QXA4067,07:43.2
2786,COCVW,RH,REHABILITATION,RH,Y,NO MATCH,0,COCVW,R,REHABILITATION,Y,R,Y,N,None,MLT6916,11:22.8,HCA\IIU4396,46:47.7,xrdcwddbsuip06,MTX_ACOE_Cutover_Reporting,UI_Excel_Select_Xwalk_Source_Accommodations,facility,*ALL*,QXA4067,07:43.2
2787,COCVW,SB,SWING BED,SB,N,NO MATCH,0,COCVW,,,,,N,Y,None,JKB0282,47:20.3,HCA\IIU4396,46:47.7,xrdcwddbsuip06,MTX_ACOE_Cutover_Reporting,UI_Excel_Select_Xwalk_Source_Accommodations,facility,*ALL*,QXA4067,07:43.2
2788,COCVW,SH,SNF HOSPITAL CONVENIENCE,SH,N,NO MATCH,0,COCVW,,,,,N,Y,None,JKB0282,47:20.4,HCA\IIU4396,46:47.7,xrdcwddbsuip06,MTX_ACOE_Cutover_Reporting,UI_Excel_Select_Xwalk_Source_Accommodations,facility,*ALL*,QXA4067,07:43.2
2789,COCVW,SICU,SURGICAL ICU,SI,N,NO MATCH,0,COCVW,,,,,N,Y,None,JKB0282,47:20.5,HCA\IIU4396,46:47.7,xrdcwddbsuip06,MTX_ACOE_Cutover_Reporting,UI_Excel_Select_Xwalk_Source_Accommodations,facility,*ALL*,QXA4067,07:43.2
2790,COCVW,SN,SKILLED NURSING,SN,N,NO MATCH,0,COCVW,,,,,N,Y,None,JKB0282,47:20.6,HCA\IIU4396,46:47.7,xrdcwddbsuip06,MTX_ACOE_Cutover_Reporting,UI_Excel_Select_Xwalk_Source_Accommodations,facility,*ALL*,QXA4067,07:43.2
2791,COCVW,SP,SEMI PRIVATE,SP,N,NO MATCH,0,COCVW,,,,,N,Y,None,JKB0282,47:20.7,HCA\IIU4396,46:47.7,xrdcwddbsuip06,MTX_ACOE_Cutover_Reporting,UI_Excel_Select_Xwalk_Source_Accommodations,facility,*ALL*,QXA4067,07:43.2
2792,COCVW,T,Tele,T,Y,NO MATCH,0,COCVW,TEL,TELEMETRY,Y,TE,Y,N,None,MLT6916,11:22.8,HCA\IIU4396,46:47.7,xrdcwddbsuip06,MTX_ACOE_Cutover_Reporting,UI_Excel_Select_Xwalk_Source_Accommodations,facility,*ALL*,QXA4067,07:43.2
2793,COCVW,TNCU,TRAUMA\NEURO STEP DOWN,TN,N,NO MATCH,0,COCVW,,,,,N,Y,None,JKB0282,47:20.8,HCA\IIU4396,46:47.7,xrdcwddbsuip06,MTX_ACOE_Cutover_Reporting,UI_Excel_Select_Xwalk_Source_Accommodations,facility,*ALL*,QXA4067,07:43.2
2794,COCVW,TR,TRAUMA,TR,Y,NO MATCH,0,COCVW,TR,TRAUMA,Y,TR,Y,N,None,IIU4396,07:20.1,HCA\IIU4396,46:47.7,xrdcwddbsuip06,MTX_ACOE_Cutover_Reporting,UI_Excel_Select_Xwalk_Source_Accommodations,facility,*ALL*,QXA4067,07:43.2
2795,COCVW,VIP,VIP Room,VI,N,NO MATCH,0,COCVW,,,,,N,Y,None,JKB0282,47:20.9,HCA\IIU4396,46:47.7,xrdcwddbsuip06,MTX_ACOE_Cutover_Reporting,UI_Excel_Select_Xwalk_Source_Accommodations,facility,*ALL*,QXA4067,07:43.2
2796,COCVW,W,WARD *,Q,N,NO MATCH,0,COCVW,,,,,N,Y,None,JKB0282,47:21.0,HCA\IIU4396,46:47.7,xrdcwddbsuip06,MTX_ACOE_Cutover_Reporting,UI_Excel_Select_Xwalk_Source_Accommodations,facility,*ALL*,QXA4067,07:43.2
2797,COCVW,ZZ,UNKNOWN,ZZ,N,NO MATCH,0,COCVW,,,,,N,Y,None,DOF3224,32:04.5,HCA\IIU4396,46:47.7,xrdcwddbsuip06,MTX_ACOE_Cutover_Reporting,UI_Excel_Select_Xwalk_Source_Accommodations,facility,*ALL*,QXA4067,07:43.2
2798,COCWM,1,NICU LEVEL 1,NI,N,NO MATCH,0,COCWM,,,,,N,N,None,,,corpsvcmtxcutoverrpt_sql,12:10.1,xrdcwddbsuip06,MTX_ACOE_Cutover_Reporting,UI_Excel_Select_Xwalk_Source_Accommodations,facility,*ALL*,QXA4067,07:43.2
2799,COCWM,AP,ANTEPARTUM,AP,N,NO MATCH,0,COCWM,,,,,N,N,None,,,corpsvcmtxcutoverrpt_sql,12:10.1,xrdcwddbsuip06,MTX_ACOE_Cutover_Reporting,UI_Excel_Select_Xwalk_Source_Accommodations,facility,*ALL*,QXA4067,07:43.2
2800,COCWM,B,NEWBORN,B,N,NO MATCH,0,COCWM,,,,,N,N,None,,,corpsvcmtxcutoverrpt_sql,12:10.1,xrdcwddbsuip06,MTX_ACOE_Cutover_Reporting,UI_Excel_Select_Xwalk_Source_Accommodations,facility,*ALL*,QXA4067,07:43.2
2801,COCWM,BN,BURN ICU,BN,Y,NO MATCH,0,COCWM,,,,,N,N,None,,,corpsvcmtxcutoverrpt_sql,12:10.1,xrdcwddbsuip06,MTX_ACOE_Cutover_Reporting,UI_Excel_Select_Xwalk_Source_Accommodations,facility,*ALL*,QXA4067,07:43.2
2802,COCWM,DX,DETOX,DX,Y,NO MATCH,0,COCWM,,,,,N,N,None,,,corpsvcmtxcutoverrpt_sql,12:10.1,xrdcwddbsuip06,MTX_ACOE_Cutover_Reporting,UI_Excel_Select_Xwalk_Source_Accommodations,facility,*ALL*,QXA4067,07:43.2
2803,COCWM,EC,ECMO,EC,Y,NO MATCH,0,COCWM,,,,,N,N,None,,,corpsvcmtxcutoverrpt_sql,12:10.1,xrdcwddbsuip06,MTX_ACOE_Cutover_Reporting,UI_Excel_Select_Xwalk_Source_Accommodations,facility,*ALL*,QXA4067,07:43.2
2804,COCWM,ECLF,ECMO LOW FLOW,EL,Y,NO MATCH,0,COCWM,,,,,N,N,None,,,corpsvcmtxcutoverrpt_sql,12:10.1,xrdcwddbsuip06,MTX_ACOE_Cutover_Reporting,UI_Excel_Select_Xwalk_Source_Accommodations,facility,*ALL*,QXA4067,07:43.2
2805,COCWM,ECNB,ECMO NEWBORN,EN,Y,NO MATCH,0,COCWM,,,,,N,N,None,,,corpsvcmtxcutoverrpt_sql,12:10.1,xrdcwddbsuip06,MTX_ACOE_Cutover_Reporting,UI_Excel_Select_Xwalk_Source_Accommodations,facility,*ALL*,QXA4067,07:43.2
2806,COCWM,HOLD,HOLD PATIENTS,H,Y,NO MATCH,0,COCWM,,,,,N,N,None,,,corpsvcmtxcutoverrpt_sql,12:10.1,xrdcwddbsuip06,MTX_ACOE_Cutover_Reporting,UI_Excel_Select_Xwalk_Source_Accommodations,facility,*ALL*,QXA4067,07:43.2
2807,COCWM,I,INTENSIVE CARE,IC,Y,NO MATCH,0,COCWM,,,,,N,N,None,,,corpsvcmtxcutoverrpt_sql,12:10.1,xrdcwddbsuip06,MTX_ACOE_Cutover_Reporting,UI_Excel_Select_Xwalk_Source_Accommodations,facility,*ALL*,QXA4067,07:43.2
2808,COCWM,J,PRIVATE - MEDICALLY JUSTIFIED,J,Y,NO MATCH,0,COCWM,,,,,N,N,None,,,corpsvcmtxcutoverrpt_sql,12:10.1,xrdcwddbsuip06,MTX_ACOE_Cutover_Reporting,UI_Excel_Select_Xwalk_Source_Accommodations,facility,*ALL*,QXA4067,07:43.2
2809,COCWM,L,LABOR & DELIVERY INTERMEDIATE,L,Y,NO MATCH,0,COCWM,,,,,N,N,None,,,corpsvcmtxcutoverrpt_sql,12:10.1,xrdcwddbsuip06,MTX_ACOE_Cutover_Reporting,UI_Excel_Select_Xwalk_Source_Accommodations,facility,*ALL*,QXA4067,07:43.2
2810,COCWM,L1,NEWBORN,L1,Y,NO MATCH,0,COCWM,,,,,N,N,None,,,corpsvcmtxcutoverrpt_sql,12:10.1,xrdcwddbsuip06,MTX_ACOE_Cutover_Reporting,UI_Excel_Select_Xwalk_Source_Accommodations,facility,*ALL*,QXA4067,07:43.2
2811,COCWM,L2,NEWBORN LEVEL II,L2,Y,NO MATCH,0,COCWM,,,,,N,N,None,,,corpsvcmtxcutoverrpt_sql,12:10.1,xrdcwddbsuip06,MTX_ACOE_Cutover_Reporting,UI_Excel_Select_Xwalk_Source_Accommodations,facility,*ALL*,QXA4067,07:43.2
2812,COCWM,L3,NEWBORN LEVEL III,L3,Y,NO MATCH,0,COCWM,,,,,N,N,None,,,corpsvcmtxcutoverrpt_sql,12:10.1,xrdcwddbsuip06,MTX_ACOE_Cutover_Reporting,UI_Excel_Select_Xwalk_Source_Accommodations,facility,*ALL*,QXA4067,07:43.2
2813,COCWM,L4,NEWBORN LEVEL IV,L4,Y,NO MATCH,0,COCWM,,,,,N,N,None,,,corpsvcmtxcutoverrpt_sql,12:10.1,xrdcwddbsuip06,MTX_ACOE_Cutover_Reporting,UI_Excel_Select_Xwalk_Source_Accommodations,facility,*ALL*,QXA4067,07:43.2
2814,COCWM,L4C,NEWBORN LEVEL IV CARDIOVASC,LC,Y,NO MATCH,0,COCWM,,,,,N,N,None,,,corpsvcmtxcutoverrpt_sql,12:10.1,xrdcwddbsuip06,MTX_ACOE_Cutover_Reporting,UI_Excel_Select_Xwalk_Source_Accommodations,facility,*ALL*,QXA4067,07:43.2
2815,COCWM,LD,LABOR AND DELIVERY,LD,Y,NO MATCH,0,COCWM,,,,,N,N,None,,,corpsvcmtxcutoverrpt_sql,12:10.1,xrdcwddbsuip06,MTX_ACOE_Cutover_Reporting,UI_Excel_Select_Xwalk_Source_Accommodations,facility,*ALL*,QXA4067,07:43.2
2816,COCWM,M,CORONARY CARE,CC,Y,NO MATCH,0,COCWM,,,,,N,N,None,,,corpsvcmtxcutoverrpt_sql,12:10.1,xrdcwddbsuip06,MTX_ACOE_Cutover_Reporting,UI_Excel_Select_Xwalk_Source_Accommodations,facility,*ALL*,QXA4067,07:43.2
2817,COCWM,MBC,MOTHER BABY CARE,MB,Y,NO MATCH,0,COCWM,,,,,N,N,None,,,corpsvcmtxcutoverrpt_sql,12:10.1,xrdcwddbsuip06,MTX_ACOE_Cutover_Reporting,UI_Excel_Select_Xwalk_Source_Accommodations,facility,*ALL*,QXA4067,07:43.2
2818,COCWM,MSO,MED SURG OVERFLOW,MS,Y,NO MATCH,0,COCWM,,,,,N,N,None,,,corpsvcmtxcutoverrpt_sql,12:10.1,xrdcwddbsuip06,MTX_ACOE_Cutover_Reporting,UI_Excel_Select_Xwalk_Source_Accommodations,facility,*ALL*,QXA4067,07:43.2
2819,COCWM,N1,NICU LEVEL I,N1,N,NO MATCH,0,COCWM,,,,,N,N,None,,,corpsvcmtxcutoverrpt_sql,12:10.1,xrdcwddbsuip06,MTX_ACOE_Cutover_Reporting,UI_Excel_Select_Xwalk_Source_Accommodations,facility,*ALL*,QXA4067,07:43.2
2820,COCWM,N2,NICU LEVEL II,N2,N,NO MATCH,0,COCWM,,,,,N,N,None,,,corpsvcmtxcutoverrpt_sql,12:10.1,xrdcwddbsuip06,MTX_ACOE_Cutover_Reporting,UI_Excel_Select_Xwalk_Source_Accommodations,facility,*ALL*,QXA4067,07:43.2
2821,COCWM,N3,NICU LEVEL III,N3,N,NO MATCH,0,COCWM,,,,,N,N,None,,,corpsvcmtxcutoverrpt_sql,12:10.1,xrdcwddbsuip06,MTX_ACOE_Cutover_Reporting,UI_Excel_Select_Xwalk_Source_Accommodations,facility,*ALL*,QXA4067,07:43.2
2822,COCWM,N4,NICU LEVEL IV,N4,N,NO MATCH,0,COCWM,,,,,N,N,None,,,corpsvcmtxcutoverrpt_sql,12:10.1,xrdcwddbsuip06,MTX_ACOE_Cutover_Reporting,UI_Excel_Select_Xwalk_Source_Accommodations,facility,*ALL*,QXA4067,07:43.2
2823,COCWM,NB,NEWBORN BASIC CARE,NB,N,NO MATCH,0,COCWM,,,,,N,N,None,,,corpsvcmtxcutoverrpt_sql,12:10.1,xrdcwddbsuip06,MTX_ACOE_Cutover_Reporting,UI_Excel_Select_Xwalk_Source_Accommodations,facility,*ALL*,QXA4067,07:43.2
2824,COCWM,O,ONCOLOGY PRIVATE,O,Y,NO MATCH,0,COCWM,,,,,N,N,None,,,corpsvcmtxcutoverrpt_sql,12:10.1,xrdcwddbsuip06,MTX_ACOE_Cutover_Reporting,UI_Excel_Select_Xwalk_Source_Accommodations,facility,*ALL*,QXA4067,07:43.2
2825,COCWM,P,PRIVATE  ROOM,P,Y,NO MATCH,0,COCWM,,,,,N,N,None,,,corpsvcmtxcutoverrpt_sql,12:10.1,xrdcwddbsuip06,MTX_ACOE_Cutover_Reporting,UI_Excel_Select_Xwalk_Source_Accommodations,facility,*ALL*,QXA4067,07:43.2
2826,COCWM,PCU,PROGRESSIVE CARE,PU,Y,NO MATCH,0,COCWM,,,,,N,N,None,,,corpsvcmtxcutoverrpt_sql,12:10.1,xrdcwddbsuip06,MTX_ACOE_Cutover_Reporting,UI_Excel_Select_Xwalk_Source_Accommodations,facility,*ALL*,QXA4067,07:43.2
2827,COCWM,PICV,PEDI ICU CARDIOVASCULAR,PC,Y,NO MATCH,0,COCWM,,,,,N,N,None,,,corpsvcmtxcutoverrpt_sql,12:10.1,xrdcwddbsuip06,MTX_ACOE_Cutover_Reporting,UI_Excel_Select_Xwalk_Source_Accommodations,facility,*ALL*,QXA4067,07:43.2
2828,COCWM,PS,PSYCHIATRIC,PS,Y,NO MATCH,0,COCWM,,,,,N,N,None,,,corpsvcmtxcutoverrpt_sql,12:10.1,xrdcwddbsuip06,MTX_ACOE_Cutover_Reporting,UI_Excel_Select_Xwalk_Source_Accommodations,facility,*ALL*,QXA4067,07:43.2
2829,COCWM,S,SEMI-PRIVATE ROOM,S,Y,NO MATCH,0,COCWM,,,,,N,N,None,,,corpsvcmtxcutoverrpt_sql,12:10.1,xrdcwddbsuip06,MTX_ACOE_Cutover_Reporting,UI_Excel_Select_Xwalk_Source_Accommodations,facility,*ALL*,QXA4067,07:43.2
2830,COCWM,ST,TELEMETRY SEMI-PRIVATE,ST,N,NO MATCH,0,COCWM,,,,,N,N,None,,,corpsvcmtxcutoverrpt_sql,12:10.1,xrdcwddbsuip06,MTX_ACOE_Cutover_Reporting,UI_Excel_Select_Xwalk_Source_Accommodations,facility,*ALL*,QXA4067,07:43.2
2831,COCWM,T,TELEMETRY,TL,Y,NO MATCH,0,COCWM,,,,,N,N,None,,,corpsvcmtxcutoverrpt_sql,12:10.1,xrdcwddbsuip06,MTX_ACOE_Cutover_Reporting,UI_Excel_Select_Xwalk_Source_Accommodations,facility,*ALL*,QXA4067,07:43.2
2832,COCWM,TR,TRAUMA,TR,Y,NO MATCH,0,COCWM,,,,,N,N,None,,,corpsvcmtxcutoverrpt_sql,12:10.1,xrdcwddbsuip06,MTX_ACOE_Cutover_Reporting,UI_Excel_Select_Xwalk_Source_Accommodations,facility,*ALL*,QXA4067,07:43.2
2833,COCWM,WS,WOMEN'S SERVICES,WS,N,NO MATCH,0,COCWM,,,,,N,N,None,,,corpsvcmtxcutoverrpt_sql,12:10.1,xrdcwddbsuip06,MTX_ACOE_Cutover_Reporting,UI_Excel_Select_Xwalk_Source_Accommodations,facility,*ALL*,QXA4067,07:43.2
2834,COCWM,X,TRANSPLANT,X,Y,NO MATCH,0,COCWM,,,,,N,N,None,,,corpsvcmtxcutoverrpt_sql,12:10.1,xrdcwddbsuip06,MTX_ACOE_Cutover_Reporting,UI_Excel_Select_Xwalk_Source_Accommodations,facility,*ALL*,QXA4067,07:43.2
2835,COCWR,___N/A___20250731124521,Net New Expanse Accommodation--no MT56 data,___,___,NO MATCH,0,COCWR,,,,,N,Y,None,DJU8757,29:16.7,HCA\IIU4396,48:12.1,xrdcwddbsuip06,MTX_ACOE_Cutover_Reporting,UI_Excel_Select_Xwalk_Source_Accommodations,facility,*ALL*,QXA4067,07:43.2
2836,COCWR,___N/A___20250731124522,Net New Expanse Accommodation--no MT56 data,___,___,NO MATCH,0,COCWR,,,,,N,Y,None,DJU8757,29:16.7,HCA\IIU4396,48:12.1,xrdcwddbsuip06,MTX_ACOE_Cutover_Reporting,UI_Excel_Select_Xwalk_Source_Accommodations,facility,*ALL*,QXA4067,07:43.2
2837,COCWR,BB,BOARDER BABY,BB,N,NO MATCH,0,COCWR,,,,,N,Y,None,DJU8757,27:20.8,corpsvcmtxcutoverrpt_sql,54:36.8,xrdcwddbsuip06,MTX_ACOE_Cutover_Reporting,UI_Excel_Select_Xwalk_Source_Accommodations,facility,*ALL*,QXA4067,07:43.2
2838,COCWR,CC,CORONARY CARE,CC,Y,"TEST (2025-12-11),ZCON (2025-12-11),LIVE (2025-12-05)",0,COCWR,CC,CORONARY CARE,CC,Y,Y,N,None,IIU4396,45:16.5,corpsvcmtxcutoverrpt_sql,00:06.4,xrdcwddbsuip06,MTX_ACOE_Cutover_Reporting,UI_Excel_Select_Xwalk_Source_Accommodations,facility,*ALL*,QXA4067,07:43.2
2839,COCWR,CD,CHEMICAL DEPENDENCY UNIT,CD,Y,"TEST (2025-12-11),ZCON (2025-12-11),LIVE (2025-12-05)",0,COCWR,PR,PRIVATE ROOM,PR,Y,Y,N,None,IIU4396,45:16.6,HCA\IIU4396,46:47.7,xrdcwddbsuip06,MTX_ACOE_Cutover_Reporting,UI_Excel_Select_Xwalk_Source_Accommodations,facility,*ALL*,QXA4067,07:43.2
2840,COCWR,CM,CLOSED PSYCHIATRIC PRIVATE,CM,N,NO MATCH,0,COCWR,,,,,N,Y,None,DJU8757,46:42.0,corpsvcmtxcutoverrpt_sql,54:36.8,xrdcwddbsuip06,MTX_ACOE_Cutover_Reporting,UI_Excel_Select_Xwalk_Source_Accommodations,facility,*ALL*,QXA4067,07:43.2
2841,COCWR,CS,CLOSED PSYCH SEMI PRIVATE,CS,Y,"TEST (2025-12-11),ZCON (2025-12-11),LIVE (2025-12-05)",0,COCWR,PR,PRIVATE ROOM,PR,Y,Y,N,None,IIU4396,45:16.6,corpsvcmtxcutoverrpt_sql,00:05.7,xrdcwddbsuip06,MTX_ACOE_Cutover_Reporting,UI_Excel_Select_Xwalk_Source_Accommodations,facility,*ALL*,QXA4067,07:43.2
2842,COCWR,DE,DETOXIFICATION,DE,Y,"TEST (2025-12-11),ZCON (2025-12-11),LIVE (2025-12-05)",0,COCWR,PR,PRIVATE ROOM,PR,Y,Y,N,None,IIU4396,45:16.7,HCA\IIU4396,46:47.7,xrdcwddbsuip06,MTX_ACOE_Cutover_Reporting,UI_Excel_Select_Xwalk_Source_Accommodations,facility,*ALL*,QXA4067,07:43.2
2843,COCWR,EC,ECMO,EC,Y,"TEST (2025-12-11),LIVE (2025-12-05)",0,COCWR,EC,ECMO,EC,Y,Y,N,None,DJU8757,46:56.7,corpsvcmtxcutoverrpt_sql,47:33.7,xrdcwddbsuip06,MTX_ACOE_Cutover_Reporting,UI_Excel_Select_Xwalk_Source_Accommodations,facility,*ALL*,QXA4067,07:43.2
2844,COCWR,EP,EXECUTIVE PRIVATE PROGRESSIVE,EP,Y,"TEST (2025-12-11),ZCON (2025-12-11),LIVE (2025-12-05)",0,COCWR,PR,PRIVATE ROOM,PR,Y,Y,N,None,IIU4396,45:16.7,HCA\IIU4396,46:47.7,xrdcwddbsuip06,MTX_ACOE_Cutover_Reporting,UI_Excel_Select_Xwalk_Source_Accommodations,facility,*ALL*,QXA4067,07:43.2
2845,COCWR,ER,EMERGENCY ROOM,ER,Y,"TEST (2025-12-11),ZCON (2025-12-11),LIVE (2025-12-05)",0,COCWR,PR,PRIVATE ROOM,PR,Y,Y,N,None,IIU4396,45:16.8,HCA\IIU4396,46:47.7,xrdcwddbsuip06,MTX_ACOE_Cutover_Reporting,UI_Excel_Select_Xwalk_Source_Accommodations,facility,*ALL*,QXA4067,07:43.2
2846,COCWR,ES,EXECUTIVE SUITE,ES,Y,"TEST (2025-12-11),ZCON (2025-12-11),LIVE (2025-12-05)",0,COCWR,PR,PRIVATE ROOM,PR,Y,Y,N,None,IIU4396,45:16.8,HCA\IIU4396,46:47.7,xrdcwddbsuip06,MTX_ACOE_Cutover_Reporting,UI_Excel_Select_Xwalk_Source_Accommodations,facility,*ALL*,QXA4067,07:43.2
2847,COCWR,IC,INTENSIVE CARE,IC,Y,"TEST (2025-12-11),ZCON (2025-12-11),LIVE (2025-12-05)",0,COCWR,IC,INTENSIVE CARE,IC,Y,Y,N,None,IIU4396,45:16.8,HCA\IIU4396,46:47.7,xrdcwddbsuip06,MTX_ACOE_Cutover_Reporting,UI_Excel_Select_Xwalk_Source_Accommodations,facility,*ALL*,QXA4067,07:43.2
2848,COCWR,L1,NEWBORN LEVEL I,L1,Y,"TEST (2025-12-11),ZCON (2025-12-11),LIVE (2025-12-05)",0,COCWR,L1,NEWBORN LEVEL I CARE,L1,Y,Y,N,None,DJU8757,04:12.9,HCA\CORPSVCACOESSISPROXY,14:04.6,xrdcwddbsuip06,MTX_ACOE_Cutover_Reporting,UI_Excel_Select_Xwalk_Source_Accommodations,facility,*ALL*,QXA4067,07:43.2
2849,COCWR,L2,NEWBORN LEVEL II,L2,Y,"TEST (2025-12-11),ZCON (2025-12-11),LIVE (2025-12-05)",0,COCWR,L2,NEWBORN LEVEL II CARE,L2,Y,Y,N,None,DJU8757,04:13.0,HCA\CORPSVCACOESSISPROXY,14:04.6,xrdcwddbsuip06,MTX_ACOE_Cutover_Reporting,UI_Excel_Select_Xwalk_Source_Accommodations,facility,*ALL*,QXA4067,07:43.2
2850,COCWR,L3,NEWBORN LEVEL III,L3,Y,"TEST (2025-12-11),ZCON (2025-12-11),LIVE (2025-12-05)",0,COCWR,L3,NEWBORN LEVEL III CARE,L3,Y,Y,N,None,DJU8757,04:13.0,HCA\CORPSVCACOESSISPROXY,14:04.6,xrdcwddbsuip06,MTX_ACOE_Cutover_Reporting,UI_Excel_Select_Xwalk_Source_Accommodations,facility,*ALL*,QXA4067,07:43.2
2851,COCWR,L4,NEWBORN LEVEL IV,L4,Y,"TEST (2025-12-11),ZCON (2025-12-11),LIVE (2025-12-05)",0,COCWR,L4,NEWBORN LEVEL IV CARE,L4,Y,Y,N,None,DJU8757,8/5/2025 10:04,HCA\CORPSVCACOESSISPROXY,14:04.6,xrdcwddbsuip06,MTX_ACOE_Cutover_Reporting,UI_Excel_Select_Xwalk_Source_Accommodations,facility,*ALL*,QXA4067,07:43.2
2852,COCWR,LD,LABOR AND DELIVERY,LD,Y,"TEST (2025-12-11),ZCON (2025-12-11),LIVE (2025-12-05)",0,COCWR,PR,PRIVATE ROOM,PR,Y,Y,N,None,IIU4396,45:16.9,HCA\IIU4396,46:47.7,xrdcwddbsuip06,MTX_ACOE_Cutover_Reporting,UI_Excel_Select_Xwalk_Source_Accommodations,facility,*ALL*,QXA4067,07:43.2
2853,COCWR,MJ,MEDICALLY JUSTIFIED,MJ,Y,"TEST (2025-12-11),ZCON (2025-12-11),LIVE (2025-12-05)",0,COCWR,PR,PRIVATE ROOM,PR,Y,Y,N,None,IIU4396,45:16.9,HCA\IIU4396,46:47.7,xrdcwddbsuip06,MTX_ACOE_Cutover_Reporting,UI_Excel_Select_Xwalk_Source_Accommodations,facility,*ALL*,QXA4067,07:43.2
2854,COCWR,MP,PSYCHIATRIC PRIVATE,MP,Y,"TEST (2025-12-11),ZCON (2025-12-11),LIVE (2025-12-05)",0,COCWR,PR,PRIVATE ROOM,PR,Y,Y,N,None,IIU4396,45:17.0,HCA\IIU4396,46:47.7,xrdcwddbsuip06,MTX_ACOE_Cutover_Reporting,UI_Excel_Select_Xwalk_Source_Accommodations,facility,*ALL*,QXA4067,07:43.2
2855,COCWR,N2,NEONATAL INTENSIVE LEVEL 2,N2,N,NO MATCH,0,COCWR,,,,,N,Y,None,DJU8757,29:16.8,corpsvcmtxcutoverrpt_sql,00:04.5,xrdcwddbsuip06,MTX_ACOE_Cutover_Reporting,UI_Excel_Select_Xwalk_Source_Accommodations,facility,*ALL*,QXA4067,07:43.2
2856,COCWR,NE,NEURO INTENSIVE,NE,Y,"TEST (2025-12-11),ZCON (2025-12-11),LIVE (2025-12-05)",0,COCWR,PR,PRIVATE ROOM,PR,Y,Y,N,None,IIU4396,45:17.0,HCA\IIU4396,46:47.7,xrdcwddbsuip06,MTX_ACOE_Cutover_Reporting,UI_Excel_Select_Xwalk_Source_Accommodations,facility,*ALL*,QXA4067,07:43.2
2857,COCWR,NU,NEWBORN NURSERY,NU,N,NO MATCH,0,COCWR,,,,,N,Y,None,DJU8757,29:16.8,corpsvcmtxcutoverrpt_sql,00:04.5,xrdcwddbsuip06,MTX_ACOE_Cutover_Reporting,UI_Excel_Select_Xwalk_Source_Accommodations,facility,*ALL*,QXA4067,07:43.2
2858,COCWR,OCAT,OVERFLOW CATHLAB,OC,Y,"TEST (2025-12-11),ZCON (2025-12-11),LIVE (2025-12-05)",0,COCWR,PR,PRIVATE ROOM,PR,Y,Y,N,None,IIU4396,45:17.1,HCA\IIU4396,46:47.7,xrdcwddbsuip06,MTX_ACOE_Cutover_Reporting,UI_Excel_Select_Xwalk_Source_Accommodations,facility,*ALL*,QXA4067,07:43.2
2859,COCWR,OH,OPEN HEART,OH,Y,"TEST (2025-12-11),ZCON (2025-12-11),LIVE (2025-12-05)",0,COCWR,PR,PRIVATE ROOM,PR,Y,Y,N,None,IIU4396,45:17.2,HCA\IIU4396,46:47.7,xrdcwddbsuip06,MTX_ACOE_Cutover_Reporting,UI_Excel_Select_Xwalk_Source_Accommodations,facility,*ALL*,QXA4067,07:43.2
2860,COCWR,OP,OUTPATIENT,OP,Y,"TEST (2025-12-11),ZCON (2025-12-11),LIVE (2025-12-05)",0,COCWR,PR,PRIVATE ROOM,PR,Y,Y,N,None,IIU4396,45:17.2,HCA\IIU4396,46:47.7,xrdcwddbsuip06,MTX_ACOE_Cutover_Reporting,UI_Excel_Select_Xwalk_Source_Accommodations,facility,*ALL*,QXA4067,07:43.2
2861,COCWR,P,PRIVATE ROOM,P,Y,"TEST (2025-12-11),ZCON (2025-12-11),LIVE (2025-12-05)",0,COCWR,PR,PRIVATE ROOM,PR,Y,Y,N,None,IIU4396,45:17.3,HCA\IIU4396,46:47.7,xrdcwddbsuip06,MTX_ACOE_Cutover_Reporting,UI_Excel_Select_Xwalk_Source_Accommodations,facility,*ALL*,QXA4067,07:43.2
2862,COCWR,PB,BRAIN INJURY PROGRESSIVE PRIV,PB,Y,"TEST (2025-12-11),ZCON (2025-12-11),LIVE (2025-12-05)",0,COCWR,PR,PRIVATE ROOM,PR,Y,Y,N,None,IIU4396,45:17.3,HCA\IIU4396,46:47.7,xrdcwddbsuip06,MTX_ACOE_Cutover_Reporting,UI_Excel_Select_Xwalk_Source_Accommodations,facility,*ALL*,QXA4067,07:43.2
2863,COCWR,PC,PROGRESSIVE CARE,PC,Y,"TEST (2025-12-11),ZCON (2025-12-11),LIVE (2025-12-05)",0,COCWR,PC,PROGRESSIVE CARE,PC,Y,Y,N,None,IIU4396,45:17.3,HCA\IIU4396,46:47.7,xrdcwddbsuip06,MTX_ACOE_Cutover_Reporting,UI_Excel_Select_Xwalk_Source_Accommodations,facility,*ALL*,QXA4067,07:43.2
2864,COCWR,PD,PEDIATRICS,PD,Y,"TEST (2025-12-11),ZCON (2025-12-11),LIVE (2025-12-05)",0,COCWR,P,PEDIATRIC,P,Y,Y,N,None,IIU4396,45:17.4,HCA\IIU4396,46:47.7,xrdcwddbsuip06,MTX_ACOE_Cutover_Reporting,UI_Excel_Select_Xwalk_Source_Accommodations,facility,*ALL*,QXA4067,07:43.2
2865,COCWR,PI,PEDIATRIC INTENSIVE,PI,Y,"TEST (2025-12-11),ZCON (2025-12-11),LIVE (2025-12-05)",0,COCWR,PR,PRIVATE ROOM,PR,Y,Y,N,None,IIU4396,45:17.4,HCA\IIU4396,46:47.7,xrdcwddbsuip06,MTX_ACOE_Cutover_Reporting,UI_Excel_Select_Xwalk_Source_Accommodations,facility,*ALL*,QXA4067,07:43.2
2866,COCWR,PP,PROGRESSIVE PRIVATE,PP,Y,"TEST (2025-12-11),ZCON (2025-12-11),LIVE (2025-12-05)",0,COCWR,PCP,PROGRESSIVE CARE PRIVATE,PP,Y,Y,N,None,IIU4396,45:17.5,HCA\IIU4396,46:47.7,xrdcwddbsuip06,MTX_ACOE_Cutover_Reporting,UI_Excel_Select_Xwalk_Source_Accommodations,facility,*ALL*,QXA4067,07:43.2
2867,COCWR,PS,PSYCHIATRIC SEMI PRIVATE,PS,Y,"TEST (2025-12-11),ZCON (2025-12-11),LIVE (2025-12-05)",0,COCWR,BH,BEHAVIORAL HEALTH,BH,Y,Y,N,None,IIU4396,45:17.5,HCA\IIU4396,46:47.7,xrdcwddbsuip06,MTX_ACOE_Cutover_Reporting,UI_Excel_Select_Xwalk_Source_Accommodations,facility,*ALL*,QXA4067,07:43.2
2868,COCWR,RH,REHAB SEMI PRIVATE,RH,Y,"TEST (2025-12-11),ZCON (2025-12-11),LIVE (2025-12-05)",0,COCWR,R,REHABILITATION,R,Y,Y,N,None,IIU4396,45:17.5,HCA\IIU4396,46:47.7,xrdcwddbsuip06,MTX_ACOE_Cutover_Reporting,UI_Excel_Select_Xwalk_Source_Accommodations,facility,*ALL*,QXA4067,07:43.2
2869,COCWR,RP,REHAB PRIVATE,RP,Y,"TEST (2025-12-11),ZCON (2025-12-11),LIVE (2025-12-05)",0,COCWR,RP,REHAB PRIVATE,RP,Y,Y,N,None,IIU4396,45:17.6,HCA\IIU4396,46:47.7,xrdcwddbsuip06,MTX_ACOE_Cutover_Reporting,UI_Excel_Select_Xwalk_Source_Accommodations,facility,*ALL*,QXA4067,07:43.2
2870,COCWR,SB,BRAIN INJURY PROGRESSIVE SEMI,SB,Y,"TEST (2025-12-11),ZCON (2025-12-11),LIVE (2025-12-05)",0,COCWR,PR,PRIVATE ROOM,PR,Y,Y,N,None,IIU4396,45:17.6,HCA\IIU4396,46:47.7,xrdcwddbsuip06,MTX_ACOE_Cutover_Reporting,UI_Excel_Select_Xwalk_Source_Accommodations,facility,*ALL*,QXA4067,07:43.2
2871,COCWR,SN,SKILLED NURSING SEMI PRIVATE,SN,Y,"TEST (2025-12-11),ZCON (2025-12-11),LIVE (2025-12-05)",0,COCWR,PR,PRIVATE ROOM,PR,Y,Y,N,None,IIU4396,45:17.6,HCA\IIU4396,46:47.7,xrdcwddbsuip06,MTX_ACOE_Cutover_Reporting,UI_Excel_Select_Xwalk_Source_Accommodations,facility,*ALL*,QXA4067,07:43.2
2872,COCWR,SP,SEMI-PRIVATE,SP,Y,"TEST (2025-12-11),ZCON (2025-12-11),LIVE (2025-12-05)",0,COCWR,SP,SEMI PRIVATE ROOM,SP,Y,Y,N,None,IIU4396,45:17.7,HCA\IIU4396,46:47.7,xrdcwddbsuip06,MTX_ACOE_Cutover_Reporting,UI_Excel_Select_Xwalk_Source_Accommodations,facility,*ALL*,QXA4067,07:43.2
2873,COCWR,TE,TELEMETRY,TE,Y,"TEST (2025-12-11),ZCON (2025-12-11),LIVE (2025-12-05)",0,COCWR,PR,PRIVATE ROOM,PR,Y,Y,N,None,IIU4396,45:17.7,HCA\IIU4396,46:47.7,xrdcwddbsuip06,MTX_ACOE_Cutover_Reporting,UI_Excel_Select_Xwalk_Source_Accommodations,facility,*ALL*,QXA4067,07:43.2
2874,COCWR,UP,SNF PRIVATE,UP,Y,"TEST (2025-12-11),ZCON (2025-12-11),LIVE (2025-12-05)",0,COCWR,PR,PRIVATE ROOM,PR,Y,Y,N,None,IIU4396,45:17.8,HCA\IIU4396,46:47.7,xrdcwddbsuip06,MTX_ACOE_Cutover_Reporting,UI_Excel_Select_Xwalk_Source_Accommodations,facility,*ALL*,QXA4067,07:43.2
2875,COCWR,WC,WARD,WC,N,NO MATCH,0,COCWR,,,,,N,Y,None,JKB0282,47:21.2,HCA\IIU4396,46:47.7,xrdcwddbsuip06,MTX_ACOE_Cutover_Reporting,UI_Excel_Select_Xwalk_Source_Accommodations,facility,*ALL*,QXA4067,07:43.2
2876,COCWR,WD,WARD,WD,Y,"TEST (2025-12-11),ZCON (2025-12-11),LIVE (2025-12-05)",0,COCWR,LD,LABOR AND DELIVERY,LD,Y,Y,N,None,IIU4396,45:17.8,HCA\IIU4396,46:47.7,xrdcwddbsuip06,MTX_ACOE_Cutover_Reporting,UI_Excel_Select_Xwalk_Source_Accommodations,facility,*ALL*,QXA4067,07:43.2
2877,COCWR,WS,WARD SNF,WS,Y,"TEST (2025-12-11),ZCON (2025-12-11),LIVE (2025-12-05)",0,COCWR,PR,PRIVATE ROOM,PR,Y,Y,N,None,IIU4396,45:17.8,HCA\IIU4396,46:47.7,xrdcwddbsuip06,MTX_ACOE_Cutover_Reporting,UI_Excel_Select_Xwalk_Source_Accommodations,facility,*ALL*,QXA4067,07:43.2
2878,COCWS,CD,CARDIAC STEP DOWN,CD,N,NO MATCH,0,COCWS,,,,,N,Y,None,MLT6916,19:57.4,corpsvcmtxcutoverrpt_sql,53:30.8,xrdcwddbsuip06,MTX_ACOE_Cutover_Reporting,UI_Excel_Select_Xwalk_Source_Accommodations,facility,*ALL*,QXA4067,07:43.2
2879,COCWS,CV,CVICU,CV,Y,"TEST (2026-09-20),ZCON (2026-09-20),LIVE (2026-09-04)",29,COCWS,CC,CORONARY CARE,CC,,Y,N,None,MLT6916,19:57.8,corpsvcmtxcutoverrpt_sql,53:30.8,xrdcwddbsuip06,MTX_ACOE_Cutover_Reporting,UI_Excel_Select_Xwalk_Source_Accommodations,facility,*ALL*,QXA4067,07:43.2
2880,COCWS,EC,ICU GENERAL W ECMO,EC,Y,"TEST (2026-09-20),ZCON (2026-09-20),LIVE (2026-09-04)",0,COCWS,EC,ECMO,EC,,Y,N,None,MLT6916,19:57.9,corpsvcmtxcutoverrpt_sql,53:30.8,xrdcwddbsuip06,MTX_ACOE_Cutover_Reporting,UI_Excel_Select_Xwalk_Source_Accommodations,facility,*ALL*,QXA4067,07:43.2
2881,COCWS,ECBR,ICU BURN W ECMO,EB,Y,"TEST (2026-09-20),ZCON (2026-09-20),LIVE (2026-09-04)",0,COCWS,EC,ECMO,EC,,Y,N,None,MLT6916,19:58.0,corpsvcmtxcutoverrpt_sql,53:30.8,xrdcwddbsuip06,MTX_ACOE_Cutover_Reporting,UI_Excel_Select_Xwalk_Source_Accommodations,facility,*ALL*,QXA4067,07:43.2
2882,COCWS,ECTR,ICU TRAUMA W ECMO,ET,Y,"TEST (2026-09-20),ZCON (2026-09-20),LIVE (2026-09-04)",0,COCWS,EC,ECMO,EC,,Y,N,None,MLT6916,19:58.2,corpsvcmtxcutoverrpt_sql,53:30.8,xrdcwddbsuip06,MTX_ACOE_Cutover_Reporting,UI_Excel_Select_Xwalk_Source_Accommodations,facility,*ALL*,QXA4067,07:43.2
2883,COCWS,IC,Intensive Care,IN,Y,"TEST (2026-09-20),ZCON (2026-09-20),LIVE (2026-09-04)",73,COCWS,IC,INTENSIVE CARE,IC,,Y,N,None,MLT6916,19:58.3,corpsvcmtxcutoverrpt_sql,53:30.8,xrdcwddbsuip06,MTX_ACOE_Cutover_Reporting,UI_Excel_Select_Xwalk_Source_Accommodations,facility,*ALL*,QXA4067,07:43.2
2884,COCWS,IM,Intermediate Care,IR,Y,"TEST (2026-09-20),ZCON (2026-09-20),LIVE (2026-09-04)",49,COCWS,PC,PROGRESSIVE CARE,PC,,Y,N,None,MLT6916,31:33.0,corpsvcmtxcutoverrpt_sql,53:30.8,xrdcwddbsuip06,MTX_ACOE_Cutover_Reporting,UI_Excel_Select_Xwalk_Source_Accommodations,facility,*ALL*,QXA4067,07:43.2
2885,COCWS,IMCU,Intermediate Care CCU,CR,Y,"TEST (2026-09-20),ZCON (2026-09-20),LIVE (2026-09-04)",94,COCWS,PCCC,PROGRESSIVE CARE CCU,PU,,Y,N,None,MLT6916,31:33.1,corpsvcmtxcutoverrpt_sql,53:30.8,xrdcwddbsuip06,MTX_ACOE_Cutover_Reporting,UI_Excel_Select_Xwalk_Source_Accommodations,facility,*ALL*,QXA4067,07:43.2
2886,COCWS,IMU,INTERMEDIATE CARE UNIT,IM,N,NO MATCH,0,COCWS,,,,,N,Y,None,MLT6916,19:58.5,corpsvcmtxcutoverrpt_sql,53:30.8,xrdcwddbsuip06,MTX_ACOE_Cutover_Reporting,UI_Excel_Select_Xwalk_Source_Accommodations,facility,*ALL*,QXA4067,07:43.2
2887,COCWS,J,"PRIVATE, MEDICALLY JUSTIFIED",J,N,NO MATCH,0,COCWS,,,,,N,Y,None,MLT6916,19:58.6,corpsvcmtxcutoverrpt_sql,53:30.8,xrdcwddbsuip06,MTX_ACOE_Cutover_Reporting,UI_Excel_Select_Xwalk_Source_Accommodations,facility,*ALL*,QXA4067,07:43.2
2888,COCWS,M,CORONARY CARE,CC,N,NO MATCH,0,COCWS,,,,,N,Y,None,MLT6916,19:59.1,corpsvcmtxcutoverrpt_sql,53:30.8,xrdcwddbsuip06,MTX_ACOE_Cutover_Reporting,UI_Excel_Select_Xwalk_Source_Accommodations,facility,*ALL*,QXA4067,07:43.2
2889,COCWS,MS,Med Surg,MD,Y,"TEST (2026-09-20),ZCON (2026-09-20),LIVE (2026-09-04)",642,COCWS,MS,MED SURG,MS,,Y,N,None,MLT6916,19:59.5,corpsvcmtxcutoverrpt_sql,53:30.8,xrdcwddbsuip06,MTX_ACOE_Cutover_Reporting,UI_Excel_Select_Xwalk_Source_Accommodations,facility,*ALL*,QXA4067,07:43.2
2890,COCWS,OHS,OPEN HEART STEPDOWN,OS,N,NO MATCH,0,COCWS,,,,,N,Y,None,MLT6916,19:59.6,corpsvcmtxcutoverrpt_sql,53:30.8,xrdcwddbsuip06,MTX_ACOE_Cutover_Reporting,UI_Excel_Select_Xwalk_Source_Accommodations,facility,*ALL*,QXA4067,07:43.2
2891,COCWS,PR,PRIVATE,PR,N,NO MATCH,0,COCWS,,,,,N,Y,None,MLT6916,19:59.6,corpsvcmtxcutoverrpt_sql,53:30.8,xrdcwddbsuip06,MTX_ACOE_Cutover_Reporting,UI_Excel_Select_Xwalk_Source_Accommodations,facility,*ALL*,QXA4067,07:43.2
2892,COCWS,SB,SWING BED,SB,Y,"TEST (2026-09-20),ZCON (2026-09-20),LIVE (2026-09-04)",0,COCWS,MS,MED SURG,MS,,Y,N,None,MLT6916,20:00.0,corpsvcmtxcutoverrpt_sql,53:30.8,xrdcwddbsuip06,MTX_ACOE_Cutover_Reporting,UI_Excel_Select_Xwalk_Source_Accommodations,facility,*ALL*,QXA4067,07:43.2
2893,COCWS,T,TELEMETRY,T,Y,"TEST (2026-09-20),ZCON (2026-09-20),LIVE (2026-09-04)",11,COCWS,TEL,TELEMETRY,T,,Y,N,None,MLT6916,20:00.1,corpsvcmtxcutoverrpt_sql,53:30.8,xrdcwddbsuip06,MTX_ACOE_Cutover_Reporting,UI_Excel_Select_Xwalk_Source_Accommodations,facility,*ALL*,QXA4067,07:43.2
2894,COCWS,TS,TEL SUR,TS,N,NO MATCH,0,COCWS,,,,,N,Y,None,MLT6916,20:00.2,corpsvcmtxcutoverrpt_sql,53:30.8,xrdcwddbsuip06,MTX_ACOE_Cutover_Reporting,UI_Excel_Select_Xwalk_Source_Accommodations,facility,*ALL*,QXA4067,07:43.2
2895,COCWS,W,WARD,W,N,NO MATCH,0,COCWS,,,,,N,Y,None,MLT6916,20:00.3,corpsvcmtxcutoverrpt_sql,53:30.8,xrdcwddbsuip06,MTX_ACOE_Cutover_Reporting,UI_Excel_Select_Xwalk_Source_Accommodations,facility,*ALL*,QXA4067,07:43.2
2896,COCWU,ALTC,ALTERNATIVE CARE,AL,Y,"TEST (2026-09-20),ZCON (2026-09-20),LIVE (2026-09-04)",0,COCWU,PR,PRIVATE ROOM,P,,Y,N,None,KSI8889,50:27.6,corpsvcmtxcutoverrpt_sql,47:33.7,xrdcwddbsuip06,MTX_ACOE_Cutover_Reporting,UI_Excel_Select_Xwalk_Source_Accommodations,facility,*ALL*,QXA4067,07:43.2
2897,COCWU,AP,ANTEPARTUM ROOM,AP,Y,"TEST (2026-09-20),ZCON (2026-09-20),LIVE (2026-09-04)",0,COCWU,AP,ANTEPARTUM CARE,AP,,Y,N,None,KSI8889,41:22.1,corpsvcmtxcutoverrpt_sql,47:33.7,xrdcwddbsuip06,MTX_ACOE_Cutover_Reporting,UI_Excel_Select_Xwalk_Source_Accommodations,facility,*ALL*,QXA4067,07:43.2
2898,COCWU,H,HOSPICE,H,Y,"TEST (2026-09-20),ZCON (2026-09-20),LIVE (2026-09-04)",0,COCWU,HP,HOSPICE,H,,Y,N,None,KSI8889,41:22.1,corpsvcmtxcutoverrpt_sql,47:33.7,xrdcwddbsuip06,MTX_ACOE_Cutover_Reporting,UI_Excel_Select_Xwalk_Source_Accommodations,facility,*ALL*,QXA4067,07:43.2
2899,COCWU,I,INTENSIVE CARE,IC,Y,"TEST (2026-09-20),ZCON (2026-09-20),LIVE (2026-09-04)",0,COCWU,IC,INTENSIVE CARE,IC,,Y,N,None,KSI8889,41:22.1,corpsvcmtxcutoverrpt_sql,47:33.7,xrdcwddbsuip06,MTX_ACOE_Cutover_Reporting,UI_Excel_Select_Xwalk_Source_Accommodations,facility,*ALL*,QXA4067,07:43.2
2900,COCWU,IC,INTERMEDIATE NURSERY - NSY2,N2,Y,"TEST (2026-09-20),ZCON (2026-09-20),LIVE (2026-09-04)",0,COCWU,PR,PRIVATE ROOM,P,,Y,N,None,KSI8889,50:27.7,corpsvcmtxcutoverrpt_sql,47:33.7,xrdcwddbsuip06,MTX_ACOE_Cutover_Reporting,UI_Excel_Select_Xwalk_Source_Accommodations,facility,*ALL*,QXA4067,07:43.2
2901,COCWU,ICN,INTENSIVE CARE NURSERY-NIC3,N3,Y,"TEST (2026-09-20),ZCON (2026-09-20),LIVE (2026-09-04)",0,COCWU,PR,PRIVATE ROOM,P,,Y,N,None,KSI8889,50:27.7,corpsvcmtxcutoverrpt_sql,47:33.7,xrdcwddbsuip06,MTX_ACOE_Cutover_Reporting,UI_Excel_Select_Xwalk_Source_Accommodations,facility,*ALL*,QXA4067,07:43.2
2902,COCWU,L1,NEWBORN LEVEL I R&B,L1,Y,"TEST (2026-09-20),ZCON (2026-09-20),LIVE (2026-09-04)",0,COCWU,L1,NEWBORN LEVEL I CARE,L1,,Y,N,None,KSI8889,41:22.2,corpsvcmtxcutoverrpt_sql,47:33.7,xrdcwddbsuip06,MTX_ACOE_Cutover_Reporting,UI_Excel_Select_Xwalk_Source_Accommodations,facility,*ALL*,QXA4067,07:43.2
2903,COCWU,L2,NEWBORN LEVEL II R&B,L2,Y,"TEST (2026-09-20),ZCON (2026-09-20),LIVE (2026-09-04)",0,COCWU,L2,NEWBORN LEVEL II CARE,L2,,Y,N,None,KSI8889,41:22.2,corpsvcmtxcutoverrpt_sql,47:33.7,xrdcwddbsuip06,MTX_ACOE_Cutover_Reporting,UI_Excel_Select_Xwalk_Source_Accommodations,facility,*ALL*,QXA4067,07:43.2
2904,COCWU,L3,NEWBORN LEVEL III R&B,L3,Y,"TEST (2026-09-20),ZCON (2026-09-20),LIVE (2026-09-04)",0,COCWU,L3,NEWBORN LEVEL III CARE,L3,,Y,N,None,KSI8889,41:22.2,corpsvcmtxcutoverrpt_sql,47:33.7,xrdcwddbsuip06,MTX_ACOE_Cutover_Reporting,UI_Excel_Select_Xwalk_Source_Accommodations,facility,*ALL*,QXA4067,07:43.2
2905,COCWU,L4,NEWBORN LEVEL IV R&B,L4,Y,"TEST (2026-09-20),ZCON (2026-09-20),LIVE (2026-09-04)",0,COCWU,L4,NEWBORN LEVEL IV CARE,L4,,Y,N,None,KSI8889,41:22.2,corpsvcmtxcutoverrpt_sql,47:33.7,xrdcwddbsuip06,MTX_ACOE_Cutover_Reporting,UI_Excel_Select_Xwalk_Source_Accommodations,facility,*ALL*,QXA4067,07:43.2
2906,COCWU,LD,LABOR & DELIVERY,LD,Y,"TEST (2026-09-20),ZCON (2026-09-20),LIVE (2026-09-04)",0,COCWU,LD,LABOR AND DELIVERY,LD,,Y,N,None,KSI8889,41:22.3,corpsvcmtxcutoverrpt_sql,47:33.7,xrdcwddbsuip06,MTX_ACOE_Cutover_Reporting,UI_Excel_Select_Xwalk_Source_Accommodations,facility,*ALL*,QXA4067,07:43.2
2907,COCWU,M,CORONARY CARE,WU,Y,"TEST (2026-09-20),ZCON (2026-09-20),LIVE (2026-09-04)",0,COCWU,PR,PRIVATE ROOM,P,,Y,N,None,KSI8889,50:27.7,corpsvcmtxcutoverrpt_sql,47:33.7,xrdcwddbsuip06,MTX_ACOE_Cutover_Reporting,UI_Excel_Select_Xwalk_Source_Accommodations,facility,*ALL*,QXA4067,07:43.2
2908,COCWU,MED,MEDICAL UNIT,ME,Y,"TEST (2026-09-20),ZCON (2026-09-20),LIVE (2026-09-04)",0,COCWU,PR,PRIVATE ROOM,P,,Y,N,None,KSI8889,50:27.8,corpsvcmtxcutoverrpt_sql,47:33.7,xrdcwddbsuip06,MTX_ACOE_Cutover_Reporting,UI_Excel_Select_Xwalk_Source_Accommodations,facility,*ALL*,QXA4067,07:43.2
2909,COCWU,MS,MEDICAL SURGICAL,MS,Y,"TEST (2026-09-20),ZCON (2026-09-20),LIVE (2026-09-04)",0,COCWU,PR,PRIVATE ROOM,P,,Y,N,None,KSI8889,41:22.3,corpsvcmtxcutoverrpt_sql,47:33.7,xrdcwddbsuip06,MTX_ACOE_Cutover_Reporting,UI_Excel_Select_Xwalk_Source_Accommodations,facility,*ALL*,QXA4067,07:43.2
2910,COCWU,N,INTERMEDIATE,IM,Y,"TEST (2026-09-20),ZCON (2026-09-20),LIVE (2026-09-04)",0,COCWU,PC,PROGRESSIVE CARE,PC,,Y,N,None,KSI8889,14:32.5,corpsvcmtxcutoverrpt_sql,47:33.7,xrdcwddbsuip06,MTX_ACOE_Cutover_Reporting,UI_Excel_Select_Xwalk_Source_Accommodations,facility,*ALL*,QXA4067,07:43.2
2911,COCWU,NU,NURSERY,NB,Y,"TEST (2026-09-20),ZCON (2026-09-20),LIVE (2026-09-04)",0,COCWU,PR,PRIVATE ROOM,P,,Y,N,None,KSI8889,50:27.8,corpsvcmtxcutoverrpt_sql,47:33.7,xrdcwddbsuip06,MTX_ACOE_Cutover_Reporting,UI_Excel_Select_Xwalk_Source_Accommodations,facility,*ALL*,QXA4067,07:43.2
2912,COCWU,NV,NEW VISION UNIT,NV,N,NO MATCH,0,COCWU,,,,,N,Y,None,KSI8889,32:27.0,corpsvcmtxcutoverrpt_sql,47:33.7,xrdcwddbsuip06,MTX_ACOE_Cutover_Reporting,UI_Excel_Select_Xwalk_Source_Accommodations,facility,*ALL*,QXA4067,07:43.2
2913,COCWU,OBS,OBSERVATION,OS,Y,"TEST (2026-09-20),ZCON (2026-09-20),LIVE (2026-09-04)",0,COCWU,PR,PRIVATE ROOM,P,,Y,N,None,KSI8889,50:27.8,corpsvcmtxcutoverrpt_sql,47:33.7,xrdcwddbsuip06,MTX_ACOE_Cutover_Reporting,UI_Excel_Select_Xwalk_Source_Accommodations,facility,*ALL*,QXA4067,07:43.2
2914,COCWU,P,PRIVATE ROOM,P,Y,"TEST (2026-09-20),ZCON (2026-09-20),LIVE (2026-09-04)",0,COCWU,PR,PRIVATE ROOM,P,,Y,N,None,KSI8889,41:22.3,corpsvcmtxcutoverrpt_sql,47:33.7,xrdcwddbsuip06,MTX_ACOE_Cutover_Reporting,UI_Excel_Select_Xwalk_Source_Accommodations,facility,*ALL*,QXA4067,07:43.2
2915,COCWU,PCU,PROGRESSIVE CARE UNIT,PC,Y,"TEST (2026-09-20),ZCON (2026-09-20),LIVE (2026-09-04)",0,COCWU,PC,PROGRESSIVE CARE,PC,,Y,N,None,KSI8889,41:22.4,corpsvcmtxcutoverrpt_sql,47:33.7,xrdcwddbsuip06,MTX_ACOE_Cutover_Reporting,UI_Excel_Select_Xwalk_Source_Accommodations,facility,*ALL*,QXA4067,07:43.2
2916,COCWU,PP,POSTPARTUM ROOM,PP,Y,"TEST (2026-09-20),ZCON (2026-09-20),LIVE (2026-09-04)",0,COCWU,PR,PRIVATE ROOM,P,,Y,N,None,KSI8889,41:22.4,corpsvcmtxcutoverrpt_sql,47:33.7,xrdcwddbsuip06,MTX_ACOE_Cutover_Reporting,UI_Excel_Select_Xwalk_Source_Accommodations,facility,*ALL*,QXA4067,07:43.2
2917,COCWU,RHB,REHAB,RE,Y,"TEST (2026-09-20),ZCON (2026-09-20),LIVE (2026-09-04)",0,COCWU,R,REHABILITATION,RE,,Y,N,None,KSI8889,41:22.4,corpsvcmtxcutoverrpt_sql,47:33.7,xrdcwddbsuip06,MTX_ACOE_Cutover_Reporting,UI_Excel_Select_Xwalk_Source_Accommodations,facility,*ALL*,QXA4067,07:43.2
2918,COCWU,S,SEMI-PRIVATE ROOM,SP,Y,"TEST (2026-09-20),ZCON (2026-09-20),LIVE (2026-09-04)",0,COCWU,SP,SEMI PRIVATE ROOM,SP,,Y,N,None,KSI8889,41:22.4,corpsvcmtxcutoverrpt_sql,47:33.7,xrdcwddbsuip06,MTX_ACOE_Cutover_Reporting,UI_Excel_Select_Xwalk_Source_Accommodations,facility,*ALL*,QXA4067,07:43.2
2919,COCWU,SNF,SKILLED NURSING FACILITY,SN,Y,"TEST (2026-09-20),ZCON (2026-09-20),LIVE (2026-09-04)",0,COCWU,PR,PRIVATE ROOM,P,,Y,N,None,KSI8889,50:27.8,corpsvcmtxcutoverrpt_sql,47:33.7,xrdcwddbsuip06,MTX_ACOE_Cutover_Reporting,UI_Excel_Select_Xwalk_Source_Accommodations,facility,*ALL*,QXA4067,07:43.2
2920,COCWU,SP,MED/SURG SEMI-PRIVATE,S,Y,"TEST (2026-09-20),ZCON (2026-09-20),LIVE (2026-09-04)",0,COCWU,PR,PRIVATE ROOM,P,,Y,N,None,KSI8889,50:27.9,corpsvcmtxcutoverrpt_sql,47:33.7,xrdcwddbsuip06,MTX_ACOE_Cutover_Reporting,UI_Excel_Select_Xwalk_Source_Accommodations,facility,*ALL*,QXA4067,07:43.2
2921,COCWU,SUR,SURGICAL,SR,Y,"TEST (2026-09-20),ZCON (2026-09-20),LIVE (2026-09-04)",0,COCWU,PR,PRIVATE ROOM,P,,Y,N,None,KSI8889,41:22.5,corpsvcmtxcutoverrpt_sql,47:33.7,xrdcwddbsuip06,MTX_ACOE_Cutover_Reporting,UI_Excel_Select_Xwalk_Source_Accommodations,facility,*ALL*,QXA4067,07:43.2
2922,COCWU,TE,TELEMETRY,TE,Y,"TEST (2026-09-20),ZCON (2026-09-20),LIVE (2026-09-04)",0,COCWU,TEL,TELEMETRY,TE,,Y,N,None,KSI8889,41:22.5,corpsvcmtxcutoverrpt_sql,47:33.7,xrdcwddbsuip06,MTX_ACOE_Cutover_Reporting,UI_Excel_Select_Xwalk_Source_Accommodations,facility,*ALL*,QXA4067,07:43.2
2923,COCXG,___N/A___20260717100105,Net New Expanse Accommodation--no MT56 data,,N,NO MATCH,0,COCXG,LDHR,LABOR AND DELIVERY HIGH RISK,LR,Y,Y,N,None,IIU7623,06:37.9,HCA\IIU4396,00:24.6,xrdcwddbsuip06,MTX_ACOE_Cutover_Reporting,UI_Excel_Select_Xwalk_Source_Accommodations,facility,*ALL*,QXA4067,07:43.2
2924,COCXG,B,NEWBORN *,NS,N,NO MATCH,0,COCXG,,,,,N,Y,None,IIU7623,51:10.9,corpsvcmtxcutoverrpt_sql,53:33.3,xrdcwddbsuip06,MTX_ACOE_Cutover_Reporting,UI_Excel_Select_Xwalk_Source_Accommodations,facility,*ALL*,QXA4067,07:43.2
2925,COCXG,BURN,Burn Intensive Care,BU,N,NO MATCH,0,COCXG,,,,,N,Y,None,IIU7623,51:11.0,corpsvcmtxcutoverrpt_sql,53:33.3,xrdcwddbsuip06,MTX_ACOE_Cutover_Reporting,UI_Excel_Select_Xwalk_Source_Accommodations,facility,*ALL*,QXA4067,07:43.2
2926,COCXG,CC,Coronary Care,CO,N,NO MATCH,0,COCXG,,,,,N,Y,None,IIU7623,51:11.0,corpsvcmtxcutoverrpt_sql,53:33.3,xrdcwddbsuip06,MTX_ACOE_Cutover_Reporting,UI_Excel_Select_Xwalk_Source_Accommodations,facility,*ALL*,QXA4067,07:43.2
2927,COCXG,DX,Detox,DX,N,NO MATCH,0,COCXG,,,,,N,Y,None,IIU7623,51:11.1,corpsvcmtxcutoverrpt_sql,53:33.3,xrdcwddbsuip06,MTX_ACOE_Cutover_Reporting,UI_Excel_Select_Xwalk_Source_Accommodations,facility,*ALL*,QXA4067,07:43.2
2928,COCXG,I,INTENSIVE CARE *,IP,N,NO MATCH,0,COCXG,,,,,N,Y,None,IIU7623,51:11.2,corpsvcmtxcutoverrpt_sql,53:33.3,xrdcwddbsuip06,MTX_ACOE_Cutover_Reporting,UI_Excel_Select_Xwalk_Source_Accommodations,facility,*ALL*,QXA4067,07:43.2
2929,COCXG,IC,INTENSIVE CARE,IN,Y,NO MATCH,38,COCXG,IC,INTENSIVE CARE,IC,Y,Y,N,None,IIU7623,06:38.0,corpsvcmtxcutoverrpt_sql,53:33.3,xrdcwddbsuip06,MTX_ACOE_Cutover_Reporting,UI_Excel_Select_Xwalk_Source_Accommodations,facility,*ALL*,QXA4067,07:43.2
2930,COCXG,IM,Intermediate Care,IR,Y,NO MATCH,328,COCXG,PC,PROGRESSIVE CARE,PC,Y,Y,N,None,IIU7623,06:38.1,corpsvcmtxcutoverrpt_sql,53:33.3,xrdcwddbsuip06,MTX_ACOE_Cutover_Reporting,UI_Excel_Select_Xwalk_Source_Accommodations,facility,*ALL*,QXA4067,07:43.2
2931,COCXG,IS,ISOLATION,SC,N,NO MATCH,0,COCXG,,,,,N,Y,None,IIU7623,51:11.4,corpsvcmtxcutoverrpt_sql,53:33.3,xrdcwddbsuip06,MTX_ACOE_Cutover_Reporting,UI_Excel_Select_Xwalk_Source_Accommodations,facility,*ALL*,QXA4067,07:43.2
2932,COCXG,J,"PRIVATE, MEDICALLY JUSTIFIED *",IP,N,NO MATCH,0,COCXG,,,,,N,Y,None,IIU7623,51:11.4,corpsvcmtxcutoverrpt_sql,53:33.3,xrdcwddbsuip06,MTX_ACOE_Cutover_Reporting,UI_Excel_Select_Xwalk_Source_Accommodations,facility,*ALL*,QXA4067,07:43.2
2933,COCXG,L1,NEWBORN LEVEL I,L1,Y,NO MATCH,52,COCXG,L1,NEWBORN LEVEL I CARE,L1,Y,Y,N,None,IIU7623,06:38.3,corpsvcmtxcutoverrpt_sql,53:33.3,xrdcwddbsuip06,MTX_ACOE_Cutover_Reporting,UI_Excel_Select_Xwalk_Source_Accommodations,facility,*ALL*,QXA4067,07:43.2
2934,COCXG,L2,NEWBORN LEVEL II,L2,Y,NO MATCH,24,COCXG,L2,NEWBORN LEVEL II CARE,L2,Y,Y,N,None,IIU7623,06:38.3,corpsvcmtxcutoverrpt_sql,53:33.3,xrdcwddbsuip06,MTX_ACOE_Cutover_Reporting,UI_Excel_Select_Xwalk_Source_Accommodations,facility,*ALL*,QXA4067,07:43.2
2935,COCXG,L3,NEWBORN LEVEL III,L3,Y,NO MATCH,0,COCXG,L3,NEWBORN LEVEL III CARE,L3,Y,Y,N,None,IIU7623,06:38.4,corpsvcmtxcutoverrpt_sql,53:33.3,xrdcwddbsuip06,MTX_ACOE_Cutover_Reporting,UI_Excel_Select_Xwalk_Source_Accommodations,facility,*ALL*,QXA4067,07:43.2
2936,COCXG,L4,NEWBORN LEVEL IV,L4,Y,NO MATCH,0,COCXG,L4,NEWBORN LEVEL IV CARE,L4,Y,Y,N,None,IIU7623,06:38.5,corpsvcmtxcutoverrpt_sql,53:33.3,xrdcwddbsuip06,MTX_ACOE_Cutover_Reporting,UI_Excel_Select_Xwalk_Source_Accommodations,facility,*ALL*,QXA4067,07:43.2
2937,COCXG,LD,LABOR & DELIVERY,LD,Y,NO MATCH,22,COCXG,LD,LABOR AND DELIVERY,LD,Y,Y,N,None,IIU7623,06:38.5,corpsvcmtxcutoverrpt_sql,53:33.3,xrdcwddbsuip06,MTX_ACOE_Cutover_Reporting,UI_Excel_Select_Xwalk_Source_Accommodations,facility,*ALL*,QXA4067,07:43.2
2938,COCXG,MS,MED SURG,MD,Y,NO MATCH,524,COCXG,MS,MED SURG,MS,Y,Y,N,None,IIU7623,06:38.6,corpsvcmtxcutoverrpt_sql,53:33.3,xrdcwddbsuip06,MTX_ACOE_Cutover_Reporting,UI_Excel_Select_Xwalk_Source_Accommodations,facility,*ALL*,QXA4067,07:43.2
2939,COCXG,MT,MED SURG WITH TELE,MT,N,NO MATCH,0,COCXG,,,,,N,Y,None,IIU7623,51:12.0,corpsvcmtxcutoverrpt_sql,53:33.3,xrdcwddbsuip06,MTX_ACOE_Cutover_Reporting,UI_Excel_Select_Xwalk_Source_Accommodations,facility,*ALL*,QXA4067,07:43.2
2940,COCXG,N1,NICU Level 1,NO,Y,NO MATCH,1,COCXG,L1,NEWBORN LEVEL I CARE,L1,Y,Y,N,None,IIU7623,06:38.6,corpsvcmtxcutoverrpt_sql,53:33.3,xrdcwddbsuip06,MTX_ACOE_Cutover_Reporting,UI_Excel_Select_Xwalk_Source_Accommodations,facility,*ALL*,QXA4067,07:43.2
2941,COCXG,N2,NICU Level 2,NT,Y,NO MATCH,0,COCXG,L2,NEWBORN LEVEL II CARE,L2,Y,Y,N,None,IIU7623,06:38.7,corpsvcmtxcutoverrpt_sql,53:33.3,xrdcwddbsuip06,MTX_ACOE_Cutover_Reporting,UI_Excel_Select_Xwalk_Source_Accommodations,facility,*ALL*,QXA4067,07:43.2
2942,COCXG,N3,NICU Level 3,N3,Y,NO MATCH,0,COCXG,L3,NEWBORN LEVEL III CARE,L3,Y,Y,N,None,IIU7623,06:38.8,corpsvcmtxcutoverrpt_sql,53:33.3,xrdcwddbsuip06,MTX_ACOE_Cutover_Reporting,UI_Excel_Select_Xwalk_Source_Accommodations,facility,*ALL*,QXA4067,07:43.2
2943,COCXG,N4,NICU Level 4,N4,Y,NO MATCH,0,COCXG,L4,NEWBORN LEVEL IV CARE,L4,Y,Y,N,None,IIU7623,06:38.8,corpsvcmtxcutoverrpt_sql,53:33.3,xrdcwddbsuip06,MTX_ACOE_Cutover_Reporting,UI_Excel_Select_Xwalk_Source_Accommodations,facility,*ALL*,QXA4067,07:43.2
2944,COCXG,NB,Newborn Basic Care,NB,Y,NO MATCH,9,COCXG,L1,NEWBORN LEVEL I CARE,L1,Y,Y,N,None,IIU7623,06:38.9,corpsvcmtxcutoverrpt_sql,53:33.3,xrdcwddbsuip06,MTX_ACOE_Cutover_Reporting,UI_Excel_Select_Xwalk_Source_Accommodations,facility,*ALL*,QXA4067,07:43.2
2945,COCXG,NU,NEWBORN NURSERY,NU,N,NO MATCH,0,COCXG,,,,,N,Y,None,IIU7623,51:12.6,corpsvcmtxcutoverrpt_sql,53:33.3,xrdcwddbsuip06,MTX_ACOE_Cutover_Reporting,UI_Excel_Select_Xwalk_Source_Accommodations,facility,*ALL*,QXA4067,07:43.2
2946,COCXG,OB,OBSERVATION,OB,N,NO MATCH,0,COCXG,,,,,N,Y,None,IIU7623,51:12.7,corpsvcmtxcutoverrpt_sql,53:33.3,xrdcwddbsuip06,MTX_ACOE_Cutover_Reporting,UI_Excel_Select_Xwalk_Source_Accommodations,facility,*ALL*,QXA4067,07:43.2
2947,COCXG,OC,OBSTETRICS,OC,Y,NO MATCH,66,COCXG,LD,LABOR AND DELIVERY,,,Y,N,None,IIU7623,51:12.7,corpsvcmtxcutoverrpt_sql,53:33.3,xrdcwddbsuip06,MTX_ACOE_Cutover_Reporting,UI_Excel_Select_Xwalk_Source_Accommodations,facility,*ALL*,QXA4067,07:43.2
2948,COCXG,OP,OUTPATIENT,OP,N,NO MATCH,0,COCXG,,,LD,Y,N,Y,None,IIU7623,06:38.9,corpsvcmtxcutoverrpt_sql,53:33.3,xrdcwddbsuip06,MTX_ACOE_Cutover_Reporting,UI_Excel_Select_Xwalk_Source_Accommodations,facility,*ALL*,QXA4067,07:43.2
2949,COCXG,P,PRIVATE ROOM,P,N,NO MATCH,0,COCXG,,,,,N,Y,None,IIU7623,51:12.8,corpsvcmtxcutoverrpt_sql,53:33.3,xrdcwddbsuip06,MTX_ACOE_Cutover_Reporting,UI_Excel_Select_Xwalk_Source_Accommodations,facility,*ALL*,QXA4067,07:43.2
2950,COCXG,PC,PROGRESSIVE CARE,PC,N,NO MATCH,0,COCXG,,,,,N,Y,None,IIU7623,51:12.9,corpsvcmtxcutoverrpt_sql,53:33.3,xrdcwddbsuip06,MTX_ACOE_Cutover_Reporting,UI_Excel_Select_Xwalk_Source_Accommodations,facility,*ALL*,QXA4067,07:43.2
2951,COCXG,PN,Perinatal Unit,PN,Y,NO MATCH,0,COCXG,AP,ANTEPARTUM,AP,Y,Y,N,None,IIU7623,06:39.0,corpsvcmtxcutoverrpt_sql,53:33.3,xrdcwddbsuip06,MTX_ACOE_Cutover_Reporting,UI_Excel_Select_Xwalk_Source_Accommodations,facility,*ALL*,QXA4067,07:43.2
2952,COCXG,PP,POST PARTUM,PP,N,NO MATCH,0,COCXG,,,,,N,Y,None,IIU7623,51:13.0,corpsvcmtxcutoverrpt_sql,53:33.3,xrdcwddbsuip06,MTX_ACOE_Cutover_Reporting,UI_Excel_Select_Xwalk_Source_Accommodations,facility,*ALL*,QXA4067,07:43.2
2953,COCXG,PSY,Psych,PY,Y,NO MATCH,0,COCXG,BH,BEHAVIORAL HEALTH,BH,Y,Y,N,None,IIU7623,06:39.1,corpsvcmtxcutoverrpt_sql,53:33.3,xrdcwddbsuip06,MTX_ACOE_Cutover_Reporting,UI_Excel_Select_Xwalk_Source_Accommodations,facility,*ALL*,QXA4067,07:43.2
2954,COCXG,SB,SWING BED,SB,N,NO MATCH,0,COCXG,,,,,N,Y,None,IIU7623,51:13.2,corpsvcmtxcutoverrpt_sql,53:33.3,xrdcwddbsuip06,MTX_ACOE_Cutover_Reporting,UI_Excel_Select_Xwalk_Source_Accommodations,facility,*ALL*,QXA4067,07:43.2
2955,COCXG,SN,SKILLED NURSING,SN,N,NO MATCH,0,COCXG,,,,,N,Y,None,IIU7623,51:13.3,corpsvcmtxcutoverrpt_sql,53:33.3,xrdcwddbsuip06,MTX_ACOE_Cutover_Reporting,UI_Excel_Select_Xwalk_Source_Accommodations,facility,*ALL*,QXA4067,07:43.2
2956,COCXG,SP,SEMI PRIVATE,SP,N,NO MATCH,0,COCXG,,,,,N,Y,None,IIU7623,51:13.4,corpsvcmtxcutoverrpt_sql,53:33.3,xrdcwddbsuip06,MTX_ACOE_Cutover_Reporting,UI_Excel_Select_Xwalk_Source_Accommodations,facility,*ALL*,QXA4067,07:43.2
2957,COCXG,T,Tele,T,Y,NO MATCH,2,COCXG,TE,TELEMETRY,TE,Y,Y,N,None,IIU7623,06:39.1,corpsvcmtxcutoverrpt_sql,53:33.3,xrdcwddbsuip06,MTX_ACOE_Cutover_Reporting,UI_Excel_Select_Xwalk_Source_Accommodations,facility,*ALL*,QXA4067,07:43.2
2958,COCXG,VIP,VIP Room,VI,N,NO MATCH,0,COCXG,,,,,N,Y,None,IIU7623,51:13.5,corpsvcmtxcutoverrpt_sql,53:33.3,xrdcwddbsuip06,MTX_ACOE_Cutover_Reporting,UI_Excel_Select_Xwalk_Source_Accommodations,facility,*ALL*,QXA4067,07:43.2
2959,COCXG,ZZ,UNKNOWN,ZZ,N,NO MATCH,0,COCXG,,,,,N,Y,None,IIU7623,51:13.6,corpsvcmtxcutoverrpt_sql,53:33.3,xrdcwddbsuip06,MTX_ACOE_Cutover_Reporting,UI_Excel_Select_Xwalk_Source_Accommodations,facility,*ALL*,QXA4067,07:43.2
2960,COCXS,AD,ADULT SERVICE,AD,N,NO MATCH,0,COCXS,AD,ADULT,AD,Y,N,N,None,HGE3782,49:59.5,corpsvcmtxcutoverrpt_sql,14:06.0,xrdcwddbsuip06,MTX_ACOE_Cutover_Reporting,UI_Excel_Select_Xwalk_Source_Accommodations,facility,*ALL*,QXA4067,07:43.2
2961,COCXS,AL,ADOLESCENT SERVICES,AL,N,NO MATCH,0,COCXS,A,ADOLESCENT,AL,Y,N,N,None,HGE3782,49:59.6,corpsvcmtxcutoverrpt_sql,14:06.0,xrdcwddbsuip06,MTX_ACOE_Cutover_Reporting,UI_Excel_Select_Xwalk_Source_Accommodations,facility,*ALL*,QXA4067,07:43.2
2962,COCXS,CH,CHILD SERVICE,CH,N,NO MATCH,0,COCXS,CH,CHILD,CH,Y,N,N,None,HGE3782,49:59.6,corpsvcmtxcutoverrpt_sql,14:06.0,xrdcwddbsuip06,MTX_ACOE_Cutover_Reporting,UI_Excel_Select_Xwalk_Source_Accommodations,facility,*ALL*,QXA4067,07:43.2
2963,COCXS,DET,DETOX,DE,N,NO MATCH,0,COCXS,D,DETOX,DE,Y,N,N,None,HGE3782,49:59.6,corpsvcmtxcutoverrpt_sql,14:06.0,xrdcwddbsuip06,MTX_ACOE_Cutover_Reporting,UI_Excel_Select_Xwalk_Source_Accommodations,facility,*ALL*,QXA4067,07:43.2
2964,COCXS,EDR,EATING DISORDER,EO,N,NO MATCH,0,COCXS,,,,,N,Y,None,JKB0282,47:21.3,HCA\HGE3782,27:27.0,xrdcwddbsuip06,MTX_ACOE_Cutover_Reporting,UI_Excel_Select_Xwalk_Source_Accommodations,facility,*ALL*,QXA4067,07:43.2
2965,COCXS,EDU,EATING DISORDER UNIT,EU,N,NO MATCH,0,COCXS,ETD,EATING DISORDER,EU,Y,N,N,None,HGE3782,49:59.6,corpsvcmtxcutoverrpt_sql,14:06.0,xrdcwddbsuip06,MTX_ACOE_Cutover_Reporting,UI_Excel_Select_Xwalk_Source_Accommodations,facility,*ALL*,QXA4067,07:43.2
2966,COCXS,FS,FIRST STEP,FS,N,NO MATCH,0,COCXS,,,,,N,Y,None,JKB0282,47:21.4,HCA\HGE3782,27:27.0,xrdcwddbsuip06,MTX_ACOE_Cutover_Reporting,UI_Excel_Select_Xwalk_Source_Accommodations,facility,*ALL*,QXA4067,07:43.2
2967,COCXS,OS,OBSERVATION,OS,N,NO MATCH,0,COCXS,*,Not In Expanse,,,Y,Y,None,JKB0282,47:21.5,HCA\HGE3782,27:27.0,xrdcwddbsuip06,MTX_ACOE_Cutover_Reporting,UI_Excel_Select_Xwalk_Source_Accommodations,facility,*ALL*,QXA4067,07:43.2
2968,COCXS,RT,RTC SERVICES,RT,N,NO MATCH,0,COCXS,,,,,N,Y,None,JKB0282,47:21.6,HCA\HGE3782,27:27.0,xrdcwddbsuip06,MTX_ACOE_Cutover_Reporting,UI_Excel_Select_Xwalk_Source_Accommodations,facility,*ALL*,QXA4067,07:43.2
2969,COCXS,S,SEMI-PRIVATE ROOM,S,N,NO MATCH,0,COCXS,,,,,N,Y,None,JKB0282,47:21.7,HCA\HGE3782,27:27.0,xrdcwddbsuip06,MTX_ACOE_Cutover_Reporting,UI_Excel_Select_Xwalk_Source_Accommodations,facility,*ALL*,QXA4067,07:43.2
2970,COCXS,SR,SENIOR SERVICES,SR,N,NO MATCH,0,COCXS,*,Not In Expanse,,,Y,Y,None,JKB0282,47:21.8,HCA\HGE3782,27:27.0,xrdcwddbsuip06,MTX_ACOE_Cutover_Reporting,UI_Excel_Select_Xwalk_Source_Accommodations,facility,*ALL*,QXA4067,07:43.2
2971,COCXS,TR,TRAUMA,TR,N,NO MATCH,0,COCXS,TR,TRAUMA,TR,Y,N,N,None,HGE3782,49:59.6,corpsvcmtxcutoverrpt_sql,14:06.0,xrdcwddbsuip06,MTX_ACOE_Cutover_Reporting,UI_Excel_Select_Xwalk_Source_Accommodations,facility,*ALL*,QXA4067,07:43.2
2972,COCYS,B,NEWBORN,N,N,NO MATCH,0,COCYS,,,,,N,Y,None,JKB0282,47:21.9,HCA\HGE3782,27:27.0,xrdcwddbsuip06,MTX_ACOE_Cutover_Reporting,UI_Excel_Select_Xwalk_Source_Accommodations,facility,*ALL*,QXA4067,07:43.2
2973,COCYS,BB,BOARDER BABY,BB,N,NO MATCH,0,COCYS,,,,,N,Y,None,JKB0282,47:22.0,HCA\HGE3782,27:27.0,xrdcwddbsuip06,MTX_ACOE_Cutover_Reporting,UI_Excel_Select_Xwalk_Source_Accommodations,facility,*ALL*,QXA4067,07:43.2
2974,COCYS,CC,CRITICAL CARE UNIT,CC,N,NO MATCH,0,COCYS,,,,,N,Y,None,JKB0282,47:22.1,HCA\HGE3782,27:27.0,xrdcwddbsuip06,MTX_ACOE_Cutover_Reporting,UI_Excel_Select_Xwalk_Source_Accommodations,facility,*ALL*,QXA4067,07:43.2
2975,COCYS,EP,ER PCU,EP,N,NO MATCH,0,COCYS,,,,,N,Y,None,JKB0282,47:22.2,HCA\HGE3782,27:27.0,xrdcwddbsuip06,MTX_ACOE_Cutover_Reporting,UI_Excel_Select_Xwalk_Source_Accommodations,facility,*ALL*,QXA4067,07:43.2
2976,COCYS,ES,ER SEMI-PRIVATE,ES,N,NO MATCH,0,COCYS,,,,,N,Y,None,JKB0282,47:22.3,HCA\HGE3782,27:27.0,xrdcwddbsuip06,MTX_ACOE_Cutover_Reporting,UI_Excel_Select_Xwalk_Source_Accommodations,facility,*ALL*,QXA4067,07:43.2
2977,COCYS,IC,INTENSIVE CARE,IC,N,NO MATCH,0,COCYS,IC,INTENSIVE CARE,IC,Y,N,N,None,HGE3782,49:59.7,corpsvcmtxcutoverrpt_sql,14:06.0,xrdcwddbsuip06,MTX_ACOE_Cutover_Reporting,UI_Excel_Select_Xwalk_Source_Accommodations,facility,*ALL*,QXA4067,07:43.2
2978,COCYS,IN,NICU LEVEL 4,IN,N,NO MATCH,0,COCYS,,,,,N,Y,None,JKB0282,47:22.4,HCA\HGE3782,27:27.0,xrdcwddbsuip06,MTX_ACOE_Cutover_Reporting,UI_Excel_Select_Xwalk_Source_Accommodations,facility,*ALL*,QXA4067,07:43.2
2979,COCYS,IT,NICU LEVEL 2,IT,N,NO MATCH,0,COCYS,*,Not In Expanse,,,Y,Y,None,JKB0282,47:22.5,HCA\HGE3782,27:27.0,xrdcwddbsuip06,MTX_ACOE_Cutover_Reporting,UI_Excel_Select_Xwalk_Source_Accommodations,facility,*ALL*,QXA4067,07:43.2
2980,COCYS,K.IP,PEDIATRIC (ISOLATION),IP,N,NO MATCH,0,COCYS,,,,,N,Y,None,JKB0282,47:22.6,HCA\HGE3782,27:27.0,xrdcwddbsuip06,MTX_ACOE_Cutover_Reporting,UI_Excel_Select_Xwalk_Source_Accommodations,facility,*ALL*,QXA4067,07:43.2
2981,COCYS,L2,NURSERY LEVEL II,L2,N,NO MATCH,0,COCYS,L2,NEWBORN LEVEL II CARE,L2,Y,N,N,None,HGE3782,49:59.7,corpsvcmtxcutoverrpt_sql,14:06.0,xrdcwddbsuip06,MTX_ACOE_Cutover_Reporting,UI_Excel_Select_Xwalk_Source_Accommodations,facility,*ALL*,QXA4067,07:43.2
2982,COCYS,L3,NURSERY NICU LEVEL III,L3,N,NO MATCH,0,COCYS,L3,NEWBORN LEVEL III CARE,L3,Y,N,N,None,HGE3782,49:59.7,corpsvcmtxcutoverrpt_sql,14:06.0,xrdcwddbsuip06,MTX_ACOE_Cutover_Reporting,UI_Excel_Select_Xwalk_Source_Accommodations,facility,*ALL*,QXA4067,07:43.2
2983,COCYS,L4,NURSERY NICU LEVEL IV,L4,N,NO MATCH,0,COCYS,L4,NEWBORN LEVEL IV CARE,L4,Y,N,N,None,IIU4396,46:05.1,corpsvcmtxcutoverrpt_sql,14:06.0,xrdcwddbsuip06,MTX_ACOE_Cutover_Reporting,UI_Excel_Select_Xwalk_Source_Accommodations,facility,*ALL*,QXA4067,07:43.2
2984,COCYS,N1,LEVEL 1 NICU,N1,N,NO MATCH,0,COCYS,*,Not In Expanse,,,Y,Y,None,JKB0282,47:22.7,HCA\HGE3782,27:27.0,xrdcwddbsuip06,MTX_ACOE_Cutover_Reporting,UI_Excel_Select_Xwalk_Source_Accommodations,facility,*ALL*,QXA4067,07:43.2
2985,COCYS,N2,LEVEL 2 NICU,N2,N,NO MATCH,0,COCYS,*,Not In Expanse,,,Y,Y,None,JKB0282,47:22.8,HCA\HGE3782,27:27.0,xrdcwddbsuip06,MTX_ACOE_Cutover_Reporting,UI_Excel_Select_Xwalk_Source_Accommodations,facility,*ALL*,QXA4067,07:43.2
2986,COCYS,N3,LEVEL 3 NICU,N3,N,NO MATCH,0,COCYS,*,Not In Expanse,,,Y,Y,None,JKB0282,47:22.9,HCA\HGE3782,27:27.0,xrdcwddbsuip06,MTX_ACOE_Cutover_Reporting,UI_Excel_Select_Xwalk_Source_Accommodations,facility,*ALL*,QXA4067,07:43.2
2987,COCYS,NB,NEWBORN,NU,N,NO MATCH,0,COCYS,L1,NEWBORN LEVEL I CARE,L1,Y,N,N,None,IIU4396,47:36.7,corpsvcmtxcutoverrpt_sql,14:06.0,xrdcwddbsuip06,MTX_ACOE_Cutover_Reporting,UI_Excel_Select_Xwalk_Source_Accommodations,facility,*ALL*,QXA4067,07:43.2
2988,COCYS,NI,INTENSIVE CARE NURSERY,NI,N,NO MATCH,0,COCYS,,,,,N,Y,None,JKB0282,47:23.0,HCA\HGE3782,27:27.0,xrdcwddbsuip06,MTX_ACOE_Cutover_Reporting,UI_Excel_Select_Xwalk_Source_Accommodations,facility,*ALL*,QXA4067,07:43.2
2989,COCYS,NICU4,NICU LEVEL 4,N4,N,NO MATCH,0,COCYS,,,,,N,Y,None,JKB0282,47:23.1,HCA\HGE3782,27:27.0,xrdcwddbsuip06,MTX_ACOE_Cutover_Reporting,UI_Excel_Select_Xwalk_Source_Accommodations,facility,*ALL*,QXA4067,07:43.2
2990,COCYS,NURSERY,NEWBORN NURSERY,NY,N,NO MATCH,0,COCYS,,,,,N,Y,None,JKB0282,47:23.2,HCA\HGE3782,27:27.0,xrdcwddbsuip06,MTX_ACOE_Cutover_Reporting,UI_Excel_Select_Xwalk_Source_Accommodations,facility,*ALL*,QXA4067,07:43.2
2991,COCYS,P,PRIVATE ROOM,P,N,NO MATCH,0,COCYS,PR,PRIVATE ROOM,P,Y,N,N,None,HGE3782,49:59.8,corpsvcmtxcutoverrpt_sql,14:06.0,xrdcwddbsuip06,MTX_ACOE_Cutover_Reporting,UI_Excel_Select_Xwalk_Source_Accommodations,facility,*ALL*,QXA4067,07:43.2
2992,COCYS,PA,PEDIATRIC (ADULT BORDER),PA,N,NO MATCH,0,COCYS,,,,,N,Y,None,JKB0282,47:23.3,HCA\HGE3782,27:27.0,xrdcwddbsuip06,MTX_ACOE_Cutover_Reporting,UI_Excel_Select_Xwalk_Source_Accommodations,facility,*ALL*,QXA4067,07:43.2
2993,COCYS,PB,PEDIATRIC BOARDER,PB,N,NO MATCH,0,COCYS,,,,,N,Y,None,JKB0282,47:23.4,HCA\HGE3782,27:27.0,xrdcwddbsuip06,MTX_ACOE_Cutover_Reporting,UI_Excel_Select_Xwalk_Source_Accommodations,facility,*ALL*,QXA4067,07:43.2
2994,COCYS,PC,PROGRESSIVE CARE,PC,N,NO MATCH,0,COCYS,PC,PROGRESSIVE CARE,PC,Y,N,N,None,HGE3782,49:59.8,corpsvcmtxcutoverrpt_sql,14:06.0,xrdcwddbsuip06,MTX_ACOE_Cutover_Reporting,UI_Excel_Select_Xwalk_Source_Accommodations,facility,*ALL*,QXA4067,07:43.2
2995,COCYS,PI,PEDIATRIC ICU,PI,N,NO MATCH,0,COCYS,,,,,N,Y,None,JKB0282,47:23.5,HCA\HGE3782,27:27.0,xrdcwddbsuip06,MTX_ACOE_Cutover_Reporting,UI_Excel_Select_Xwalk_Source_Accommodations,facility,*ALL*,QXA4067,07:43.2
2996,COCYS,PN,PEDIATRIC (NURSERY),PN,N,NO MATCH,0,COCYS,,,,,N,Y,None,JKB0282,47:23.5,HCA\HGE3782,27:27.0,xrdcwddbsuip06,MTX_ACOE_Cutover_Reporting,UI_Excel_Select_Xwalk_Source_Accommodations,facility,*ALL*,QXA4067,07:43.2
2997,COCYS,PP,PROGRESSIVE CARE UNIT (PVT),PP,N,NO MATCH,0,COCYS,,,,,N,Y,None,JKB0282,47:23.6,HCA\HGE3782,27:27.0,xrdcwddbsuip06,MTX_ACOE_Cutover_Reporting,UI_Excel_Select_Xwalk_Source_Accommodations,facility,*ALL*,QXA4067,07:43.2
2998,COCYS,PT,PEDIATRIC TELEMETRY (PEDS AGE),PT,N,NO MATCH,0,COCYS,,,,,N,Y,None,JKB0282,47:23.7,HCA\HGE3782,27:27.0,xrdcwddbsuip06,MTX_ACOE_Cutover_Reporting,UI_Excel_Select_Xwalk_Source_Accommodations,facility,*ALL*,QXA4067,07:43.2
2999,COCYS,REH,REHAB,RH,N,NO MATCH,0,COCYS,R,REHABILITATION,RH,Y,N,N,None,HGE3782,49:59.8,corpsvcmtxcutoverrpt_sql,14:06.0,xrdcwddbsuip06,MTX_ACOE_Cutover_Reporting,UI_Excel_Select_Xwalk_Source_Accommodations,facility,*ALL*,QXA4067,07:43.2
3000,COCYS,REHAB,REHAB,RB,N,NO MATCH,0,COCYS,,,,,N,Y,None,JKB0282,47:23.8,HCA\HGE3782,27:27.0,xrdcwddbsuip06,MTX_ACOE_Cutover_Reporting,UI_Excel_Select_Xwalk_Source_Accommodations,facility,*ALL*,QXA4067,07:43.2
3001,COCYS,S,SEMI-PRIVATE ROOM,S,N,NO MATCH,0,COCYS,,,,,N,Y,None,JKB0282,47:23.9,HCA\HGE3782,27:27.0,xrdcwddbsuip06,MTX_ACOE_Cutover_Reporting,UI_Excel_Select_Xwalk_Source_Accommodations,facility,*ALL*,QXA4067,07:43.2
3002,COCYS,SC,NICU LEVEL 3,SC,N,NO MATCH,0,COCYS,,,,,N,Y,None,JKB0282,47:24.0,HCA\HGE3782,27:27.0,xrdcwddbsuip06,MTX_ACOE_Cutover_Reporting,UI_Excel_Select_Xwalk_Source_Accommodations,facility,*ALL*,QXA4067,07:43.2
3003,COCYS,SI,SURGICAL ICU,SI,N,NO MATCH,0,COCYS,,,,,N,Y,None,JKB0282,47:24.1,HCA\HGE3782,27:27.0,xrdcwddbsuip06,MTX_ACOE_Cutover_Reporting,UI_Excel_Select_Xwalk_Source_Accommodations,facility,*ALL*,QXA4067,07:43.2
3004,COCYS,SP,SP (CONVERSION)(DO NOT USE),SP,N,NO MATCH,0,COCYS,,,,,N,Y,None,JKB0282,47:24.2,HCA\HGE3782,27:27.0,xrdcwddbsuip06,MTX_ACOE_Cutover_Reporting,UI_Excel_Select_Xwalk_Source_Accommodations,facility,*ALL*,QXA4067,07:43.2
3005,COCYS,TEL,TELEMETRY,TE,N,NO MATCH,0,COCYS,TEL,TELEMETRY,TE,Y,N,N,None,HGE3782,49:59.9,corpsvcmtxcutoverrpt_sql,14:06.0,xrdcwddbsuip06,MTX_ACOE_Cutover_Reporting,UI_Excel_Select_Xwalk_Source_Accommodations,facility,*ALL*,QXA4067,07:43.2
3006,COCYS,TR,TRAUMA,TR,N,NO MATCH,0,COCYS,TR,TRAUMA,TR,Y,N,N,None,HGE3782,49:59.9,corpsvcmtxcutoverrpt_sql,14:06.0,xrdcwddbsuip06,MTX_ACOE_Cutover_Reporting,UI_Excel_Select_Xwalk_Source_Accommodations,facility,*ALL*,QXA4067,07:43.2
3007,COCZN,BB,BOARDER BABY,BB,Y,"TEST (2026-04-21),ZCON (2026-04-21),LIVE (2026-02-12)",0,COCZN,PR,PRIVATE ROOOM,PR,N,Y,N,None,DOF3224,15:12.1,corpsvcmtxcutoverrpt_sql,38:19.0,xrdcwddbsuip06,MTX_ACOE_Cutover_Reporting,UI_Excel_Select_Xwalk_Source_Accommodations,facility,*ALL*,QXA4067,07:43.2
3008,COCZN,CC,CORONARY CARE,CC,Y,"TEST (2026-04-21),ZCON (2026-04-21),LIVE (2026-02-12)",0,COCZN,PR,PRIVATE ROOOM,PR,N,Y,N,None,DOF3224,15:12.1,corpsvcmtxcutoverrpt_sql,38:19.0,xrdcwddbsuip06,MTX_ACOE_Cutover_Reporting,UI_Excel_Select_Xwalk_Source_Accommodations,facility,*ALL*,QXA4067,07:43.2
3009,COCZN,ED,EMERGENGY DEPARTMENT INPATIENT,ED,Y,"TEST (2026-04-21),ZCON (2026-04-21),LIVE (2026-02-12)",0,COCZN,PR,PRIVATE ROOOM,PR,N,Y,N,None,DOF3224,15:12.1,corpsvcmtxcutoverrpt_sql,38:19.0,xrdcwddbsuip06,MTX_ACOE_Cutover_Reporting,UI_Excel_Select_Xwalk_Source_Accommodations,facility,*ALL*,QXA4067,07:43.2
3010,COCZN,ER,EMERGENCY DEPARTMENT,ER,Y,"TEST (2026-04-21),ZCON (2026-04-21),LIVE (2026-02-12)",0,COCZN,PR,PRIVATE ROOOM,PR,N,Y,N,None,DOF3224,15:12.1,corpsvcmtxcutoverrpt_sql,38:19.0,xrdcwddbsuip06,MTX_ACOE_Cutover_Reporting,UI_Excel_Select_Xwalk_Source_Accommodations,facility,*ALL*,QXA4067,07:43.2
3011,COCZN,GP,GERIATRIC PSYCHIATRY,GP,Y,"TEST (2026-04-21),ZCON (2026-04-21),LIVE (2026-02-12)",0,COCZN,BH,BEHAVIORAL HEALTH,BH,Y,Y,N,None,DOF3224,15:12.1,corpsvcmtxcutoverrpt_sql,38:19.0,xrdcwddbsuip06,MTX_ACOE_Cutover_Reporting,UI_Excel_Select_Xwalk_Source_Accommodations,facility,*ALL*,QXA4067,07:43.2
3012,COCZN,GY,GYNECOLOGY,GY,Y,"TEST (2026-04-21),ZCON (2026-04-21),LIVE (2026-02-12)",0,COCZN,PR,PRIVATE ROOOM,PR,N,Y,N,None,DOF3224,15:12.1,corpsvcmtxcutoverrpt_sql,38:19.0,xrdcwddbsuip06,MTX_ACOE_Cutover_Reporting,UI_Excel_Select_Xwalk_Source_Accommodations,facility,*ALL*,QXA4067,07:43.2
3013,COCZN,HC,Hospice Care,HC,Y,"TEST (2026-04-21),ZCON (2026-04-21),LIVE (2026-02-12)",0,COCZN,PR,PRIVATE ROOOM,PR,N,Y,N,None,DOF3224,15:12.1,corpsvcmtxcutoverrpt_sql,38:19.0,xrdcwddbsuip06,MTX_ACOE_Cutover_Reporting,UI_Excel_Select_Xwalk_Source_Accommodations,facility,*ALL*,QXA4067,07:43.2
3014,COCZN,IC,INTENSIVE CARE,IC,Y,"TEST (2026-04-21),ZCON (2026-04-21),LIVE (2026-02-12)",0,COCZN,IC,INTENSIVE CARE,IC,Y,Y,N,None,DOF3224,15:12.2,corpsvcmtxcutoverrpt_sql,38:19.0,xrdcwddbsuip06,MTX_ACOE_Cutover_Reporting,UI_Excel_Select_Xwalk_Source_Accommodations,facility,*ALL*,QXA4067,07:43.2
3015,COCZN,IS,ISOLATION,IS,Y,"TEST (2026-04-21),ZCON (2026-04-21),LIVE (2026-02-12)",0,COCZN,PR,PRIVATE ROOOM,PR,N,Y,N,None,DOF3224,15:12.2,corpsvcmtxcutoverrpt_sql,38:19.0,xrdcwddbsuip06,MTX_ACOE_Cutover_Reporting,UI_Excel_Select_Xwalk_Source_Accommodations,facility,*ALL*,QXA4067,07:43.2
3016,COCZN,JP,JUSTIFIED PRIVATE,JP,Y,"TEST (2026-04-21),ZCON (2026-04-21),LIVE (2026-02-12)",0,COCZN,PR,PRIVATE ROOOM,PR,N,Y,N,None,DOF3224,15:12.2,corpsvcmtxcutoverrpt_sql,38:19.0,xrdcwddbsuip06,MTX_ACOE_Cutover_Reporting,UI_Excel_Select_Xwalk_Source_Accommodations,facility,*ALL*,QXA4067,07:43.2
3017,COCZN,LA,LEAVE OF ABSENCE,LA,Y,"TEST (2026-04-21),ZCON (2026-04-21),LIVE (2026-02-12)",0,COCZN,PR,PRIVATE ROOOM,PR,N,Y,N,None,DOF3224,15:12.2,corpsvcmtxcutoverrpt_sql,38:19.0,xrdcwddbsuip06,MTX_ACOE_Cutover_Reporting,UI_Excel_Select_Xwalk_Source_Accommodations,facility,*ALL*,QXA4067,07:43.2
3018,COCZN,MC,MONITORED CARE,MC,Y,"TEST (2026-04-21),ZCON (2026-04-21),LIVE (2026-02-12)",0,COCZN,TEL,TELEMETRY,TE,Y,Y,N,None,QVO8748,10:05.2,corpsvcmtxcutoverrpt_sql,38:19.0,xrdcwddbsuip06,MTX_ACOE_Cutover_Reporting,UI_Excel_Select_Xwalk_Source_Accommodations,facility,*ALL*,QXA4067,07:43.2
3019,COCZN,MS,MEDICAL STABILIZATION,MS,Y,"TEST (2026-04-21),ZCON (2026-04-21),LIVE (2026-02-12)",0,COCZN,PR,PRIVATE ROOOM,PR,N,Y,N,None,DOF3224,15:12.2,corpsvcmtxcutoverrpt_sql,38:19.0,xrdcwddbsuip06,MTX_ACOE_Cutover_Reporting,UI_Excel_Select_Xwalk_Source_Accommodations,facility,*ALL*,QXA4067,07:43.2
3020,COCZN,MSTB,Medical Stabilization,MB,N,NO MATCH,0,COCZN,,,,,N,Y,None,FRE8115,42:21.5,corpsvcmtxcutoverrpt_sql,38:19.0,xrdcwddbsuip06,MTX_ACOE_Cutover_Reporting,UI_Excel_Select_Xwalk_Source_Accommodations,facility,*ALL*,QXA4067,07:43.2
3021,COCZN,NB,NURSERY,NB,Y,"TEST (2026-04-21),ZCON (2026-04-21),LIVE (2026-02-12)",0,COCZN,PR,PRIVATE ROOOM,PR,N,Y,N,None,DOF3224,15:12.2,corpsvcmtxcutoverrpt_sql,38:19.0,xrdcwddbsuip06,MTX_ACOE_Cutover_Reporting,UI_Excel_Select_Xwalk_Source_Accommodations,facility,*ALL*,QXA4067,07:43.2
3022,COCZN,OB,OBSTETRICS,OB,Y,"TEST (2026-04-21),ZCON (2026-04-21),LIVE (2026-02-12)",0,COCZN,PR,PRIVATE ROOOM,PR,N,Y,N,None,DOF3224,15:12.2,corpsvcmtxcutoverrpt_sql,38:19.0,xrdcwddbsuip06,MTX_ACOE_Cutover_Reporting,UI_Excel_Select_Xwalk_Source_Accommodations,facility,*ALL*,QXA4067,07:43.2
3023,COCZN,PC,PROGRESSIVE CARE,PC,Y,"TEST (2026-04-21),ZCON (2026-04-21),LIVE (2026-02-12)",0,COCZN,PC,PROGRESSIVE CARE,PC,Y,Y,N,None,DOF3224,15:12.2,corpsvcmtxcutoverrpt_sql,38:19.0,xrdcwddbsuip06,MTX_ACOE_Cutover_Reporting,UI_Excel_Select_Xwalk_Source_Accommodations,facility,*ALL*,QXA4067,07:43.2
3024,COCZN,SC,SURGICAL CARE,SC,Y,"TEST (2026-04-21),ZCON (2026-04-21),LIVE (2026-02-12)",0,COCZN,PR,PRIVATE ROOOM,PR,N,Y,N,None,DOF3224,15:12.2,corpsvcmtxcutoverrpt_sql,38:19.0,xrdcwddbsuip06,MTX_ACOE_Cutover_Reporting,UI_Excel_Select_Xwalk_Source_Accommodations,facility,*ALL*,QXA4067,07:43.2
3025,COCZN,SO,SEMI-OB,SO,N,NO MATCH,0,COCZN,,,,,N,Y,None,FRE8115,42:21.5,corpsvcmtxcutoverrpt_sql,38:19.0,xrdcwddbsuip06,MTX_ACOE_Cutover_Reporting,UI_Excel_Select_Xwalk_Source_Accommodations,facility,*ALL*,QXA4067,07:43.2
3026,COCZN,SP,SEMI-PRIVATE ROOM,S,Y,"TEST (2026-04-21),ZCON (2026-04-21),LIVE (2026-02-12)",0,COCZN,PR,PRIVATE ROOOM,PR,N,Y,N,None,DOF3224,15:12.2,corpsvcmtxcutoverrpt_sql,38:19.0,xrdcwddbsuip06,MTX_ACOE_Cutover_Reporting,UI_Excel_Select_Xwalk_Source_Accommodations,facility,*ALL*,QXA4067,07:43.2
3027,COCZN,SPP,SEMI-PVT PEDS,SP,Y,"TEST (2026-04-21),ZCON (2026-04-21),LIVE (2026-02-12)",0,COCZN,PR,PRIVATE ROOOM,PR,Y,Y,N,None,DOF3224,15:12.2,corpsvcmtxcutoverrpt_sql,38:19.0,xrdcwddbsuip06,MTX_ACOE_Cutover_Reporting,UI_Excel_Select_Xwalk_Source_Accommodations,facility,*ALL*,QXA4067,07:43.2
3028,COCZN,TC,Transitional Care,TC,Y,"TEST (2026-04-21),ZCON (2026-04-21),LIVE (2026-02-12)",0,COCZN,PR,PRIVATE ROOOM,PR,N,Y,N,None,DOF3224,15:12.2,corpsvcmtxcutoverrpt_sql,38:19.0,xrdcwddbsuip06,MTX_ACOE_Cutover_Reporting,UI_Excel_Select_Xwalk_Source_Accommodations,facility,*ALL*,QXA4067,07:43.2
3029,COCZN,TCP,TRANSITIONAL CARE PROGRAM,TP,N,NO MATCH,0,COCZN,,,,,N,Y,None,FRE8115,42:21.5,corpsvcmtxcutoverrpt_sql,38:19.0,xrdcwddbsuip06,MTX_ACOE_Cutover_Reporting,UI_Excel_Select_Xwalk_Source_Accommodations,facility,*ALL*,QXA4067,07:43.2
3030,COCZN,TM,TELEMETRY MONITOR,T,Y,"TEST (2026-04-21),ZCON (2026-04-21),LIVE (2026-02-12)",0,COCZN,TEL,TELEMETRY,TE,Y,Y,N,None,QVO8748,10:05.2,corpsvcmtxcutoverrpt_sql,38:19.0,xrdcwddbsuip06,MTX_ACOE_Cutover_Reporting,UI_Excel_Select_Xwalk_Source_Accommodations,facility,*ALL*,QXA4067,07:43.2
3031,COCZR,BC,BIRTHING CENTER,BC,Y,"TEST (2026-04-21),ZCON (2026-04-21),LIVE (2026-02-12)",0,COCZR,PR,PRIVATE ROOM,PR,Y,Y,N,None,QVO8748,24:11.7,corpsvcmtxcutoverrpt_sql,38:19.0,xrdcwddbsuip06,MTX_ACOE_Cutover_Reporting,UI_Excel_Select_Xwalk_Source_Accommodations,facility,*ALL*,QXA4067,07:43.2
3032,COCZR,CC,CORONARY CARE,CC,Y,"TEST (2026-04-21),ZCON (2026-04-21),LIVE (2026-02-12)",0,COCZR,PR,PRIVATE ROOM,PR,Y,Y,N,None,QVO8748,24:11.8,corpsvcmtxcutoverrpt_sql,38:19.0,xrdcwddbsuip06,MTX_ACOE_Cutover_Reporting,UI_Excel_Select_Xwalk_Source_Accommodations,facility,*ALL*,QXA4067,07:43.2
3033,COCZR,ED,EMERGENGY DEPARTMENT INPATIENT,ED,Y,"TEST (2026-04-21),ZCON (2026-04-21),LIVE (2026-02-12)",0,COCZR,PR,PRIVATE ROOM,PR,Y,Y,N,None,QVO8748,24:11.8,corpsvcmtxcutoverrpt_sql,38:19.0,xrdcwddbsuip06,MTX_ACOE_Cutover_Reporting,UI_Excel_Select_Xwalk_Source_Accommodations,facility,*ALL*,QXA4067,07:43.2
3034,COCZR,IC,INTENSIVE CARE,IC,Y,"TEST (2026-04-21),ZCON (2026-04-21),LIVE (2026-02-12)",0,COCZR,IC,INTENSIVE CARE,IC,Y,Y,N,None,QVO8748,24:11.9,corpsvcmtxcutoverrpt_sql,38:19.0,xrdcwddbsuip06,MTX_ACOE_Cutover_Reporting,UI_Excel_Select_Xwalk_Source_Accommodations,facility,*ALL*,QXA4067,07:43.2
3035,COCZR,IN,INTENSIVE NURSERY,IN,Y,"TEST (2026-04-21),ZCON (2026-04-21),LIVE (2026-02-12)",0,COCZR,PR,PRIVATE ROOM,PR,Y,Y,N,None,QVO8748,24:11.9,corpsvcmtxcutoverrpt_sql,38:19.0,xrdcwddbsuip06,MTX_ACOE_Cutover_Reporting,UI_Excel_Select_Xwalk_Source_Accommodations,facility,*ALL*,QXA4067,07:43.2
3036,COCZR,IS,ISOLATION,IS,Y,"TEST (2026-04-21),ZCON (2026-04-21),LIVE (2026-02-12)",0,COCZR,PR,PRIVATE ROOM,PR,Y,Y,N,None,QVO8748,24:11.9,corpsvcmtxcutoverrpt_sql,38:19.0,xrdcwddbsuip06,MTX_ACOE_Cutover_Reporting,UI_Excel_Select_Xwalk_Source_Accommodations,facility,*ALL*,QXA4067,07:43.2
3037,COCZR,JP,JUSTIFIED PRIVATE,JP,Y,"TEST (2026-04-21),ZCON (2026-04-21),LIVE (2026-02-12)",0,COCZR,PR,PRIVATE ROOM,PR,Y,Y,N,None,QVO8748,24:12.0,corpsvcmtxcutoverrpt_sql,38:19.0,xrdcwddbsuip06,MTX_ACOE_Cutover_Reporting,UI_Excel_Select_Xwalk_Source_Accommodations,facility,*ALL*,QXA4067,07:43.2
3038,COCZR,L2,NURSERY LEVEL II,L2,Y,"TEST (2026-04-21),ZCON (2026-04-21),LIVE (2026-02-12)",0,COCZR,PR,PRIVATE ROOM,PR,Y,Y,N,None,QVO8748,24:12.0,corpsvcmtxcutoverrpt_sql,38:19.0,xrdcwddbsuip06,MTX_ACOE_Cutover_Reporting,UI_Excel_Select_Xwalk_Source_Accommodations,facility,*ALL*,QXA4067,07:43.2
3039,COCZR,N2,NICU LEVEL 2,N2,Y,"TEST (2026-04-21),ZCON (2026-04-21),LIVE (2026-02-12)",0,COCZR,PR,PRIVATE ROOM,PR,Y,Y,N,None,QVO8748,24:12.0,corpsvcmtxcutoverrpt_sql,38:19.0,xrdcwddbsuip06,MTX_ACOE_Cutover_Reporting,UI_Excel_Select_Xwalk_Source_Accommodations,facility,*ALL*,QXA4067,07:43.2
3040,COCZR,NB,NURSERY,NB,Y,"TEST (2026-04-21),ZCON (2026-04-21),LIVE (2026-02-12)",0,COCZR,PR,PRIVATE ROOM,PR,Y,Y,N,None,QVO8748,24:12.1,corpsvcmtxcutoverrpt_sql,38:19.0,xrdcwddbsuip06,MTX_ACOE_Cutover_Reporting,UI_Excel_Select_Xwalk_Source_Accommodations,facility,*ALL*,QXA4067,07:43.2
3041,COCZR,NI,NURSERY ISOLATION,NI,Y,"TEST (2026-04-21),ZCON (2026-04-21),LIVE (2026-02-12)",0,COCZR,PR,PRIVATE ROOM,PR,Y,Y,N,None,QVO8748,24:12.1,corpsvcmtxcutoverrpt_sql,38:19.0,xrdcwddbsuip06,MTX_ACOE_Cutover_Reporting,UI_Excel_Select_Xwalk_Source_Accommodations,facility,*ALL*,QXA4067,07:43.2
3042,COCZR,NU,NEWBORN - LEVEL III,NU,N,"TEST (2026-04-21),ZCON (2026-04-21),LIVE (2026-02-12)",0,COCZR,PR,PRIVATE ROOM,PR,Y,N,Y,None,QVO8748,24:12.2,corpsvcmtxcutoverrpt_sql,38:19.0,xrdcwddbsuip06,MTX_ACOE_Cutover_Reporting,UI_Excel_Select_Xwalk_Source_Accommodations,facility,*ALL*,QXA4067,07:43.2
3043,COCZR,OP,OUTPATIENT WAITING FOR BED N/O,OP,Y,"TEST (2026-04-21),ZCON (2026-04-21),LIVE (2026-02-12)",0,COCZR,PR,PRIVATE ROOM,PR,Y,Y,N,None,QVO8748,24:12.2,corpsvcmtxcutoverrpt_sql,38:19.0,xrdcwddbsuip06,MTX_ACOE_Cutover_Reporting,UI_Excel_Select_Xwalk_Source_Accommodations,facility,*ALL*,QXA4067,07:43.2
3044,COCZR,OT,ORTHOPEDICS,OT,Y,"TEST (2026-04-21),ZCON (2026-04-21),LIVE (2026-02-12)",0,COCZR,PR,PRIVATE ROOM,PR,Y,Y,N,None,QVO8748,24:12.2,corpsvcmtxcutoverrpt_sql,38:19.0,xrdcwddbsuip06,MTX_ACOE_Cutover_Reporting,UI_Excel_Select_Xwalk_Source_Accommodations,facility,*ALL*,QXA4067,07:43.2
3045,COCZR,PR,PRIVATE ROOM,P,Y,"TEST (2026-04-21),ZCON (2026-04-21),LIVE (2026-02-12)",0,COCZR,PR,PRIVATE ROOM,PR,Y,Y,N,None,QVO8748,24:12.3,corpsvcmtxcutoverrpt_sql,38:19.0,xrdcwddbsuip06,MTX_ACOE_Cutover_Reporting,UI_Excel_Select_Xwalk_Source_Accommodations,facility,*ALL*,QXA4067,07:43.2
3046,COCZR,RH,REHAB,RH,Y,"TEST (2026-04-21),ZCON (2026-04-21),LIVE (2026-02-12)",0,COCZR,PR,PRIVATE ROOM,PR,Y,Y,N,None,QVO8748,24:12.3,corpsvcmtxcutoverrpt_sql,38:19.0,xrdcwddbsuip06,MTX_ACOE_Cutover_Reporting,UI_Excel_Select_Xwalk_Source_Accommodations,facility,*ALL*,QXA4067,07:43.2
3047,COCZR,SC,SURGICAL CARE,SC,Y,"TEST (2026-04-21),ZCON (2026-04-21),LIVE (2026-02-12)",0,COCZR,PR,PRIVATE ROOM,PR,Y,Y,N,None,QVO8748,24:12.3,corpsvcmtxcutoverrpt_sql,38:19.0,xrdcwddbsuip06,MTX_ACOE_Cutover_Reporting,UI_Excel_Select_Xwalk_Source_Accommodations,facility,*ALL*,QXA4067,07:43.2
3048,COCZR,SK,SKILLED NURSING,SK,Y,"TEST (2026-04-21),ZCON (2026-04-21),LIVE (2026-02-12)",0,COCZR,PR,PRIVATE ROOM,PR,Y,Y,N,None,QVO8748,24:12.3,corpsvcmtxcutoverrpt_sql,38:19.0,xrdcwddbsuip06,MTX_ACOE_Cutover_Reporting,UI_Excel_Select_Xwalk_Source_Accommodations,facility,*ALL*,QXA4067,07:43.2
3049,COCZR,SP,SEMI-PRIVATE ROOM,S,Y,"TEST (2026-04-21),ZCON (2026-04-21),LIVE (2026-02-12)",0,COCZR,SP,SEMI PRIVATE ROOM,SP,Y,Y,N,None,QVO8748,32:29.7,corpsvcmtxcutoverrpt_sql,38:19.0,xrdcwddbsuip06,MTX_ACOE_Cutover_Reporting,UI_Excel_Select_Xwalk_Source_Accommodations,facility,*ALL*,QXA4067,07:43.2
3050,COCZR,TEL,TELEMETRY,TE,Y,"TEST (2026-04-21),ZCON (2026-04-21),LIVE (2026-02-12)",0,COCZR,TEL,TELEMETRY,TE,Y,Y,N,None,QVO8748,24:12.4,corpsvcmtxcutoverrpt_sql,38:19.0,xrdcwddbsuip06,MTX_ACOE_Cutover_Reporting,UI_Excel_Select_Xwalk_Source_Accommodations,facility,*ALL*,QXA4067,07:43.2
3051,COCZR,TR,TRAUMA,TR,Y,"TEST (2026-04-21),ZCON (2026-04-21),LIVE (2026-02-12)",0,COCZR,TR,TRAUMA,TR,Y,Y,N,None,QVO8748,24:12.4,corpsvcmtxcutoverrpt_sql,38:19.0,xrdcwddbsuip06,MTX_ACOE_Cutover_Reporting,UI_Excel_Select_Xwalk_Source_Accommodations,facility,*ALL*,QXA4067,07:43.2
3052,COCZR,ZZ,CONVERSION,ZZ,Y,"TEST (2026-04-21),ZCON (2026-04-21),LIVE (2026-02-12)",0,COCZR,PR,PRIVATE ROOM,PR,Y,Y,N,None,QVO8748,24:12.5,corpsvcmtxcutoverrpt_sql,38:19.0,xrdcwddbsuip06,MTX_ACOE_Cutover_Reporting,UI_Excel_Select_Xwalk_Source_Accommodations,facility,*ALL*,QXA4067,07:43.2
