ECCS_Clone_RowId,FacilityMnem_Source,Accommodation_Mnem_Source,Accommodation_Name_Source,PA_Code_Source,Active_Source,TargetMatchMtx,DB_RecordCount,FacilityMnem_Target,Accommodation_Mnem_Target,Accommodation_Name_Target,PA_Code_Target,Active_Target,DisplayCurrentValues,ExcludeFromSharepoint,Action To Take,Update_User,Update_Datetime,System_Update_User,System_Update_Datetime,ECCS_SourceServer,ECCS_SourceDatabase,ECCS_SourceProcedure,ECCS_ScopeKind,ECCS_ScopeValue,ECCS_SourceUser,ECCS_ClonedAtUtc
1,CMCH,___N/A___20260602163331,Net New Expanse Accommodation--no MT56 data,___,N,"TEST (2026-09-20),ZCON (2026-09-20),LIVE (2026-09-04)",0,CMCH,TR,TRAUMA,TR,Y,Y,N,None,MLT6916,2026-06-02 16:34:18.093000,HCA\MLT6916,2026-06-02 16:33:31.343000,xrdcwddbsuip06,MTX_ACOE_Cutover_Reporting,UI_Excel_Select_Xwalk_Source_Accommodations,facility,*ALL*,QXA4067,2026-09-21 01:07:43.137000
2,CMCH,Continuing Newborn,Continuing Newborn,L2,Y,"TEST (2026-09-20),ZCON (2026-09-20),LIVE (2026-09-04)",0,CMCH,L2,NEWBORN LEVEL II CARE,L2,Y,Y,N,None,IIU4396,2026-05-05 10:32:24.657000,HCA\FOB4034,2026-05-01 09:00:43.100000,xrdcwddbsuip06,MTX_ACOE_Cutover_Reporting,UI_Excel_Select_Xwalk_Source_Accommodations,facility,*ALL*,QXA4067,2026-09-21 01:07:43.137000
3,CMCH,ERHOLD ICU,ERHOLD ICU,EI,Y,"TEST (2026-09-20),ZCON (2026-09-20),LIVE (2026-09-04)",0,CMCH,IC,INTENSIVE CARE,IC,Y,Y,N,None,IIU4396,2026-05-05 10:32:24.687000,HCA\FOB4034,2026-05-01 09:00:43.100000,xrdcwddbsuip06,MTX_ACOE_Cutover_Reporting,UI_Excel_Select_Xwalk_Source_Accommodations,facility,*ALL*,QXA4067,2026-09-21 01:07:43.138000
4,CMCH,ERHOLD Med Surg,ERHOLD Med Surg,EM,Y,"TEST (2026-09-20),ZCON (2026-09-20),LIVE (2026-09-04)",0,CMCH,PR,PRIVATE ROOM,PR,Y,Y,N,None,MLT6916,2026-06-02 16:27:38.677000,HCA\FOB4034,2026-05-01 09:00:43.100000,xrdcwddbsuip06,MTX_ACOE_Cutover_Reporting,UI_Excel_Select_Xwalk_Source_Accommodations,facility,*ALL*,QXA4067,2026-09-21 01:07:43.138000
5,CMCH,ERHOLD PCU,ERHOLD PCU,EP,Y,"TEST (2026-09-20),ZCON (2026-09-20),LIVE (2026-09-04)",0,CMCH,PC,PROGRESSIVE CARE,PC,Y,Y,N,None,IIU4396,2026-05-05 10:32:24.757000,HCA\FOB4034,2026-05-01 09:00:43.100000,xrdcwddbsuip06,MTX_ACOE_Cutover_Reporting,UI_Excel_Select_Xwalk_Source_Accommodations,facility,*ALL*,QXA4067,2026-09-21 01:07:43.138000
6,CMCH,ERHOLD Telemetry,ERHOLD Telemetry,ET,Y,"TEST (2026-09-20),ZCON (2026-09-20),LIVE (2026-09-04)",0,CMCH,TEL,not mapped in PA,TE,Y,Y,N,None,MLT6916,2026-06-02 16:27:38.700000,HCA\FOB4034,2026-05-01 09:00:43.100000,xrdcwddbsuip06,MTX_ACOE_Cutover_Reporting,UI_Excel_Select_Xwalk_Source_Accommodations,facility,*ALL*,QXA4067,2026-09-21 01:07:43.138000
7,CMCH,ICU,ICU,,Y,"TEST (2026-09-20),ZCON (2026-09-20),LIVE (2026-09-04)",0,CMCH,IC,INTENSIVE CARE,IC,Y,Y,N,None,IIU4396,2026-05-05 10:32:24.820000,HCA\FOB4034,2026-05-01 09:00:43.100000,xrdcwddbsuip06,MTX_ACOE_Cutover_Reporting,UI_Excel_Select_Xwalk_Source_Accommodations,facility,*ALL*,QXA4067,2026-09-21 01:07:43.138000
8,CMCH,ICU Semi,ICU Semi,,Y,"TEST (2026-09-20),ZCON (2026-09-20),LIVE (2026-09-04)",0,CMCH,IC,INTENSIVE CARE,IC,Y,Y,N,None,IIU4396,2026-05-05 10:32:24.850000,HCA\FOB4034,2026-05-01 09:00:43.100000,xrdcwddbsuip06,MTX_ACOE_Cutover_Reporting,UI_Excel_Select_Xwalk_Source_Accommodations,facility,*ALL*,QXA4067,2026-09-21 01:07:43.138000
9,CMCH,ICU Step Down,ICU Step Down,,Y,"TEST (2026-09-20),ZCON (2026-09-20),LIVE (2026-09-04)",0,CMCH,IC,INTENSIVE CARE,IC,Y,Y,N,None,IIU4396,2026-05-05 10:32:24.887000,HCA\FOB4034,2026-05-01 09:00:43.100000,xrdcwddbsuip06,MTX_ACOE_Cutover_Reporting,UI_Excel_Select_Xwalk_Source_Accommodations,facility,*ALL*,QXA4067,2026-09-21 01:07:43.138000
10,CMCH,ICU-Daily Care,ICU-Daily Care,#N/A,Y,"TEST (2026-09-20),ZCON (2026-09-20),LIVE (2026-09-04)",0,CMCH,IC,INTENSIVE CARE,IC,Y,Y,N,None,IIU4396,2026-05-05 10:32:24.917000,HCA\FOB4034,2026-05-01 09:00:43.100000,xrdcwddbsuip06,MTX_ACOE_Cutover_Reporting,UI_Excel_Select_Xwalk_Source_Accommodations,facility,*ALL*,QXA4067,2026-09-21 01:07:43.138000
11,CMCH,ICU-General with ECMO,ICU-General with ECMO,,Y,NO MATCH,0,CMCH,ECMO,ECMO,ECMO,Y,Y,N,None,IIU4396,2026-05-06 09:16:08.970000,HCA\FOB4034,2026-05-01 09:00:43.100000,xrdcwddbsuip06,MTX_ACOE_Cutover_Reporting,UI_Excel_Select_Xwalk_Source_Accommodations,facility,*ALL*,QXA4067,2026-09-21 01:07:43.138000
12,CMCH,ICU-Med Surg Daily Care,ICU-Med Surg Daily Care,#N/A,Y,"TEST (2026-09-20),ZCON (2026-09-20),LIVE (2026-09-04)",0,CMCH,IC,INTENSIVE CARE,IC,Y,Y,N,None,IIU4396,2026-05-05 10:32:24.973000,HCA\FOB4034,2026-05-01 09:00:43.100000,xrdcwddbsuip06,MTX_ACOE_Cutover_Reporting,UI_Excel_Select_Xwalk_Source_Accommodations,facility,*ALL*,QXA4067,2026-09-21 01:07:43.138000
13,CMCH,ICU-PCU Daily Care,ICU-PCU Daily Care,#N/A,Y,"TEST (2026-09-20),ZCON (2026-09-20),LIVE (2026-09-04)",0,CMCH,IC,INTENSIVE CARE,IC,Y,Y,N,None,IIU4396,2026-05-05 10:32:25.003000,HCA\FOB4034,2026-05-01 09:00:43.100000,xrdcwddbsuip06,MTX_ACOE_Cutover_Reporting,UI_Excel_Select_Xwalk_Source_Accommodations,facility,*ALL*,QXA4067,2026-09-21 01:07:43.138000
14,CMCH,ICU-Tele Daily Care,ICU-Tele Daily Care,#N/A,Y,"TEST (2026-09-20),ZCON (2026-09-20),LIVE (2026-09-04)",0,CMCH,IC,INTENSIVE CARE,IC,Y,Y,N,None,IIU4396,2026-05-05 10:32:25.033000,HCA\FOB4034,2026-05-01 09:00:43.100000,xrdcwddbsuip06,MTX_ACOE_Cutover_Reporting,UI_Excel_Select_Xwalk_Source_Accommodations,facility,*ALL*,QXA4067,2026-09-21 01:07:43.138000
15,CMCH,ICU-Trauma Daily Care,ICU-Trauma Daily Care,#N/A,Y,"TEST (2026-09-20),ZCON (2026-09-20),LIVE (2026-09-04)",0,CMCH,IC,INTENSIVE CARE,IC,Y,Y,N,None,IIU4396,2026-05-05 10:32:25.060000,HCA\FOB4034,2026-05-01 09:00:43.100000,xrdcwddbsuip06,MTX_ACOE_Cutover_Reporting,UI_Excel_Select_Xwalk_Source_Accommodations,facility,*ALL*,QXA4067,2026-09-21 01:07:43.138000
16,CMCH,ICU-Trauma with ECMO,ICU-Trauma with ECMO,,Y,"TEST (2026-09-20),LIVE (2026-09-04)",0,CMCH,TREC,TRAUMA ECMO,TREC,Y,Y,N,None,IIU4396,2026-05-06 09:20:29.403000,HCA\FOB4034,2026-05-01 09:00:43.100000,xrdcwddbsuip06,MTX_ACOE_Cutover_Reporting,UI_Excel_Select_Xwalk_Source_Accommodations,facility,*ALL*,QXA4067,2026-09-21 01:07:43.138000
17,CMCH,Intensive Newborn,Intensive Newborn,L4,Y,"TEST (2026-09-20),ZCON (2026-09-20),LIVE (2026-09-04)",0,CMCH,L4,NEWBORN LEVEL IV CARE,L4,Y,Y,N,None,IIU4396,2026-05-05 10:32:25.120000,HCA\FOB4034,2026-05-01 09:00:43.100000,xrdcwddbsuip06,MTX_ACOE_Cutover_Reporting,UI_Excel_Select_Xwalk_Source_Accommodations,facility,*ALL*,QXA4067,2026-09-21 01:07:43.138000
18,CMCH,Intermediate Newborn,Intermediate Newborn,L3,Y,"TEST (2026-09-20),ZCON (2026-09-20),LIVE (2026-09-04)",0,CMCH,L3,NEWBORN LEVEL III CARE,L3,Y,Y,N,None,IIU4396,2026-05-05 10:32:25.157000,HCA\FOB4034,2026-05-01 09:00:43.100000,xrdcwddbsuip06,MTX_ACOE_Cutover_Reporting,UI_Excel_Select_Xwalk_Source_Accommodations,facility,*ALL*,QXA4067,2026-09-21 01:07:43.138000
19,CMCH,LOA,LOA,LA,Y,"TEST (2026-09-20),ZCON (2026-09-20),LIVE (2026-09-04)",0,CMCH,PR,PRIVATE ROOM,PR,Y,Y,N,None,IIU4396,2026-05-05 10:32:25.183000,HCA\FOB4034,2026-05-01 09:00:43.100000,xrdcwddbsuip06,MTX_ACOE_Cutover_Reporting,UI_Excel_Select_Xwalk_Source_Accommodations,facility,*ALL*,QXA4067,2026-09-21 01:07:43.138000
20,CMCH,Normal Newborn,Normal Newborn,L1,Y,"TEST (2026-09-20),ZCON (2026-09-20),LIVE (2026-09-04)",0,CMCH,L1,NEWBORN LEVEL I CARE,L1,Y,Y,N,None,IIU4396,2026-05-05 10:32:25.213000,HCA\FOB4034,2026-05-01 09:00:43.100000,xrdcwddbsuip06,MTX_ACOE_Cutover_Reporting,UI_Excel_Select_Xwalk_Source_Accommodations,facility,*ALL*,QXA4067,2026-09-21 01:07:43.138000
21,CMCH,Observation,Observation,O,Y,"TEST (2026-09-20),ZCON (2026-09-20),LIVE (2026-09-04)",0,CMCH,PR,PRIVATE ROOM,PR,Y,Y,N,None,IIU4396,2026-05-05 10:32:25.730000,HCA\FOB4034,2026-05-01 09:00:43.100000,xrdcwddbsuip06,MTX_ACOE_Cutover_Reporting,UI_Excel_Select_Xwalk_Source_Accommodations,facility,*ALL*,QXA4067,2026-09-21 01:07:43.138000
22,CMCH,Observation Direct Admit,Observation Direct Admit,OA,Y,"TEST (2026-09-20),ZCON (2026-09-20),LIVE (2026-09-04)",0,CMCH,SP,SEMI PRIVATE ROOM,SP,Y,Y,N,None,IIU4396,2026-05-05 10:32:25.760000,HCA\FOB4034,2026-05-01 09:00:43.100000,xrdcwddbsuip06,MTX_ACOE_Cutover_Reporting,UI_Excel_Select_Xwalk_Source_Accommodations,facility,*ALL*,QXA4067,2026-09-21 01:07:43.139000
23,CMCH,Observation Telemetry,Observation Telemetry,OT,Y,"TEST (2026-09-20),ZCON (2026-09-20),LIVE (2026-09-04)",0,CMCH,TEL,TELEMETRY,TE,Y,Y,N,None,IIU4396,2026-05-05 10:32:25.790000,HCA\FOB4034,2026-05-01 09:00:43.100000,xrdcwddbsuip06,MTX_ACOE_Cutover_Reporting,UI_Excel_Select_Xwalk_Source_Accommodations,facility,*ALL*,QXA4067,2026-09-21 01:07:43.139000
24,CMCH,Obstetrics IP,Obstetrics IP,LD,Y,"TEST (2026-09-20),ZCON (2026-09-20),LIVE (2026-09-04)",0,CMCH,LD,LABOR AND DELIVERY,LD,Y,Y,N,None,IIU4396,2026-05-05 10:32:25.817000,HCA\FOB4034,2026-05-01 09:00:43.100000,xrdcwddbsuip06,MTX_ACOE_Cutover_Reporting,UI_Excel_Select_Xwalk_Source_Accommodations,facility,*ALL*,QXA4067,2026-09-21 01:07:43.139000
25,CMCH,Obstetrics Triage,Obstetrics Triage,OB,Y,"TEST (2026-09-20),ZCON (2026-09-20),LIVE (2026-09-04)",0,CMCH,LD,LABOR AND DELIVERY,LD,Y,Y,N,None,MLT6916,2026-06-02 16:27:38.720000,HCA\FOB4034,2026-05-01 09:00:43.100000,xrdcwddbsuip06,MTX_ACOE_Cutover_Reporting,UI_Excel_Select_Xwalk_Source_Accommodations,facility,*ALL*,QXA4067,2026-09-21 01:07:43.139000
26,CMCH,Outpatientin Bed,Outpatientin Bed,OP,Y,"TEST (2026-09-20),ZCON (2026-09-20),LIVE (2026-09-04)",0,CMCH,PR,PRIVATE ROOM,PR,Y,Y,N,None,MLT6916,2026-06-02 16:32:54.303000,HCA\FOB4034,2026-05-01 09:00:43.100000,xrdcwddbsuip06,MTX_ACOE_Cutover_Reporting,UI_Excel_Select_Xwalk_Source_Accommodations,facility,*ALL*,QXA4067,2026-09-21 01:07:43.139000
27,CMCH,Overflow,Overflow,OF,Y,"TEST (2026-09-20),ZCON (2026-09-20),LIVE (2026-09-04)",0,CMCH,PC,PROGRESSIVE CARE,PC,Y,Y,N,None,IIU4396,2026-05-05 10:32:25.907000,HCA\FOB4034,2026-05-01 09:00:43.100000,xrdcwddbsuip06,MTX_ACOE_Cutover_Reporting,UI_Excel_Select_Xwalk_Source_Accommodations,facility,*ALL*,QXA4067,2026-09-21 01:07:43.139000
28,CMCH,Overflow Telemetry,Overflow Telemetry,TO,Y,"TEST (2026-09-20),ZCON (2026-09-20),LIVE (2026-09-04)",0,CMCH,TEL,TELEMETRY,TE,Y,Y,N,None,IIU4396,2026-05-05 10:32:25.933000,HCA\FOB4034,2026-05-01 09:00:43.100000,xrdcwddbsuip06,MTX_ACOE_Cutover_Reporting,UI_Excel_Select_Xwalk_Source_Accommodations,facility,*ALL*,QXA4067,2026-09-21 01:07:43.139000
29,CMCH,Private,Private,PR,Y,"TEST (2026-09-20),ZCON (2026-09-20),LIVE (2026-09-04)",0,CMCH,PR,PRIVATE ROOM,PR,Y,Y,N,None,IIU4396,2026-05-05 10:32:25.960000,HCA\FOB4034,2026-05-01 09:00:43.100000,xrdcwddbsuip06,MTX_ACOE_Cutover_Reporting,UI_Excel_Select_Xwalk_Source_Accommodations,facility,*ALL*,QXA4067,2026-09-21 01:07:43.139000
30,CMCH,Progressive Care,Progressive Care,PC,Y,"TEST (2026-09-20),ZCON (2026-09-20),LIVE (2026-09-04)",0,CMCH,PC,PROGRESSIVE CARE,PC,Y,Y,N,None,IIU4396,2026-05-05 10:32:25.993000,HCA\FOB4034,2026-05-01 09:00:43.100000,xrdcwddbsuip06,MTX_ACOE_Cutover_Reporting,UI_Excel_Select_Xwalk_Source_Accommodations,facility,*ALL*,QXA4067,2026-09-21 01:07:43.139000
31,CMCH,Semi Private,Semi Private,SP,Y,"TEST (2026-09-20),ZCON (2026-09-20),LIVE (2026-09-04)",0,CMCH,SP,SEMI PRIVATE ROOM,SP,Y,Y,N,None,IIU4396,2026-05-05 10:32:26.023000,HCA\FOB4034,2026-05-01 09:00:43.100000,xrdcwddbsuip06,MTX_ACOE_Cutover_Reporting,UI_Excel_Select_Xwalk_Source_Accommodations,facility,*ALL*,QXA4067,2026-09-21 01:07:43.139000
32,CMCH,SemiPrivate,SemiPrivate,SP,Y,"TEST (2026-09-20),ZCON (2026-09-20),LIVE (2026-09-04)",0,CMCH,SP,SEMI PRIVATE ROOM,SP,Y,Y,N,None,IIU4396,2026-05-05 10:32:26.057000,HCA\IIU4396,2026-05-04 12:55:40.307000,xrdcwddbsuip06,MTX_ACOE_Cutover_Reporting,UI_Excel_Select_Xwalk_Source_Accommodations,facility,*ALL*,QXA4067,2026-09-21 01:07:43.139000
33,CMCH,Telemetry Private,Telemetry Private,TP,Y,"TEST (2026-09-20),ZCON (2026-09-20),LIVE (2026-09-04)",0,CMCH,TEL,TELEMETRY,TE,Y,Y,N,None,MLT6916,2026-06-02 16:27:38.740000,HCA\FOB4034,2026-05-01 09:00:43.100000,xrdcwddbsuip06,MTX_ACOE_Cutover_Reporting,UI_Excel_Select_Xwalk_Source_Accommodations,facility,*ALL*,QXA4067,2026-09-21 01:07:43.139000
34,CMCH,Telemetry Semiprivate,Telemetry Semiprivate,TS,Y,"TEST (2026-09-20),ZCON (2026-09-20),LIVE (2026-09-04)",0,CMCH,TEL,TELEMETRY,TE,Y,Y,N,None,MLT6916,2026-05-06 13:05:06.810000,HCA\FOB4034,2026-05-01 09:00:43.100000,xrdcwddbsuip06,MTX_ACOE_Cutover_Reporting,UI_Excel_Select_Xwalk_Source_Accommodations,facility,*ALL*,QXA4067,2026-09-21 01:07:43.139000
35,COCAG,3RB,RECONSTRUCTIVE BURN,3R,Y,NO MATCH,31,COCAG,BPC,BURN PCU,BP,Y,Y,N,None,FRE8115,2026-08-28 11:57:43.640000,corpsvcmtxcutoverrpt_sql,2026-05-22 14:53:33.330000,xrdcwddbsuip06,MTX_ACOE_Cutover_Reporting,UI_Excel_Select_Xwalk_Source_Accommodations,facility,*ALL*,QXA4067,2026-09-21 01:07:43.139000
36,COCAG,4EO,4 EAST OVERFLOW IN ER,4E,N,NO MATCH,0,COCAG,,,,,N,Y,None,FRE8115,2026-06-15 10:42:23.667000,corpsvcmtxcutoverrpt_sql,2026-05-22 14:53:33.330000,xrdcwddbsuip06,MTX_ACOE_Cutover_Reporting,UI_Excel_Select_Xwalk_Source_Accommodations,facility,*ALL*,QXA4067,2026-09-21 01:07:43.139000
37,COCAG,4WA,4W R/B ACUTE BURNS,4A,Y,NO MATCH,0,COCAG,BIC,BURN INTINSIVE CARE,BI,Y,Y,N,None,FRE8115,2026-08-28 11:57:43.727000,corpsvcmtxcutoverrpt_sql,2026-05-22 14:53:33.330000,xrdcwddbsuip06,MTX_ACOE_Cutover_Reporting,UI_Excel_Select_Xwalk_Source_Accommodations,facility,*ALL*,QXA4067,2026-09-21 01:07:43.139000
38,COCAG,4WR,4W R/B RECONSTRUCTION BURN,4R,Y,NO MATCH,0,COCAG,BM,BURN MEDICAL,BM,Y,Y,N,None,FRE8115,2026-08-28 11:57:43.820000,corpsvcmtxcutoverrpt_sql,2026-05-22 14:53:33.330000,xrdcwddbsuip06,MTX_ACOE_Cutover_Reporting,UI_Excel_Select_Xwalk_Source_Accommodations,facility,*ALL*,QXA4067,2026-09-21 01:07:43.139000
39,COCAG,5EO,5 EAST OVERFLOW IN ER,5E,Y,NO MATCH,0,COCAG,PR,PRIVATE ROOM,PR,Y,Y,N,None,FRE8115,2026-08-28 11:57:43.910000,corpsvcmtxcutoverrpt_sql,2026-05-22 14:53:33.330000,xrdcwddbsuip06,MTX_ACOE_Cutover_Reporting,UI_Excel_Select_Xwalk_Source_Accommodations,facility,*ALL*,QXA4067,2026-09-21 01:07:43.139000
40,COCAG,5WO,5 WEST OVERFLOW IN ER,5W,Y,NO MATCH,0,COCAG,PR,PRIVATE ROOM,PR,Y,Y,N,None,FRE8115,2026-08-28 11:57:44,corpsvcmtxcutoverrpt_sql,2026-05-22 14:53:33.330000,xrdcwddbsuip06,MTX_ACOE_Cutover_Reporting,UI_Excel_Select_Xwalk_Source_Accommodations,facility,*ALL*,QXA4067,2026-09-21 01:07:43.139000
41,COCAG,B,WELL NEWBORN,B,N,NO MATCH,0,COCAG,,,,,N,Y,None,FRE8115,2026-06-15 10:42:23.710000,corpsvcmtxcutoverrpt_sql,2026-05-22 14:53:33.330000,xrdcwddbsuip06,MTX_ACOE_Cutover_Reporting,UI_Excel_Select_Xwalk_Source_Accommodations,facility,*ALL*,QXA4067,2026-09-21 01:07:43.139000
42,COCAG,BA,ACUTE BURN,BA,Y,NO MATCH,70,COCAG,BIC,BURN INTINSIVE CARE,BI,Y,Y,N,None,FRE8115,2026-08-28 11:57:44.130000,corpsvcmtxcutoverrpt_sql,2026-05-22 14:53:33.330000,xrdcwddbsuip06,MTX_ACOE_Cutover_Reporting,UI_Excel_Select_Xwalk_Source_Accommodations,facility,*ALL*,QXA4067,2026-09-21 01:07:43.139000
43,COCAG,BAO,BURN ACUTE OVERFLOW IN ER,BO,Y,NO MATCH,0,COCAG,BIC,BURN INTINSIVE CARE,BI,Y,Y,N,None,FRE8115,2026-08-28 11:57:44.223000,corpsvcmtxcutoverrpt_sql,2026-05-22 14:53:33.330000,xrdcwddbsuip06,MTX_ACOE_Cutover_Reporting,UI_Excel_Select_Xwalk_Source_Accommodations,facility,*ALL*,QXA4067,2026-09-21 01:07:43.139000
44,COCAG,BB,BOARDER BABY,BB,N,NO MATCH,0,COCAG,,,,,N,Y,None,FRE8115,2026-06-15 10:42:23.753000,corpsvcmtxcutoverrpt_sql,2026-05-22 14:53:33.330000,xrdcwddbsuip06,MTX_ACOE_Cutover_Reporting,UI_Excel_Select_Xwalk_Source_Accommodations,facility,*ALL*,QXA4067,2026-09-21 01:07:43.139000
45,COCAG,BI,INTERMEDIATE BURN,BI,Y,NO MATCH,3,COCAG,BM,BURN MEDICAL,BM,Y,Y,N,None,FRE8115,2026-08-28 11:57:44.317000,corpsvcmtxcutoverrpt_sql,2026-05-22 14:53:33.330000,xrdcwddbsuip06,MTX_ACOE_Cutover_Reporting,UI_Excel_Select_Xwalk_Source_Accommodations,facility,*ALL*,QXA4067,2026-09-21 01:07:43.139000
46,COCAG,BR,RECONSTRUCTIVE BURN,BR,Y,NO MATCH,2,COCAG,BM,BURN MEDICAL,BM,Y,Y,N,None,FRE8115,2026-08-28 11:57:44.410000,corpsvcmtxcutoverrpt_sql,2026-05-22 14:53:33.330000,xrdcwddbsuip06,MTX_ACOE_Cutover_Reporting,UI_Excel_Select_Xwalk_Source_Accommodations,facility,*ALL*,QXA4067,2026-09-21 01:07:43.139000
47,COCAG,CC,CORONARY CARE,CC,Y,NO MATCH,0,COCAG,IC,INTENSIVE CARE,IC,Y,Y,N,None,FRE8115,2026-08-28 11:57:44.500000,corpsvcmtxcutoverrpt_sql,2026-05-22 14:53:33.330000,xrdcwddbsuip06,MTX_ACOE_Cutover_Reporting,UI_Excel_Select_Xwalk_Source_Accommodations,facility,*ALL*,QXA4067,2026-09-21 01:07:43.139000
48,COCAG,CDU,CHEMICAL DEPENDENCY UNIT,CD,Y,NO MATCH,0,COCAG,PR,PRIVATE ROOM,PR,Y,Y,N,None,FRE8115,2026-08-28 11:57:44.600000,corpsvcmtxcutoverrpt_sql,2026-05-22 14:53:33.330000,xrdcwddbsuip06,MTX_ACOE_Cutover_Reporting,UI_Excel_Select_Xwalk_Source_Accommodations,facility,*ALL*,QXA4067,2026-09-21 01:07:43.140000
49,COCAG,EH,ER HOLD BEDS,EH,Y,NO MATCH,1,COCAG,PR,PRIVATE ROOM,PR,Y,Y,N,None,FRE8115,2026-08-28 11:57:44.697000,corpsvcmtxcutoverrpt_sql,2026-05-22 14:53:33.330000,xrdcwddbsuip06,MTX_ACOE_Cutover_Reporting,UI_Excel_Select_Xwalk_Source_Accommodations,facility,*ALL*,QXA4067,2026-09-21 01:07:43.140000
50,COCAG,HR,LD INTERMEDIATE CARE/HIGH RISK,HR,Y,NO MATCH,0,COCAG,L4,NEWBORAN LEVEL IV CARE,L4,Y,Y,N,None,FRE8115,2026-08-28 11:57:44.797000,corpsvcmtxcutoverrpt_sql,2026-05-22 14:53:33.330000,xrdcwddbsuip06,MTX_ACOE_Cutover_Reporting,UI_Excel_Select_Xwalk_Source_Accommodations,facility,*ALL*,QXA4067,2026-09-21 01:07:43.140000
51,COCAG,IC,INTENSIVE CARE,IC,Y,NO MATCH,33,COCAG,IC,INTENSIVE CARE,IC,Y,Y,N,None,FRE8115,2026-08-28 11:57:44.917000,corpsvcmtxcutoverrpt_sql,2026-05-22 14:53:33.330000,xrdcwddbsuip06,MTX_ACOE_Cutover_Reporting,UI_Excel_Select_Xwalk_Source_Accommodations,facility,*ALL*,QXA4067,2026-09-21 01:07:43.140000
52,COCAG,ICO,ICU OVERFLOW,I,Y,NO MATCH,6,COCAG,IC,INTENSIVE CARE,IC,Y,Y,N,None,FRE8115,2026-08-28 11:57:45.100000,corpsvcmtxcutoverrpt_sql,2026-05-22 14:53:33.330000,xrdcwddbsuip06,MTX_ACOE_Cutover_Reporting,UI_Excel_Select_Xwalk_Source_Accommodations,facility,*ALL*,QXA4067,2026-09-21 01:07:43.140000
53,COCAG,J,"PRIVATE, MEDICALLY JUSTIFIED",J,Y,NO MATCH,0,COCAG,PR,PRIVATE ROOM,PR,Y,Y,N,None,FRE8115,2026-08-28 11:57:45.200000,corpsvcmtxcutoverrpt_sql,2026-05-22 14:53:33.330000,xrdcwddbsuip06,MTX_ACOE_Cutover_Reporting,UI_Excel_Select_Xwalk_Source_Accommodations,facility,*ALL*,QXA4067,2026-09-21 01:07:43.140000
54,COCAG,J3E,JUSTIFIED 3 EAST PRIVATE ROOM,J3,Y,NO MATCH,0,COCAG,PR,PRIVATE ROOM,PR,Y,Y,N,None,FRE8115,2026-08-28 11:57:45.293000,corpsvcmtxcutoverrpt_sql,2026-05-22 14:53:33.330000,xrdcwddbsuip06,MTX_ACOE_Cutover_Reporting,UI_Excel_Select_Xwalk_Source_Accommodations,facility,*ALL*,QXA4067,2026-09-21 01:07:43.140000
55,COCAG,JL1,JUSTIFIED PSYCH LEVEL 1 P-ROOM,J1,Y,NO MATCH,0,COCAG,PR,PRIVATE ROOM,PR,Y,Y,N,None,FRE8115,2026-08-28 11:57:45.397000,corpsvcmtxcutoverrpt_sql,2026-05-22 14:53:33.330000,xrdcwddbsuip06,MTX_ACOE_Cutover_Reporting,UI_Excel_Select_Xwalk_Source_Accommodations,facility,*ALL*,QXA4067,2026-09-21 01:07:43.140000
56,COCAG,L,LABOR DELIVERY,LD,Y,NO MATCH,1,COCAG,LD,LABOR AND DELIVERY,LD,Y,Y,N,None,FRE8115,2026-08-28 11:57:45.493000,corpsvcmtxcutoverrpt_sql,2026-05-22 14:53:33.330000,xrdcwddbsuip06,MTX_ACOE_Cutover_Reporting,UI_Excel_Select_Xwalk_Source_Accommodations,facility,*ALL*,QXA4067,2026-09-21 01:07:43.140000
57,COCAG,L1,NEWBORN LEVEL I,L1,Y,NO MATCH,32,COCAG,L1,NEWBORN LEVEL I CARE,L1,Y,Y,N,None,FRE8115,2026-08-28 11:57:45.590000,corpsvcmtxcutoverrpt_sql,2026-05-22 14:53:33.330000,xrdcwddbsuip06,MTX_ACOE_Cutover_Reporting,UI_Excel_Select_Xwalk_Source_Accommodations,facility,*ALL*,QXA4067,2026-09-21 01:07:43.140000
58,COCAG,L2,NEWBORN LEVEL II,L2,Y,NO MATCH,18,COCAG,L2,NEWBORN LEVEL II CARE,L2,Y,Y,N,None,FRE8115,2026-08-28 11:57:45.683000,corpsvcmtxcutoverrpt_sql,2026-05-22 14:53:33.330000,xrdcwddbsuip06,MTX_ACOE_Cutover_Reporting,UI_Excel_Select_Xwalk_Source_Accommodations,facility,*ALL*,QXA4067,2026-09-21 01:07:43.140000
59,COCAG,L3,NEWBORN LEVEL III,L3,Y,NO MATCH,12,COCAG,L3,NEWBORN LEVEL III CARE,L3,Y,Y,N,None,FRE8115,2026-08-28 11:57:45.783000,corpsvcmtxcutoverrpt_sql,2026-05-22 14:53:33.330000,xrdcwddbsuip06,MTX_ACOE_Cutover_Reporting,UI_Excel_Select_Xwalk_Source_Accommodations,facility,*ALL*,QXA4067,2026-09-21 01:07:43.140000
60,COCAG,L4,NEWBORN LEVEL IV,L4,Y,NO MATCH,0,COCAG,L4,NEWBORN LEVEL IV CARE,L4,Y,Y,N,None,FRE8115,2026-08-28 11:57:45.877000,corpsvcmtxcutoverrpt_sql,2026-05-22 14:53:33.330000,xrdcwddbsuip06,MTX_ACOE_Cutover_Reporting,UI_Excel_Select_Xwalk_Source_Accommodations,facility,*ALL*,QXA4067,2026-09-21 01:07:43.140000
61,COCAG,LD,LABOR AND DELIVERY,L,Y,NO MATCH,0,COCAG,LD,LABOR AND DELIVERY,LD,Y,Y,N,None,FRE8115,2026-08-28 11:57:45.970000,corpsvcmtxcutoverrpt_sql,2026-05-22 14:53:33.330000,xrdcwddbsuip06,MTX_ACOE_Cutover_Reporting,UI_Excel_Select_Xwalk_Source_Accommodations,facility,*ALL*,QXA4067,2026-09-21 01:07:43.140000
62,COCAG,NB 3,R/B NEONATAL ICU,NN,N,NO MATCH,0,COCAG,,,,,N,Y,None,FRE8115,2026-06-15 10:42:23.797000,corpsvcmtxcutoverrpt_sql,2026-05-22 14:53:33.330000,xrdcwddbsuip06,MTX_ACOE_Cutover_Reporting,UI_Excel_Select_Xwalk_Source_Accommodations,facility,*ALL*,QXA4067,2026-09-21 01:07:43.140000
63,COCAG,NI 1,R/B NEONATAL CONT,N1,Y,NO MATCH,0,COCAG,L1,NEWBORN LEVEL I CARE,L1,Y,Y,N,None,FRE8115,2026-08-28 11:57:46.080000,corpsvcmtxcutoverrpt_sql,2026-05-22 14:53:33.330000,xrdcwddbsuip06,MTX_ACOE_Cutover_Reporting,UI_Excel_Select_Xwalk_Source_Accommodations,facility,*ALL*,QXA4067,2026-09-21 01:07:43.140000
64,COCAG,NI 2,R/B NEONATAL INTERM,N2,Y,NO MATCH,0,COCAG,L2,NEWBORN LEVEL II CARE,L2,Y,Y,N,None,FRE8115,2026-08-28 11:57:46.183000,corpsvcmtxcutoverrpt_sql,2026-05-22 14:53:33.330000,xrdcwddbsuip06,MTX_ACOE_Cutover_Reporting,UI_Excel_Select_Xwalk_Source_Accommodations,facility,*ALL*,QXA4067,2026-09-21 01:07:43.140000
65,COCAG,NI 3,R/B NEONATAL ICU,N3,Y,NO MATCH,0,COCAG,L3,NEWBORN LEVEL III CARE,L3,Y,Y,N,None,FRE8115,2026-08-28 11:57:46.283000,corpsvcmtxcutoverrpt_sql,2026-05-22 14:53:33.330000,xrdcwddbsuip06,MTX_ACOE_Cutover_Reporting,UI_Excel_Select_Xwalk_Source_Accommodations,facility,*ALL*,QXA4067,2026-09-21 01:07:43.140000
66,COCAG,P,PRIVATE ROOM,P,Y,NO MATCH,794,COCAG,PR,PRIVATE ROOM,PR,Y,Y,N,None,FRE8115,2026-08-28 11:57:46.373000,corpsvcmtxcutoverrpt_sql,2026-05-22 14:53:33.330000,xrdcwddbsuip06,MTX_ACOE_Cutover_Reporting,UI_Excel_Select_Xwalk_Source_Accommodations,facility,*ALL*,QXA4067,2026-09-21 01:07:43.140000
67,COCAG,P11,PSYCHIATRIC ONE-ON-ONE,PN,Y,NO MATCH,0,COCAG,L3,NEWBORN LEVEL III CARE,L3,Y,Y,N,None,FRE8115,2026-08-28 11:57:46.470000,corpsvcmtxcutoverrpt_sql,2026-05-22 14:53:33.330000,xrdcwddbsuip06,MTX_ACOE_Cutover_Reporting,UI_Excel_Select_Xwalk_Source_Accommodations,facility,*ALL*,QXA4067,2026-09-21 01:07:43.140000
68,COCAG,P2E,PRIVATE 2ND FLOOR,P2,Y,NO MATCH,0,COCAG,PR,PRIVATE ROOM,PR,Y,Y,N,None,FRE8115,2026-08-28 11:57:46.563000,corpsvcmtxcutoverrpt_sql,2026-05-22 14:53:33.330000,xrdcwddbsuip06,MTX_ACOE_Cutover_Reporting,UI_Excel_Select_Xwalk_Source_Accommodations,facility,*ALL*,QXA4067,2026-09-21 01:07:43.140000
69,COCAG,P3E,PRIVATE 3 EAST,P3,Y,NO MATCH,0,COCAG,PR,PRIVATE ROOM,PR,Y,Y,N,None,FRE8115,2026-08-28 11:57:46.657000,corpsvcmtxcutoverrpt_sql,2026-05-22 14:53:33.330000,xrdcwddbsuip06,MTX_ACOE_Cutover_Reporting,UI_Excel_Select_Xwalk_Source_Accommodations,facility,*ALL*,QXA4067,2026-09-21 01:07:43.140000
70,COCAG,PCO,PSYCHIATRIC CLOSE OBSERVATION,PO,Y,NO MATCH,0,COCAG,PR,PRIVATE ROOM,PR,Y,Y,N,None,FRE8115,2026-08-28 11:57:46.743000,corpsvcmtxcutoverrpt_sql,2026-05-22 14:53:33.330000,xrdcwddbsuip06,MTX_ACOE_Cutover_Reporting,UI_Excel_Select_Xwalk_Source_Accommodations,facility,*ALL*,QXA4067,2026-09-21 01:07:43.140000
71,COCAG,PCUO,PCU OVERFLOW,O,Y,NO MATCH,0,COCAG,PCP,PROGRESSIVE CARE PRIVATE,PC,Y,Y,N,None,FRE8115,2026-08-28 11:57:46.847000,corpsvcmtxcutoverrpt_sql,2026-05-22 14:53:33.330000,xrdcwddbsuip06,MTX_ACOE_Cutover_Reporting,UI_Excel_Select_Xwalk_Source_Accommodations,facility,*ALL*,QXA4067,2026-09-21 01:07:43.140000
72,COCAG,PEDO,PEDIATRICS OVERFLOW,PE,Y,NO MATCH,0,COCAG,PR,PRIVATE ROOM,PR,Y,Y,N,None,FRE8115,2026-08-28 11:57:46.937000,corpsvcmtxcutoverrpt_sql,2026-05-22 14:53:33.330000,xrdcwddbsuip06,MTX_ACOE_Cutover_Reporting,UI_Excel_Select_Xwalk_Source_Accommodations,facility,*ALL*,QXA4067,2026-09-21 01:07:43.140000
73,COCAG,PIC,PCU IN ICU UNIT,PC,Y,NO MATCH,0,COCAG,PCCC,PROGRESSIVE CARE CCU,PU,Y,Y,N,None,FRE8115,2026-08-28 11:57:47.030000,corpsvcmtxcutoverrpt_sql,2026-05-22 14:53:33.330000,xrdcwddbsuip06,MTX_ACOE_Cutover_Reporting,UI_Excel_Select_Xwalk_Source_Accommodations,facility,*ALL*,QXA4067,2026-09-21 01:07:43.141000
74,COCAG,PICU,PEDS ICU,6W,Y,NO MATCH,0,COCAG,IC,INTENSIVE CARE,IC,Y,Y,N,None,FRE8115,2026-08-28 11:57:47.173000,corpsvcmtxcutoverrpt_sql,2026-05-22 14:53:33.330000,xrdcwddbsuip06,MTX_ACOE_Cutover_Reporting,UI_Excel_Select_Xwalk_Source_Accommodations,facility,*ALL*,QXA4067,2026-09-21 01:07:43.141000
75,COCAG,PIICU,PEDS INTERMED ICU,PI,Y,NO MATCH,0,COCAG,IC,INTENSIVE CARE,IC,Y,Y,N,None,FRE8115,2026-08-28 11:57:47.313000,corpsvcmtxcutoverrpt_sql,2026-05-22 14:53:33.330000,xrdcwddbsuip06,MTX_ACOE_Cutover_Reporting,UI_Excel_Select_Xwalk_Source_Accommodations,facility,*ALL*,QXA4067,2026-09-21 01:07:43.141000
76,COCAG,PL1,PRIVATE PSYCH LEVEL 1,P1,Y,NO MATCH,1,COCAG,L3,NEWBORN LEVEL III CARE,L3,Y,Y,N,None,FRE8115,2026-08-28 11:57:47.460000,corpsvcmtxcutoverrpt_sql,2026-05-22 14:53:33.330000,xrdcwddbsuip06,MTX_ACOE_Cutover_Reporting,UI_Excel_Select_Xwalk_Source_Accommodations,facility,*ALL*,QXA4067,2026-09-21 01:07:43.141000
77,COCAG,PM,PRIVATE MEDICAL,PM,Y,NO MATCH,36,COCAG,MP,MEDICAL PRIVATE,MP,Y,Y,N,None,FRE8115,2026-08-28 11:57:47.600000,corpsvcmtxcutoverrpt_sql,2026-05-22 14:53:33.330000,xrdcwddbsuip06,MTX_ACOE_Cutover_Reporting,UI_Excel_Select_Xwalk_Source_Accommodations,facility,*ALL*,QXA4067,2026-09-21 01:07:43.141000
78,COCAG,PP,PCU PRIVATE,PP,Y,NO MATCH,1,COCAG,PC,PROGRESSIVE CARE PRIVATE,PC,Y,Y,N,None,JKB0282,2026-09-02 09:22:59.400000,corpsvcmtxcutoverrpt_sql,2026-05-22 14:53:33.330000,xrdcwddbsuip06,MTX_ACOE_Cutover_Reporting,UI_Excel_Select_Xwalk_Source_Accommodations,facility,*ALL*,QXA4067,2026-09-21 01:07:43.141000
79,COCAG,PRO,PSYCHIATRIC ROUTINE,PR,Y,NO MATCH,0,COCAG,PR,PRIVATE ROOM,PR,Y,Y,N,None,FRE8115,2026-08-28 11:57:47.897000,corpsvcmtxcutoverrpt_sql,2026-05-22 14:53:33.330000,xrdcwddbsuip06,MTX_ACOE_Cutover_Reporting,UI_Excel_Select_Xwalk_Source_Accommodations,facility,*ALL*,QXA4067,2026-09-21 01:07:43.141000
80,COCAG,PS,PCU SEMIPRIVATE,SP,Y,NO MATCH,1,COCAG,PR,PRIVATE ROOM,PR,Y,Y,N,None,FRE8115,2026-08-28 11:57:48.013000,corpsvcmtxcutoverrpt_sql,2026-05-22 14:53:33.330000,xrdcwddbsuip06,MTX_ACOE_Cutover_Reporting,UI_Excel_Select_Xwalk_Source_Accommodations,facility,*ALL*,QXA4067,2026-09-21 01:07:43.141000
81,COCAG,PSEC,PSYCHIATRIC SECLUSION,PS,Y,NO MATCH,0,COCAG,PR,PRIVATE ROOM,PR,Y,Y,N,None,FRE8115,2026-08-28 11:57:48.173000,corpsvcmtxcutoverrpt_sql,2026-05-22 14:53:33.330000,xrdcwddbsuip06,MTX_ACOE_Cutover_Reporting,UI_Excel_Select_Xwalk_Source_Accommodations,facility,*ALL*,QXA4067,2026-09-21 01:07:43.141000
82,COCAG,PTICU,PEDS TRAUMA ICU,TR,Y,NO MATCH,0,COCAG,TRIC,TRAUMA INTENSIVE CARE,TI,Y,Y,N,None,FRE8115,2026-08-28 11:57:48.330000,corpsvcmtxcutoverrpt_sql,2026-05-22 14:53:33.330000,xrdcwddbsuip06,MTX_ACOE_Cutover_Reporting,UI_Excel_Select_Xwalk_Source_Accommodations,facility,*ALL*,QXA4067,2026-09-21 01:07:43.141000
83,COCAG,S,SEMI PRIVATE ROOM,S,Y,NO MATCH,201,COCAG,SP,SEMI PRIVATE ROOM,SP,Y,Y,N,None,FRE8115,2026-08-28 11:57:48.467000,corpsvcmtxcutoverrpt_sql,2026-05-22 14:53:33.330000,xrdcwddbsuip06,MTX_ACOE_Cutover_Reporting,UI_Excel_Select_Xwalk_Source_Accommodations,facility,*ALL*,QXA4067,2026-09-21 01:07:43.141000
84,COCAG,S2E,SEMI PRIVATE 2ND FLOOR,S2,Y,NO MATCH,0,COCAG,SP,SEMI PRIVATE ROOM,SP,Y,Y,N,None,FRE8115,2026-08-28 11:57:48.607000,corpsvcmtxcutoverrpt_sql,2026-05-22 14:53:33.330000,xrdcwddbsuip06,MTX_ACOE_Cutover_Reporting,UI_Excel_Select_Xwalk_Source_Accommodations,facility,*ALL*,QXA4067,2026-09-21 01:07:43.141000
85,COCAG,S3E,SEMI-PRIVATE 3 EAST,S3,Y,NO MATCH,0,COCAG,SP,SEMI PRIVATE ROOM,SP,Y,Y,N,None,FRE8115,2026-08-28 11:57:48.770000,corpsvcmtxcutoverrpt_sql,2026-05-22 14:53:33.330000,xrdcwddbsuip06,MTX_ACOE_Cutover_Reporting,UI_Excel_Select_Xwalk_Source_Accommodations,facility,*ALL*,QXA4067,2026-09-21 01:07:43.141000
86,COCAG,SICU,ADOLESCENT DUAL FOCUS ICU,SI,Y,NO MATCH,0,COCAG,IC,INTENSIVE CARE,IC,Y,Y,N,None,FRE8115,2026-08-28 11:57:48.913000,corpsvcmtxcutoverrpt_sql,2026-05-22 14:53:33.330000,xrdcwddbsuip06,MTX_ACOE_Cutover_Reporting,UI_Excel_Select_Xwalk_Source_Accommodations,facility,*ALL*,QXA4067,2026-09-21 01:07:43.141000
87,COCAG,SL1,SEMI-PRIVATE PSYCH LEVEL 1,S1,Y,NO MATCH,0,COCAG,SP,SEMI PRIVATE ROOM,SP,Y,Y,N,None,FRE8115,2026-08-28 11:57:49.067000,corpsvcmtxcutoverrpt_sql,2026-05-22 14:53:33.330000,xrdcwddbsuip06,MTX_ACOE_Cutover_Reporting,UI_Excel_Select_Xwalk_Source_Accommodations,facility,*ALL*,QXA4067,2026-09-21 01:07:43.141000
88,COCAG,SM,SEMI PRIVATE MEDICAL,SM,Y,NO MATCH,22,COCAG,,,,,N,N,None,FRE8115,2026-08-28 11:57:49.180000,corpsvcmtxcutoverrpt_sql,2026-05-22 14:53:33.330000,xrdcwddbsuip06,MTX_ACOE_Cutover_Reporting,UI_Excel_Select_Xwalk_Source_Accommodations,facility,*ALL*,QXA4067,2026-09-21 01:07:43.141000
89,COCAG,T,TRANSITIONAL CARE,T,Y,NO MATCH,0,COCAG,PR,PRIVATE ROOM,PR,Y,Y,N,None,FRE8115,2026-08-28 11:57:49.290000,corpsvcmtxcutoverrpt_sql,2026-05-22 14:53:33.330000,xrdcwddbsuip06,MTX_ACOE_Cutover_Reporting,UI_Excel_Select_Xwalk_Source_Accommodations,facility,*ALL*,QXA4067,2026-09-21 01:07:43.141000
90,COCAG,TE,TELEMETRY,TE,Y,NO MATCH,1,COCAG,PR,PRIVATE ROOM,PR,Y,Y,N,None,FRE8115,2026-08-28 11:57:49.450000,corpsvcmtxcutoverrpt_sql,2026-05-22 14:53:33.330000,xrdcwddbsuip06,MTX_ACOE_Cutover_Reporting,UI_Excel_Select_Xwalk_Source_Accommodations,facility,*ALL*,QXA4067,2026-09-21 01:07:43.141000
91,COCAG,TR,TRAUMA ICU,12,Y,NO MATCH,0,COCAG,TRIC,TRAUMA INTENSIVE CARE,TI,Y,Y,N,None,FRE8115,2026-08-28 11:57:49.590000,corpsvcmtxcutoverrpt_sql,2026-05-22 14:53:33.330000,xrdcwddbsuip06,MTX_ACOE_Cutover_Reporting,UI_Excel_Select_Xwalk_Source_Accommodations,facility,*ALL*,QXA4067,2026-09-21 01:07:43.141000
92,COCAG,W,WARD,W,Y,NO MATCH,0,COCAG,PR,PRIVATE ROOM,PR,Y,Y,N,None,FRE8115,2026-08-28 11:57:49.730000,corpsvcmtxcutoverrpt_sql,2026-05-22 14:53:33.330000,xrdcwddbsuip06,MTX_ACOE_Cutover_Reporting,UI_Excel_Select_Xwalk_Source_Accommodations,facility,*ALL*,QXA4067,2026-09-21 01:07:43.141000
93,COCAG,WA,WOUND ACUTE,WA,Y,NO MATCH,0,COCAG,PR,PRIVATE ROOM,PR,Y,Y,N,None,FRE8115,2026-08-28 11:57:49.870000,corpsvcmtxcutoverrpt_sql,2026-05-22 14:53:33.330000,xrdcwddbsuip06,MTX_ACOE_Cutover_Reporting,UI_Excel_Select_Xwalk_Source_Accommodations,facility,*ALL*,QXA4067,2026-09-21 01:07:43.141000
94,COCAG,WI,WOUND INTERMEDIATE,WI,Y,NO MATCH,0,COCAG,PR,PRIVATE ROOM,PR,Y,Y,N,None,FRE8115,2026-08-28 11:57:50.007000,corpsvcmtxcutoverrpt_sql,2026-05-22 14:53:33.330000,xrdcwddbsuip06,MTX_ACOE_Cutover_Reporting,UI_Excel_Select_Xwalk_Source_Accommodations,facility,*ALL*,QXA4067,2026-09-21 01:07:43.141000
95,COCAG,WR,WOUND RECONSTRUCTIVE,WR,Y,NO MATCH,0,COCAG,PR,PRIVATE ROOM,PR,Y,Y,N,None,FRE8115,2026-08-28 11:57:50.150000,corpsvcmtxcutoverrpt_sql,2026-05-22 14:53:33.330000,xrdcwddbsuip06,MTX_ACOE_Cutover_Reporting,UI_Excel_Select_Xwalk_Source_Accommodations,facility,*ALL*,QXA4067,2026-09-21 01:07:43.141000
96,COCAR,I.3S,SEMI OVERFLOW 3 NORTH,3S,Y,NO MATCH,0,COCAR,SP,SEMI PRIVATE ROOM,SP,Y,Y,N,None,JKB0282,2026-06-16 16:33:07.313000,corpsvcmtxcutoverrpt_sql,2026-04-13 16:43:36.060000,xrdcwddbsuip06,MTX_ACOE_Cutover_Reporting,UI_Excel_Select_Xwalk_Source_Accommodations,facility,*ALL*,QXA4067,2026-09-21 01:07:43.141000
97,COCAR,I.B,LEVEL I NEWBORN,NU,N,NO MATCH,0,COCAR,,,,,N,Y,None,JKB0282,2026-07-13 12:24:04.953000,corpsvcmtxcutoverrpt_sql,2026-04-23 03:00:07.510000,xrdcwddbsuip06,MTX_ACOE_Cutover_Reporting,UI_Excel_Select_Xwalk_Source_Accommodations,facility,*ALL*,QXA4067,2026-09-21 01:07:43.141000
98,COCAR,I.BI,Newborn Level II,BI,N,NO MATCH,0,COCAR,,,,,N,Y,None,JKB0282,2026-07-13 12:24:05.043000,corpsvcmtxcutoverrpt_sql,2026-04-13 16:43:36.060000,xrdcwddbsuip06,MTX_ACOE_Cutover_Reporting,UI_Excel_Select_Xwalk_Source_Accommodations,facility,*ALL*,QXA4067,2026-09-21 01:07:43.141000
99,COCAR,I.CCU,CCU,CC,N,NO MATCH,0,COCAR,,,,,N,Y,None,JKB0282,2026-07-13 12:24:05.140000,corpsvcmtxcutoverrpt_sql,2026-04-13 16:43:36.060000,xrdcwddbsuip06,MTX_ACOE_Cutover_Reporting,UI_Excel_Select_Xwalk_Source_Accommodations,facility,*ALL*,QXA4067,2026-09-21 01:07:43.141000
100,COCAR,I.E1E,ED HOLD 1 EAST,E1,Y,NO MATCH,17,COCAR,PR,PRIVATE ROOM,PR,Y,Y,N,None,JKB0282,2026-07-13 12:24:05.227000,corpsvcmtxcutoverrpt_sql,2026-04-13 16:43:36.060000,xrdcwddbsuip06,MTX_ACOE_Cutover_Reporting,UI_Excel_Select_Xwalk_Source_Accommodations,facility,*ALL*,QXA4067,2026-09-21 01:07:43.141000
101,COCAR,I.E2E,ED HOLD 2 EAST,E2,Y,NO MATCH,0,COCAR,PR,PRIVATE ROOM,PR,Y,Y,N,None,JKB0282,2026-07-13 12:24:05.327000,corpsvcmtxcutoverrpt_sql,2026-04-13 16:43:36.060000,xrdcwddbsuip06,MTX_ACOE_Cutover_Reporting,UI_Excel_Select_Xwalk_Source_Accommodations,facility,*ALL*,QXA4067,2026-09-21 01:07:43.142000
102,COCAR,I.E2N,ED HOLD 2 NORTH,E5,Y,NO MATCH,0,COCAR,PR,PRIVATE ROOM,PR,Y,Y,N,None,JKB0282,2026-07-13 12:24:05.427000,corpsvcmtxcutoverrpt_sql,2026-04-13 16:43:36.060000,xrdcwddbsuip06,MTX_ACOE_Cutover_Reporting,UI_Excel_Select_Xwalk_Source_Accommodations,facility,*ALL*,QXA4067,2026-09-21 01:07:43.142000
103,COCAR,I.E3N,ED HOLD 3 NORTH,E3,Y,NO MATCH,0,COCAR,PR,PRIVATE ROOM,PR,Y,Y,N,None,JKB0282,2026-07-13 12:24:05.523000,corpsvcmtxcutoverrpt_sql,2026-04-13 16:43:36.060000,xrdcwddbsuip06,MTX_ACOE_Cutover_Reporting,UI_Excel_Select_Xwalk_Source_Accommodations,facility,*ALL*,QXA4067,2026-09-21 01:07:43.142000
104,COCAR,I.E4N,ED HOLD 4 NORTH,E4,Y,NO MATCH,0,COCAR,PR,PRIVATE ROOM,PR,Y,Y,N,None,JKB0282,2026-07-13 12:24:05.627000,corpsvcmtxcutoverrpt_sql,2026-04-13 16:43:36.060000,xrdcwddbsuip06,MTX_ACOE_Cutover_Reporting,UI_Excel_Select_Xwalk_Source_Accommodations,facility,*ALL*,QXA4067,2026-09-21 01:07:43.142000
105,COCAR,I.ECDU,ED HOLD CDU,EC,Y,NO MATCH,0,COCAR,PR,PRIVATE ROOM,PR,Y,Y,N,None,JKB0282,2026-07-13 12:24:05.723000,corpsvcmtxcutoverrpt_sql,2026-04-13 16:43:36.060000,xrdcwddbsuip06,MTX_ACOE_Cutover_Reporting,UI_Excel_Select_Xwalk_Source_Accommodations,facility,*ALL*,QXA4067,2026-09-21 01:07:43.142000
106,COCAR,I.ECICU,ED HOLD CICU,EV,Y,NO MATCH,0,COCAR,PR,PRIVATE ROOM,PR,Y,Y,N,None,JKB0282,2026-07-13 12:24:05.820000,corpsvcmtxcutoverrpt_sql,2026-04-13 16:43:36.060000,xrdcwddbsuip06,MTX_ACOE_Cutover_Reporting,UI_Excel_Select_Xwalk_Source_Accommodations,facility,*ALL*,QXA4067,2026-09-21 01:07:43.142000
107,COCAR,I.ECMO,ECMO,EM,Y,NO MATCH,0,COCAR,EC,PRIVATE ROOM,EC,Y,Y,N,None,JKB0282,2026-07-13 12:24:05.923000,corpsvcmtxcutoverrpt_sql,2026-04-13 16:43:36.060000,xrdcwddbsuip06,MTX_ACOE_Cutover_Reporting,UI_Excel_Select_Xwalk_Source_Accommodations,facility,*ALL*,QXA4067,2026-09-21 01:07:43.142000
108,COCAR,I.EHVC,ED HOLD HVC,EH,Y,NO MATCH,20,COCAR,IC,PRIVATE ROOM,IC,Y,Y,N,None,JKB0282,2026-07-13 12:24:06.027000,corpsvcmtxcutoverrpt_sql,2026-04-13 16:43:36.060000,xrdcwddbsuip06,MTX_ACOE_Cutover_Reporting,UI_Excel_Select_Xwalk_Source_Accommodations,facility,*ALL*,QXA4067,2026-09-21 01:07:43.142000
109,COCAR,I.EICU,ED HOLD ICU,EI,Y,NO MATCH,6,COCAR,IC,PRIVATE ROOM,IC,Y,Y,N,None,JKB0282,2026-07-13 12:24:06.160000,corpsvcmtxcutoverrpt_sql,2026-04-13 16:43:36.060000,xrdcwddbsuip06,MTX_ACOE_Cutover_Reporting,UI_Excel_Select_Xwalk_Source_Accommodations,facility,*ALL*,QXA4067,2026-09-21 01:07:43.142000
110,COCAR,I.EP,ED HOLD PRIVATE,EP,N,NO MATCH,0,COCAR,,,,,N,Y,None,JKB0282,2026-07-13 12:24:06.273000,corpsvcmtxcutoverrpt_sql,2026-04-13 16:43:36.060000,xrdcwddbsuip06,MTX_ACOE_Cutover_Reporting,UI_Excel_Select_Xwalk_Source_Accommodations,facility,*ALL*,QXA4067,2026-09-21 01:07:43.142000
111,COCAR,I.EPCCU,ED HOLD PCCU,EU,Y,NO MATCH,4,COCAR,PCCC,PRIVATE ROOM,PU,Y,Y,N,None,JKB0282,2026-07-13 12:24:06.367000,corpsvcmtxcutoverrpt_sql,2026-04-13 16:43:36.060000,xrdcwddbsuip06,MTX_ACOE_Cutover_Reporting,UI_Excel_Select_Xwalk_Source_Accommodations,facility,*ALL*,QXA4067,2026-09-21 01:07:43.142000
112,COCAR,I.ESP,ED HOLD SEMI PRIVATE,ES,Y,NO MATCH,283,COCAR,PR,PRIVATE ROOM,PR,Y,Y,N,None,JKB0282,2026-07-13 12:24:06.463000,corpsvcmtxcutoverrpt_sql,2026-04-13 16:43:36.060000,xrdcwddbsuip06,MTX_ACOE_Cutover_Reporting,UI_Excel_Select_Xwalk_Source_Accommodations,facility,*ALL*,QXA4067,2026-09-21 01:07:43.142000
113,COCAR,I.EX,PCCU EXEC ROOM,EX,Y,NO MATCH,0,COCAR,PR,PRIVATE ROOM,PR,Y,Y,N,None,JKB0282,2026-07-13 12:24:06.560000,corpsvcmtxcutoverrpt_sql,2026-04-13 16:43:36.060000,xrdcwddbsuip06,MTX_ACOE_Cutover_Reporting,UI_Excel_Select_Xwalk_Source_Accommodations,facility,*ALL*,QXA4067,2026-09-21 01:07:43.142000
114,COCAR,I.ICU,INTENSIVE CARE,IC,Y,NO MATCH,93,COCAR,IC,INTENSIVE CARE,IC,Y,Y,N,None,JKB0282,2026-07-13 12:24:06.653000,corpsvcmtxcutoverrpt_sql,2026-04-13 16:43:36.060000,xrdcwddbsuip06,MTX_ACOE_Cutover_Reporting,UI_Excel_Select_Xwalk_Source_Accommodations,facility,*ALL*,QXA4067,2026-09-21 01:07:43.142000
115,COCAR,I.IP,INTENSIVE CARE PEDI,IP,N,NO MATCH,0,COCAR,,,,,N,Y,None,JKB0282,2026-07-13 12:24:06.750000,corpsvcmtxcutoverrpt_sql,2026-04-13 16:43:36.060000,xrdcwddbsuip06,MTX_ACOE_Cutover_Reporting,UI_Excel_Select_Xwalk_Source_Accommodations,facility,*ALL*,QXA4067,2026-09-21 01:07:43.142000
116,COCAR,I.ISO,ISOLATION,IS,N,NO MATCH,0,COCAR,,,,,N,Y,None,JKB0282,2026-07-13 12:24:06.840000,corpsvcmtxcutoverrpt_sql,2026-04-13 16:43:36.060000,xrdcwddbsuip06,MTX_ACOE_Cutover_Reporting,UI_Excel_Select_Xwalk_Source_Accommodations,facility,*ALL*,QXA4067,2026-09-21 01:07:43.142000
117,COCAR,I.L1,NEWBORN LEVEL I,N1,Y,NO MATCH,0,COCAR,L1,NEWBORN LEVEL 1 CARE,L1,Y,Y,N,None,JKB0282,2026-07-13 12:24:06.937000,corpsvcmtxcutoverrpt_sql,2026-04-13 16:43:36.060000,xrdcwddbsuip06,MTX_ACOE_Cutover_Reporting,UI_Excel_Select_Xwalk_Source_Accommodations,facility,*ALL*,QXA4067,2026-09-21 01:07:43.142000
118,COCAR,I.LD,LABOR AND DELIVERY,LD,Y,NO MATCH,3,COCAR,PR,PRIVATE ROOM,PR,Y,Y,N,None,JKB0282,2026-07-13 12:24:07.047000,corpsvcmtxcutoverrpt_sql,2026-04-13 16:43:36.060000,xrdcwddbsuip06,MTX_ACOE_Cutover_Reporting,UI_Excel_Select_Xwalk_Source_Accommodations,facility,*ALL*,QXA4067,2026-09-21 01:07:43.142000
119,COCAR,I.MP,Monitored Private Room,MP,Y,NO MATCH,0,COCAR,PR,PRIVATE ROOM,PR,Y,Y,N,None,JKB0282,2026-07-13 12:24:07.140000,corpsvcmtxcutoverrpt_sql,2026-04-13 16:43:36.060000,xrdcwddbsuip06,MTX_ACOE_Cutover_Reporting,UI_Excel_Select_Xwalk_Source_Accommodations,facility,*ALL*,QXA4067,2026-09-21 01:07:43.142000
120,COCAR,I.NB,NEWBORN BORDER,NB,N,NO MATCH,0,COCAR,,,,,N,Y,None,JKB0282,2026-07-13 12:24:07.227000,corpsvcmtxcutoverrpt_sql,2026-04-13 16:43:36.060000,xrdcwddbsuip06,MTX_ACOE_Cutover_Reporting,UI_Excel_Select_Xwalk_Source_Accommodations,facility,*ALL*,QXA4067,2026-09-21 01:07:43.142000
121,COCAR,I.NI,NI LEVEL II INTER,NI,N,NO MATCH,0,COCAR,,,,,N,Y,None,JKB0282,2026-07-13 12:24:07.317000,corpsvcmtxcutoverrpt_sql,2026-04-13 16:43:36.060000,xrdcwddbsuip06,MTX_ACOE_Cutover_Reporting,UI_Excel_Select_Xwalk_Source_Accommodations,facility,*ALL*,QXA4067,2026-09-21 01:07:43.142000
122,COCAR,I.NIC,LEVEL III NICU,NT,N,NO MATCH,0,COCAR,,,,,N,Y,None,JKB0282,2026-07-13 12:24:07.407000,corpsvcmtxcutoverrpt_sql,2026-04-13 16:43:36.060000,xrdcwddbsuip06,MTX_ACOE_Cutover_Reporting,UI_Excel_Select_Xwalk_Source_Accommodations,facility,*ALL*,QXA4067,2026-09-21 01:07:43.142000
123,COCAR,I.NICU,NEWBORN ICU,,N,NO MATCH,0,COCAR,,,,,N,Y,None,JKB0282,2026-07-13 12:24:07.493000,corpsvcmtxcutoverrpt_sql,2026-04-13 16:43:36.060000,xrdcwddbsuip06,MTX_ACOE_Cutover_Reporting,UI_Excel_Select_Xwalk_Source_Accommodations,facility,*ALL*,QXA4067,2026-09-21 01:07:43.142000
124,COCAR,I.NIL2,Newborn Level II,N2,N,NO MATCH,0,COCAR,,,,,N,Y,None,JKB0282,2026-07-13 12:24:07.597000,corpsvcmtxcutoverrpt_sql,2026-04-23 03:00:07.510000,xrdcwddbsuip06,MTX_ACOE_Cutover_Reporting,UI_Excel_Select_Xwalk_Source_Accommodations,facility,*ALL*,QXA4067,2026-09-21 01:07:43.142000
125,COCAR,I.NIL3,Newborn Level III,N3,N,NO MATCH,0,COCAR,,,,,N,Y,None,JKB0282,2026-07-13 12:24:07.680000,corpsvcmtxcutoverrpt_sql,2026-04-23 03:00:07.510000,xrdcwddbsuip06,MTX_ACOE_Cutover_Reporting,UI_Excel_Select_Xwalk_Source_Accommodations,facility,*ALL*,QXA4067,2026-09-21 01:07:43.142000
126,COCAR,I.NIL4,Newborn Level IV,N4,N,NO MATCH,0,COCAR,,,,,N,Y,None,JKB0282,2026-07-13 12:24:07.770000,corpsvcmtxcutoverrpt_sql,2026-04-23 03:00:07.510000,xrdcwddbsuip06,MTX_ACOE_Cutover_Reporting,UI_Excel_Select_Xwalk_Source_Accommodations,facility,*ALL*,QXA4067,2026-09-21 01:07:43.143000
127,COCAR,I.NV,LEVEL IV NICU,NV,N,NO MATCH,0,COCAR,,,,,N,Y,None,JKB0282,2026-07-13 12:24:07.857000,corpsvcmtxcutoverrpt_sql,2026-04-23 03:00:07.510000,xrdcwddbsuip06,MTX_ACOE_Cutover_Reporting,UI_Excel_Select_Xwalk_Source_Accommodations,facility,*ALL*,QXA4067,2026-09-21 01:07:43.143000
128,COCAR,I.OP,ONCOLOGY PRIVATE,OP,N,NO MATCH,0,COCAR,,,,,N,Y,None,JKB0282,2026-07-13 12:24:07.947000,corpsvcmtxcutoverrpt_sql,2026-04-13 16:43:36.060000,xrdcwddbsuip06,MTX_ACOE_Cutover_Reporting,UI_Excel_Select_Xwalk_Source_Accommodations,facility,*ALL*,QXA4067,2026-09-21 01:07:43.143000
129,COCAR,I.OSP,ONCOLOGY SEMI PRIVATE,OS,N,NO MATCH,0,COCAR,,,,,N,Y,None,JKB0282,2026-07-13 12:24:08.037000,corpsvcmtxcutoverrpt_sql,2026-04-13 16:43:36.060000,xrdcwddbsuip06,MTX_ACOE_Cutover_Reporting,UI_Excel_Select_Xwalk_Source_Accommodations,facility,*ALL*,QXA4067,2026-09-21 01:07:43.143000
130,COCAR,I.P,PRIVATE ROOM,P,Y,NO MATCH,601,COCAR,PR,PRIVATE ROOM,PR,Y,Y,N,None,JKB0282,2026-07-13 12:24:08.120000,corpsvcmtxcutoverrpt_sql,2026-04-13 16:43:36.060000,xrdcwddbsuip06,MTX_ACOE_Cutover_Reporting,UI_Excel_Select_Xwalk_Source_Accommodations,facility,*ALL*,QXA4067,2026-09-21 01:07:43.143000
131,COCAR,I.PA,PRIVATE ANTE,PA,Y,NO MATCH,0,COCAR,AP,ANTEPARTUM,AP,Y,Y,N,None,JKB0282,2026-07-13 12:24:08.207000,corpsvcmtxcutoverrpt_sql,2026-04-13 16:43:36.060000,xrdcwddbsuip06,MTX_ACOE_Cutover_Reporting,UI_Excel_Select_Xwalk_Source_Accommodations,facility,*ALL*,QXA4067,2026-09-21 01:07:43.143000
132,COCAR,I.PCCU,PCCU PRIVATE OVERFLOW,PC,Y,NO MATCH,76,COCAR,PCCC,PROGRESSIVE CARE CCU,PU,Y,Y,N,None,JKB0282,2026-07-13 12:24:08.293000,corpsvcmtxcutoverrpt_sql,2026-04-13 16:43:36.060000,xrdcwddbsuip06,MTX_ACOE_Cutover_Reporting,UI_Excel_Select_Xwalk_Source_Accommodations,facility,*ALL*,QXA4067,2026-09-21 01:07:43.143000
133,COCAR,I.PE,PRIVATE EXTENDED CARE,PE,N,NO MATCH,0,COCAR,,,,,N,Y,None,JKB0282,2026-07-13 12:24:08.383000,corpsvcmtxcutoverrpt_sql,2026-04-13 16:43:36.060000,xrdcwddbsuip06,MTX_ACOE_Cutover_Reporting,UI_Excel_Select_Xwalk_Source_Accommodations,facility,*ALL*,QXA4067,2026-09-21 01:07:43.143000
134,COCAR,I.PM,PRIVATE MEDICAL,PM,Y,NO MATCH,224,COCAR,M,MEDICAL,MS,Y,Y,N,None,JKB0282,2026-07-13 12:24:08.470000,corpsvcmtxcutoverrpt_sql,2026-04-13 16:43:36.060000,xrdcwddbsuip06,MTX_ACOE_Cutover_Reporting,UI_Excel_Select_Xwalk_Source_Accommodations,facility,*ALL*,QXA4067,2026-09-21 01:07:43.143000
135,COCAR,I.PO,PCCU OVERFLOW,PO,Y,NO MATCH,1,COCAR,PCCC,PROGRESSIVE CARE CCU,PU,Y,Y,N,None,JKB0282,2026-07-13 12:24:08.560000,corpsvcmtxcutoverrpt_sql,2026-04-13 16:43:36.060000,xrdcwddbsuip06,MTX_ACOE_Cutover_Reporting,UI_Excel_Select_Xwalk_Source_Accommodations,facility,*ALL*,QXA4067,2026-09-21 01:07:43.143000
136,COCAR,I.PP,POST PARTUM OVERFLOW,PP,Y,NO MATCH,7,COCAR,PR,PRIVATE ROOM,PR,Y,Y,N,None,JKB0282,2026-07-13 12:24:08.650000,corpsvcmtxcutoverrpt_sql,2026-04-13 16:43:36.060000,xrdcwddbsuip06,MTX_ACOE_Cutover_Reporting,UI_Excel_Select_Xwalk_Source_Accommodations,facility,*ALL*,QXA4067,2026-09-21 01:07:43.143000
137,COCAR,I.PS,PRIVATE SURGICAL,PS,Y,NO MATCH,0,COCAR,PR,PRIVATE ROOM,PR,Y,Y,N,None,JKB0282,2026-07-13 12:24:08.740000,corpsvcmtxcutoverrpt_sql,2026-04-13 16:43:36.060000,xrdcwddbsuip06,MTX_ACOE_Cutover_Reporting,UI_Excel_Select_Xwalk_Source_Accommodations,facility,*ALL*,QXA4067,2026-09-21 01:07:43.143000
138,COCAR,I.RE,REHAB EXTENDED CARE,RE,N,NO MATCH,0,COCAR,,,,,N,Y,None,JKB0282,2026-07-13 12:24:08.827000,corpsvcmtxcutoverrpt_sql,2026-04-13 16:43:36.060000,xrdcwddbsuip06,MTX_ACOE_Cutover_Reporting,UI_Excel_Select_Xwalk_Source_Accommodations,facility,*ALL*,QXA4067,2026-09-21 01:07:43.143000
139,COCAR,I.RP,REHAB PRIVATE,RP,N,NO MATCH,0,COCAR,,,,,N,Y,None,JKB0282,2026-07-13 12:24:08.920000,corpsvcmtxcutoverrpt_sql,2026-04-13 16:43:36.060000,xrdcwddbsuip06,MTX_ACOE_Cutover_Reporting,UI_Excel_Select_Xwalk_Source_Accommodations,facility,*ALL*,QXA4067,2026-09-21 01:07:43.143000
140,COCAR,I.RS,REHAB CARE,RS,Y,NO MATCH,13,COCAR,PR,PRIVATE ROOM,PR,Y,Y,N,None,JKB0282,2026-07-13 12:24:09.010000,corpsvcmtxcutoverrpt_sql,2026-04-13 16:43:36.060000,xrdcwddbsuip06,MTX_ACOE_Cutover_Reporting,UI_Excel_Select_Xwalk_Source_Accommodations,facility,*ALL*,QXA4067,2026-09-21 01:07:43.143000
141,COCAR,I.SE,SEMI PRIVATE EXTENDED CARE,SE,N,NO MATCH,0,COCAR,,,,,N,Y,None,JKB0282,2026-07-13 12:24:09.130000,corpsvcmtxcutoverrpt_sql,2026-04-13 16:43:36.060000,xrdcwddbsuip06,MTX_ACOE_Cutover_Reporting,UI_Excel_Select_Xwalk_Source_Accommodations,facility,*ALL*,QXA4067,2026-09-21 01:07:43.143000
142,COCAR,I.SM,MED-SURG SEMI PRIVATE,SM,Y,NO MATCH,0,COCAR,SP,SEMI PRIVATE ROOM,SP,Y,Y,N,None,JKB0282,2026-07-13 12:24:09.217000,corpsvcmtxcutoverrpt_sql,2026-04-13 16:43:36.060000,xrdcwddbsuip06,MTX_ACOE_Cutover_Reporting,UI_Excel_Select_Xwalk_Source_Accommodations,facility,*ALL*,QXA4067,2026-09-21 01:07:43.143000
143,COCAR,I.SP,SEMI PRIVATE,SP,Y,NO MATCH,26,COCAR,SP,SEMI PRIVATE ROOM,SP,Y,Y,N,None,JKB0282,2026-07-13 12:24:09.303000,corpsvcmtxcutoverrpt_sql,2026-04-13 16:43:36.060000,xrdcwddbsuip06,MTX_ACOE_Cutover_Reporting,UI_Excel_Select_Xwalk_Source_Accommodations,facility,*ALL*,QXA4067,2026-09-21 01:07:43.143000
144,COCAR,I.SPICU,SEMI-PRIVATE ICU,SI,Y,NO MATCH,2,COCAR,SP,SEMI PRIVATE ROOM,SP,Y,Y,N,None,JKB0282,2026-07-13 12:24:09.397000,corpsvcmtxcutoverrpt_sql,2026-04-13 16:43:36.060000,xrdcwddbsuip06,MTX_ACOE_Cutover_Reporting,UI_Excel_Select_Xwalk_Source_Accommodations,facility,*ALL*,QXA4067,2026-09-21 01:07:43.143000
145,COCAR,I.SPTR,Semi-Private Trauma,ST,Y,NO MATCH,0,COCAR,SP,SEMI PRIVATE ROOM,SP,Y,Y,N,None,JKB0282,2026-07-13 12:24:09.483000,corpsvcmtxcutoverrpt_sql,2026-04-13 16:43:36.060000,xrdcwddbsuip06,MTX_ACOE_Cutover_Reporting,UI_Excel_Select_Xwalk_Source_Accommodations,facility,*ALL*,QXA4067,2026-09-21 01:07:43.143000
146,COCAR,I.SS,SEMI PRIVATE SURGICAL,SS,Y,NO MATCH,3,COCAR,SP,SEMI PRIVATE ROOM,SP,Y,Y,N,None,JKB0282,2026-07-13 12:24:09.580000,corpsvcmtxcutoverrpt_sql,2026-04-13 16:43:36.060000,xrdcwddbsuip06,MTX_ACOE_Cutover_Reporting,UI_Excel_Select_Xwalk_Source_Accommodations,facility,*ALL*,QXA4067,2026-09-21 01:07:43.143000
147,COCAR,I.TC,TRANSITIONAL CARE UNIT,TC,N,NO MATCH,0,COCAR,,,,,N,Y,None,JKB0282,2026-07-13 12:24:09.670000,corpsvcmtxcutoverrpt_sql,2026-04-13 16:43:36.060000,xrdcwddbsuip06,MTX_ACOE_Cutover_Reporting,UI_Excel_Select_Xwalk_Source_Accommodations,facility,*ALL*,QXA4067,2026-09-21 01:07:43.143000
148,COCAR,I.TP,TCU PRIVATE,TP,N,NO MATCH,0,COCAR,,,,,N,Y,None,JKB0282,2026-07-13 12:24:09.753000,corpsvcmtxcutoverrpt_sql,2026-04-13 16:43:36.060000,xrdcwddbsuip06,MTX_ACOE_Cutover_Reporting,UI_Excel_Select_Xwalk_Source_Accommodations,facility,*ALL*,QXA4067,2026-09-21 01:07:43.143000
149,COCAR,I.TR,TRAUMA,TR,Y,NO MATCH,8,COCAR,TR,TRAUMA,TR,Y,Y,N,None,JKB0282,2026-07-13 12:24:09.840000,corpsvcmtxcutoverrpt_sql,2026-04-13 16:43:36.060000,xrdcwddbsuip06,MTX_ACOE_Cutover_Reporting,UI_Excel_Select_Xwalk_Source_Accommodations,facility,*ALL*,QXA4067,2026-09-21 01:07:43.143000
150,COCAR,I.TSP,TCU SEMI PRIVATE,,N,NO MATCH,0,COCAR,,,,,N,Y,None,JKB0282,2026-07-13 12:24:09.930000,corpsvcmtxcutoverrpt_sql,2026-04-13 16:43:36.060000,xrdcwddbsuip06,MTX_ACOE_Cutover_Reporting,UI_Excel_Select_Xwalk_Source_Accommodations,facility,*ALL*,QXA4067,2026-09-21 01:07:43.144000
151,COCAR,I.WS,WOMENS SERVICES FOURTH FLOOR,WS,Y,NO MATCH,19,COCAR,PR,PRIVATE ROOM,PR,Y,Y,N,None,JKB0282,2026-06-16 16:33:10.427000,corpsvcmtxcutoverrpt_sql,2026-04-13 16:43:36.060000,xrdcwddbsuip06,MTX_ACOE_Cutover_Reporting,UI_Excel_Select_Xwalk_Source_Accommodations,facility,*ALL*,QXA4067,2026-09-21 01:07:43.144000
152,COCAR,L1,NEWBORN LEVEL 1,L1,Y,NO MATCH,118,COCAR,L1,NEWBORN LEVEL 1 CARE,L1,Y,Y,N,None,JKB0282,2026-06-16 16:33:10.520000,corpsvcmtxcutoverrpt_sql,2026-04-13 16:43:36.060000,xrdcwddbsuip06,MTX_ACOE_Cutover_Reporting,UI_Excel_Select_Xwalk_Source_Accommodations,facility,*ALL*,QXA4067,2026-09-21 01:07:43.144000
153,COCAR,L2,NEWBORN LEVEL 2,L2,Y,NO MATCH,54,COCAR,L2,NEWBORN LEVEL 2 CARE,L2,Y,Y,N,None,JKB0282,2026-06-16 16:33:10.610000,corpsvcmtxcutoverrpt_sql,2026-04-13 16:43:36.060000,xrdcwddbsuip06,MTX_ACOE_Cutover_Reporting,UI_Excel_Select_Xwalk_Source_Accommodations,facility,*ALL*,QXA4067,2026-09-21 01:07:43.144000
154,COCAR,L3,NEWBORN LEVEL 3,L3,Y,NO MATCH,44,COCAR,L3,NEWBORN LEVEL 3 CARE,L3,Y,Y,N,None,JKB0282,2026-06-16 16:33:10.700000,corpsvcmtxcutoverrpt_sql,2026-04-13 16:43:36.060000,xrdcwddbsuip06,MTX_ACOE_Cutover_Reporting,UI_Excel_Select_Xwalk_Source_Accommodations,facility,*ALL*,QXA4067,2026-09-21 01:07:43.144000
155,COCAR,L4,NEWBORN LEVEL 4,L4,Y,NO MATCH,6,COCAR,L4,NEWBORN LEVEL 4 CARE,L4,Y,Y,N,None,JKB0282,2026-06-16 16:33:10.787000,corpsvcmtxcutoverrpt_sql,2026-04-13 16:43:36.060000,xrdcwddbsuip06,MTX_ACOE_Cutover_Reporting,UI_Excel_Select_Xwalk_Source_Accommodations,facility,*ALL*,QXA4067,2026-09-21 01:07:43.144000
156,COCARG,G.ADT PSY,ADULT PSYCH UNIT,AP,N,NO MATCH,0,COCARG,,,,,N,Y,None,FAK3017,2026-04-27 12:04:19.340000,corpsvcmtxcutoverrpt_sql,2026-04-13 16:43:36.060000,xrdcwddbsuip06,MTX_ACOE_Cutover_Reporting,UI_Excel_Select_Xwalk_Source_Accommodations,facility,*ALL*,QXA4067,2026-09-21 01:07:43.144000
157,COCARG,G.ADTPSYL,ADULT DAY PSYCH (LEWISVILLE),AL,N,NO MATCH,0,COCARG,,,,,N,Y,None,FAK3017,2026-04-27 12:04:19.373000,corpsvcmtxcutoverrpt_sql,2026-04-13 16:43:36.060000,xrdcwddbsuip06,MTX_ACOE_Cutover_Reporting,UI_Excel_Select_Xwalk_Source_Accommodations,facility,*ALL*,QXA4067,2026-09-21 01:07:43.144000
158,COCARG,G.ADULTPSY,ADULT DAY PSYCH FLOW CAMPUS,AF,N,NO MATCH,0,COCARG,,,,,N,Y,None,FAK3017,2026-04-27 12:04:19.407000,corpsvcmtxcutoverrpt_sql,2026-04-13 16:43:36.060000,xrdcwddbsuip06,MTX_ACOE_Cutover_Reporting,UI_Excel_Select_Xwalk_Source_Accommodations,facility,*ALL*,QXA4067,2026-09-21 01:07:43.144000
159,COCARG,G.ARGHLD,ARGYLE SURGICAL ED HOLD,SH,Y,NO MATCH,0,COCARG,MS,MED SURG,MS,Y,Y,N,None,QVO8748,2026-07-29 09:26:33.257000,corpsvcmtxcutoverrpt_sql,2026-04-13 16:43:36.060000,xrdcwddbsuip06,MTX_ACOE_Cutover_Reporting,UI_Excel_Select_Xwalk_Source_Accommodations,facility,*ALL*,QXA4067,2026-09-21 01:07:43.144000
160,COCARG,G.ARGSURG,ARGYLE POST SURGICAL UNIT,AS,Y,NO MATCH,11,COCARG,MS,MED SURG,MS,Y,Y,N,None,FAK3017,2026-06-19 16:17:12.590000,corpsvcmtxcutoverrpt_sql,2026-04-13 16:43:36.060000,xrdcwddbsuip06,MTX_ACOE_Cutover_Reporting,UI_Excel_Select_Xwalk_Source_Accommodations,facility,*ALL*,QXA4067,2026-09-21 01:07:43.144000
161,COCARG,G.BM,BABY WITH MOTHER,BM,N,NO MATCH,0,COCARG,,,,,N,Y,None,FAK3017,2026-04-27 12:04:19.440000,corpsvcmtxcutoverrpt_sql,2026-04-13 16:43:36.060000,xrdcwddbsuip06,MTX_ACOE_Cutover_Reporting,UI_Excel_Select_Xwalk_Source_Accommodations,facility,*ALL*,QXA4067,2026-09-21 01:07:43.144000
162,COCARG,G.CC,CARDIAC CARE UNIT,CC,N,NO MATCH,0,COCARG,IC,INTENSIVE CARE,IC,Y,N,N,None,FAK3017,2026-06-19 16:17:12.623000,corpsvcmtxcutoverrpt_sql,2026-08-15 03:00:07.197000,xrdcwddbsuip06,MTX_ACOE_Cutover_Reporting,UI_Excel_Select_Xwalk_Source_Accommodations,facility,*ALL*,QXA4067,2026-09-21 01:07:43.144000
163,COCARG,G.COVID,ICU OVERFLOW,CV,N,NO MATCH,0,COCARG,,,,,N,Y,None,FAK3017,2026-04-27 12:04:19.473000,corpsvcmtxcutoverrpt_sql,2026-04-13 16:43:36.060000,xrdcwddbsuip06,MTX_ACOE_Cutover_Reporting,UI_Excel_Select_Xwalk_Source_Accommodations,facility,*ALL*,QXA4067,2026-09-21 01:07:43.144000
164,COCARG,G.ECMO,ECMO,EC,Y,NO MATCH,0,COCARG,IC,INTENSIVE CARE,IC,Y,Y,N,None,QVO8748,2026-07-30 10:56:52.137000,corpsvcmtxcutoverrpt_sql,2026-04-13 16:43:36.060000,xrdcwddbsuip06,MTX_ACOE_Cutover_Reporting,UI_Excel_Select_Xwalk_Source_Accommodations,facility,*ALL*,QXA4067,2026-09-21 01:07:43.144000
165,COCARG,G.IC,INTENSIVE CARE UNIT,IC,N,NO MATCH,0,COCARG,,,,,N,Y,None,FAK3017,2026-04-27 12:04:19.510000,corpsvcmtxcutoverrpt_sql,2026-04-13 16:43:36.060000,xrdcwddbsuip06,MTX_ACOE_Cutover_Reporting,UI_Excel_Select_Xwalk_Source_Accommodations,facility,*ALL*,QXA4067,2026-09-21 01:07:43.144000
166,COCARG,G.ICU,ICU INTENSIVE CARE UNIT,IU,Y,NO MATCH,0,COCARG,IC,INTENSIVE CARE,IC,Y,Y,N,None,FAK3017,2026-06-19 16:17:12.690000,corpsvcmtxcutoverrpt_sql,2026-04-13 16:43:36.060000,xrdcwddbsuip06,MTX_ACOE_Cutover_Reporting,UI_Excel_Select_Xwalk_Source_Accommodations,facility,*ALL*,QXA4067,2026-09-21 01:07:43.144000
167,COCARG,G.IPR,INPATIENT REHAB,RP,Y,NO MATCH,0,COCARG,MS,MED SURG,MS,Y,Y,N,None,QVO8748,2026-07-29 09:26:33.290000,corpsvcmtxcutoverrpt_sql,2026-05-15 03:00:04.067000,xrdcwddbsuip06,MTX_ACOE_Cutover_Reporting,UI_Excel_Select_Xwalk_Source_Accommodations,facility,*ALL*,QXA4067,2026-09-21 01:07:43.144000
168,COCARG,G.IPR Tele,PRIVATE REHAB MONITORED,RT,Y,NO MATCH,0,COCARG,TEL,TELEMETRY,TE,Y,Y,N,None,FAK3017,2026-06-19 16:17:12.753000,corpsvcmtxcutoverrpt_sql,2026-05-15 03:00:04.067000,xrdcwddbsuip06,MTX_ACOE_Cutover_Reporting,UI_Excel_Select_Xwalk_Source_Accommodations,facility,*ALL*,QXA4067,2026-09-21 01:07:43.144000
169,COCARG,G.IS,ISOLATION,IS,N,NO MATCH,0,COCARG,MS,MED SURG,MS,Y,N,N,None,QVO8748,2026-07-29 09:26:33.327000,corpsvcmtxcutoverrpt_sql,2026-08-15 03:00:07.197000,xrdcwddbsuip06,MTX_ACOE_Cutover_Reporting,UI_Excel_Select_Xwalk_Source_Accommodations,facility,*ALL*,QXA4067,2026-09-21 01:07:43.144000
170,COCARG,G.LD,L/D ER HOLDING,LD,N,NO MATCH,0,COCARG,,,,,N,Y,None,FAK3017,2026-04-27 12:04:19.543000,corpsvcmtxcutoverrpt_sql,2026-04-13 16:43:36.060000,xrdcwddbsuip06,MTX_ACOE_Cutover_Reporting,UI_Excel_Select_Xwalk_Source_Accommodations,facility,*ALL*,QXA4067,2026-09-21 01:07:43.144000
171,COCARG,G.MB,MONITORED BED,MB,N,NO MATCH,0,COCARG,,,,,N,Y,None,FAK3017,2026-04-27 12:04:19.577000,corpsvcmtxcutoverrpt_sql,2026-04-13 16:43:36.060000,xrdcwddbsuip06,MTX_ACOE_Cutover_Reporting,UI_Excel_Select_Xwalk_Source_Accommodations,facility,*ALL*,QXA4067,2026-09-21 01:07:43.144000
172,COCARG,G.MED,MEDICAL ER HOLDING,ME,N,NO MATCH,0,COCARG,MS,MED SURG,MS,Y,N,N,None,QVO8748,2026-07-29 09:26:33.380000,corpsvcmtxcutoverrpt_sql,2026-08-15 03:00:07.197000,xrdcwddbsuip06,MTX_ACOE_Cutover_Reporting,UI_Excel_Select_Xwalk_Source_Accommodations,facility,*ALL*,QXA4067,2026-09-21 01:07:43.144000
173,COCARG,G.MS,Med Surg W/O Tele,MS,Y,NO MATCH,11,COCARG,MS,MED SURG,MS,Y,N,N,None,FAK3017,2026-06-19 16:17:13.113000,corpsvcmtxcutoverrpt_sql,2026-08-15 03:00:07.197000,xrdcwddbsuip06,MTX_ACOE_Cutover_Reporting,UI_Excel_Select_Xwalk_Source_Accommodations,facility,*ALL*,QXA4067,2026-09-21 01:07:43.144000
174,COCARG,G.NB,NURSERY NEWBORN,NB,N,NO MATCH,0,COCARG,,,,,N,Y,None,FAK3017,2026-04-27 12:04:19.610000,corpsvcmtxcutoverrpt_sql,2026-04-13 16:43:36.060000,xrdcwddbsuip06,MTX_ACOE_Cutover_Reporting,UI_Excel_Select_Xwalk_Source_Accommodations,facility,*ALL*,QXA4067,2026-09-21 01:07:43.144000
175,COCARG,G.NC,NURSERY ACUTE ICU,NC,N,NO MATCH,0,COCARG,,,,,N,Y,None,FAK3017,2026-04-27 12:04:19.643000,corpsvcmtxcutoverrpt_sql,2026-04-13 16:43:36.060000,xrdcwddbsuip06,MTX_ACOE_Cutover_Reporting,UI_Excel_Select_Xwalk_Source_Accommodations,facility,*ALL*,QXA4067,2026-09-21 01:07:43.144000
176,COCARG,G.NI,NURSERY INTERMEDIATE,NI,N,NO MATCH,0,COCARG,,,,,N,Y,None,FAK3017,2026-04-27 12:04:19.677000,corpsvcmtxcutoverrpt_sql,2026-04-13 16:43:36.060000,xrdcwddbsuip06,MTX_ACOE_Cutover_Reporting,UI_Excel_Select_Xwalk_Source_Accommodations,facility,*ALL*,QXA4067,2026-09-21 01:07:43.144000
177,COCARG,G.NP,NURSERY PROGRESSIVE CARE,NP,N,NO MATCH,0,COCARG,,,,,N,Y,None,FAK3017,2026-04-27 12:04:19.710000,corpsvcmtxcutoverrpt_sql,2026-04-13 16:43:36.060000,xrdcwddbsuip06,MTX_ACOE_Cutover_Reporting,UI_Excel_Select_Xwalk_Source_Accommodations,facility,*ALL*,QXA4067,2026-09-21 01:07:43.145000
178,COCARG,G.OB/GYN,OB/GYN ER HOLDING,OB,N,NO MATCH,0,COCARG,,,,,N,Y,None,FAK3017,2026-04-27 12:04:19.743000,corpsvcmtxcutoverrpt_sql,2026-04-13 16:43:36.060000,xrdcwddbsuip06,MTX_ACOE_Cutover_Reporting,UI_Excel_Select_Xwalk_Source_Accommodations,facility,*ALL*,QXA4067,2026-09-21 01:07:43.145000
179,COCARG,G.OMS,OVERFLOW FOR MED - SURG,OF,N,NO MATCH,0,COCARG,,,,,N,Y,None,FAK3017,2026-04-27 12:04:19.777000,corpsvcmtxcutoverrpt_sql,2026-04-13 16:43:36.060000,xrdcwddbsuip06,MTX_ACOE_Cutover_Reporting,UI_Excel_Select_Xwalk_Source_Accommodations,facility,*ALL*,QXA4067,2026-09-21 01:07:43.145000
180,COCARG,G.OTEL,OVERFLOW FOR TELE,OV,N,NO MATCH,0,COCARG,,,,,N,Y,None,FAK3017,2026-04-27 12:04:19.807000,corpsvcmtxcutoverrpt_sql,2026-04-13 16:43:36.060000,xrdcwddbsuip06,MTX_ACOE_Cutover_Reporting,UI_Excel_Select_Xwalk_Source_Accommodations,facility,*ALL*,QXA4067,2026-09-21 01:07:43.145000
181,COCARG,G.PB,NURSERY PROG CARE BOARDER,PB,N,NO MATCH,0,COCARG,,,,,N,Y,None,FAK3017,2026-04-27 12:04:19.840000,corpsvcmtxcutoverrpt_sql,2026-04-13 16:43:36.060000,xrdcwddbsuip06,MTX_ACOE_Cutover_Reporting,UI_Excel_Select_Xwalk_Source_Accommodations,facility,*ALL*,QXA4067,2026-09-21 01:07:43.145000
182,COCARG,G.PCU,PCU STEPDOWN,PC,Y,NO MATCH,0,COCARG,MS,MED SURG,MS,Y,Y,N,None,QVO8748,2026-07-29 09:26:33.417000,corpsvcmtxcutoverrpt_sql,2026-04-13 16:43:36.060000,xrdcwddbsuip06,MTX_ACOE_Cutover_Reporting,UI_Excel_Select_Xwalk_Source_Accommodations,facility,*ALL*,QXA4067,2026-09-21 01:07:43.145000
183,COCARG,G.PED,PED ER HOLDING,PE,N,NO MATCH,0,COCARG,,,,,N,Y,None,FAK3017,2026-04-27 12:04:19.873000,corpsvcmtxcutoverrpt_sql,2026-04-13 16:43:36.060000,xrdcwddbsuip06,MTX_ACOE_Cutover_Reporting,UI_Excel_Select_Xwalk_Source_Accommodations,facility,*ALL*,QXA4067,2026-09-21 01:07:43.145000
184,COCARG,G.PP,PSYCH PRIVATE,PP,N,NO MATCH,0,COCARG,,,,,N,Y,None,FAK3017,2026-04-27 12:04:19.913000,corpsvcmtxcutoverrpt_sql,2026-04-13 16:43:36.060000,xrdcwddbsuip06,MTX_ACOE_Cutover_Reporting,UI_Excel_Select_Xwalk_Source_Accommodations,facility,*ALL*,QXA4067,2026-09-21 01:07:43.145000
185,COCARG,G.PR,PRIVATE,PR,N,NO MATCH,0,COCARG,,,,,N,Y,None,FAK3017,2026-07-07 12:13:26.127000,corpsvcmtxcutoverrpt_sql,2026-04-13 16:43:36.060000,xrdcwddbsuip06,MTX_ACOE_Cutover_Reporting,UI_Excel_Select_Xwalk_Source_Accommodations,facility,*ALL*,QXA4067,2026-09-21 01:07:43.145000
186,COCARG,G.PRH,HVU STEPDOWN,HS,N,NO MATCH,0,COCARG,MS,MED SURG,MS,Y,N,N,None,QVO8748,2026-07-29 09:26:33.453000,corpsvcmtxcutoverrpt_sql,2026-08-15 03:00:07.197000,xrdcwddbsuip06,MTX_ACOE_Cutover_Reporting,UI_Excel_Select_Xwalk_Source_Accommodations,facility,*ALL*,QXA4067,2026-09-21 01:07:43.145000
187,COCARG,G.PRI,IMCU STEPDOWN,IM,N,NO MATCH,0,COCARG,,,,,N,Y,None,FAK3017,2026-04-27 12:04:19.947000,corpsvcmtxcutoverrpt_sql,2026-04-13 16:43:36.060000,xrdcwddbsuip06,MTX_ACOE_Cutover_Reporting,UI_Excel_Select_Xwalk_Source_Accommodations,facility,*ALL*,QXA4067,2026-09-21 01:07:43.145000
188,COCARG,G.PRS,PCU STEPDOWN,SD,N,NO MATCH,0,COCARG,,,,,N,Y,None,QVO8748,2026-07-29 09:26:33.490000,corpsvcmtxcutoverrpt_sql,2026-04-13 16:43:36.060000,xrdcwddbsuip06,MTX_ACOE_Cutover_Reporting,UI_Excel_Select_Xwalk_Source_Accommodations,facility,*ALL*,QXA4067,2026-09-21 01:07:43.145000
189,COCARG,G.PS,PSYCH SEMI-PRIVATE,PS,N,NO MATCH,0,COCARG,,,,,N,Y,None,FAK3017,2026-04-27 12:04:19.980000,corpsvcmtxcutoverrpt_sql,2026-04-13 16:43:36.060000,xrdcwddbsuip06,MTX_ACOE_Cutover_Reporting,UI_Excel_Select_Xwalk_Source_Accommodations,facility,*ALL*,QXA4067,2026-09-21 01:07:43.145000
190,COCARG,G.RP,REHAB PRIVATE,RP,N,NO MATCH,0,COCARG,,,,,N,Y,None,FAK3017,2026-04-27 12:04:20.013000,corpsvcmtxcutoverrpt_sql,2026-04-13 16:43:36.060000,xrdcwddbsuip06,MTX_ACOE_Cutover_Reporting,UI_Excel_Select_Xwalk_Source_Accommodations,facility,*ALL*,QXA4067,2026-09-21 01:07:43.145000
191,COCARG,G.RS,REHAB SEMI-PRIVATE,RS,N,NO MATCH,0,COCARG,,,,,N,Y,None,FAK3017,2026-04-27 12:04:20.060000,corpsvcmtxcutoverrpt_sql,2026-04-13 16:43:36.060000,xrdcwddbsuip06,MTX_ACOE_Cutover_Reporting,UI_Excel_Select_Xwalk_Source_Accommodations,facility,*ALL*,QXA4067,2026-09-21 01:07:43.145000
192,COCARG,G.SF,SKILLED NURSING PRIVATE,SF,N,NO MATCH,0,COCARG,,,,,N,Y,None,FAK3017,2026-04-27 12:04:20.090000,corpsvcmtxcutoverrpt_sql,2026-04-13 16:43:36.060000,xrdcwddbsuip06,MTX_ACOE_Cutover_Reporting,UI_Excel_Select_Xwalk_Source_Accommodations,facility,*ALL*,QXA4067,2026-09-21 01:07:43.145000
193,COCARG,G.SP,SEMI PRIVATE,SP,Y,NO MATCH,0,COCARG,MS,MED SURG,MS,Y,Y,N,None,QVO8748,2026-07-29 09:26:33.550000,corpsvcmtxcutoverrpt_sql,2026-04-13 16:43:36.060000,xrdcwddbsuip06,MTX_ACOE_Cutover_Reporting,UI_Excel_Select_Xwalk_Source_Accommodations,facility,*ALL*,QXA4067,2026-09-21 01:07:43.145000
194,COCARG,G.SS,SKILLED NURSING SEMI-PRIVATE,SS,N,NO MATCH,0,COCARG,,,,,N,Y,None,FAK3017,2026-04-27 12:04:20.123000,corpsvcmtxcutoverrpt_sql,2026-04-13 16:43:36.060000,xrdcwddbsuip06,MTX_ACOE_Cutover_Reporting,UI_Excel_Select_Xwalk_Source_Accommodations,facility,*ALL*,QXA4067,2026-09-21 01:07:43.145000
195,COCARG,G.SUR,SURGICAL ER HOLDING,SU,N,NO MATCH,0,COCARG,MS,MED SURG,MS,Y,N,N,None,QVO8748,2026-07-29 09:26:33.590000,corpsvcmtxcutoverrpt_sql,2026-08-15 03:00:07.197000,xrdcwddbsuip06,MTX_ACOE_Cutover_Reporting,UI_Excel_Select_Xwalk_Source_Accommodations,facility,*ALL*,QXA4067,2026-09-21 01:07:43.145000
196,COCARG,G.TeleMS,Med Surg w/ Tele,MT,Y,NO MATCH,0,COCARG,TEL,TELEMETRY,TE,Y,N,N,None,FAK3017,2026-06-19 16:17:13.290000,corpsvcmtxcutoverrpt_sql,2026-08-15 03:00:07.197000,xrdcwddbsuip06,MTX_ACOE_Cutover_Reporting,UI_Excel_Select_Xwalk_Source_Accommodations,facility,*ALL*,QXA4067,2026-09-21 01:07:43.145000
197,COCARG,G.TR,TRAUMA,TR,Y,NO MATCH,0,COCARG,IC,INTENSIVE CARE,IC,Y,Y,N,None,QVO8748,2026-07-29 09:26:33.623000,corpsvcmtxcutoverrpt_sql,2026-04-13 16:43:36.060000,xrdcwddbsuip06,MTX_ACOE_Cutover_Reporting,UI_Excel_Select_Xwalk_Source_Accommodations,facility,*ALL*,QXA4067,2026-09-21 01:07:43.145000
198,COCARG,J.SEMI,SEMI PRIVATE *****TEST*****,01,N,NO MATCH,0,COCARG,,,,,N,Y,None,FAK3017,2026-04-27 12:04:20.153000,corpsvcmtxcutoverrpt_sql,2026-04-13 16:43:36.060000,xrdcwddbsuip06,MTX_ACOE_Cutover_Reporting,UI_Excel_Select_Xwalk_Source_Accommodations,facility,*ALL*,QXA4067,2026-09-21 01:07:43.145000
199,COCARG,P,PRIVATE,05,N,NO MATCH,0,COCARG,,,,,N,Y,None,FAK3017,2026-04-27 12:04:20.187000,corpsvcmtxcutoverrpt_sql,2026-04-13 16:43:36.060000,xrdcwddbsuip06,MTX_ACOE_Cutover_Reporting,UI_Excel_Select_Xwalk_Source_Accommodations,facility,*ALL*,QXA4067,2026-09-21 01:07:43.145000
200,COCAT,B,*NEWBORN*,,N,NO MATCH,0,COCAT,,,,N,N,Y,None,RWM4772,2026-06-17 11:01:40.927000,corpsvcmtxcutoverrpt_sql,2026-01-21 03:06:33.630000,xrdcwddbsuip06,MTX_ACOE_Cutover_Reporting,UI_Excel_Select_Xwalk_Source_Accommodations,facility,*ALL*,QXA4067,2026-09-21 01:07:43.145000
201,COCAT,BURN,Burn Intensive Care,BU,N,NO MATCH,0,COCAT,,,,N,N,Y,None,RWM4772,2026-06-17 11:01:40.983000,corpsvcmtxcutoverrpt_sql,2026-01-21 03:06:33.630000,xrdcwddbsuip06,MTX_ACOE_Cutover_Reporting,UI_Excel_Select_Xwalk_Source_Accommodations,facility,*ALL*,QXA4067,2026-09-21 01:07:43.145000
202,COCAT,CC,CORONARY CARE,CO,Y,"TEST (2026-09-20),ZCON (2026-09-20),LIVE (2026-09-04)",0,COCAT,CC,CORONARY CARE,CC,Y,Y,N,None,RWM4772,2026-03-10 10:39:55.480000,corpsvcmtxcutoverrpt_sql,2026-01-21 03:06:33.630000,xrdcwddbsuip06,MTX_ACOE_Cutover_Reporting,UI_Excel_Select_Xwalk_Source_Accommodations,facility,*ALL*,QXA4067,2026-09-21 01:07:43.145000
203,COCAT,CV,CVICU,CV,Y,"TEST (2026-09-20),ZCON (2026-09-20),LIVE (2026-09-04)",14,COCAT,CC,CORONARY CARE,CC,Y,Y,N,None,RWM4772,2026-03-10 10:39:55.490000,corpsvcmtxcutoverrpt_sql,2026-01-21 03:06:33.630000,xrdcwddbsuip06,MTX_ACOE_Cutover_Reporting,UI_Excel_Select_Xwalk_Source_Accommodations,facility,*ALL*,QXA4067,2026-09-21 01:07:43.146000
204,COCAT,DX,Detox,DX,N,NO MATCH,0,COCAT,,,,N,N,Y,None,RWM4772,2026-06-17 11:01:41.063000,corpsvcmtxcutoverrpt_sql,2026-01-21 03:06:33.630000,xrdcwddbsuip06,MTX_ACOE_Cutover_Reporting,UI_Excel_Select_Xwalk_Source_Accommodations,facility,*ALL*,QXA4067,2026-09-21 01:07:43.146000
205,COCAT,EC,ICU GENERAL W ECMO,EC,Y,"TEST (2026-09-20),ZCON (2026-09-20),LIVE (2026-09-04)",0,COCAT,EC,ECMO,EC,Y,Y,N,None,RWM4772,2026-03-10 10:39:55.497000,corpsvcmtxcutoverrpt_sql,2026-01-21 03:06:33.630000,xrdcwddbsuip06,MTX_ACOE_Cutover_Reporting,UI_Excel_Select_Xwalk_Source_Accommodations,facility,*ALL*,QXA4067,2026-09-21 01:07:43.146000
206,COCAT,ECBR,ICU BURN W ECMO,EB,Y,"TEST (2026-09-20),ZCON (2026-09-20),LIVE (2026-09-04)",0,COCAT,EC,ECMO,EC,Y,Y,N,None,RWM4772,2026-08-15 13:56:20.807000,corpsvcmtxcutoverrpt_sql,2026-01-21 03:06:33.630000,xrdcwddbsuip06,MTX_ACOE_Cutover_Reporting,UI_Excel_Select_Xwalk_Source_Accommodations,facility,*ALL*,QXA4067,2026-09-21 01:07:43.146000
207,COCAT,ECTR,ICU TRAUMA W ECMO,ET,Y,"TEST (2026-09-20),ZCON (2026-09-20),LIVE (2026-09-04)",0,COCAT,TREC,TRAUMA WITH ECMO,ET,Y,Y,N,None,RWM4772,2026-06-17 10:59:29.843000,corpsvcmtxcutoverrpt_sql,2026-01-21 03:06:33.630000,xrdcwddbsuip06,MTX_ACOE_Cutover_Reporting,UI_Excel_Select_Xwalk_Source_Accommodations,facility,*ALL*,QXA4067,2026-09-21 01:07:43.146000
208,COCAT,ER,ER HOLD,ER,N,NO MATCH,0,COCAT,,,,N,N,Y,None,RWM4772,2026-06-17 11:01:41.120000,corpsvcmtxcutoverrpt_sql,2026-01-21 03:06:33.630000,xrdcwddbsuip06,MTX_ACOE_Cutover_Reporting,UI_Excel_Select_Xwalk_Source_Accommodations,facility,*ALL*,QXA4067,2026-09-21 01:07:43.146000
209,COCAT,HR,HIGH RISK,HR,N,NO MATCH,0,COCAT,,,,N,N,Y,None,RWM4772,2026-06-17 11:01:41.177000,corpsvcmtxcutoverrpt_sql,2026-01-21 03:06:33.630000,xrdcwddbsuip06,MTX_ACOE_Cutover_Reporting,UI_Excel_Select_Xwalk_Source_Accommodations,facility,*ALL*,QXA4067,2026-09-21 01:07:43.146000
210,COCAT,IC,INTENSIVE CARE,IN,Y,"TEST (2026-09-20),ZCON (2026-09-20),LIVE (2026-09-04)",41,COCAT,IC,INTENSIVE CARE,IC,Y,Y,N,None,RWM4772,2026-03-10 10:39:55.510000,corpsvcmtxcutoverrpt_sql,2026-01-21 03:06:33.630000,xrdcwddbsuip06,MTX_ACOE_Cutover_Reporting,UI_Excel_Select_Xwalk_Source_Accommodations,facility,*ALL*,QXA4067,2026-09-21 01:07:43.146000
211,COCAT,IM,Intermediate Care,IR,Y,"TEST (2026-09-20),ZCON (2026-09-20),LIVE (2026-09-04)",252,COCAT,PC,PROGRESSIVE CARE,PC,Y,Y,N,None,RWM4772,2026-03-10 10:39:55.517000,corpsvcmtxcutoverrpt_sql,2026-01-21 03:06:33.630000,xrdcwddbsuip06,MTX_ACOE_Cutover_Reporting,UI_Excel_Select_Xwalk_Source_Accommodations,facility,*ALL*,QXA4067,2026-09-21 01:07:43.146000
212,COCAT,IMCU,Intermediate Care CCU,CR,N,NO MATCH,0,COCAT,,,,N,N,Y,None,RWM4772,2026-06-17 11:01:41.233000,corpsvcmtxcutoverrpt_sql,2026-01-21 03:06:33.630000,xrdcwddbsuip06,MTX_ACOE_Cutover_Reporting,UI_Excel_Select_Xwalk_Source_Accommodations,facility,*ALL*,QXA4067,2026-09-21 01:07:43.146000
213,COCAT,J,"*PRIVATE, MEDICALLY JUSTIFIED*",,N,NO MATCH,0,COCAT,,,,N,N,Y,None,RWM4772,2026-06-17 11:01:41.290000,corpsvcmtxcutoverrpt_sql,2026-01-21 03:06:33.630000,xrdcwddbsuip06,MTX_ACOE_Cutover_Reporting,UI_Excel_Select_Xwalk_Source_Accommodations,facility,*ALL*,QXA4067,2026-09-21 01:07:43.146000
214,COCAT,M,CORONARY CARE,,N,NO MATCH,0,COCAT,,,,N,N,Y,None,RWM4772,2026-06-17 11:01:41.347000,corpsvcmtxcutoverrpt_sql,2026-01-21 03:06:33.630000,xrdcwddbsuip06,MTX_ACOE_Cutover_Reporting,UI_Excel_Select_Xwalk_Source_Accommodations,facility,*ALL*,QXA4067,2026-09-21 01:07:43.146000
215,COCAT,MS,Med Surg,MD,Y,"TEST (2026-09-20),ZCON (2026-09-20),LIVE (2026-09-04)",732,COCAT,MS,MED SURG,MS,Y,Y,N,None,RWM4772,2026-03-10 10:39:55.523000,corpsvcmtxcutoverrpt_sql,2026-01-21 03:06:33.630000,xrdcwddbsuip06,MTX_ACOE_Cutover_Reporting,UI_Excel_Select_Xwalk_Source_Accommodations,facility,*ALL*,QXA4067,2026-09-21 01:07:43.146000
216,COCAT,N1,NICU Level 1,NO,N,NO MATCH,0,COCAT,,,,N,N,Y,None,RWM4772,2026-06-17 11:01:41.407000,corpsvcmtxcutoverrpt_sql,2026-01-21 03:06:33.630000,xrdcwddbsuip06,MTX_ACOE_Cutover_Reporting,UI_Excel_Select_Xwalk_Source_Accommodations,facility,*ALL*,QXA4067,2026-09-21 01:07:43.146000
217,COCAT,N2,NICU Level 2,NT,N,NO MATCH,0,COCAT,,,,N,N,Y,None,RWM4772,2026-06-17 11:01:41.467000,corpsvcmtxcutoverrpt_sql,2026-01-21 03:06:33.630000,xrdcwddbsuip06,MTX_ACOE_Cutover_Reporting,UI_Excel_Select_Xwalk_Source_Accommodations,facility,*ALL*,QXA4067,2026-09-21 01:07:43.146000
218,COCAT,N3,NICU Level 3,N3,N,NO MATCH,0,COCAT,,,,N,N,Y,None,RWM4772,2026-06-17 11:01:41.527000,corpsvcmtxcutoverrpt_sql,2026-01-21 03:06:33.630000,xrdcwddbsuip06,MTX_ACOE_Cutover_Reporting,UI_Excel_Select_Xwalk_Source_Accommodations,facility,*ALL*,QXA4067,2026-09-21 01:07:43.146000
219,COCAT,NA,NON APPLICABLE,NA,N,NO MATCH,0,COCAT,,,,N,N,Y,None,RWM4772,2026-06-17 11:01:41.583000,corpsvcmtxcutoverrpt_sql,2026-01-21 03:06:33.630000,xrdcwddbsuip06,MTX_ACOE_Cutover_Reporting,UI_Excel_Select_Xwalk_Source_Accommodations,facility,*ALL*,QXA4067,2026-09-21 01:07:43.146000
220,COCAT,NB,Newborn Basic Care,NB,N,NO MATCH,0,COCAT,,,,N,N,Y,None,RWM4772,2026-06-17 11:01:41.640000,corpsvcmtxcutoverrpt_sql,2026-01-21 03:06:33.630000,xrdcwddbsuip06,MTX_ACOE_Cutover_Reporting,UI_Excel_Select_Xwalk_Source_Accommodations,facility,*ALL*,QXA4067,2026-09-21 01:07:43.146000
221,COCAT,NICU,NEONATAL INTENSIVE CARE UNIT,NI,N,NO MATCH,0,COCAT,,,,N,N,Y,None,RWM4772,2026-06-17 11:01:41.697000,corpsvcmtxcutoverrpt_sql,2026-01-21 03:06:33.630000,xrdcwddbsuip06,MTX_ACOE_Cutover_Reporting,UI_Excel_Select_Xwalk_Source_Accommodations,facility,*ALL*,QXA4067,2026-09-21 01:07:43.146000
222,COCAT,NSY,NURSERY,B,N,NO MATCH,0,COCAT,,,,N,N,Y,None,RWM4772,2026-06-17 11:01:41.753000,corpsvcmtxcutoverrpt_sql,2026-01-21 03:06:33.630000,xrdcwddbsuip06,MTX_ACOE_Cutover_Reporting,UI_Excel_Select_Xwalk_Source_Accommodations,facility,*ALL*,QXA4067,2026-09-21 01:07:43.146000
223,COCAT,OC,Obstetrics,OC,N,NO MATCH,0,COCAT,,,,N,N,Y,None,RWM4772,2026-06-17 11:01:41.820000,corpsvcmtxcutoverrpt_sql,2026-01-21 03:06:33.630000,xrdcwddbsuip06,MTX_ACOE_Cutover_Reporting,UI_Excel_Select_Xwalk_Source_Accommodations,facility,*ALL*,QXA4067,2026-09-21 01:07:43.146000
224,COCAT,P,PRIVATE ROOM,P,N,NO MATCH,0,COCAT,,,,N,N,Y,None,RWM4772,2026-06-17 11:01:41.877000,corpsvcmtxcutoverrpt_sql,2026-01-21 03:06:33.630000,xrdcwddbsuip06,MTX_ACOE_Cutover_Reporting,UI_Excel_Select_Xwalk_Source_Accommodations,facility,*ALL*,QXA4067,2026-09-21 01:07:43.146000
225,COCAT,P-VIP,VIP SINGLE,PV,N,NO MATCH,0,COCAT,,,,N,N,Y,None,RWM4772,2026-06-17 11:01:41.933000,corpsvcmtxcutoverrpt_sql,2026-01-21 03:06:33.630000,xrdcwddbsuip06,MTX_ACOE_Cutover_Reporting,UI_Excel_Select_Xwalk_Source_Accommodations,facility,*ALL*,QXA4067,2026-09-21 01:07:43.146000
226,COCAT,PICU,PICU,PD,N,NO MATCH,0,COCAT,,,,N,N,Y,None,RWM4772,2026-06-17 11:01:41.997000,corpsvcmtxcutoverrpt_sql,2026-01-21 03:06:33.630000,xrdcwddbsuip06,MTX_ACOE_Cutover_Reporting,UI_Excel_Select_Xwalk_Source_Accommodations,facility,*ALL*,QXA4067,2026-09-21 01:07:43.146000
227,COCAT,PN,Perinatal Unit,PN,N,NO MATCH,0,COCAT,,,,N,N,Y,None,RWM4772,2026-06-17 11:01:42.053000,corpsvcmtxcutoverrpt_sql,2026-01-21 03:06:33.630000,xrdcwddbsuip06,MTX_ACOE_Cutover_Reporting,UI_Excel_Select_Xwalk_Source_Accommodations,facility,*ALL*,QXA4067,2026-09-21 01:07:43.146000
228,COCAT,PSY,Psych,PY,Y,"TEST (2026-09-20),ZCON (2026-09-20),LIVE (2026-09-04)",178,COCAT,BH,BEHAVIORAL HEALTH,BH,Y,Y,N,None,RWM4772,2026-03-10 10:39:55.530000,corpsvcmtxcutoverrpt_sql,2026-01-21 03:06:33.630000,xrdcwddbsuip06,MTX_ACOE_Cutover_Reporting,UI_Excel_Select_Xwalk_Source_Accommodations,facility,*ALL*,QXA4067,2026-09-21 01:07:43.146000
229,COCAT,RH,Rehabilitation,RH,Y,"TEST (2026-09-20),ZCON (2026-09-20),LIVE (2026-09-04)",69,COCAT,R,REHABILITATION,R,Y,Y,N,None,RWM4772,2026-03-10 10:39:55.533000,corpsvcmtxcutoverrpt_sql,2026-01-21 03:06:33.630000,xrdcwddbsuip06,MTX_ACOE_Cutover_Reporting,UI_Excel_Select_Xwalk_Source_Accommodations,facility,*ALL*,QXA4067,2026-09-21 01:07:43.147000
230,COCAT,S,SEMI-PRIVATE ROOM,S,N,NO MATCH,0,COCAT,,,,N,N,Y,None,RWM4772,2026-06-17 11:01:42.110000,corpsvcmtxcutoverrpt_sql,2026-01-21 03:06:33.630000,xrdcwddbsuip06,MTX_ACOE_Cutover_Reporting,UI_Excel_Select_Xwalk_Source_Accommodations,facility,*ALL*,QXA4067,2026-09-21 01:07:43.147000
231,COCAT,SB,SWING BED,SB,Y,"TEST (2026-09-20),ZCON (2026-09-20),LIVE (2026-09-04)",0,COCAT,MS,MED SURG,MS,Y,Y,N,None,RWM4772,2026-08-15 13:55:02.303000,corpsvcmtxcutoverrpt_sql,2026-01-21 03:06:33.630000,xrdcwddbsuip06,MTX_ACOE_Cutover_Reporting,UI_Excel_Select_Xwalk_Source_Accommodations,facility,*ALL*,QXA4067,2026-09-21 01:07:43.147000
232,COCAT,SD,STEPDOWN,SD,N,NO MATCH,0,COCAT,,,,N,N,Y,None,RWM4772,2026-06-17 11:01:42.173000,corpsvcmtxcutoverrpt_sql,2026-01-21 03:06:33.630000,xrdcwddbsuip06,MTX_ACOE_Cutover_Reporting,UI_Excel_Select_Xwalk_Source_Accommodations,facility,*ALL*,QXA4067,2026-09-21 01:07:43.147000
233,COCAT,T,TELEMETRY,T,Y,"TEST (2026-09-20),ZCON (2026-09-20),LIVE (2026-09-04)",22,COCAT,TEL,TELEMETRY,TE,Y,Y,N,None,RWM4772,2026-03-10 10:39:55.543000,corpsvcmtxcutoverrpt_sql,2026-01-21 03:06:33.630000,xrdcwddbsuip06,MTX_ACOE_Cutover_Reporting,UI_Excel_Select_Xwalk_Source_Accommodations,facility,*ALL*,QXA4067,2026-09-21 01:07:43.147000
234,COCAT,T2-VIP,VIP SUITE T-DLX,T2,N,NO MATCH,0,COCAT,,,,N,N,Y,None,RWM4772,2026-06-17 11:01:42.230000,corpsvcmtxcutoverrpt_sql,2026-01-21 03:06:33.630000,xrdcwddbsuip06,MTX_ACOE_Cutover_Reporting,UI_Excel_Select_Xwalk_Source_Accommodations,facility,*ALL*,QXA4067,2026-09-21 01:07:43.147000
235,COCAT,TR,Trauma Intensive Care,TR,Y,"TEST (2026-09-20),ZCON (2026-09-20),LIVE (2026-09-04)",12,COCAT,TRIC,TRAUMA INTENSIVE CARE,TI,Y,Y,N,None,RWM4772,2026-03-10 10:39:55.550000,corpsvcmtxcutoverrpt_sql,2026-01-21 03:06:33.630000,xrdcwddbsuip06,MTX_ACOE_Cutover_Reporting,UI_Excel_Select_Xwalk_Source_Accommodations,facility,*ALL*,QXA4067,2026-09-21 01:07:43.147000
236,COCAT,V1-VIP,VIP SUITE STD,V1,N,NO MATCH,0,COCAT,,,,N,N,Y,None,RWM4772,2026-06-17 11:01:42.290000,corpsvcmtxcutoverrpt_sql,2026-01-21 03:06:33.630000,xrdcwddbsuip06,MTX_ACOE_Cutover_Reporting,UI_Excel_Select_Xwalk_Source_Accommodations,facility,*ALL*,QXA4067,2026-09-21 01:07:43.147000
237,COCAT,V2-VIP,VIP SUITE,V2,N,NO MATCH,0,COCAT,,,,N,N,Y,None,RWM4772,2026-06-17 11:01:42.350000,corpsvcmtxcutoverrpt_sql,2026-01-21 03:06:33.630000,xrdcwddbsuip06,MTX_ACOE_Cutover_Reporting,UI_Excel_Select_Xwalk_Source_Accommodations,facility,*ALL*,QXA4067,2026-09-21 01:07:43.147000
238,COCAT,VIP,VIP Room,VI,Y,"TEST (2026-09-20),ZCON (2026-09-20),LIVE (2026-09-04)",0,COCAT,MS,MED SURG,MS,Y,Y,N,None,RWM4772,2026-08-15 13:55:17.600000,corpsvcmtxcutoverrpt_sql,2026-01-21 03:06:33.630000,xrdcwddbsuip06,MTX_ACOE_Cutover_Reporting,UI_Excel_Select_Xwalk_Source_Accommodations,facility,*ALL*,QXA4067,2026-09-21 01:07:43.147000
239,COCAT,W,WARD INACTIVE,,N,NO MATCH,0,COCAT,,,,N,N,Y,None,RWM4772,2026-06-17 11:01:42.460000,corpsvcmtxcutoverrpt_sql,2026-01-21 03:06:33.630000,xrdcwddbsuip06,MTX_ACOE_Cutover_Reporting,UI_Excel_Select_Xwalk_Source_Accommodations,facility,*ALL*,QXA4067,2026-09-21 01:07:43.147000
240,COCBM,___N/A___20260805114105,Net New Expanse Accommodation--no MT56 data,,N,"TEST (2026-08-12),LIVE (2026-08-11)",0,COCBM,TR,TRAUMA,TR,Y,Y,N,None,QXA4067,2026-08-05 17:48:52.170000,HCA\IIU4396,2026-08-05 11:41:31.863000,xrdcwddbsuip06,MTX_ACOE_Cutover_Reporting,UI_Excel_Select_Xwalk_Source_Accommodations,facility,*ALL*,QXA4067,2026-09-21 01:07:43.147000
241,COCBM,C,CARDIOVASULAR SURGERY INT CARE,CI,Y,"TEST (2026-08-12),ZCON (2026-08-12),LIVE (2026-08-11)",0,COCBM,PR,PRIVATE ROOM,PR,Y,Y,N,None,DJU8757,2026-02-04 06:57:37.377000,corpsvcmtxcutoverrpt_sql,2025-09-09 14:47:33.733000,xrdcwddbsuip06,MTX_ACOE_Cutover_Reporting,UI_Excel_Select_Xwalk_Source_Accommodations,facility,*ALL*,QXA4067,2026-09-21 01:07:43.147000
242,COCBM,I,INTENSIVE CARE,IC,Y,"TEST (2026-08-12),ZCON (2026-08-12),LIVE (2026-08-11)",0,COCBM,IC,INTENSIVE CARE,IC,Y,Y,N,None,MLT6916,2025-11-24 11:08:11.303000,corpsvcmtxcutoverrpt_sql,2025-09-09 14:47:33.733000,xrdcwddbsuip06,MTX_ACOE_Cutover_Reporting,UI_Excel_Select_Xwalk_Source_Accommodations,facility,*ALL*,QXA4067,2026-09-21 01:07:43.147000
243,COCBM,IC,INTERMEDIATE NURSERY - NSY2,NM,Y,"TEST (2026-08-12),ZCON (2026-08-12),LIVE (2026-08-11)",0,COCBM,PR,PRIVATE ROOM,PR,Y,Y,N,None,DJU8757,2026-02-04 06:57:37.420000,corpsvcmtxcutoverrpt_sql,2025-09-09 14:47:33.733000,xrdcwddbsuip06,MTX_ACOE_Cutover_Reporting,UI_Excel_Select_Xwalk_Source_Accommodations,facility,*ALL*,QXA4067,2026-09-21 01:07:43.147000
244,COCBM,ICT,INTENSIVE CARE - TRAUMA,IT,Y,"TEST (2026-08-12),ZCON (2026-08-12),LIVE (2026-08-11)",0,COCBM,TRIC,TRAUMA INTENSIVE CARE,TI,Y,Y,N,None,DJU8757,2026-04-29 11:46:24.667000,corpsvcmtxcutoverrpt_sql,2025-09-09 14:47:33.733000,xrdcwddbsuip06,MTX_ACOE_Cutover_Reporting,UI_Excel_Select_Xwalk_Source_Accommodations,facility,*ALL*,QXA4067,2026-09-21 01:07:43.147000
245,COCBM,IM,CARDIAC/IMU,IM,Y,"TEST (2026-08-12),ZCON (2026-08-12),LIVE (2026-08-11)",0,COCBM,PR,PRIVATE ROOM,PR,Y,Y,N,None,DJU8757,2026-02-04 06:57:37.463000,corpsvcmtxcutoverrpt_sql,2025-09-09 14:47:33.733000,xrdcwddbsuip06,MTX_ACOE_Cutover_Reporting,UI_Excel_Select_Xwalk_Source_Accommodations,facility,*ALL*,QXA4067,2026-09-21 01:07:43.147000
246,COCBM,IS,ISOLATION,IS,Y,"TEST (2026-08-12),ZCON (2026-08-12),LIVE (2026-08-11)",0,COCBM,PR,PRIVATE ROOM,PR,Y,Y,N,None,DJU8757,2026-02-04 06:57:37.510000,corpsvcmtxcutoverrpt_sql,2025-09-09 14:47:33.733000,xrdcwddbsuip06,MTX_ACOE_Cutover_Reporting,UI_Excel_Select_Xwalk_Source_Accommodations,facility,*ALL*,QXA4067,2026-09-21 01:07:43.147000
247,COCBM,JP,PRIVATE - Justified,JP,Y,"TEST (2026-08-12),ZCON (2026-08-12),LIVE (2026-08-11)",0,COCBM,PR,PRIVATE ROOM,PR,Y,Y,N,None,DJU8757,2026-02-04 06:57:37.553000,corpsvcmtxcutoverrpt_sql,2025-09-09 14:47:33.733000,xrdcwddbsuip06,MTX_ACOE_Cutover_Reporting,UI_Excel_Select_Xwalk_Source_Accommodations,facility,*ALL*,QXA4067,2026-09-21 01:07:43.147000
248,COCBM,L1,NEWBORN LEVEL I R&B,L1,Y,"TEST (2026-08-12),ZCON (2026-08-12),LIVE (2026-08-11)",0,COCBM,L1,NEWBORN LEVEL I CARE,L1,Y,Y,N,None,MLT6916,2025-11-24 11:08:11.380000,corpsvcmtxcutoverrpt_sql,2025-09-09 14:47:33.733000,xrdcwddbsuip06,MTX_ACOE_Cutover_Reporting,UI_Excel_Select_Xwalk_Source_Accommodations,facility,*ALL*,QXA4067,2026-09-21 01:07:43.147000
249,COCBM,L2,NEWBORN LEVEL II R&B,L2,Y,"TEST (2026-08-12),ZCON (2026-08-12),LIVE (2026-08-11)",0,COCBM,L2,NEWBORN LEVEL II CARE,L2,Y,Y,N,None,MLT6916,2025-11-24 11:08:11.420000,corpsvcmtxcutoverrpt_sql,2025-09-09 14:47:33.733000,xrdcwddbsuip06,MTX_ACOE_Cutover_Reporting,UI_Excel_Select_Xwalk_Source_Accommodations,facility,*ALL*,QXA4067,2026-09-21 01:07:43.147000
250,COCBM,L3,NEWBORN LEVEL III R&B,L3,Y,"TEST (2026-08-12),ZCON (2026-08-12),LIVE (2026-08-11)",0,COCBM,L3,NEWBORN LEVEL III CARE,L3,Y,Y,N,None,MLT6916,2025-11-24 11:08:11.460000,corpsvcmtxcutoverrpt_sql,2025-09-09 14:47:33.733000,xrdcwddbsuip06,MTX_ACOE_Cutover_Reporting,UI_Excel_Select_Xwalk_Source_Accommodations,facility,*ALL*,QXA4067,2026-09-21 01:07:43.147000
251,COCBM,L4,NEWBORN LEVEL IV R&B,L4,Y,"TEST (2026-08-12),ZCON (2026-08-12),LIVE (2026-08-11)",0,COCBM,L4,NEWBORN LEVEL IV CARE,L4,Y,Y,N,None,MLT6916,2025-11-24 11:08:11.497000,corpsvcmtxcutoverrpt_sql,2025-09-09 14:47:33.733000,xrdcwddbsuip06,MTX_ACOE_Cutover_Reporting,UI_Excel_Select_Xwalk_Source_Accommodations,facility,*ALL*,QXA4067,2026-09-21 01:07:43.147000
252,COCBM,LOA,LEAVE OF ABSENCE,LA,N,NO MATCH,0,COCBM,,,,,N,Y,None,QVO8748,2025-09-10 14:49:33.780000,corpsvcmtxcutoverrpt_sql,2025-09-09 14:47:33.733000,xrdcwddbsuip06,MTX_ACOE_Cutover_Reporting,UI_Excel_Select_Xwalk_Source_Accommodations,facility,*ALL*,QXA4067,2026-09-21 01:07:43.147000
253,COCBM,MED,MEDICAL UNIT,ME,Y,"TEST (2026-08-12),ZCON (2026-08-12),LIVE (2026-08-11)",0,COCBM,M,MEDICAL,M,Y,Y,N,None,DJU8757,2026-04-29 11:46:24.720000,corpsvcmtxcutoverrpt_sql,2025-09-09 14:47:33.733000,xrdcwddbsuip06,MTX_ACOE_Cutover_Reporting,UI_Excel_Select_Xwalk_Source_Accommodations,facility,*ALL*,QXA4067,2026-09-21 01:07:43.147000
254,COCBM,MP,MEDICAL PRIVATE,MP,Y,"TEST (2026-08-12),ZCON (2026-08-12),LIVE (2026-08-11)",0,COCBM,PR,PRIVATE ROOM,PR,Y,Y,N,None,DJU8757,2026-02-03 16:01:28.990000,corpsvcmtxcutoverrpt_sql,2025-09-09 14:47:33.733000,xrdcwddbsuip06,MTX_ACOE_Cutover_Reporting,UI_Excel_Select_Xwalk_Source_Accommodations,facility,*ALL*,QXA4067,2026-09-21 01:07:43.147000
255,COCBM,MS,MEDICAL SURGICAL,M,Y,"TEST (2026-08-12),ZCON (2026-08-12),LIVE (2026-08-11)",0,COCBM,MS,MED SURG,MS,Y,Y,N,None,DJU8757,2026-02-03 16:01:29.033000,corpsvcmtxcutoverrpt_sql,2025-09-09 14:47:33.733000,xrdcwddbsuip06,MTX_ACOE_Cutover_Reporting,UI_Excel_Select_Xwalk_Source_Accommodations,facility,*ALL*,QXA4067,2026-09-21 01:07:43.148000
256,COCBM,MSP,MEDICAL SEMI PRIVATE,MS,Y,"TEST (2026-08-12),ZCON (2026-08-12),LIVE (2026-08-11)",0,COCBM,PR,PRIVATE ROOM,PR,Y,Y,N,None,DJU8757,2026-02-03 16:01:29.097000,corpsvcmtxcutoverrpt_sql,2025-09-09 14:47:33.733000,xrdcwddbsuip06,MTX_ACOE_Cutover_Reporting,UI_Excel_Select_Xwalk_Source_Accommodations,facility,*ALL*,QXA4067,2026-09-21 01:07:43.148000
257,COCBM,N,INTERMEDIATE,I,Y,"TEST (2026-08-12),ZCON (2026-08-12),LIVE (2026-08-11)",0,COCBM,PC,PROGRESSIVE CARE,PU,Y,Y,N,None,DJU8757,2026-04-29 11:46:24.767000,corpsvcmtxcutoverrpt_sql,2025-09-09 14:47:33.733000,xrdcwddbsuip06,MTX_ACOE_Cutover_Reporting,UI_Excel_Select_Xwalk_Source_Accommodations,facility,*ALL*,QXA4067,2026-09-21 01:07:43.148000
258,COCBM,NEU,NEURO CARE,NE,Y,"TEST (2026-08-12),ZCON (2026-08-12),LIVE (2026-08-11)",0,COCBM,PR,PRIVATE ROOM,PR,Y,Y,N,None,DJU8757,2026-02-03 16:01:29.183000,corpsvcmtxcutoverrpt_sql,2025-09-09 14:47:33.733000,xrdcwddbsuip06,MTX_ACOE_Cutover_Reporting,UI_Excel_Select_Xwalk_Source_Accommodations,facility,*ALL*,QXA4067,2026-09-21 01:07:43.148000
259,COCBM,NEUP,NEURO CARE - PRIVATE,NZ,Y,"TEST (2026-08-12),ZCON (2026-08-12),LIVE (2026-08-11)",0,COCBM,PR,PRIVATE ROOM,PR,Y,Y,N,None,DJU8757,2026-02-03 16:01:29.230000,corpsvcmtxcutoverrpt_sql,2025-09-09 14:47:33.733000,xrdcwddbsuip06,MTX_ACOE_Cutover_Reporting,UI_Excel_Select_Xwalk_Source_Accommodations,facility,*ALL*,QXA4067,2026-09-21 01:07:43.148000
260,COCBM,NI,NEURO INTENSIVE CARE,NI,Y,"TEST (2026-08-12),ZCON (2026-08-12),LIVE (2026-08-11)",0,COCBM,NI,NEURO ICU,NI,Y,Y,N,None,DJU8757,2026-02-03 16:01:29.277000,corpsvcmtxcutoverrpt_sql,2025-09-09 14:47:33.733000,xrdcwddbsuip06,MTX_ACOE_Cutover_Reporting,UI_Excel_Select_Xwalk_Source_Accommodations,facility,*ALL*,QXA4067,2026-09-21 01:07:43.148000
261,COCBM,NP,INTERMEDIATE PRIVATE,NP,Y,"TEST (2026-08-12),ZCON (2026-08-12),LIVE (2026-08-11)",0,COCBM,PR,PRIVATE ROOM,PR,Y,Y,N,None,DJU8757,2026-02-03 16:01:29.320000,corpsvcmtxcutoverrpt_sql,2025-09-09 14:47:33.733000,xrdcwddbsuip06,MTX_ACOE_Cutover_Reporting,UI_Excel_Select_Xwalk_Source_Accommodations,facility,*ALL*,QXA4067,2026-09-21 01:07:43.148000
262,COCBM,NS,Intermediate Semi Private,NS,Y,"TEST (2026-08-12),ZCON (2026-08-12),LIVE (2026-08-11)",0,COCBM,PR,PRIVATE ROOM,PR,Y,Y,N,None,DJU8757,2026-02-03 16:01:29.390000,corpsvcmtxcutoverrpt_sql,2025-09-09 14:47:33.733000,xrdcwddbsuip06,MTX_ACOE_Cutover_Reporting,UI_Excel_Select_Xwalk_Source_Accommodations,facility,*ALL*,QXA4067,2026-09-21 01:07:43.148000
263,COCBM,NU,NURSERY,NU,Y,"TEST (2026-08-12),ZCON (2026-08-12),LIVE (2026-08-11)",0,COCBM,PR,PRIVATE ROOM,PR,Y,Y,N,None,DJU8757,2026-02-03 16:01:29.433000,corpsvcmtxcutoverrpt_sql,2025-09-09 14:47:33.733000,xrdcwddbsuip06,MTX_ACOE_Cutover_Reporting,UI_Excel_Select_Xwalk_Source_Accommodations,facility,*ALL*,QXA4067,2026-09-21 01:07:43.148000
264,COCBM,P,PRIVATE ROOM,PR,Y,"TEST (2026-08-12),ZCON (2026-08-12),LIVE (2026-08-11)",0,COCBM,PR,PRIVATE ROOM,PR,Y,Y,N,None,DJU8757,2026-02-03 16:01:29.477000,corpsvcmtxcutoverrpt_sql,2025-09-09 14:47:33.733000,xrdcwddbsuip06,MTX_ACOE_Cutover_Reporting,UI_Excel_Select_Xwalk_Source_Accommodations,facility,*ALL*,QXA4067,2026-09-21 01:07:43.148000
265,COCBM,PO,Private Oncology,PO,Y,"TEST (2026-08-12),ZCON (2026-08-12),LIVE (2026-08-11)",0,COCBM,PR,PRIVATE ROOM,PR,Y,Y,N,None,DJU8757,2026-02-03 16:01:29.523000,corpsvcmtxcutoverrpt_sql,2025-09-09 14:47:33.733000,xrdcwddbsuip06,MTX_ACOE_Cutover_Reporting,UI_Excel_Select_Xwalk_Source_Accommodations,facility,*ALL*,QXA4067,2026-09-21 01:07:43.148000
266,COCBM,PP,POSTPARTUM ROOM,PP,Y,"TEST (2026-08-12),ZCON (2026-08-12),LIVE (2026-08-11)",0,COCBM,LD,LABOR AND DELIVERY,LD,Y,Y,N,None,DJU8757,2026-02-03 16:01:29.570000,corpsvcmtxcutoverrpt_sql,2025-09-09 14:47:33.733000,xrdcwddbsuip06,MTX_ACOE_Cutover_Reporting,UI_Excel_Select_Xwalk_Source_Accommodations,facility,*ALL*,QXA4067,2026-09-21 01:07:43.148000
267,COCBM,RHB,REHAB,RE,Y,"TEST (2026-08-12),ZCON (2026-08-12),LIVE (2026-08-11)",0,COCBM,PR,PRIVATE ROOM,PR,Y,Y,N,None,DJU8757,2026-02-03 16:01:29.613000,corpsvcmtxcutoverrpt_sql,2025-09-09 14:47:33.733000,xrdcwddbsuip06,MTX_ACOE_Cutover_Reporting,UI_Excel_Select_Xwalk_Source_Accommodations,facility,*ALL*,QXA4067,2026-09-21 01:07:43.148000
268,COCBM,S,SEMI-PRIVATE ROOM,SP,Y,"TEST (2026-08-12),ZCON (2026-08-12),LIVE (2026-08-11)",0,COCBM,SP,SEMI PRIVATE ROOM,SP,Y,Y,N,None,DJU8757,2026-02-03 16:01:29.657000,corpsvcmtxcutoverrpt_sql,2025-09-09 14:47:33.733000,xrdcwddbsuip06,MTX_ACOE_Cutover_Reporting,UI_Excel_Select_Xwalk_Source_Accommodations,facility,*ALL*,QXA4067,2026-09-21 01:07:43.148000
269,COCBM,SL,SEMI-PRIVATE ROOM LOCKED,PS,Y,"TEST (2026-08-12),ZCON (2026-08-12),LIVE (2026-08-11)",0,COCBM,PR,PRIVATE ROOM,PR,Y,Y,N,None,DJU8757,2026-02-03 16:01:29.700000,corpsvcmtxcutoverrpt_sql,2025-09-09 14:47:33.733000,xrdcwddbsuip06,MTX_ACOE_Cutover_Reporting,UI_Excel_Select_Xwalk_Source_Accommodations,facility,*ALL*,QXA4067,2026-09-21 01:07:43.148000
270,COCBM,SNF,SKILLED NURSING FACILITY,SN,Y,"TEST (2026-08-12),ZCON (2026-08-12),LIVE (2026-08-11)",0,COCBM,PR,PRIVATE ROOM,PR,Y,Y,N,None,DJU8757,2026-02-03 16:01:29.743000,corpsvcmtxcutoverrpt_sql,2025-09-09 14:47:33.733000,xrdcwddbsuip06,MTX_ACOE_Cutover_Reporting,UI_Excel_Select_Xwalk_Source_Accommodations,facility,*ALL*,QXA4067,2026-09-21 01:07:43.148000
271,COCBM,SNP,SKILLED NURSING PRIVATE,SK,Y,"TEST (2026-08-12),ZCON (2026-08-12),LIVE (2026-08-11)",0,COCBM,PR,PRIVATE ROOM,PR,Y,Y,N,None,DJU8757,2026-02-03 16:01:29.790000,corpsvcmtxcutoverrpt_sql,2025-09-09 14:47:33.733000,xrdcwddbsuip06,MTX_ACOE_Cutover_Reporting,UI_Excel_Select_Xwalk_Source_Accommodations,facility,*ALL*,QXA4067,2026-09-21 01:07:43.148000
272,COCBM,SO,SEMI PRIVATE ONCOLOGY,SO,Y,"TEST (2026-08-12),ZCON (2026-08-12),LIVE (2026-08-11)",0,COCBM,PR,PRIVATE ROOM,PR,Y,Y,N,None,DJU8757,2026-02-03 16:01:29.837000,corpsvcmtxcutoverrpt_sql,2025-09-09 14:47:33.733000,xrdcwddbsuip06,MTX_ACOE_Cutover_Reporting,UI_Excel_Select_Xwalk_Source_Accommodations,facility,*ALL*,QXA4067,2026-09-21 01:07:43.148000
273,COCBM,SS,SURGERY SEMI-PRIVATE,SS,Y,"TEST (2026-08-12),ZCON (2026-08-12),LIVE (2026-08-11)",0,COCBM,PR,PRIVATE ROOM,PR,Y,Y,N,None,DJU8757,2026-02-03 16:01:29.880000,corpsvcmtxcutoverrpt_sql,2025-09-09 14:47:33.733000,xrdcwddbsuip06,MTX_ACOE_Cutover_Reporting,UI_Excel_Select_Xwalk_Source_Accommodations,facility,*ALL*,QXA4067,2026-09-21 01:07:43.148000
274,COCBM,SSP,SURGICAL SERVICES PRIVATE,SU,Y,"TEST (2026-08-12),ZCON (2026-08-12),LIVE (2026-08-11)",0,COCBM,PR,PRIVATE ROOM,PR,Y,Y,N,None,DJU8757,2026-02-03 16:01:29.923000,corpsvcmtxcutoverrpt_sql,2025-09-09 14:47:33.733000,xrdcwddbsuip06,MTX_ACOE_Cutover_Reporting,UI_Excel_Select_Xwalk_Source_Accommodations,facility,*ALL*,QXA4067,2026-09-21 01:07:43.148000
275,COCBM,TE,TELEMETRY,TE,Y,"TEST (2026-08-12),ZCON (2026-08-12),LIVE (2026-08-11)",0,COCBM,PR,PRIVATE ROOM,PR,Y,Y,N,None,DJU8757,2026-02-03 16:01:29.967000,corpsvcmtxcutoverrpt_sql,2025-09-09 14:47:33.733000,xrdcwddbsuip06,MTX_ACOE_Cutover_Reporting,UI_Excel_Select_Xwalk_Source_Accommodations,facility,*ALL*,QXA4067,2026-09-21 01:07:43.148000
276,COCBM,TELP,TELEMETRY PRIVATE,TL,Y,"TEST (2026-08-12),ZCON (2026-08-12),LIVE (2026-08-11)",0,COCBM,TEL,TELEMETRY,TE,Y,Y,N,None,DJU8757,2026-04-29 11:46:24.813000,corpsvcmtxcutoverrpt_sql,2025-09-09 14:47:33.733000,xrdcwddbsuip06,MTX_ACOE_Cutover_Reporting,UI_Excel_Select_Xwalk_Source_Accommodations,facility,*ALL*,QXA4067,2026-09-21 01:07:43.148000
277,COCBM,TP,TELEMETRY PRIVATE,TP,Y,"TEST (2026-08-12),ZCON (2026-08-12),LIVE (2026-08-11)",0,COCBM,PR,PRIVATE ROOM,PR,Y,Y,N,None,DJU8757,2026-02-03 16:01:30.053000,corpsvcmtxcutoverrpt_sql,2025-09-09 14:47:33.733000,xrdcwddbsuip06,MTX_ACOE_Cutover_Reporting,UI_Excel_Select_Xwalk_Source_Accommodations,facility,*ALL*,QXA4067,2026-09-21 01:07:43.148000
278,COCBM,TS,TELEMETRY SEMI-PRIVATE,TS,Y,"TEST (2026-08-12),ZCON (2026-08-12),LIVE (2026-08-11)",0,COCBM,PR,PRIVATE ROOM,PR,Y,Y,N,None,DJU8757,2026-02-03 16:01:30.100000,corpsvcmtxcutoverrpt_sql,2025-09-09 14:47:33.733000,xrdcwddbsuip06,MTX_ACOE_Cutover_Reporting,UI_Excel_Select_Xwalk_Source_Accommodations,facility,*ALL*,QXA4067,2026-09-21 01:07:43.148000
279,COCBM,W,WARD,WD,Y,"TEST (2026-08-12),ZCON (2026-08-12),LIVE (2026-08-11)",0,COCBM,PR,PRIVATE ROOM,PR,Y,Y,N,None,DJU8757,2026-02-03 16:01:30.140000,corpsvcmtxcutoverrpt_sql,2025-09-09 14:47:33.733000,xrdcwddbsuip06,MTX_ACOE_Cutover_Reporting,UI_Excel_Select_Xwalk_Source_Accommodations,facility,*ALL*,QXA4067,2026-09-21 01:07:43.149000
280,COCCBQ,___N/A___20250731121211,Net New Expanse Accommodation--no MT56 data,___,___,NO MATCH,0,COCCBQ,,,,,N,Y,None,QVO8748,2025-09-12 10:14:58.430000,HCA\IIU4396,2025-07-31 12:15:55.213000,xrdcwddbsuip06,MTX_ACOE_Cutover_Reporting,UI_Excel_Select_Xwalk_Source_Accommodations,facility,*ALL*,QXA4067,2026-09-21 01:07:43.149000
281,COCCBQ,AP,ANTEPARTUM PRIVATE,AP,Y,"TEST (2025-12-11),ZCON (2025-12-11),LIVE (2025-12-05)",0,COCCBQ,MP,MEDICAL PRIVATE,MP,Y,Y,N,None,IIU4396,2025-07-31 10:58:34.300000,HCA\IIU4396,2024-10-15 11:46:47.723000,xrdcwddbsuip06,MTX_ACOE_Cutover_Reporting,UI_Excel_Select_Xwalk_Source_Accommodations,facility,*ALL*,QXA4067,2026-09-21 01:07:43.149000
282,COCCBQ,AS,ANTEPARTUM SEMI-PRIVATE,AS,Y,"TEST (2025-12-11),ZCON (2025-12-11),LIVE (2025-12-05)",0,COCCBQ,MP,MEDICAL PRIVATE,MP,Y,Y,N,None,IIU4396,2025-07-31 10:58:34.337000,HCA\IIU4396,2024-10-15 11:46:47.723000,xrdcwddbsuip06,MTX_ACOE_Cutover_Reporting,UI_Excel_Select_Xwalk_Source_Accommodations,facility,*ALL*,QXA4067,2026-09-21 01:07:43.149000
283,COCCBQ,BB,BOARDER BABY,BB,Y,"TEST (2025-12-11),ZCON (2025-12-11),LIVE (2025-12-05)",0,COCCBQ,MP,MEDICAL PRIVATE,MP,Y,Y,N,None,IIU4396,2025-07-31 10:58:34.370000,corpsvcmtxcutoverrpt_sql,2025-05-29 04:14:05.963000,xrdcwddbsuip06,MTX_ACOE_Cutover_Reporting,UI_Excel_Select_Xwalk_Source_Accommodations,facility,*ALL*,QXA4067,2026-09-21 01:07:43.149000
284,COCCBQ,CC,CORONARY CARE,CC,Y,"TEST (2025-12-11),ZCON (2025-12-11),LIVE (2025-12-05)",0,COCCBQ,MP,MEDICAL PRIVATE,MP,Y,Y,N,None,IIU4396,2025-07-31 10:58:34.407000,HCA\IIU4396,2024-10-15 11:46:47.723000,xrdcwddbsuip06,MTX_ACOE_Cutover_Reporting,UI_Excel_Select_Xwalk_Source_Accommodations,facility,*ALL*,QXA4067,2026-09-21 01:07:43.149000
285,COCCBQ,IC,INTENSIVE CARE,IC,Y,"TEST (2025-12-11),ZCON (2025-12-11),LIVE (2025-12-05)",0,COCCBQ,IC,INTENSIVE CARE,IC,Y,Y,N,None,IIU4396,2025-07-31 10:58:34.440000,HCA\IIU4396,2024-10-15 11:46:47.723000,xrdcwddbsuip06,MTX_ACOE_Cutover_Reporting,UI_Excel_Select_Xwalk_Source_Accommodations,facility,*ALL*,QXA4067,2026-09-21 01:07:43.149000
286,COCCBQ,IS,ISOLATION,IS,Y,"TEST (2025-12-11),ZCON (2025-12-11),LIVE (2025-12-05)",0,COCCBQ,MP,MEDICAL PRIVATE,MP,Y,Y,N,None,IIU4396,2025-07-31 10:58:34.473000,HCA\IIU4396,2024-10-15 11:46:47.723000,xrdcwddbsuip06,MTX_ACOE_Cutover_Reporting,UI_Excel_Select_Xwalk_Source_Accommodations,facility,*ALL*,QXA4067,2026-09-21 01:07:43.149000
287,COCCBQ,L1,NEWBORN LEVEL I,L1,Y,"TEST (2025-12-11),ZCON (2025-12-11),LIVE (2025-12-05)",0,COCCBQ,L1,NEWBORN LEVEL I CARE,L1,Y,Y,N,None,QVO8748,2025-08-05 13:38:13.283000,HCA\CORPSVCACOESSISPROXY,2024-11-13 04:14:04.580000,xrdcwddbsuip06,MTX_ACOE_Cutover_Reporting,UI_Excel_Select_Xwalk_Source_Accommodations,facility,*ALL*,QXA4067,2026-09-21 01:07:43.149000
288,COCCBQ,L2,NEWBORN LEVEL II,L2,Y,"TEST (2025-12-11),ZCON (2025-12-11),LIVE (2025-12-05)",0,COCCBQ,L2,NEWBORN LEVEL II CARE,L2,Y,Y,N,None,QVO8748,2025-08-05 13:38:13.320000,HCA\CORPSVCACOESSISPROXY,2024-11-13 04:14:04.580000,xrdcwddbsuip06,MTX_ACOE_Cutover_Reporting,UI_Excel_Select_Xwalk_Source_Accommodations,facility,*ALL*,QXA4067,2026-09-21 01:07:43.149000
289,COCCBQ,L3,NEWBORN LEVEL III,L3,Y,"TEST (2025-12-11),ZCON (2025-12-11),LIVE (2025-12-05)",0,COCCBQ,L3,NEWBORN LEVEL III CARE,L3,Y,Y,N,None,QVO8748,2025-08-05 13:38:13.343000,HCA\CORPSVCACOESSISPROXY,2024-11-13 04:14:04.580000,xrdcwddbsuip06,MTX_ACOE_Cutover_Reporting,UI_Excel_Select_Xwalk_Source_Accommodations,facility,*ALL*,QXA4067,2026-09-21 01:07:43.149000
290,COCCBQ,L4,NEWBORN LEVEL IV,L4,Y,"TEST (2025-12-11),ZCON (2025-12-11),LIVE (2025-12-05)",0,COCCBQ,L4,NEWBORN LEVEL IV CARE,L4,Y,Y,N,None,QVO8748,2025-08-05 13:38:13.370000,HCA\CORPSVCACOESSISPROXY,2024-11-13 04:14:04.580000,xrdcwddbsuip06,MTX_ACOE_Cutover_Reporting,UI_Excel_Select_Xwalk_Source_Accommodations,facility,*ALL*,QXA4067,2026-09-21 01:07:43.149000
291,COCCBQ,LD,LABOR AND DELIVERY,LD,Y,"TEST (2025-12-11),ZCON (2025-12-11),LIVE (2025-12-05)",0,COCCBQ,LD,LABOR AND DELIVERY,LD,Y,Y,N,None,IIU4396,2025-07-31 10:58:34.510000,HCA\IIU4396,2024-10-15 11:46:47.723000,xrdcwddbsuip06,MTX_ACOE_Cutover_Reporting,UI_Excel_Select_Xwalk_Source_Accommodations,facility,*ALL*,QXA4067,2026-09-21 01:07:43.149000
292,COCCBQ,ME,MEDICAL PRIVATE,ME,Y,"TEST (2025-12-11),ZCON (2025-12-11),LIVE (2025-12-05)",0,COCCBQ,MP,MEDICAL PRIVATE,MP,Y,Y,N,None,IIU4396,2025-07-31 10:58:34.543000,HCA\IIU4396,2024-10-15 11:46:47.723000,xrdcwddbsuip06,MTX_ACOE_Cutover_Reporting,UI_Excel_Select_Xwalk_Source_Accommodations,facility,*ALL*,QXA4067,2026-09-21 01:07:43.149000
293,COCCBQ,MS,MEDICAL SEMI-PRIVATE,MS,Y,"TEST (2025-12-11),ZCON (2025-12-11),LIVE (2025-12-05)",0,COCCBQ,MP,MEDICAL PRIVATE,MP,Y,Y,N,None,IIU4396,2025-07-31 10:58:34.577000,HCA\IIU4396,2024-10-15 11:46:47.723000,xrdcwddbsuip06,MTX_ACOE_Cutover_Reporting,UI_Excel_Select_Xwalk_Source_Accommodations,facility,*ALL*,QXA4067,2026-09-21 01:07:43.149000
294,COCCBQ,N2,NEONATAL INTENSIVE LEVEL 2,N2,N,"TEST (2025-12-11),ZCON (2025-12-11),LIVE (2025-12-05)",0,COCCBQ,L2,NEWBORN LEVEL II CARE,L2,Y,N,Y,None,QVO8748,2025-09-10 14:49:33.840000,corpsvcmtxcutoverrpt_sql,2025-08-12 03:00:05.360000,xrdcwddbsuip06,MTX_ACOE_Cutover_Reporting,UI_Excel_Select_Xwalk_Source_Accommodations,facility,*ALL*,QXA4067,2026-09-21 01:07:43.149000
295,COCCBQ,N3,NEONATAL INTENSIVE LEVEL 3,N3,N,"TEST (2025-12-11),ZCON (2025-12-11),LIVE (2025-12-05)",0,COCCBQ,L3,NEWBORN LEVEL III CARE,L3,Y,N,Y,None,QVO8748,2025-09-10 14:49:33.867000,corpsvcmtxcutoverrpt_sql,2025-08-12 03:00:05.360000,xrdcwddbsuip06,MTX_ACOE_Cutover_Reporting,UI_Excel_Select_Xwalk_Source_Accommodations,facility,*ALL*,QXA4067,2026-09-21 01:07:43.149000
296,COCCBQ,N4,NEONATAL INTENSIVE LEVEL 4,N4,N,"TEST (2025-12-11),ZCON (2025-12-11),LIVE (2025-12-05)",0,COCCBQ,L4,NEWBORN LEVEL IV CARE,L4,Y,N,Y,None,QVO8748,2025-09-10 14:49:33.897000,corpsvcmtxcutoverrpt_sql,2025-08-12 03:00:05.360000,xrdcwddbsuip06,MTX_ACOE_Cutover_Reporting,UI_Excel_Select_Xwalk_Source_Accommodations,facility,*ALL*,QXA4067,2026-09-21 01:07:43.149000
297,COCCBQ,NI,NEONATAL INTENSIVE,NI,Y,"TEST (2025-12-11),ZCON (2025-12-11),LIVE (2025-12-05)",0,COCCBQ,MP,MEDICAL PRIVATE,MP,Y,Y,N,None,IIU4396,2025-07-31 10:58:34.723000,corpsvcmtxcutoverrpt_sql,2025-05-29 04:14:05.963000,xrdcwddbsuip06,MTX_ACOE_Cutover_Reporting,UI_Excel_Select_Xwalk_Source_Accommodations,facility,*ALL*,QXA4067,2026-09-21 01:07:43.149000
298,COCCBQ,NU,NEWBORN NURSERY,NU,Y,"TEST (2025-12-11),ZCON (2025-12-11),LIVE (2025-12-05)",0,COCCBQ,L1,NEWBORN LEVEL I CARE,L1,Y,Y,N,None,IIU4396,2025-07-31 10:58:34.763000,HCA\IIU4396,2024-10-15 11:46:47.723000,xrdcwddbsuip06,MTX_ACOE_Cutover_Reporting,UI_Excel_Select_Xwalk_Source_Accommodations,facility,*ALL*,QXA4067,2026-09-21 01:07:43.149000
299,COCCBQ,P,PRIVATE ROOM,P,Y,"TEST (2025-12-11),ZCON (2025-12-11),LIVE (2025-12-05)",0,COCCBQ,PR,PRIVATE ROOM,PR,Y,Y,N,None,IIU4396,2025-07-31 10:58:34.800000,HCA\IIU4396,2024-10-15 11:46:47.723000,xrdcwddbsuip06,MTX_ACOE_Cutover_Reporting,UI_Excel_Select_Xwalk_Source_Accommodations,facility,*ALL*,QXA4067,2026-09-21 01:07:43.149000
300,COCCBQ,PC,PROGRESSIVE CARE,PC,Y,"TEST (2025-12-11),ZCON (2025-12-11),LIVE (2025-12-05)",0,COCCBQ,MP,MEDICAL PRIVATE,MP,Y,Y,N,None,IIU4396,2025-07-31 10:58:34.833000,HCA\IIU4396,2024-10-15 11:46:47.723000,xrdcwddbsuip06,MTX_ACOE_Cutover_Reporting,UI_Excel_Select_Xwalk_Source_Accommodations,facility,*ALL*,QXA4067,2026-09-21 01:07:43.149000
301,COCCBQ,PI,PEDIATRIC INTENSIVE,PI,Y,"TEST (2025-12-11),ZCON (2025-12-11),LIVE (2025-12-05)",0,COCCBQ,PIC,PEDIATRIC INTENSIVE CARE,PIC,Y,Y,N,None,IIU4396,2025-07-31 10:58:34.873000,HCA\IIU4396,2024-10-15 11:46:47.723000,xrdcwddbsuip06,MTX_ACOE_Cutover_Reporting,UI_Excel_Select_Xwalk_Source_Accommodations,facility,*ALL*,QXA4067,2026-09-21 01:07:43.149000
302,COCCBQ,PP,PROGRESSIVE PRIVATE,PP,Y,"TEST (2025-12-11),ZCON (2025-12-11),LIVE (2025-12-05)",0,COCCBQ,PCP,PROGRESSIVE CARE PRIVATE,PCP,Y,Y,N,None,IIU4396,2025-07-31 10:58:34.907000,HCA\IIU4396,2024-10-15 11:46:47.723000,xrdcwddbsuip06,MTX_ACOE_Cutover_Reporting,UI_Excel_Select_Xwalk_Source_Accommodations,facility,*ALL*,QXA4067,2026-09-21 01:07:43.149000
303,COCCBQ,RP,REHAB PRIVATE,RP,Y,"TEST (2025-12-11),ZCON (2025-12-11),LIVE (2025-12-05)",0,COCCBQ,RP,REHAB PRIVATE,RP,Y,Y,N,None,IIU4396,2025-07-31 10:58:34.940000,HCA\IIU4396,2024-10-15 11:46:47.723000,xrdcwddbsuip06,MTX_ACOE_Cutover_Reporting,UI_Excel_Select_Xwalk_Source_Accommodations,facility,*ALL*,QXA4067,2026-09-21 01:07:43.149000
304,COCCBQ,SP,SEMI-PRIVATE,SP,Y,"TEST (2025-12-11),ZCON (2025-12-11),LIVE (2025-12-05)",0,COCCBQ,SP,SEMI PRIVATE ROOM,SP,Y,Y,N,None,IIU4396,2025-07-31 10:58:34.977000,HCA\IIU4396,2024-10-15 11:46:47.723000,xrdcwddbsuip06,MTX_ACOE_Cutover_Reporting,UI_Excel_Select_Xwalk_Source_Accommodations,facility,*ALL*,QXA4067,2026-09-21 01:07:43.149000
305,COCCBQ,SR,SURGICAL PRIVATE,SR,Y,"TEST (2025-12-11),ZCON (2025-12-11),LIVE (2025-12-05)",0,COCCBQ,MP,MEDICAL PRIVATE,MP,Y,Y,N,None,IIU4396,2025-07-31 10:58:35.013000,HCA\IIU4396,2024-10-15 11:46:47.723000,xrdcwddbsuip06,MTX_ACOE_Cutover_Reporting,UI_Excel_Select_Xwalk_Source_Accommodations,facility,*ALL*,QXA4067,2026-09-21 01:07:43.150000
306,COCCBQ,SS,SURGICAL SEMI-PRIVATE,SS,Y,"TEST (2025-12-11),ZCON (2025-12-11),LIVE (2025-12-05)",0,COCCBQ,MP,MEDICAL PRIVATE,MP,Y,Y,N,None,IIU4396,2025-07-31 10:58:35.050000,HCA\IIU4396,2024-10-15 11:46:47.723000,xrdcwddbsuip06,MTX_ACOE_Cutover_Reporting,UI_Excel_Select_Xwalk_Source_Accommodations,facility,*ALL*,QXA4067,2026-09-21 01:07:43.150000
307,COCCC,CC,CORONARY CARE,CC,Y,NO MATCH,0,COCCC,CC,CORONARY CARE,y,CC,Y,N,None,IIU4396,2025-05-15 12:10:07.037000,HCA\IIU4396,2024-10-15 11:46:47.723000,xrdcwddbsuip06,MTX_ACOE_Cutover_Reporting,UI_Excel_Select_Xwalk_Source_Accommodations,facility,*ALL*,QXA4067,2026-09-21 01:07:43.150000
308,COCCC,D,SEMI PRIVATE DETOX,D,Y,NO MATCH,0,COCCC,D,DETOX,Y,D,Y,N,None,IIU4396,2025-05-15 12:10:07.070000,HCA\IIU4396,2024-10-15 11:46:47.723000,xrdcwddbsuip06,MTX_ACOE_Cutover_Reporting,UI_Excel_Select_Xwalk_Source_Accommodations,facility,*ALL*,QXA4067,2026-09-21 01:07:43.150000
309,COCCC,EC,ECMO,EC,Y,NO MATCH,0,COCCC,EC,ECMO,Y,EC,Y,N,None,IIU4396,2025-05-15 12:10:07.107000,HCA\IIU4396,2024-10-15 11:46:47.723000,xrdcwddbsuip06,MTX_ACOE_Cutover_Reporting,UI_Excel_Select_Xwalk_Source_Accommodations,facility,*ALL*,QXA4067,2026-09-21 01:07:43.150000
310,COCCC,IC,INTENSIVE CARE,IC,Y,NO MATCH,0,COCCC,IC,INTENSIVE CARE,Y,IC,Y,N,None,IIU4396,2025-05-15 12:10:07.177000,HCA\IIU4396,2024-10-15 11:46:47.723000,xrdcwddbsuip06,MTX_ACOE_Cutover_Reporting,UI_Excel_Select_Xwalk_Source_Accommodations,facility,*ALL*,QXA4067,2026-09-21 01:07:43.150000
311,COCCC,IS,ISOLATION,IS,Y,NO MATCH,0,COCCC,PR,PRIVATE ROOM,Y,P,Y,N,None,IIU4396,2025-05-15 12:10:07.207000,HCA\IIU4396,2024-10-15 11:46:47.723000,xrdcwddbsuip06,MTX_ACOE_Cutover_Reporting,UI_Excel_Select_Xwalk_Source_Accommodations,facility,*ALL*,QXA4067,2026-09-21 01:07:43.150000
312,COCCC,ISP,ISOLATION - PRIVATE,IR,Y,NO MATCH,0,COCCC,PR,PRIVATE ROOM,Y,P,Y,N,None,IIU4396,2025-05-15 12:10:07.240000,HCA\IIU4396,2024-10-15 11:46:47.723000,xrdcwddbsuip06,MTX_ACOE_Cutover_Reporting,UI_Excel_Select_Xwalk_Source_Accommodations,facility,*ALL*,QXA4067,2026-09-21 01:07:43.150000
313,COCCC,ISS,ISOLATION - SEMIPRIVATE,IL,Y,NO MATCH,0,COCCC,PR,PRIVATE ROOM,Y,P,Y,N,None,IIU4396,2025-05-15 12:10:07.270000,HCA\IIU4396,2024-10-15 11:46:47.723000,xrdcwddbsuip06,MTX_ACOE_Cutover_Reporting,UI_Excel_Select_Xwalk_Source_Accommodations,facility,*ALL*,QXA4067,2026-09-21 01:07:43.150000
314,COCCC,L1,NEWBORN,L1,Y,NO MATCH,0,COCCC,L1,NEWBORN LEVEL I CARE,Y,L1,Y,N,None,IIU4396,2025-05-15 12:10:07.307000,HCA\IIU4396,2024-10-15 11:46:47.723000,xrdcwddbsuip06,MTX_ACOE_Cutover_Reporting,UI_Excel_Select_Xwalk_Source_Accommodations,facility,*ALL*,QXA4067,2026-09-21 01:07:43.150000
315,COCCC,L2,NEWBORN LEVEL II,L2,Y,NO MATCH,0,COCCC,L2,NEWBORN LEVEL II CARE,Y,L2,Y,N,None,IIU4396,2025-05-15 12:10:07.337000,HCA\IIU4396,2024-10-15 11:46:47.723000,xrdcwddbsuip06,MTX_ACOE_Cutover_Reporting,UI_Excel_Select_Xwalk_Source_Accommodations,facility,*ALL*,QXA4067,2026-09-21 01:07:43.150000
316,COCCC,L3,NEWBORN NICU LEVEL III,L3,Y,NO MATCH,0,COCCC,L3,NEWBORN LEVEL III CARE,Y,L3,Y,N,None,IIU4396,2025-05-15 12:10:07.370000,HCA\IIU4396,2024-10-15 11:46:47.723000,xrdcwddbsuip06,MTX_ACOE_Cutover_Reporting,UI_Excel_Select_Xwalk_Source_Accommodations,facility,*ALL*,QXA4067,2026-09-21 01:07:43.150000
317,COCCC,L4,NEWBORN NICU LEVEL IV,L4,Y,NO MATCH,0,COCCC,L4,NEWBORN LEVEL IV CARE,Y,L4,Y,N,None,IIU4396,2025-05-15 12:10:07.420000,HCA\IIU4396,2024-10-15 11:46:47.723000,xrdcwddbsuip06,MTX_ACOE_Cutover_Reporting,UI_Excel_Select_Xwalk_Source_Accommodations,facility,*ALL*,QXA4067,2026-09-21 01:07:43.150000
318,COCCC,MI,MEDICAL ICU,MI,N,NO MATCH,0,COCCC,IC,INTENSIVE CARE,Y,IC,N,Y,None,JKB0282,2025-06-09 08:43:56.587000,HCA\IIU4396,2024-10-15 11:46:47.723000,xrdcwddbsuip06,MTX_ACOE_Cutover_Reporting,UI_Excel_Select_Xwalk_Source_Accommodations,facility,*ALL*,QXA4067,2026-09-21 01:07:43.150000
319,COCCC,NB,NEWBORN WELL BABY,NB,Y,NO MATCH,0,COCCC,L1,NEWBORN LEVEL I CARE,Y,L1,Y,N,None,JKB0282,2025-06-05 15:57:50.650000,HCA\IIU4396,2024-10-15 11:46:47.723000,xrdcwddbsuip06,MTX_ACOE_Cutover_Reporting,UI_Excel_Select_Xwalk_Source_Accommodations,facility,*ALL*,QXA4067,2026-09-21 01:07:43.150000
320,COCCC,NEU,NEURO ICU,NE,N,NO MATCH,0,COCCC,,,,,N,Y,None,QVO8748,2025-05-22 10:23:44.683000,HCA\IIU4396,2024-10-15 11:46:47.723000,xrdcwddbsuip06,MTX_ACOE_Cutover_Reporting,UI_Excel_Select_Xwalk_Source_Accommodations,facility,*ALL*,QXA4067,2026-09-21 01:07:43.150000
321,COCCC,OS,OBSERVATION,OS,N,NO MATCH,0,COCCC,,,,,N,Y,None,QVO8748,2025-05-22 10:23:44.730000,HCA\IIU4396,2024-10-15 11:46:47.723000,xrdcwddbsuip06,MTX_ACOE_Cutover_Reporting,UI_Excel_Select_Xwalk_Source_Accommodations,facility,*ALL*,QXA4067,2026-09-21 01:07:43.150000
322,COCCC,P,PRIVATE ROOM,P,Y,NO MATCH,0,COCCC,PR,PRIVATE ROOM,Y,P,Y,N,None,IIU4396,2025-05-15 12:10:07.487000,HCA\IIU4396,2024-10-15 11:46:47.723000,xrdcwddbsuip06,MTX_ACOE_Cutover_Reporting,UI_Excel_Select_Xwalk_Source_Accommodations,facility,*ALL*,QXA4067,2026-09-21 01:07:43.150000
323,COCCC,PC,PROGRESSIVE CARE,PC,Y,NO MATCH,0,COCCC,PC,PROGRESSIVE CARE,Y,PC,Y,N,None,IIU4396,2025-05-15 12:10:07.520000,HCA\IIU4396,2024-10-15 11:46:47.723000,xrdcwddbsuip06,MTX_ACOE_Cutover_Reporting,UI_Excel_Select_Xwalk_Source_Accommodations,facility,*ALL*,QXA4067,2026-09-21 01:07:43.150000
324,COCCC,PI,PICU,PI,Y,NO MATCH,0,COCCC,PIC,PEDIATRIC INTENSIVE CARE,Y,PIC,Y,N,None,IIU4396,2025-05-15 12:10:07.553000,HCA\IIU4396,2024-10-15 11:46:47.723000,xrdcwddbsuip06,MTX_ACOE_Cutover_Reporting,UI_Excel_Select_Xwalk_Source_Accommodations,facility,*ALL*,QXA4067,2026-09-21 01:07:43.150000
325,COCCC,PSC,PEDIATRIC SPECIAL CARE,PD,Y,NO MATCH,0,COCCC,PR,PRIVATE ROOM,Y,P,Y,N,None,IIU4396,2025-05-15 12:10:07.587000,HCA\IIU4396,2024-10-15 11:46:47.723000,xrdcwddbsuip06,MTX_ACOE_Cutover_Reporting,UI_Excel_Select_Xwalk_Source_Accommodations,facility,*ALL*,QXA4067,2026-09-21 01:07:43.150000
326,COCCC,RAP,RAPHA,RA,N,NO MATCH,0,COCCC,,,,,N,Y,None,QVO8748,2025-05-22 10:23:44.777000,HCA\IIU4396,2024-10-15 11:46:47.723000,xrdcwddbsuip06,MTX_ACOE_Cutover_Reporting,UI_Excel_Select_Xwalk_Source_Accommodations,facility,*ALL*,QXA4067,2026-09-21 01:07:43.150000
327,COCCC,RS,REHAB SEMI-PRIVATE,RS,N,NO MATCH,0,COCCC,,,,,N,Y,None,QVO8748,2025-05-22 10:23:44.820000,HCA\IIU4396,2024-10-15 11:46:47.723000,xrdcwddbsuip06,MTX_ACOE_Cutover_Reporting,UI_Excel_Select_Xwalk_Source_Accommodations,facility,*ALL*,QXA4067,2026-09-21 01:07:43.150000
328,COCCC,S,SEMI-PRIVATE ROOM,S,Y,NO MATCH,0,COCCC,SP,SEMI PRIVATE,Y,S,Y,N,None,IIU4396,2025-05-15 12:10:07.620000,HCA\IIU4396,2024-10-15 11:46:47.723000,xrdcwddbsuip06,MTX_ACOE_Cutover_Reporting,UI_Excel_Select_Xwalk_Source_Accommodations,facility,*ALL*,QXA4067,2026-09-21 01:07:43.150000
329,COCCC,SPEC,SPECIAL CARE BED,SB,Y,NO MATCH,0,COCCC,PR,PRIVATE ROOM,Y,P,Y,N,None,IIU4396,2025-05-15 12:10:07.653000,HCA\IIU4396,2024-10-15 11:46:47.723000,xrdcwddbsuip06,MTX_ACOE_Cutover_Reporting,UI_Excel_Select_Xwalk_Source_Accommodations,facility,*ALL*,QXA4067,2026-09-21 01:07:43.150000
330,COCCC,TEL,STEPDOWN/TEL,TE,Y,NO MATCH,0,COCCC,TEL,TELEMETRY,Y,TE,Y,N,None,IIU4396,2025-05-15 12:10:07.690000,HCA\IIU4396,2024-10-15 11:46:47.723000,xrdcwddbsuip06,MTX_ACOE_Cutover_Reporting,UI_Excel_Select_Xwalk_Source_Accommodations,facility,*ALL*,QXA4067,2026-09-21 01:07:43.151000
331,COCCC,TR,TRAUMA,TR,Y,NO MATCH,0,COCCC,TR,TRAUMA,Y,TR,Y,N,None,IIU4396,2025-05-15 12:10:07.720000,HCA\IIU4396,2024-10-15 11:46:47.723000,xrdcwddbsuip06,MTX_ACOE_Cutover_Reporting,UI_Excel_Select_Xwalk_Source_Accommodations,facility,*ALL*,QXA4067,2026-09-21 01:07:43.151000
332,COCCF,___N/A___20260325094005,Net New Expanse Accommodation,___,___,"TEST (2026-09-20),ZCON (2026-09-20),LIVE (2026-09-04)",0,COCCF,EC,ECMO,EC,Y,N,Y,None,UDP4850,2026-04-17 10:07:59.123000,HCA\IIU4396,2026-03-25 09:40:04.290000,xrdcwddbsuip06,MTX_ACOE_Cutover_Reporting,UI_Excel_Select_Xwalk_Source_Accommodations,facility,*ALL*,QXA4067,2026-09-21 01:07:43.151000
333,COCCF,A,ANTEPARTUM,AN,Y,"TEST (2026-09-20),ZCON (2026-09-20),LIVE (2026-09-04)",0,COCCF,AP,ANTEPARTUM,AN,Y,Y,N,None,QVO8748,2025-11-13 08:56:29.500000,corpsvcmtxcutoverrpt_sql,2025-09-09 14:47:33.733000,xrdcwddbsuip06,MTX_ACOE_Cutover_Reporting,UI_Excel_Select_Xwalk_Source_Accommodations,facility,*ALL*,QXA4067,2026-09-21 01:07:43.151000
334,COCCF,DS,DAY SURGERY,DS,Y,"TEST (2026-09-20),ZCON (2026-09-20),LIVE (2026-09-04)",0,COCCF,PR,PRIVATE ROOM,PR,Y,Y,N,None,QVO8748,2025-11-13 08:56:29.583000,corpsvcmtxcutoverrpt_sql,2025-09-09 14:47:33.733000,xrdcwddbsuip06,MTX_ACOE_Cutover_Reporting,UI_Excel_Select_Xwalk_Source_Accommodations,facility,*ALL*,QXA4067,2026-09-21 01:07:43.151000
335,COCCF,ECNB,ECMO NEWBORN,EN,Y,"TEST (2026-09-20),ZCON (2026-09-20),LIVE (2026-09-04)",0,COCCF,EC,ECMO,EC,Y,Y,N,None,QVO8748,2026-01-08 14:08:43.720000,corpsvcmtxcutoverrpt_sql,2025-09-09 14:47:33.733000,xrdcwddbsuip06,MTX_ACOE_Cutover_Reporting,UI_Excel_Select_Xwalk_Source_Accommodations,facility,*ALL*,QXA4067,2026-09-21 01:07:43.151000
336,COCCF,F.NU,NURSERY,Y,N,NO MATCH,0,COCCF,,,,,N,Y,None,QVO8748,2025-11-13 08:23:50.193000,corpsvcmtxcutoverrpt_sql,2025-09-09 14:47:33.733000,xrdcwddbsuip06,MTX_ACOE_Cutover_Reporting,UI_Excel_Select_Xwalk_Source_Accommodations,facility,*ALL*,QXA4067,2026-09-21 01:07:43.151000
337,COCCF,I,INTENSIVE CARE,IC,Y,"TEST (2026-09-20),ZCON (2026-09-20),LIVE (2026-09-04)",0,COCCF,IC,INTENSIVE CARE,IC,Y,Y,N,None,QVO8748,2025-11-13 08:56:29.710000,corpsvcmtxcutoverrpt_sql,2025-09-09 14:47:33.733000,xrdcwddbsuip06,MTX_ACOE_Cutover_Reporting,UI_Excel_Select_Xwalk_Source_Accommodations,facility,*ALL*,QXA4067,2026-09-21 01:07:43.151000
338,COCCF,IC,INTERMEDIATE NURSERY - NSY2,NB,Y,"TEST (2026-09-20),ZCON (2026-09-20),LIVE (2026-09-04)",0,COCCF,PR,PRIVATE ROOM,PR,Y,Y,N,None,FAK3017,2025-12-17 10:54:50.873000,corpsvcmtxcutoverrpt_sql,2025-09-09 14:47:33.733000,xrdcwddbsuip06,MTX_ACOE_Cutover_Reporting,UI_Excel_Select_Xwalk_Source_Accommodations,facility,*ALL*,QXA4067,2026-09-21 01:07:43.151000
339,COCCF,ICC,INTENSIVE CARE - CRITICAL,IR,Y,"TEST (2026-09-20),ZCON (2026-09-20),LIVE (2026-09-04)",0,COCCF,IC,INTENSIVE CARE,IC,Y,Y,N,None,QVO8748,2025-11-13 08:56:29.813000,corpsvcmtxcutoverrpt_sql,2025-09-09 14:47:33.733000,xrdcwddbsuip06,MTX_ACOE_Cutover_Reporting,UI_Excel_Select_Xwalk_Source_Accommodations,facility,*ALL*,QXA4067,2026-09-21 01:07:43.151000
340,COCCF,ICE,INTENSIVE CARE - ELEVATED,IE,Y,"TEST (2026-09-20),ZCON (2026-09-20),LIVE (2026-09-04)",0,COCCF,PR,PRIVATE ROOM,PR,Y,Y,N,None,FAK3017,2025-12-17 10:54:50.927000,corpsvcmtxcutoverrpt_sql,2025-09-09 14:47:33.733000,xrdcwddbsuip06,MTX_ACOE_Cutover_Reporting,UI_Excel_Select_Xwalk_Source_Accommodations,facility,*ALL*,QXA4067,2026-09-21 01:07:43.151000
341,COCCF,IM,CARDIAC/IMU,PC,Y,"TEST (2026-09-20),ZCON (2026-09-20),LIVE (2026-09-04)",0,COCCF,PC,PROGRESSIVE CARE,PC,Y,Y,N,None,QVO8748,2025-11-13 08:56:29.900000,corpsvcmtxcutoverrpt_sql,2025-09-09 14:47:33.733000,xrdcwddbsuip06,MTX_ACOE_Cutover_Reporting,UI_Excel_Select_Xwalk_Source_Accommodations,facility,*ALL*,QXA4067,2026-09-21 01:07:43.151000
342,COCCF,L1,NEWBORN LEVEL I R&B,L1,Y,"TEST (2026-09-20),ZCON (2026-09-20),LIVE (2026-09-04)",0,COCCF,L1,NEWBORN LEVEL I CARE,L1,Y,Y,N,None,QVO8748,2025-11-13 08:56:29.937000,corpsvcmtxcutoverrpt_sql,2025-09-09 14:47:33.733000,xrdcwddbsuip06,MTX_ACOE_Cutover_Reporting,UI_Excel_Select_Xwalk_Source_Accommodations,facility,*ALL*,QXA4067,2026-09-21 01:07:43.151000
343,COCCF,L2,NEWBORN LEVEL II R&B,L2,Y,"TEST (2026-09-20),ZCON (2026-09-20),LIVE (2026-09-04)",0,COCCF,L2,NEWBORN LEVEL II CARE,L2,Y,Y,N,None,QVO8748,2025-11-13 08:56:29.977000,corpsvcmtxcutoverrpt_sql,2025-09-09 14:47:33.733000,xrdcwddbsuip06,MTX_ACOE_Cutover_Reporting,UI_Excel_Select_Xwalk_Source_Accommodations,facility,*ALL*,QXA4067,2026-09-21 01:07:43.151000
344,COCCF,L3,NEWBORN LEVEL III R&B,L3,Y,"TEST (2026-09-20),ZCON (2026-09-20),LIVE (2026-09-04)",0,COCCF,L3,NEWBORN LEVEL III CARE,L3,Y,Y,N,None,QVO8748,2025-11-13 08:56:30.017000,corpsvcmtxcutoverrpt_sql,2025-09-09 14:47:33.733000,xrdcwddbsuip06,MTX_ACOE_Cutover_Reporting,UI_Excel_Select_Xwalk_Source_Accommodations,facility,*ALL*,QXA4067,2026-09-21 01:07:43.151000
345,COCCF,L4,NEWBORN LEVEL IV R&B,L4,Y,"TEST (2026-09-20),ZCON (2026-09-20),LIVE (2026-09-04)",0,COCCF,L4,NEWBORN LEVEL IV CARE,L4,Y,Y,N,None,QVO8748,2025-11-13 08:56:30.187000,corpsvcmtxcutoverrpt_sql,2025-09-09 14:47:33.733000,xrdcwddbsuip06,MTX_ACOE_Cutover_Reporting,UI_Excel_Select_Xwalk_Source_Accommodations,facility,*ALL*,QXA4067,2026-09-21 01:07:43.151000
346,COCCF,LD,LABOR & DELIVERY,LD,Y,"TEST (2026-09-20),ZCON (2026-09-20),LIVE (2026-09-04)",0,COCCF,LD,LABOR AND DELIVERY,LD,Y,Y,N,None,QVO8748,2025-11-13 08:56:30.217000,corpsvcmtxcutoverrpt_sql,2025-09-09 14:47:33.733000,xrdcwddbsuip06,MTX_ACOE_Cutover_Reporting,UI_Excel_Select_Xwalk_Source_Accommodations,facility,*ALL*,QXA4067,2026-09-21 01:07:43.151000
347,COCCF,LI,L&D INTENSIVE CARE,LI,Y,"TEST (2026-09-20),ZCON (2026-09-20),LIVE (2026-09-04)",0,COCCF,IC,INTENSIVE CARE,IC,Y,Y,N,None,QVO8748,2025-11-13 08:56:30.283000,corpsvcmtxcutoverrpt_sql,2025-09-09 14:47:33.733000,xrdcwddbsuip06,MTX_ACOE_Cutover_Reporting,UI_Excel_Select_Xwalk_Source_Accommodations,facility,*ALL*,QXA4067,2026-09-21 01:07:43.151000
348,COCCF,LIM,L&D INTERMEDIATE,LM,Y,"TEST (2026-09-20),ZCON (2026-09-20),LIVE (2026-09-04)",0,COCCF,PC,PROGRESSIVE CARE,PC,Y,Y,N,None,QVO8748,2025-11-13 08:56:30.363000,corpsvcmtxcutoverrpt_sql,2025-09-09 14:47:33.733000,xrdcwddbsuip06,MTX_ACOE_Cutover_Reporting,UI_Excel_Select_Xwalk_Source_Accommodations,facility,*ALL*,QXA4067,2026-09-21 01:07:43.151000
349,COCCF,MP,MEDICAL PRIVATE,MP,Y,"TEST (2026-09-20),ZCON (2026-09-20),LIVE (2026-09-04)",0,COCCF,PR,PRIVATE ROOM,PR,Y,Y,N,None,FAK3017,2025-12-17 10:54:50.970000,corpsvcmtxcutoverrpt_sql,2025-09-09 14:47:33.733000,xrdcwddbsuip06,MTX_ACOE_Cutover_Reporting,UI_Excel_Select_Xwalk_Source_Accommodations,facility,*ALL*,QXA4067,2026-09-21 01:07:43.151000
350,COCCF,MS,MEDICAL SURGICAL,MS,Y,"TEST (2026-09-20),ZCON (2026-09-20),LIVE (2026-09-04)",0,COCCF,PR,PRIVATE ROOM,PR,Y,Y,N,None,FAK3017,2025-12-17 10:54:51.030000,corpsvcmtxcutoverrpt_sql,2025-09-09 14:47:33.733000,xrdcwddbsuip06,MTX_ACOE_Cutover_Reporting,UI_Excel_Select_Xwalk_Source_Accommodations,facility,*ALL*,QXA4067,2026-09-21 01:07:43.151000
351,COCCF,MV,MED/SURG VIP,MV,Y,"TEST (2026-09-20),ZCON (2026-09-20),LIVE (2026-09-04)",0,COCCF,PR,PRIVATE ROOM,PR,Y,Y,N,None,FAK3017,2025-12-17 10:54:51.073000,corpsvcmtxcutoverrpt_sql,2025-09-09 14:47:33.733000,xrdcwddbsuip06,MTX_ACOE_Cutover_Reporting,UI_Excel_Select_Xwalk_Source_Accommodations,facility,*ALL*,QXA4067,2026-09-21 01:07:43.151000
352,COCCF,N,INTERMEDIATE,IM,Y,"TEST (2026-09-20),ZCON (2026-09-20),LIVE (2026-09-04)",0,COCCF,PCCC,PROGRESSIVE CARE CCU,IM,Y,Y,N,None,QVO8748,2025-11-13 08:56:30.613000,corpsvcmtxcutoverrpt_sql,2025-09-09 14:47:33.733000,xrdcwddbsuip06,MTX_ACOE_Cutover_Reporting,UI_Excel_Select_Xwalk_Source_Accommodations,facility,*ALL*,QXA4067,2026-09-21 01:07:43.151000
353,COCCF,N1,NURSERY LEVEL 1,N1,Y,"TEST (2026-09-20),ZCON (2026-09-20),LIVE (2026-09-04)",0,COCCF,PR,PRIVATE ROOM,PR,Y,Y,N,None,FAK3017,2025-12-17 10:54:51.117000,corpsvcmtxcutoverrpt_sql,2025-09-09 14:47:33.733000,xrdcwddbsuip06,MTX_ACOE_Cutover_Reporting,UI_Excel_Select_Xwalk_Source_Accommodations,facility,*ALL*,QXA4067,2026-09-21 01:07:43.151000
354,COCCF,N2,NURSERY LEVEL II,N2,Y,"TEST (2026-09-20),ZCON (2026-09-20),LIVE (2026-09-04)",0,COCCF,PR,PRIVATE ROOM,PR,Y,Y,N,None,FAK3017,2025-12-17 10:54:51.160000,corpsvcmtxcutoverrpt_sql,2025-09-09 14:47:33.733000,xrdcwddbsuip06,MTX_ACOE_Cutover_Reporting,UI_Excel_Select_Xwalk_Source_Accommodations,facility,*ALL*,QXA4067,2026-09-21 01:07:43.151000
355,COCCF,N3,NURSERY LEVEL III,N3,Y,"TEST (2026-09-20),ZCON (2026-09-20),LIVE (2026-09-04)",0,COCCF,PR,PRIVATE ROOM,PR,Y,Y,N,None,FAK3017,2025-12-17 10:54:51.207000,corpsvcmtxcutoverrpt_sql,2025-09-09 14:47:33.733000,xrdcwddbsuip06,MTX_ACOE_Cutover_Reporting,UI_Excel_Select_Xwalk_Source_Accommodations,facility,*ALL*,QXA4067,2026-09-21 01:07:43.151000
356,COCCF,NU,NURSERY,NU,Y,"TEST (2026-09-20),ZCON (2026-09-20),LIVE (2026-09-04)",0,COCCF,PR,PRIVATE ROOM,PR,Y,Y,N,None,FAK3017,2025-12-17 10:54:51.250000,corpsvcmtxcutoverrpt_sql,2025-09-09 14:47:33.733000,xrdcwddbsuip06,MTX_ACOE_Cutover_Reporting,UI_Excel_Select_Xwalk_Source_Accommodations,facility,*ALL*,QXA4067,2026-09-21 01:07:43.152000
357,COCCF,OF,OVERFLOW,OF,N,NO MATCH,0,COCCF,,,,,N,Y,None,QVO8748,2025-11-13 08:23:50.223000,corpsvcmtxcutoverrpt_sql,2025-09-09 14:47:33.733000,xrdcwddbsuip06,MTX_ACOE_Cutover_Reporting,UI_Excel_Select_Xwalk_Source_Accommodations,facility,*ALL*,QXA4067,2026-09-21 01:07:43.152000
358,COCCF,P,PRIVATE ROOM,P,Y,"TEST (2026-09-20),ZCON (2026-09-20),LIVE (2026-09-04)",0,COCCF,PR,PRIVATE ROOM,PR,Y,Y,N,None,QVO8748,2025-11-13 08:56:31.167000,corpsvcmtxcutoverrpt_sql,2025-09-09 14:47:33.733000,xrdcwddbsuip06,MTX_ACOE_Cutover_Reporting,UI_Excel_Select_Xwalk_Source_Accommodations,facility,*ALL*,QXA4067,2026-09-21 01:07:43.152000
359,COCCF,PCP,PEDIATRIC CARE PRIVATE,PD,Y,"TEST (2026-09-20),ZCON (2026-09-20),LIVE (2026-09-04)",0,COCCF,PP,PEDIATRIC PRIVATE,PD,Y,Y,N,None,QVO8748,2025-11-13 08:56:31.247000,corpsvcmtxcutoverrpt_sql,2025-09-09 14:47:33.733000,xrdcwddbsuip06,MTX_ACOE_Cutover_Reporting,UI_Excel_Select_Xwalk_Source_Accommodations,facility,*ALL*,QXA4067,2026-09-21 01:07:43.152000
360,COCCF,PN,PEDIATRIC INTERMEDIATE,PN,Y,"TEST (2026-09-20),ZCON (2026-09-20),LIVE (2026-09-04)",0,COCCF,PPCU,PEDIATRIC PROGRESSIVE CARE,PN,Y,Y,N,None,QVO8748,2025-11-13 08:56:31.330000,corpsvcmtxcutoverrpt_sql,2025-09-09 14:47:33.733000,xrdcwddbsuip06,MTX_ACOE_Cutover_Reporting,UI_Excel_Select_Xwalk_Source_Accommodations,facility,*ALL*,QXA4067,2026-09-21 01:07:43.152000
361,COCCF,PP,POSTPARTUM ROOM,PP,Y,"TEST (2026-09-20),ZCON (2026-09-20),LIVE (2026-09-04)",0,COCCF,PR,PRIVATE ROOM,PR,Y,Y,N,None,QVO8748,2025-11-13 08:56:31.370000,corpsvcmtxcutoverrpt_sql,2025-09-09 14:47:33.733000,xrdcwddbsuip06,MTX_ACOE_Cutover_Reporting,UI_Excel_Select_Xwalk_Source_Accommodations,facility,*ALL*,QXA4067,2026-09-21 01:07:43.152000
362,COCCF,PPS,POSTPARTUM SEMI-PRIVATE,PS,Y,"TEST (2026-09-20),ZCON (2026-09-20),LIVE (2026-09-04)",0,COCCF,PR,PRIVATE ROOM,PR,Y,Y,N,None,FAK3017,2025-12-17 10:54:51.297000,corpsvcmtxcutoverrpt_sql,2025-09-09 14:47:33.733000,xrdcwddbsuip06,MTX_ACOE_Cutover_Reporting,UI_Excel_Select_Xwalk_Source_Accommodations,facility,*ALL*,QXA4067,2026-09-21 01:07:43.152000
363,COCCF,PV,POSTPARTUM VIP,PV,Y,"TEST (2026-09-20),ZCON (2026-09-20),LIVE (2026-09-04)",0,COCCF,PR,PRIVATE ROOM,PR,Y,Y,N,None,FAK3017,2025-12-17 10:54:51.340000,corpsvcmtxcutoverrpt_sql,2025-09-09 14:47:33.733000,xrdcwddbsuip06,MTX_ACOE_Cutover_Reporting,UI_Excel_Select_Xwalk_Source_Accommodations,facility,*ALL*,QXA4067,2026-09-21 01:07:43.152000
364,COCCF,S,SEMI-PRIVATE ROOM,SP,Y,"TEST (2026-09-20),ZCON (2026-09-20),LIVE (2026-09-04)",0,COCCF,SP,SEMI PRIVATE ROOM,S,Y,Y,N,None,QVO8748,2025-11-13 08:56:31.483000,corpsvcmtxcutoverrpt_sql,2025-09-09 14:47:33.733000,xrdcwddbsuip06,MTX_ACOE_Cutover_Reporting,UI_Excel_Select_Xwalk_Source_Accommodations,facility,*ALL*,QXA4067,2026-09-21 01:07:43.152000
365,COCCL,A,ANTEPARTUM,AP,Y,"TEST (2026-08-12),ZCON (2026-08-12),LIVE (2026-08-11)",0,COCCL,AP,ANTEPARTUM,AP,Y,Y,N,None,BMB1734,2026-03-04 16:51:21.717000,corpsvcmtxcutoverrpt_sql,2025-09-09 14:47:33.733000,xrdcwddbsuip06,MTX_ACOE_Cutover_Reporting,UI_Excel_Select_Xwalk_Source_Accommodations,facility,*ALL*,QXA4067,2026-09-21 01:07:43.152000
366,COCCL,CB,PBS CONV NURSERY ROUTINE,B,N,NO MATCH,0,COCCL,,,,,N,Y,None,BMB1734,2025-11-14 15:22:00.513000,corpsvcmtxcutoverrpt_sql,2025-09-09 14:47:33.733000,xrdcwddbsuip06,MTX_ACOE_Cutover_Reporting,UI_Excel_Select_Xwalk_Source_Accommodations,facility,*ALL*,QXA4067,2026-09-21 01:07:43.152000
367,COCCL,CW,PBS CONV PROGRESSIVE CARE,W,N,NO MATCH,0,COCCL,,,,,N,Y,None,BMB1734,2025-11-14 15:22:00.587000,corpsvcmtxcutoverrpt_sql,2025-09-09 14:47:33.733000,xrdcwddbsuip06,MTX_ACOE_Cutover_Reporting,UI_Excel_Select_Xwalk_Source_Accommodations,facility,*ALL*,QXA4067,2026-09-21 01:07:43.152000
368,COCCL,EC,ECMO,EC,Y,"TEST (2026-08-12),ZCON (2026-08-12),LIVE (2026-08-11)",0,COCCL,EC,ECMO,EC,Y,Y,N,None,BMB1734,2026-04-28 15:33:49.367000,corpsvcmtxcutoverrpt_sql,2026-02-19 03:00:06.010000,xrdcwddbsuip06,MTX_ACOE_Cutover_Reporting,UI_Excel_Select_Xwalk_Source_Accommodations,facility,*ALL*,QXA4067,2026-09-21 01:07:43.152000
369,COCCL,GERI PSY,GERIATRIC PSYCH,PY,N,NO MATCH,0,COCCL,,,,,N,Y,None,BMB1734,2025-11-14 15:22:00.657000,corpsvcmtxcutoverrpt_sql,2025-09-09 14:47:33.733000,xrdcwddbsuip06,MTX_ACOE_Cutover_Reporting,UI_Excel_Select_Xwalk_Source_Accommodations,facility,*ALL*,QXA4067,2026-09-21 01:07:43.152000
370,COCCL,GYN,GYN,GY,Y,NO MATCH,0,COCCL,,,,,N,Y,None,BMB1734,2026-07-02 13:09:42.440000,corpsvcmtxcutoverrpt_sql,2026-09-20 14:11:41.060000,xrdcwddbsuip06,MTX_ACOE_Cutover_Reporting,UI_Excel_Select_Xwalk_Source_Accommodations,facility,*ALL*,QXA4067,2026-09-21 01:07:43.152000
371,COCCL,H,HOSPICE,H,Y,"TEST (2026-08-12),ZCON (2026-08-12),LIVE (2026-08-11)",0,COCCL,PR,PRIVATE ROOM,PR,Y,Y,N,None,BMB1734,2026-03-09 15:41:50.107000,corpsvcmtxcutoverrpt_sql,2025-09-09 14:47:33.733000,xrdcwddbsuip06,MTX_ACOE_Cutover_Reporting,UI_Excel_Select_Xwalk_Source_Accommodations,facility,*ALL*,QXA4067,2026-09-21 01:07:43.152000
372,COCCL,I,INTENSIVE CARE,IC,Y,"TEST (2026-08-12),ZCON (2026-08-12),LIVE (2026-08-11)",0,COCCL,IC,INTENSIVE CARE,IC,Y,Y,N,None,BMB1734,2025-11-14 15:22:00.947000,corpsvcmtxcutoverrpt_sql,2025-09-09 14:47:33.733000,xrdcwddbsuip06,MTX_ACOE_Cutover_Reporting,UI_Excel_Select_Xwalk_Source_Accommodations,facility,*ALL*,QXA4067,2026-09-21 01:07:43.152000
373,COCCL,IC,INTERMEDIATE NURSERY - NSY2,IN,Y,"TEST (2026-08-12),ZCON (2026-08-12),LIVE (2026-08-11)",0,COCCL,PR,PRIVATE ROOM,PR,Y,Y,N,None,BMB1734,2026-03-09 15:41:50.187000,corpsvcmtxcutoverrpt_sql,2025-09-09 14:47:33.733000,xrdcwddbsuip06,MTX_ACOE_Cutover_Reporting,UI_Excel_Select_Xwalk_Source_Accommodations,facility,*ALL*,QXA4067,2026-09-21 01:07:43.153000
374,COCCL,ICT,INTENSIVE CARE - TRAUMA,IT,Y,"TEST (2026-08-12),ZCON (2026-08-12),LIVE (2026-08-11)",0,COCCL,TRIC,TRAUMA INTENSIVE CARE,IT,Y,Y,N,None,BMB1734,2025-11-14 15:22:01.110000,corpsvcmtxcutoverrpt_sql,2025-09-09 14:47:33.733000,xrdcwddbsuip06,MTX_ACOE_Cutover_Reporting,UI_Excel_Select_Xwalk_Source_Accommodations,facility,*ALL*,QXA4067,2026-09-21 01:07:43.153000
375,COCCL,IS,ISOLATION,IS,Y,"TEST (2026-08-12),ZCON (2026-08-12),LIVE (2026-08-11)",0,COCCL,PR,PRIVATE ROOM,PR,Y,Y,N,None,BMB1734,2026-03-09 11:39:53.033000,corpsvcmtxcutoverrpt_sql,2025-09-09 14:47:33.733000,xrdcwddbsuip06,MTX_ACOE_Cutover_Reporting,UI_Excel_Select_Xwalk_Source_Accommodations,facility,*ALL*,QXA4067,2026-09-21 01:07:43.153000
376,COCCL,L1,NEWBORN LEVEL I R&B,L1,Y,"TEST (2026-08-12),ZCON (2026-08-12),LIVE (2026-08-11)",0,COCCL,L1,NEWBORN LEVEL I CARE,L1,Y,Y,N,None,BMB1734,2025-11-14 15:22:01.253000,corpsvcmtxcutoverrpt_sql,2025-09-09 14:47:33.733000,xrdcwddbsuip06,MTX_ACOE_Cutover_Reporting,UI_Excel_Select_Xwalk_Source_Accommodations,facility,*ALL*,QXA4067,2026-09-21 01:07:43.153000
377,COCCL,L2,NEWBORN LEVEL II R&B,L2,Y,"TEST (2026-08-12),ZCON (2026-08-12),LIVE (2026-08-11)",0,COCCL,L2,NEWBORN LEVEL II CARE,L2,Y,Y,N,None,BMB1734,2025-11-14 15:22:01.327000,corpsvcmtxcutoverrpt_sql,2025-09-09 14:47:33.733000,xrdcwddbsuip06,MTX_ACOE_Cutover_Reporting,UI_Excel_Select_Xwalk_Source_Accommodations,facility,*ALL*,QXA4067,2026-09-21 01:07:43.153000
378,COCCL,L3,NEWBORN LEVEL III R&B,L3,Y,"TEST (2026-08-12),ZCON (2026-08-12),LIVE (2026-08-11)",0,COCCL,L3,NEWBORN LEVEL III CARE,L3,Y,Y,N,None,BMB1734,2025-11-14 15:22:01.400000,corpsvcmtxcutoverrpt_sql,2025-09-09 14:47:33.733000,xrdcwddbsuip06,MTX_ACOE_Cutover_Reporting,UI_Excel_Select_Xwalk_Source_Accommodations,facility,*ALL*,QXA4067,2026-09-21 01:07:43.153000
379,COCCL,L4,NEWBORN LEVEL IV R&B,L4,Y,"TEST (2026-08-12),ZCON (2026-08-12),LIVE (2026-08-11)",0,COCCL,L4,NEWBORN LEVEL IV CARE,L4,Y,Y,N,None,BMB1734,2025-11-14 15:22:01.473000,corpsvcmtxcutoverrpt_sql,2025-09-09 14:47:33.733000,xrdcwddbsuip06,MTX_ACOE_Cutover_Reporting,UI_Excel_Select_Xwalk_Source_Accommodations,facility,*ALL*,QXA4067,2026-09-21 01:07:43.153000
380,COCCL,MP,MEDICAL PRIVATE,MP,Y,"TEST (2026-08-12),ZCON (2026-08-12),LIVE (2026-08-11)",0,COCCL,PR,PRIVATE ROOM,PR,Y,Y,N,None,BMB1734,2025-11-14 15:22:01.547000,corpsvcmtxcutoverrpt_sql,2025-09-09 14:47:33.733000,xrdcwddbsuip06,MTX_ACOE_Cutover_Reporting,UI_Excel_Select_Xwalk_Source_Accommodations,facility,*ALL*,QXA4067,2026-09-21 01:07:43.153000
381,COCCL,MS,MEDICAL SURGICAL,MS,Y,"TEST (2026-08-12),ZCON (2026-08-12),LIVE (2026-08-11)",0,COCCL,PR,PRIVATE ROOM,PR,Y,Y,N,None,BMB1734,2026-03-09 11:39:53.123000,corpsvcmtxcutoverrpt_sql,2025-09-09 14:47:33.733000,xrdcwddbsuip06,MTX_ACOE_Cutover_Reporting,UI_Excel_Select_Xwalk_Source_Accommodations,facility,*ALL*,QXA4067,2026-09-21 01:07:43.153000
382,COCCL,N,INTERMEDIATE,IM,Y,"TEST (2026-08-12),ZCON (2026-08-12),LIVE (2026-08-11)",0,COCCL,PC,PROGESSIVE CARE,IM,Y,Y,N,None,BMB1734,2025-11-14 15:22:01.697000,corpsvcmtxcutoverrpt_sql,2025-09-09 14:47:33.733000,xrdcwddbsuip06,MTX_ACOE_Cutover_Reporting,UI_Excel_Select_Xwalk_Source_Accommodations,facility,*ALL*,QXA4067,2026-09-21 01:07:43.153000
383,COCCL,N1,NURSERY LEVEL 1,N1,Y,"TEST (2026-08-12),ZCON (2026-08-12),LIVE (2026-08-11)",0,COCCL,L1,NEWBORN LEVEL I CARE,L1,Y,Y,N,None,BMB1734,2025-11-14 15:22:01.770000,corpsvcmtxcutoverrpt_sql,2025-09-09 14:47:33.733000,xrdcwddbsuip06,MTX_ACOE_Cutover_Reporting,UI_Excel_Select_Xwalk_Source_Accommodations,facility,*ALL*,QXA4067,2026-09-21 01:07:43.153000
384,COCCL,N2,NURSERY LEVEL II,N2,Y,"TEST (2026-08-12),ZCON (2026-08-12),LIVE (2026-08-11)",0,COCCL,L2,NEWBORN LEVEL II CARE,L2,Y,Y,N,None,BMB1734,2025-11-14 15:22:01.850000,corpsvcmtxcutoverrpt_sql,2025-09-09 14:47:33.733000,xrdcwddbsuip06,MTX_ACOE_Cutover_Reporting,UI_Excel_Select_Xwalk_Source_Accommodations,facility,*ALL*,QXA4067,2026-09-21 01:07:43.153000
385,COCCL,N3,NURSERY LEVEL III,N3,Y,"TEST (2026-08-12),ZCON (2026-08-12),LIVE (2026-08-11)",0,COCCL,L3,NEWBORN LEVEL III CARE,L3,Y,Y,N,None,BMB1734,2025-11-14 15:22:01.927000,corpsvcmtxcutoverrpt_sql,2025-09-09 14:47:33.733000,xrdcwddbsuip06,MTX_ACOE_Cutover_Reporting,UI_Excel_Select_Xwalk_Source_Accommodations,facility,*ALL*,QXA4067,2026-09-21 01:07:43.153000
386,COCCL,NB,NEWBORN,NB,Y,"TEST (2026-08-12),ZCON (2026-08-12),LIVE (2026-08-11)",0,COCCL,L4,NEWBORN LEVEL IV CARE,L4,Y,Y,N,None,BMB1734,2025-11-14 15:22:02.003000,corpsvcmtxcutoverrpt_sql,2025-09-09 14:47:33.733000,xrdcwddbsuip06,MTX_ACOE_Cutover_Reporting,UI_Excel_Select_Xwalk_Source_Accommodations,facility,*ALL*,QXA4067,2026-09-21 01:07:43.153000
387,COCCL,NP,INTERMEDIATE PRIVATE,NP,Y,"TEST (2026-08-12),ZCON (2026-08-12),LIVE (2026-08-11)",0,COCCL,PR,PRIVATE ROOM,PR,Y,Y,N,None,BMB1734,2026-03-09 11:39:53.203000,corpsvcmtxcutoverrpt_sql,2025-09-09 14:47:33.733000,xrdcwddbsuip06,MTX_ACOE_Cutover_Reporting,UI_Excel_Select_Xwalk_Source_Accommodations,facility,*ALL*,QXA4067,2026-09-21 01:07:43.153000
388,COCCL,NU,NURSERY,NU,Y,"TEST (2026-08-12),ZCON (2026-08-12),LIVE (2026-08-11)",0,COCCL,L1,NEWBORN LEVEL I CARE,L1,Y,Y,N,None,BMB1734,2025-11-14 15:22:02.163000,corpsvcmtxcutoverrpt_sql,2025-09-09 14:47:33.733000,xrdcwddbsuip06,MTX_ACOE_Cutover_Reporting,UI_Excel_Select_Xwalk_Source_Accommodations,facility,*ALL*,QXA4067,2026-09-21 01:07:43.153000
389,COCCL,P,PRIVATE ROOM,P,Y,"TEST (2026-08-12),ZCON (2026-08-12),LIVE (2026-08-11)",0,COCCL,PR,PRIVATE ROOM,PR,Y,Y,N,None,BMB1734,2025-11-14 15:22:02.280000,corpsvcmtxcutoverrpt_sql,2025-09-09 14:47:33.733000,xrdcwddbsuip06,MTX_ACOE_Cutover_Reporting,UI_Excel_Select_Xwalk_Source_Accommodations,facility,*ALL*,QXA4067,2026-09-21 01:07:43.153000
390,COCCL,PCP,PEDIATRIC CARE PRIVATE,PC,Y,"TEST (2026-08-12),ZCON (2026-08-12),LIVE (2026-08-11)",0,COCCL,PR,PRIVATE ROOM,PR,Y,Y,N,None,BMB1734,2026-03-09 11:39:53.283000,corpsvcmtxcutoverrpt_sql,2025-09-09 14:47:33.733000,xrdcwddbsuip06,MTX_ACOE_Cutover_Reporting,UI_Excel_Select_Xwalk_Source_Accommodations,facility,*ALL*,QXA4067,2026-09-21 01:07:43.153000
391,COCCL,PED,PEDIATRICS,PD,Y,"TEST (2026-08-12),ZCON (2026-08-12),LIVE (2026-08-11)",0,COCCL,PR,PRIVATE ROOM,PR,Y,Y,N,None,BMB1734,2026-03-09 11:39:53.360000,corpsvcmtxcutoverrpt_sql,2025-09-09 14:47:33.733000,xrdcwddbsuip06,MTX_ACOE_Cutover_Reporting,UI_Excel_Select_Xwalk_Source_Accommodations,facility,*ALL*,QXA4067,2026-09-21 01:07:43.153000
392,COCCL,PEDT,PEDI TRAUMA,PT,Y,"TEST (2026-08-12),ZCON (2026-08-12),LIVE (2026-08-11)",0,COCCL,PR,PRIVATE ROOM,PR,Y,Y,N,None,BMB1734,2026-03-09 11:39:53.440000,corpsvcmtxcutoverrpt_sql,2025-09-09 14:47:33.733000,xrdcwddbsuip06,MTX_ACOE_Cutover_Reporting,UI_Excel_Select_Xwalk_Source_Accommodations,facility,*ALL*,QXA4067,2026-09-21 01:07:43.153000
393,COCCL,PN,PEDIATRIC INTERMEDIATE,PI,Y,"TEST (2026-08-12),ZCON (2026-08-12),LIVE (2026-08-11)",0,COCCL,PR,PRIVATE ROOM,PR,Y,Y,N,None,BMB1734,2026-03-09 11:39:53.517000,corpsvcmtxcutoverrpt_sql,2025-09-09 14:47:33.733000,xrdcwddbsuip06,MTX_ACOE_Cutover_Reporting,UI_Excel_Select_Xwalk_Source_Accommodations,facility,*ALL*,QXA4067,2026-09-21 01:07:43.153000
394,COCCL,PP,POSTPARTUM ROOM,PP,Y,"TEST (2026-08-12),ZCON (2026-08-12),LIVE (2026-08-11)",0,COCCL,PR,PRIVATE ROOM,PR,Y,Y,N,None,BMB1734,2025-11-14 15:22:02.653000,corpsvcmtxcutoverrpt_sql,2025-09-09 14:47:33.733000,xrdcwddbsuip06,MTX_ACOE_Cutover_Reporting,UI_Excel_Select_Xwalk_Source_Accommodations,facility,*ALL*,QXA4067,2026-09-21 01:07:43.153000
395,COCCL,PSP,PEDIATRIC SEMI PRIVATE,PS,Y,"TEST (2026-08-12),ZCON (2026-08-12),LIVE (2026-08-11)",0,COCCL,PR,PRIVATE ROOM,PR,Y,Y,N,None,BMB1734,2026-03-09 11:39:53.593000,corpsvcmtxcutoverrpt_sql,2025-09-09 14:47:33.733000,xrdcwddbsuip06,MTX_ACOE_Cutover_Reporting,UI_Excel_Select_Xwalk_Source_Accommodations,facility,*ALL*,QXA4067,2026-09-21 01:07:43.153000
396,COCCL,S,SEMI-PRIVATE ROOM,SP,Y,"TEST (2026-08-12),ZCON (2026-08-12),LIVE (2026-08-11)",0,COCCL,SP,SEMI PRIVATE ROOM,SP,Y,Y,N,None,BMB1734,2025-11-14 15:22:02.800000,corpsvcmtxcutoverrpt_sql,2025-09-09 14:47:33.733000,xrdcwddbsuip06,MTX_ACOE_Cutover_Reporting,UI_Excel_Select_Xwalk_Source_Accommodations,facility,*ALL*,QXA4067,2026-09-21 01:07:43.153000
397,COCCL,SNF,SKILLED NURSING FACILITY,SN,Y,"TEST (2026-08-12),ZCON (2026-08-12),LIVE (2026-08-11)",0,COCCL,PR,PRIVATE ROOM,PR,Y,Y,N,None,BMB1734,2026-03-09 11:39:53.673000,corpsvcmtxcutoverrpt_sql,2025-09-09 14:47:33.733000,xrdcwddbsuip06,MTX_ACOE_Cutover_Reporting,UI_Excel_Select_Xwalk_Source_Accommodations,facility,*ALL*,QXA4067,2026-09-21 01:07:43.153000
398,COCCL,SP,MED/SURG SEMI-PRIVATE,S,Y,"TEST (2026-08-12),ZCON (2026-08-12),LIVE (2026-08-11)",0,COCCL,SP,SEMI PRIVATE ROOM,SP,Y,Y,N,None,BMB1734,2026-03-04 16:51:21.867000,corpsvcmtxcutoverrpt_sql,2026-02-13 03:00:03.300000,xrdcwddbsuip06,MTX_ACOE_Cutover_Reporting,UI_Excel_Select_Xwalk_Source_Accommodations,facility,*ALL*,QXA4067,2026-09-21 01:07:43.154000
399,COCCL,TC,CTICU,TC,Y,"TEST (2026-08-12),ZCON (2026-08-12),LIVE (2026-08-11)",0,COCCL,PR,PRIVATE ROOM,PR,Y,Y,N,None,BMB1734,2026-03-09 11:39:53.750000,corpsvcmtxcutoverrpt_sql,2025-10-08 03:00:05.963000,xrdcwddbsuip06,MTX_ACOE_Cutover_Reporting,UI_Excel_Select_Xwalk_Source_Accommodations,facility,*ALL*,QXA4067,2026-09-21 01:07:43.154000
400,COCCL,TE,TELEMETRY,TE,Y,"TEST (2026-08-12),ZCON (2026-08-12),LIVE (2026-08-11)",0,COCCL,PR,PRIVATE ROOM,PR,Y,Y,N,None,BMB1734,2026-03-09 11:39:53.827000,corpsvcmtxcutoverrpt_sql,2025-09-09 14:47:33.733000,xrdcwddbsuip06,MTX_ACOE_Cutover_Reporting,UI_Excel_Select_Xwalk_Source_Accommodations,facility,*ALL*,QXA4067,2026-09-21 01:07:43.154000
401,COCCL,TREC,TRAUMA ECMO,TR,Y,"TEST (2026-08-12),ZCON (2026-08-12),LIVE (2026-08-11)",0,COCCL,TREC,TRAUMA WITH ECMO,ET,Y,Y,N,None,BMB1734,2026-05-29 14:55:44.763000,corpsvcmtxcutoverrpt_sql,2026-05-07 03:00:07.043000,xrdcwddbsuip06,MTX_ACOE_Cutover_Reporting,UI_Excel_Select_Xwalk_Source_Accommodations,facility,*ALL*,QXA4067,2026-09-21 01:07:43.154000
402,COCCN,AAA,SUE- TEST-INAC 1/3 6:30P,,N,NO MATCH,0,COCCN,,,,,N,Y,None,QVO8748,2026-01-21 19:23:25.673000,corpsvcmtxcutoverrpt_sql,2025-09-09 14:47:33.733000,xrdcwddbsuip06,MTX_ACOE_Cutover_Reporting,UI_Excel_Select_Xwalk_Source_Accommodations,facility,*ALL*,QXA4067,2026-09-21 01:07:43.154000
403,COCCN,B,NEWBORN,B,Y,ZCON (2026-08-13),0,COCCN,M,MEDICAL,M,Y,Y,N,None,QVO8748,2026-01-28 13:31:05.897000,corpsvcmtxcutoverrpt_sql,2025-09-09 14:47:33.733000,xrdcwddbsuip06,MTX_ACOE_Cutover_Reporting,UI_Excel_Select_Xwalk_Source_Accommodations,facility,*ALL*,QXA4067,2026-09-21 01:07:43.154000
404,COCCN,CCU,Intermediate CCU,CU,Y,"TEST (2026-08-13),ZCON (2026-08-13),LIVE (2026-08-11)",0,COCCN,PCP,PROGRESSIVE CARE PRIVATE,PP,Y,Y,N,None,QVO8748,2026-04-01 14:38:48.597000,corpsvcmtxcutoverrpt_sql,2025-09-09 14:47:33.733000,xrdcwddbsuip06,MTX_ACOE_Cutover_Reporting,UI_Excel_Select_Xwalk_Source_Accommodations,facility,*ALL*,QXA4067,2026-09-21 01:07:43.154000
405,COCCN,EC,CCU W/ ECMO,EC,Y,"TEST (2026-08-13),ZCON (2026-08-13),LIVE (2026-08-11)",0,COCCN,EC,ECMO,EC,Y,Y,N,None,JKB0282,2025-11-19 12:21:34.367000,corpsvcmtxcutoverrpt_sql,2025-11-01 03:00:03.023000,xrdcwddbsuip06,MTX_ACOE_Cutover_Reporting,UI_Excel_Select_Xwalk_Source_Accommodations,facility,*ALL*,QXA4067,2026-09-21 01:07:43.154000
406,COCCN,I,INTENSIVE CARE,IC,Y,"TEST (2026-08-13),ZCON (2026-08-13),LIVE (2026-08-11)",0,COCCN,IC,INTENSIVE CARE,IC,Y,Y,N,None,JKB0282,2025-11-19 10:26:36.660000,corpsvcmtxcutoverrpt_sql,2025-09-09 14:47:33.733000,xrdcwddbsuip06,MTX_ACOE_Cutover_Reporting,UI_Excel_Select_Xwalk_Source_Accommodations,facility,*ALL*,QXA4067,2026-09-21 01:07:43.154000
407,COCCN,IEH,ICU ED HOLD,IE,Y,"TEST (2026-08-13),ZCON (2026-08-13),LIVE (2026-08-11)",0,COCCN,IC,INTENSIVE CARE,IC,Y,Y,N,None,QVO8748,2026-01-28 13:31:05.940000,corpsvcmtxcutoverrpt_sql,2025-09-09 14:47:33.733000,xrdcwddbsuip06,MTX_ACOE_Cutover_Reporting,UI_Excel_Select_Xwalk_Source_Accommodations,facility,*ALL*,QXA4067,2026-09-21 01:07:43.154000
408,COCCN,IH,SMI PVT INT ICU ED HOLD,IH,Y,"TEST (2026-08-13),ZCON (2026-08-13),LIVE (2026-08-11)",0,COCCN,IC,INTENSIVE CARE,IC,Y,Y,N,None,QVO8748,2026-01-28 13:31:05.970000,corpsvcmtxcutoverrpt_sql,2025-09-09 14:47:33.733000,xrdcwddbsuip06,MTX_ACOE_Cutover_Reporting,UI_Excel_Select_Xwalk_Source_Accommodations,facility,*ALL*,QXA4067,2026-09-21 01:07:43.154000
409,COCCN,IM,Intermediate ICU Hold,I,Y,"TEST (2026-08-13),ZCON (2026-08-13),LIVE (2026-08-11)",0,COCCN,PCP,PROGRESSIVE CARE PRIVATE,PP,Y,Y,N,None,QVO8748,2026-04-01 14:38:48.647000,corpsvcmtxcutoverrpt_sql,2025-09-09 14:47:33.733000,xrdcwddbsuip06,MTX_ACOE_Cutover_Reporting,UI_Excel_Select_Xwalk_Source_Accommodations,facility,*ALL*,QXA4067,2026-09-21 01:07:43.154000
410,COCCN,IMI,Intermedite ICU,IM,Y,"TEST (2026-08-13),ZCON (2026-08-13),LIVE (2026-08-11)",0,COCCN,IC,INTENSIVE CARE,IC,Y,Y,N,None,QVO8748,2026-01-28 13:31:06.040000,corpsvcmtxcutoverrpt_sql,2025-09-09 14:47:33.733000,xrdcwddbsuip06,MTX_ACOE_Cutover_Reporting,UI_Excel_Select_Xwalk_Source_Accommodations,facility,*ALL*,QXA4067,2026-09-21 01:07:43.154000
411,COCCN,IS,ISOLATION,IS,Y,"TEST (2026-08-13),ZCON (2026-08-13),LIVE (2026-08-11)",0,COCCN,IS,ISOLATION,IS,Y,Y,N,None,JKB0282,2025-11-19 10:26:36.743000,corpsvcmtxcutoverrpt_sql,2025-09-09 14:47:33.733000,xrdcwddbsuip06,MTX_ACOE_Cutover_Reporting,UI_Excel_Select_Xwalk_Source_Accommodations,facility,*ALL*,QXA4067,2026-09-21 01:07:43.154000
412,COCCN,M,CORONARY CARE,CC,Y,"TEST (2026-08-13),ZCON (2026-08-13),LIVE (2026-08-11)",0,COCCN,CC,CORONARY CARE,CC,Y,Y,N,None,JKB0282,2025-11-19 10:26:36.823000,corpsvcmtxcutoverrpt_sql,2025-09-09 14:47:33.733000,xrdcwddbsuip06,MTX_ACOE_Cutover_Reporting,UI_Excel_Select_Xwalk_Source_Accommodations,facility,*ALL*,QXA4067,2026-09-21 01:07:43.154000
413,COCCN,MH,PVT TRM MED/SUR ED HOLD,MH,Y,"TEST (2026-08-13),ZCON (2026-08-13),LIVE (2026-08-11)",0,COCCN,PR,PRIVATE ROOM,PR,Y,Y,N,None,QVO8748,2026-07-06 09:42:38.100000,corpsvcmtxcutoverrpt_sql,2025-09-09 14:47:33.733000,xrdcwddbsuip06,MTX_ACOE_Cutover_Reporting,UI_Excel_Select_Xwalk_Source_Accommodations,facility,*ALL*,QXA4067,2026-09-21 01:07:43.154000
414,COCCN,MI,MEDICAL ICU,MI,Y,"TEST (2026-08-13),ZCON (2026-08-13),LIVE (2026-08-11)",0,COCCN,IC,INTENSIVE CARE,IC,Y,Y,N,None,JKB0282,2025-11-19 10:26:36.993000,corpsvcmtxcutoverrpt_sql,2025-09-09 14:47:33.733000,xrdcwddbsuip06,MTX_ACOE_Cutover_Reporting,UI_Excel_Select_Xwalk_Source_Accommodations,facility,*ALL*,QXA4067,2026-09-21 01:07:43.154000
415,COCCN,MS,Med Surg,MS,Y,"TEST (2026-08-13),ZCON (2026-08-13),LIVE (2026-08-11)",0,COCCN,MS,MED SURG,MS,Y,Y,N,None,JKB0282,2025-11-19 10:26:37.077000,corpsvcmtxcutoverrpt_sql,2025-09-09 14:47:33.733000,xrdcwddbsuip06,MTX_ACOE_Cutover_Reporting,UI_Excel_Select_Xwalk_Source_Accommodations,facility,*ALL*,QXA4067,2026-09-21 01:07:43.154000
416,COCCN,NI,NSY ISOLATION OR BORDER,NI,Y,"TEST (2026-08-13),ZCON (2026-08-13),LIVE (2026-08-11)",0,COCCN,PR,PRIVATE ROOM,PR,Y,Y,N,None,QVO8748,2026-01-28 13:31:06.070000,corpsvcmtxcutoverrpt_sql,2025-09-09 14:47:33.733000,xrdcwddbsuip06,MTX_ACOE_Cutover_Reporting,UI_Excel_Select_Xwalk_Source_Accommodations,facility,*ALL*,QXA4067,2026-09-21 01:07:43.154000
417,COCCN,NIC,NEUROSCIENCES INTENSIVE CARE,NC,Y,"TEST (2026-08-13),ZCON (2026-08-13),LIVE (2026-08-11)",0,COCCN,IC,INTENSIVE CARE,IC,Y,Y,N,None,QVO8748,2026-01-28 13:31:06.103000,corpsvcmtxcutoverrpt_sql,2025-09-09 14:47:33.733000,xrdcwddbsuip06,MTX_ACOE_Cutover_Reporting,UI_Excel_Select_Xwalk_Source_Accommodations,facility,*ALL*,QXA4067,2026-09-21 01:07:43.154000
418,COCCN,NS,NURSERY ICU,NS,Y,"TEST (2026-08-13),ZCON (2026-08-13),LIVE (2026-08-11)",0,COCCN,PR,PRIVATE ROOM,PR,Y,Y,N,None,QVO8748,2026-01-28 13:31:06.133000,corpsvcmtxcutoverrpt_sql,2025-09-09 14:47:33.733000,xrdcwddbsuip06,MTX_ACOE_Cutover_Reporting,UI_Excel_Select_Xwalk_Source_Accommodations,facility,*ALL*,QXA4067,2026-09-21 01:07:43.154000
419,COCCN,NTP,NON-TELEMETRY PRIVATE,NT,Y,"TEST (2026-08-13),ZCON (2026-08-13),LIVE (2026-08-11)",0,COCCN,PR,PRIVATE ROOM,PR,Y,Y,N,None,JKB0282,2025-11-19 10:26:37.187000,corpsvcmtxcutoverrpt_sql,2025-09-09 14:47:33.733000,xrdcwddbsuip06,MTX_ACOE_Cutover_Reporting,UI_Excel_Select_Xwalk_Source_Accommodations,facility,*ALL*,QXA4067,2026-09-21 01:07:43.154000
420,COCCN,NTS,NON-TELEMETRY SEMI-PRIVATE,TS,Y,"TEST (2026-08-13),ZCON (2026-08-13),LIVE (2026-08-11)",0,COCCN,SP,SEMI PRIVATE ROOM,SP,Y,Y,N,None,JKB0282,2025-11-19 10:26:37.270000,corpsvcmtxcutoverrpt_sql,2025-09-09 14:47:33.733000,xrdcwddbsuip06,MTX_ACOE_Cutover_Reporting,UI_Excel_Select_Xwalk_Source_Accommodations,facility,*ALL*,QXA4067,2026-09-21 01:07:43.154000
421,COCCN,P,PRIVATE ROOM,P,Y,"TEST (2026-08-13),ZCON (2026-08-13),LIVE (2026-08-11)",0,COCCN,PR,PRIVATE ROOM,PR,Y,Y,N,None,JKB0282,2025-11-19 10:26:37.353000,corpsvcmtxcutoverrpt_sql,2025-09-09 14:47:33.733000,xrdcwddbsuip06,MTX_ACOE_Cutover_Reporting,UI_Excel_Select_Xwalk_Source_Accommodations,facility,*ALL*,QXA4067,2026-09-21 01:07:43.154000
422,COCCN,PC,PROGRESSIVE CARE UNIT,PC,Y,ZCON (2026-08-13),0,COCCN,M,MEDICAL,M,Y,Y,N,None,QVO8748,2026-01-28 13:31:06.160000,corpsvcmtxcutoverrpt_sql,2025-09-09 14:47:33.733000,xrdcwddbsuip06,MTX_ACOE_Cutover_Reporting,UI_Excel_Select_Xwalk_Source_Accommodations,facility,*ALL*,QXA4067,2026-09-21 01:07:43.154000
423,COCCN,PC-P,PROGRESSIVE CARE PRIVATE,PP,Y,"TEST (2026-08-13),ZCON (2026-08-13),LIVE (2026-08-11)",0,COCCN,PCP,PROGRESSIVE CARE PRIVATE,PP,Y,Y,N,None,JKB0282,2025-11-19 10:26:37.433000,corpsvcmtxcutoverrpt_sql,2025-09-09 14:47:33.733000,xrdcwddbsuip06,MTX_ACOE_Cutover_Reporting,UI_Excel_Select_Xwalk_Source_Accommodations,facility,*ALL*,QXA4067,2026-09-21 01:07:43.154000
424,COCCN,PC-S,PROGRESSIVE CARE SEMI-PRIVATE,PS,Y,ZCON (2026-08-13),0,COCCN,M,MEDICAL,M,Y,Y,N,None,QVO8748,2026-01-28 13:31:06.193000,corpsvcmtxcutoverrpt_sql,2025-09-09 14:47:33.733000,xrdcwddbsuip06,MTX_ACOE_Cutover_Reporting,UI_Excel_Select_Xwalk_Source_Accommodations,facility,*ALL*,QXA4067,2026-09-21 01:07:43.155000
425,COCCN,PEH,R&B PRIVATE ED HOLD,PE,Y,"TEST (2026-08-13),ZCON (2026-08-13),LIVE (2026-08-11)",0,COCCN,PR,PRIVATE ROOM,PR,Y,Y,N,None,JKB0282,2025-11-19 10:26:37.517000,corpsvcmtxcutoverrpt_sql,2025-09-09 14:47:33.733000,xrdcwddbsuip06,MTX_ACOE_Cutover_Reporting,UI_Excel_Select_Xwalk_Source_Accommodations,facility,*ALL*,QXA4067,2026-09-21 01:07:43.155000
426,COCCN,PH,PVT TRM W/TELE ED HOLD,PH,Y,ZCON (2026-08-13),0,COCCN,M,MEDICAL,M,Y,Y,N,None,QVO8748,2026-01-28 13:31:06.223000,corpsvcmtxcutoverrpt_sql,2025-09-09 14:47:33.733000,xrdcwddbsuip06,MTX_ACOE_Cutover_Reporting,UI_Excel_Select_Xwalk_Source_Accommodations,facility,*ALL*,QXA4067,2026-09-21 01:07:43.155000
427,COCCN,S,SEMI-PRIVATE ROOM,SP,Y,ZCON (2026-08-13),0,COCCN,M,MEDICAL,M,Y,Y,N,None,QVO8748,2026-01-28 13:31:06.257000,corpsvcmtxcutoverrpt_sql,2025-09-09 14:47:33.733000,xrdcwddbsuip06,MTX_ACOE_Cutover_Reporting,UI_Excel_Select_Xwalk_Source_Accommodations,facility,*ALL*,QXA4067,2026-09-21 01:07:43.155000
428,COCCN,SEH,R&B SEMI PVT ED HOLD,SE,Y,ZCON (2026-08-13),0,COCCN,M,MEDICAL,M,Y,Y,N,None,QVO8748,2026-01-28 13:31:06.287000,corpsvcmtxcutoverrpt_sql,2025-09-09 14:47:33.733000,xrdcwddbsuip06,MTX_ACOE_Cutover_Reporting,UI_Excel_Select_Xwalk_Source_Accommodations,facility,*ALL*,QXA4067,2026-09-21 01:07:43.155000
429,COCCN,SH,SMI PVT TRM MS ED HOLD,SH,Y,ZCON (2026-08-13),0,COCCN,M,MEDICAL,M,Y,Y,N,None,QVO8748,2026-01-28 13:31:06.317000,corpsvcmtxcutoverrpt_sql,2025-09-09 14:47:33.733000,xrdcwddbsuip06,MTX_ACOE_Cutover_Reporting,UI_Excel_Select_Xwalk_Source_Accommodations,facility,*ALL*,QXA4067,2026-09-21 01:07:43.155000
430,COCCN,STH,SPVT TRM W/TEL ED HOLD,ST,Y,ZCON (2026-08-13),0,COCCN,M,MEDICAL,M,Y,Y,N,None,QVO8748,2026-01-28 13:31:06.350000,corpsvcmtxcutoverrpt_sql,2025-09-09 14:47:33.733000,xrdcwddbsuip06,MTX_ACOE_Cutover_Reporting,UI_Excel_Select_Xwalk_Source_Accommodations,facility,*ALL*,QXA4067,2026-09-21 01:07:43.155000
431,COCCN,T,TELEMETRY,T,Y,"TEST (2026-08-13),ZCON (2026-08-13),LIVE (2026-08-11)",0,COCCN,TEL,TELEMETRY,TE,Y,Y,N,None,JKB0282,2025-11-19 10:26:37.600000,corpsvcmtxcutoverrpt_sql,2025-09-09 14:47:33.733000,xrdcwddbsuip06,MTX_ACOE_Cutover_Reporting,UI_Excel_Select_Xwalk_Source_Accommodations,facility,*ALL*,QXA4067,2026-09-21 01:07:43.155000
432,COCCN,TH,SEMI PVT W/TELE ED HOLD,TH,Y,"TEST (2026-08-13),ZCON (2026-08-13),LIVE (2026-08-11)",0,COCCN,TEL,TELEMETRY,TE,Y,Y,N,None,JKB0282,2025-11-19 10:26:37.680000,corpsvcmtxcutoverrpt_sql,2025-09-09 14:47:33.733000,xrdcwddbsuip06,MTX_ACOE_Cutover_Reporting,UI_Excel_Select_Xwalk_Source_Accommodations,facility,*ALL*,QXA4067,2026-09-21 01:07:43.155000
433,COCCN,TIE,TRAUMA ICU ED HOLD,TE,Y,"TEST (2026-08-13),ZCON (2026-08-13),LIVE (2026-08-11)",0,COCCN,TR,TRAUMA,TR,Y,Y,N,None,QVO8748,2026-01-28 13:31:06.380000,corpsvcmtxcutoverrpt_sql,2025-09-09 14:47:33.733000,xrdcwddbsuip06,MTX_ACOE_Cutover_Reporting,UI_Excel_Select_Xwalk_Source_Accommodations,facility,*ALL*,QXA4067,2026-09-21 01:07:43.155000
434,COCCN,TIH,TRM INT ICU ED HOLD,TI,Y,"TEST (2026-08-13),ZCON (2026-08-13),LIVE (2026-08-11)",0,COCCN,TR,TRAUMA,TR,Y,Y,N,None,QVO8748,2026-01-22 08:57:43.980000,corpsvcmtxcutoverrpt_sql,2025-09-09 14:47:33.733000,xrdcwddbsuip06,MTX_ACOE_Cutover_Reporting,UI_Excel_Select_Xwalk_Source_Accommodations,facility,*ALL*,QXA4067,2026-09-21 01:07:43.155000
435,COCCN,TR,TRAUMA ICU,TR,Y,"TEST (2026-08-13),ZCON (2026-08-13),LIVE (2026-08-11)",0,COCCN,TR,TRAUMA,TR,Y,Y,N,None,JKB0282,2025-11-19 10:26:37.770000,corpsvcmtxcutoverrpt_sql,2025-09-09 14:47:33.733000,xrdcwddbsuip06,MTX_ACOE_Cutover_Reporting,UI_Excel_Select_Xwalk_Source_Accommodations,facility,*ALL*,QXA4067,2026-09-21 01:07:43.155000
436,COCCN,VP,VIP SUITE,VP,N,NO MATCH,0,COCCN,,,,,N,Y,None,QVO8748,2026-01-21 19:23:25.707000,corpsvcmtxcutoverrpt_sql,2025-09-09 14:47:33.733000,xrdcwddbsuip06,MTX_ACOE_Cutover_Reporting,UI_Excel_Select_Xwalk_Source_Accommodations,facility,*ALL*,QXA4067,2026-09-21 01:07:43.155000
437,COCCN,VT,VIP SUITE WITH TELEMETRY,VT,N,NO MATCH,0,COCCN,,,,,N,Y,None,QVO8748,2026-01-21 19:23:25.737000,corpsvcmtxcutoverrpt_sql,2025-09-09 14:47:33.733000,xrdcwddbsuip06,MTX_ACOE_Cutover_Reporting,UI_Excel_Select_Xwalk_Source_Accommodations,facility,*ALL*,QXA4067,2026-09-21 01:07:43.155000
438,COCCR,C,CARDIOVASULAR SURGERY INT CARE,CR,Y,"TEST (2026-09-20),ZCON (2026-09-20),LIVE (2026-09-04)",0,COCCR,PR,PRIVATE ROOM,P,,Y,N,None,IIU7623,2025-12-11 08:34:48.797000,corpsvcmtxcutoverrpt_sql,2025-09-09 14:47:33.733000,xrdcwddbsuip06,MTX_ACOE_Cutover_Reporting,UI_Excel_Select_Xwalk_Source_Accommodations,facility,*ALL*,QXA4067,2026-09-21 01:07:43.155000
439,COCCR,CC,CARDIAC CARE,CC,Y,"TEST (2026-09-20),ZCON (2026-09-20),LIVE (2026-09-04)",0,COCCR,CC,CORONARY CARE,CC,,Y,N,None,IIU4396,2025-09-30 00:45:15.110000,corpsvcmtxcutoverrpt_sql,2025-09-09 14:47:33.733000,xrdcwddbsuip06,MTX_ACOE_Cutover_Reporting,UI_Excel_Select_Xwalk_Source_Accommodations,facility,*ALL*,QXA4067,2026-09-21 01:07:43.155000
440,COCCR,CO,CCU OBSERVATION,CO,Y,"TEST (2026-09-20),ZCON (2026-09-20),LIVE (2026-09-04)",0,COCCR,PR,PRIVATE ROOM,P,,Y,N,None,IIU7623,2025-12-11 08:34:48.830000,corpsvcmtxcutoverrpt_sql,2025-09-09 14:47:33.733000,xrdcwddbsuip06,MTX_ACOE_Cutover_Reporting,UI_Excel_Select_Xwalk_Source_Accommodations,facility,*ALL*,QXA4067,2026-09-21 01:07:43.155000
441,COCCR,EC,ECMO,EC,Y,"TEST (2026-09-20),ZCON (2026-09-20),LIVE (2026-09-04)",0,COCCR,EC,ECMO,EC,,Y,N,None,IIU7623,2026-01-25 18:58:22.113000,corpsvcmtxcutoverrpt_sql,2025-12-31 03:00:05.177000,xrdcwddbsuip06,MTX_ACOE_Cutover_Reporting,UI_Excel_Select_Xwalk_Source_Accommodations,facility,*ALL*,QXA4067,2026-09-21 01:07:43.155000
442,COCCR,H,HOSPICE,H,Y,"TEST (2026-09-20),ZCON (2026-09-20),LIVE (2026-09-04)",0,COCCR,PR,PRIVATE ROOM,P,,Y,N,None,IIU7623,2025-12-11 08:34:48.850000,corpsvcmtxcutoverrpt_sql,2025-09-09 14:47:33.733000,xrdcwddbsuip06,MTX_ACOE_Cutover_Reporting,UI_Excel_Select_Xwalk_Source_Accommodations,facility,*ALL*,QXA4067,2026-09-21 01:07:43.155000
443,COCCR,HE,HOLDOVER ER,HE,N,NO MATCH,0,COCCR,,,,,N,Y,None,IIU7623,2025-12-08 11:10:52.903000,corpsvcmtxcutoverrpt_sql,2025-09-09 14:47:33.733000,xrdcwddbsuip06,MTX_ACOE_Cutover_Reporting,UI_Excel_Select_Xwalk_Source_Accommodations,facility,*ALL*,QXA4067,2026-09-21 01:07:43.155000
444,COCCR,I,INTENSIVE CARE,IC,Y,"TEST (2026-09-20),ZCON (2026-09-20),LIVE (2026-09-04)",0,COCCR,IC,INTENSIVE CARE,IC,Y,Y,N,None,IIU7623,2026-04-16 08:34:43.243000,corpsvcmtxcutoverrpt_sql,2025-09-09 14:47:33.733000,xrdcwddbsuip06,MTX_ACOE_Cutover_Reporting,UI_Excel_Select_Xwalk_Source_Accommodations,facility,*ALL*,QXA4067,2026-09-21 01:07:43.155000
445,COCCR,IC,INTERMEDIATE NURSERY - NSY2,NB,Y,"TEST (2026-09-20),ZCON (2026-09-20),LIVE (2026-09-04)",0,COCCR,PR,PRIVATE ROOM,P,Y,Y,N,None,IIU7623,2026-04-16 08:34:43.280000,corpsvcmtxcutoverrpt_sql,2025-09-09 14:47:33.733000,xrdcwddbsuip06,MTX_ACOE_Cutover_Reporting,UI_Excel_Select_Xwalk_Source_Accommodations,facility,*ALL*,QXA4067,2026-09-21 01:07:43.155000
446,COCCR,ICT,INTENSIVE CARE - TRAUMA,IT,Y,"TEST (2026-09-20),ZCON (2026-09-20),LIVE (2026-09-04)",0,COCCR,TRIC,TRAUMA INTENSIVE CARE,IT,Y,Y,N,None,IIU7623,2026-04-16 08:34:43.310000,corpsvcmtxcutoverrpt_sql,2025-09-09 14:47:33.733000,xrdcwddbsuip06,MTX_ACOE_Cutover_Reporting,UI_Excel_Select_Xwalk_Source_Accommodations,facility,*ALL*,QXA4067,2026-09-21 01:07:43.155000
447,COCCR,IS,ISOLATION,IS,Y,"TEST (2026-09-20),ZCON (2026-09-20),LIVE (2026-09-04)",0,COCCR,PR,PRIVATE ROOM,P,Y,Y,N,None,IIU7623,2026-04-16 08:34:43.343000,corpsvcmtxcutoverrpt_sql,2025-09-09 14:47:33.733000,xrdcwddbsuip06,MTX_ACOE_Cutover_Reporting,UI_Excel_Select_Xwalk_Source_Accommodations,facility,*ALL*,QXA4067,2026-09-21 01:07:43.155000
448,COCCR,L1,NEWBORN LEVEL I R&B,L1,Y,"TEST (2026-09-20),ZCON (2026-09-20),LIVE (2026-09-04)",0,COCCR,L1,NEWBORN LEVEL I CARE,L1,Y,Y,N,None,IIU7623,2026-04-16 08:34:43.373000,corpsvcmtxcutoverrpt_sql,2025-09-09 14:47:33.733000,xrdcwddbsuip06,MTX_ACOE_Cutover_Reporting,UI_Excel_Select_Xwalk_Source_Accommodations,facility,*ALL*,QXA4067,2026-09-21 01:07:43.156000
449,COCCR,L2,NEWBORN LEVEL II R&B,L2,Y,"TEST (2026-09-20),ZCON (2026-09-20),LIVE (2026-09-04)",0,COCCR,L2,NEWBORN LEVEL II CARE,L2,Y,Y,N,None,IIU7623,2026-04-16 08:34:43.407000,corpsvcmtxcutoverrpt_sql,2025-09-09 14:47:33.733000,xrdcwddbsuip06,MTX_ACOE_Cutover_Reporting,UI_Excel_Select_Xwalk_Source_Accommodations,facility,*ALL*,QXA4067,2026-09-21 01:07:43.156000
450,COCCR,L3,NEWBORN LEVEL III R&B,L3,Y,"TEST (2026-09-20),ZCON (2026-09-20),LIVE (2026-09-04)",0,COCCR,L3,NEWBORN LEVEL III CARE,L3,Y,Y,N,None,IIU7623,2026-04-16 08:34:43.437000,corpsvcmtxcutoverrpt_sql,2025-09-09 14:47:33.733000,xrdcwddbsuip06,MTX_ACOE_Cutover_Reporting,UI_Excel_Select_Xwalk_Source_Accommodations,facility,*ALL*,QXA4067,2026-09-21 01:07:43.156000
451,COCCR,L4,NEWBORN LEVEL IV R&B,L4,Y,"TEST (2026-09-20),ZCON (2026-09-20),LIVE (2026-09-04)",0,COCCR,PR,PRIVATE ROOM,P,Y,Y,N,None,IIU7623,2026-04-16 08:34:43.470000,corpsvcmtxcutoverrpt_sql,2025-09-09 14:47:33.733000,xrdcwddbsuip06,MTX_ACOE_Cutover_Reporting,UI_Excel_Select_Xwalk_Source_Accommodations,facility,*ALL*,QXA4067,2026-09-21 01:07:43.156000
452,COCCR,LOA,LEAVE OF ABSENCE,LA,N,NO MATCH,0,COCCR,,,,,N,Y,None,IIU7623,2025-12-08 11:10:53.273000,corpsvcmtxcutoverrpt_sql,2025-09-09 14:47:33.733000,xrdcwddbsuip06,MTX_ACOE_Cutover_Reporting,UI_Excel_Select_Xwalk_Source_Accommodations,facility,*ALL*,QXA4067,2026-09-21 01:07:43.156000
453,COCCR,N,INTERMEDIATE,IM,Y,"TEST (2026-09-20),ZCON (2026-09-20),LIVE (2026-09-04)",0,COCCR,PC,PROGRESSIVE CARE,IM,Y,Y,N,None,IIU7623,2026-04-16 08:34:43.500000,corpsvcmtxcutoverrpt_sql,2025-09-09 14:47:33.733000,xrdcwddbsuip06,MTX_ACOE_Cutover_Reporting,UI_Excel_Select_Xwalk_Source_Accommodations,facility,*ALL*,QXA4067,2026-09-21 01:07:43.156000
454,COCCR,NU,NURSERY,NU,Y,"TEST (2026-09-20),ZCON (2026-09-20),LIVE (2026-09-04)",0,COCCR,L1,NEWBORN LEVEL I CARE,L1,Y,Y,N,None,IIU7623,2026-04-16 08:34:43.533000,corpsvcmtxcutoverrpt_sql,2025-09-09 14:47:33.733000,xrdcwddbsuip06,MTX_ACOE_Cutover_Reporting,UI_Excel_Select_Xwalk_Source_Accommodations,facility,*ALL*,QXA4067,2026-09-21 01:07:43.156000
455,COCCR,OBS,OBSERVATION,OS,Y,"TEST (2026-09-20),ZCON (2026-09-20),LIVE (2026-09-04)",0,COCCR,PR,PRIVATE ROOM,P,Y,Y,N,None,IIU7623,2026-04-16 08:34:43.563000,corpsvcmtxcutoverrpt_sql,2025-09-09 14:47:33.733000,xrdcwddbsuip06,MTX_ACOE_Cutover_Reporting,UI_Excel_Select_Xwalk_Source_Accommodations,facility,*ALL*,QXA4067,2026-09-21 01:07:43.156000
456,COCCR,P,PRIVATE ROOM,P,Y,"TEST (2026-09-20),ZCON (2026-09-20),LIVE (2026-09-04)",0,COCCR,PR,PRIVATE ROOM,P,Y,Y,N,None,IIU7623,2026-04-16 08:34:43.597000,corpsvcmtxcutoverrpt_sql,2025-09-09 14:47:33.733000,xrdcwddbsuip06,MTX_ACOE_Cutover_Reporting,UI_Excel_Select_Xwalk_Source_Accommodations,facility,*ALL*,QXA4067,2026-09-21 01:07:43.156000
457,COCCR,PP,POSTPARTUM ROOM,PP,Y,"TEST (2026-09-20),ZCON (2026-09-20),LIVE (2026-09-04)",0,COCCR,PR,PRIVATE ROOM,P,Y,Y,N,None,IIU7623,2026-04-16 08:34:43.630000,corpsvcmtxcutoverrpt_sql,2025-09-09 14:47:33.733000,xrdcwddbsuip06,MTX_ACOE_Cutover_Reporting,UI_Excel_Select_Xwalk_Source_Accommodations,facility,*ALL*,QXA4067,2026-09-21 01:07:43.156000
458,COCCR,RHB,REHAB,RE,Y,"TEST (2026-09-20),ZCON (2026-09-20),LIVE (2026-09-04)",0,COCCR,PR,PRIVATE ROOM,P,Y,Y,N,None,IIU7623,2026-04-16 08:34:43.660000,corpsvcmtxcutoverrpt_sql,2025-09-09 14:47:33.733000,xrdcwddbsuip06,MTX_ACOE_Cutover_Reporting,UI_Excel_Select_Xwalk_Source_Accommodations,facility,*ALL*,QXA4067,2026-09-21 01:07:43.156000
459,COCCR,S,SEMI-PRIVATE ROOM,SP,Y,"TEST (2026-09-20),ZCON (2026-09-20),LIVE (2026-09-04)",0,COCCR,PR,PRIVATE ROOM,P,Y,Y,N,None,IIU7623,2026-04-16 08:34:43.693000,corpsvcmtxcutoverrpt_sql,2025-09-09 14:47:33.733000,xrdcwddbsuip06,MTX_ACOE_Cutover_Reporting,UI_Excel_Select_Xwalk_Source_Accommodations,facility,*ALL*,QXA4067,2026-09-21 01:07:43.156000
460,COCCR,SDP,STEP DOWN PRIVATE,DP,Y,"TEST (2026-09-20),ZCON (2026-09-20),LIVE (2026-09-04)",0,COCCR,PR,PRIVATE ROOM,P,Y,Y,N,None,IIU7623,2026-04-16 08:34:43.730000,corpsvcmtxcutoverrpt_sql,2025-09-09 14:47:33.733000,xrdcwddbsuip06,MTX_ACOE_Cutover_Reporting,UI_Excel_Select_Xwalk_Source_Accommodations,facility,*ALL*,QXA4067,2026-09-21 01:07:43.156000
461,COCCR,SNF,SKILLED NURSING FACILITY,SN,Y,"TEST (2026-09-20),ZCON (2026-09-20),LIVE (2026-09-04)",0,COCCR,PR,PRIVATE ROOM,P,Y,Y,N,None,IIU7623,2026-04-16 08:34:43.760000,corpsvcmtxcutoverrpt_sql,2025-09-09 14:47:33.733000,xrdcwddbsuip06,MTX_ACOE_Cutover_Reporting,UI_Excel_Select_Xwalk_Source_Accommodations,facility,*ALL*,QXA4067,2026-09-21 01:07:43.156000
462,COCCR,TE,TELEMETRY,TE,Y,"TEST (2026-09-20),ZCON (2026-09-20),LIVE (2026-09-04)",0,COCCR,TEL,TELEMETRY,TE,Y,Y,N,None,IIU7623,2026-04-16 08:34:43.793000,corpsvcmtxcutoverrpt_sql,2025-09-09 14:47:33.733000,xrdcwddbsuip06,MTX_ACOE_Cutover_Reporting,UI_Excel_Select_Xwalk_Source_Accommodations,facility,*ALL*,QXA4067,2026-09-21 01:07:43.156000
463,COCCR,TR,TRAUMA BED,TR,Y,"TEST (2026-09-20),ZCON (2026-09-20),LIVE (2026-09-04)",0,COCCR,TR,TRAUMA,TR,Y,Y,N,None,IIU7623,2026-04-16 08:34:43.823000,corpsvcmtxcutoverrpt_sql,2025-09-09 14:47:33.733000,xrdcwddbsuip06,MTX_ACOE_Cutover_Reporting,UI_Excel_Select_Xwalk_Source_Accommodations,facility,*ALL*,QXA4067,2026-09-21 01:07:43.156000
464,COCCT,DS,DETOX SEMI PRIVATE,DS,Y,"TEST (2026-01-06),ZCON (2026-01-27)",0,COCCT,D,DETOX,DS,Y,Y,N,None,DOF3224,2025-09-25 13:58:42.763000,corpsvcmtxcutoverrpt_sql,2025-09-04 08:38:18.993000,xrdcwddbsuip06,MTX_ACOE_Cutover_Reporting,UI_Excel_Select_Xwalk_Source_Accommodations,facility,*ALL*,QXA4067,2026-09-21 01:07:43.156000
465,COCCT,ECMO,INTENSIVE CARE ECMO,EC,Y,"TEST (2026-01-06),ZCON (2026-01-27)",0,COCCT,EC,ECMO,EC,Y,Y,N,None,DOF3224,2025-09-25 13:58:42.890000,corpsvcmtxcutoverrpt_sql,2025-09-04 08:38:18.993000,xrdcwddbsuip06,MTX_ACOE_Cutover_Reporting,UI_Excel_Select_Xwalk_Source_Accommodations,facility,*ALL*,QXA4067,2026-09-21 01:07:43.156000
466,COCCT,FB,FAMILY BIRTHING UNIT,FB,Y,"TEST (2026-01-06),ZCON (2026-01-27)",0,COCCT,LD,LABOR AND DELIVERY,LD,Y,Y,N,None,DOF3224,2025-09-25 13:58:42.983000,corpsvcmtxcutoverrpt_sql,2025-09-04 08:38:18.993000,xrdcwddbsuip06,MTX_ACOE_Cutover_Reporting,UI_Excel_Select_Xwalk_Source_Accommodations,facility,*ALL*,QXA4067,2026-09-21 01:07:43.156000
467,COCCT,H,HIGH RISK OB,H,Y,"TEST (2026-01-06),ZCON (2026-01-27)",0,COCCT,LDHR,LABOR AND DELIVERY HIGH RISK,H,Y,Y,N,None,RWM4772,2025-12-29 08:50:38.770000,corpsvcmtxcutoverrpt_sql,2025-09-04 08:38:18.993000,xrdcwddbsuip06,MTX_ACOE_Cutover_Reporting,UI_Excel_Select_Xwalk_Source_Accommodations,facility,*ALL*,QXA4067,2026-09-21 01:07:43.156000
468,COCCT,I,INTENSIVE CARE,IC,Y,"TEST (2026-01-06),ZCON (2026-01-27)",0,COCCT,IC,INTENSIVE CARE,IC,Y,Y,N,None,DOF3224,2025-09-25 13:58:43.120000,corpsvcmtxcutoverrpt_sql,2025-09-04 08:38:18.993000,xrdcwddbsuip06,MTX_ACOE_Cutover_Reporting,UI_Excel_Select_Xwalk_Source_Accommodations,facility,*ALL*,QXA4067,2026-09-21 01:07:43.156000
469,COCCT,IS,ISOLATION,IS,Y,"TEST (2026-01-06),ZCON (2026-01-27)",0,COCCT,IS,ISOLATION,IS,Y,Y,N,None,DOF3224,2025-09-25 13:58:43.187000,corpsvcmtxcutoverrpt_sql,2025-09-04 08:38:18.993000,xrdcwddbsuip06,MTX_ACOE_Cutover_Reporting,UI_Excel_Select_Xwalk_Source_Accommodations,facility,*ALL*,QXA4067,2026-09-21 01:07:43.156000
470,COCCT,IS8,ISOLATION 8 TOWER,I8,N,NO MATCH,0,COCCT,,,,,N,Y,None,QVO8748,2025-09-30 15:59:02.763000,corpsvcmtxcutoverrpt_sql,2025-09-04 08:38:18.993000,xrdcwddbsuip06,MTX_ACOE_Cutover_Reporting,UI_Excel_Select_Xwalk_Source_Accommodations,facility,*ALL*,QXA4067,2026-09-21 01:07:43.156000
471,COCCT,L1,NEWBORN LEVEL 1,L1,Y,"TEST (2026-01-06),ZCON (2026-01-27)",0,COCCT,L1,NEWBORN LEVEL I CARE,L1,Y,Y,N,None,DOF3224,2025-09-25 13:58:43.260000,corpsvcmtxcutoverrpt_sql,2025-09-04 08:38:18.993000,xrdcwddbsuip06,MTX_ACOE_Cutover_Reporting,UI_Excel_Select_Xwalk_Source_Accommodations,facility,*ALL*,QXA4067,2026-09-21 01:07:43.156000
472,COCCT,L2,NEWBORN LEVEL 2,L2,Y,"TEST (2026-01-06),ZCON (2026-01-27)",0,COCCT,L2,NEWBORN LEVEL II CARE,L2,Y,Y,N,None,DOF3224,2025-09-25 13:58:43.337000,corpsvcmtxcutoverrpt_sql,2025-09-04 08:38:18.993000,xrdcwddbsuip06,MTX_ACOE_Cutover_Reporting,UI_Excel_Select_Xwalk_Source_Accommodations,facility,*ALL*,QXA4067,2026-09-21 01:07:43.156000
473,COCCT,L3,NEWBORN LEVEL 3,L3,Y,"TEST (2026-01-06),ZCON (2026-01-27)",0,COCCT,L3,NEWBORN LEVEL III CARE,L3,Y,Y,N,None,DOF3224,2025-09-25 13:58:43.400000,corpsvcmtxcutoverrpt_sql,2025-09-04 08:38:18.993000,xrdcwddbsuip06,MTX_ACOE_Cutover_Reporting,UI_Excel_Select_Xwalk_Source_Accommodations,facility,*ALL*,QXA4067,2026-09-21 01:07:43.156000
474,COCCT,L4,NEWBORN LEVEL 4,L4,Y,"TEST (2026-01-06),ZCON (2026-01-27)",0,COCCT,L4,NEWBORN LEVEL IV CARE,L4,Y,Y,N,None,DOF3224,2025-09-25 13:58:43.470000,corpsvcmtxcutoverrpt_sql,2025-09-04 08:38:18.993000,xrdcwddbsuip06,MTX_ACOE_Cutover_Reporting,UI_Excel_Select_Xwalk_Source_Accommodations,facility,*ALL*,QXA4067,2026-09-21 01:07:43.156000
475,COCCT,NV,NON-VIABLE INFANT,NV,Y,"TEST (2026-01-06),ZCON (2026-01-27)",0,COCCT,L1,NEWBORN LEVEL I CARE,L1,Y,Y,N,None,DOF3224,2025-09-25 13:58:43.537000,corpsvcmtxcutoverrpt_sql,2025-09-04 08:38:18.993000,xrdcwddbsuip06,MTX_ACOE_Cutover_Reporting,UI_Excel_Select_Xwalk_Source_Accommodations,facility,*ALL*,QXA4067,2026-09-21 01:07:43.157000
476,COCCT,OF,OVERFLOW PRIVATE,OF,Y,"TEST (2026-01-06),ZCON (2026-01-27)",0,COCCT,MS,MED SURG,MS,Y,Y,N,None,DOF3224,2025-09-25 13:58:43.607000,corpsvcmtxcutoverrpt_sql,2025-09-04 08:38:18.993000,xrdcwddbsuip06,MTX_ACOE_Cutover_Reporting,UI_Excel_Select_Xwalk_Source_Accommodations,facility,*ALL*,QXA4067,2026-09-21 01:07:43.157000
477,COCCT,OM,OVERFLOW PRIVATE MED SURG,OM,Y,"TEST (2026-01-06),ZCON (2026-01-27)",0,COCCT,MS,MED SURG,MS,Y,Y,N,None,DOF3224,2025-09-25 13:58:43.673000,corpsvcmtxcutoverrpt_sql,2025-09-04 08:38:18.993000,xrdcwddbsuip06,MTX_ACOE_Cutover_Reporting,UI_Excel_Select_Xwalk_Source_Accommodations,facility,*ALL*,QXA4067,2026-09-21 01:07:43.157000
478,COCCT,P,PRIVATE ROOM,P,Y,"TEST (2026-01-06),ZCON (2026-01-27)",0,COCCT,PR,PRIVATE ROOM,P,Y,Y,N,None,DOF3224,2025-09-25 13:58:43.720000,corpsvcmtxcutoverrpt_sql,2025-09-04 08:38:18.993000,xrdcwddbsuip06,MTX_ACOE_Cutover_Reporting,UI_Excel_Select_Xwalk_Source_Accommodations,facility,*ALL*,QXA4067,2026-09-21 01:07:43.157000
479,COCCT,P8,PRIVATE 8 TOWER,P8,N,NO MATCH,0,COCCT,,,,,N,Y,None,QVO8748,2025-09-30 15:59:02.910000,corpsvcmtxcutoverrpt_sql,2025-09-04 08:38:18.993000,xrdcwddbsuip06,MTX_ACOE_Cutover_Reporting,UI_Excel_Select_Xwalk_Source_Accommodations,facility,*ALL*,QXA4067,2026-09-21 01:07:43.157000
480,COCCT,PC,PROGRESSIVE CARE UNIT,PC,Y,"TEST (2026-01-06),ZCON (2026-01-27)",0,COCCT,PC,PROGRESSIVE CARE,PC,Y,Y,N,None,DOF3224,2025-09-25 13:58:43.793000,corpsvcmtxcutoverrpt_sql,2025-09-04 08:38:18.993000,xrdcwddbsuip06,MTX_ACOE_Cutover_Reporting,UI_Excel_Select_Xwalk_Source_Accommodations,facility,*ALL*,QXA4067,2026-09-21 01:07:43.157000
481,COCCT,PD,PEDIATRIC PRIVATE,PD,Y,"TEST (2026-01-06),ZCON (2026-01-27)",0,COCCT,PP,PEDIATRIC PRIVATE,PP,Y,Y,N,None,DOF3224,2025-09-25 13:58:43.850000,corpsvcmtxcutoverrpt_sql,2025-09-04 08:38:18.993000,xrdcwddbsuip06,MTX_ACOE_Cutover_Reporting,UI_Excel_Select_Xwalk_Source_Accommodations,facility,*ALL*,QXA4067,2026-09-21 01:07:43.157000
482,COCCT,PO,PEDIATRIC ONCOLOGY,PO,Y,"TEST (2026-01-06),ZCON (2026-01-27)",0,COCCT,ONC,ONCOLOGY,ON,Y,Y,N,None,QVO8748,2025-10-07 10:15:06.697000,corpsvcmtxcutoverrpt_sql,2025-09-04 08:38:18.993000,xrdcwddbsuip06,MTX_ACOE_Cutover_Reporting,UI_Excel_Select_Xwalk_Source_Accommodations,facility,*ALL*,QXA4067,2026-09-21 01:07:43.157000
483,COCCT,PP,PRIVATE PLUS,PP,N,NO MATCH,0,COCCT,,,,,N,Y,None,QVO8748,2025-09-30 15:59:03.007000,corpsvcmtxcutoverrpt_sql,2025-09-04 08:38:18.993000,xrdcwddbsuip06,MTX_ACOE_Cutover_Reporting,UI_Excel_Select_Xwalk_Source_Accommodations,facility,*ALL*,QXA4067,2026-09-21 01:07:43.157000
484,COCCT,S,SEMI-PRIVATE ROOM,SP,Y,"TEST (2026-01-06),ZCON (2026-01-27)",0,COCCT,SP,SEMI-PRIVATE ROOM,SP,Y,Y,N,None,DOF3224,2025-09-25 13:58:43.973000,corpsvcmtxcutoverrpt_sql,2025-09-04 08:38:18.993000,xrdcwddbsuip06,MTX_ACOE_Cutover_Reporting,UI_Excel_Select_Xwalk_Source_Accommodations,facility,*ALL*,QXA4067,2026-09-21 01:07:43.157000
485,COCCT,SI,SURGICAL INTENSIVE CARE,SI,Y,"TEST (2026-01-06),ZCON (2026-01-27)",0,COCCT,SIC,SURGICAL INTENSIVE CARE,SI,Y,Y,N,None,QVO8748,2025-10-07 10:15:06.730000,corpsvcmtxcutoverrpt_sql,2025-09-04 08:38:18.993000,xrdcwddbsuip06,MTX_ACOE_Cutover_Reporting,UI_Excel_Select_Xwalk_Source_Accommodations,facility,*ALL*,QXA4067,2026-09-21 01:07:43.157000
486,COCCT,TE,TELEMETRY,TE,Y,"TEST (2026-01-06),ZCON (2026-01-27)",0,COCCT,TEL,TELEMETRY,TE,Y,Y,N,None,DOF3224,2025-09-25 13:58:44.293000,corpsvcmtxcutoverrpt_sql,2025-09-04 08:38:18.993000,xrdcwddbsuip06,MTX_ACOE_Cutover_Reporting,UI_Excel_Select_Xwalk_Source_Accommodations,facility,*ALL*,QXA4067,2026-09-21 01:07:43.157000
487,COCCT,TE8,TELEMETRY TOWER 8,T8,N,NO MATCH,0,COCCT,,,,,N,Y,None,QVO8748,2025-09-30 15:59:03.150000,corpsvcmtxcutoverrpt_sql,2025-09-04 08:38:18.993000,xrdcwddbsuip06,MTX_ACOE_Cutover_Reporting,UI_Excel_Select_Xwalk_Source_Accommodations,facility,*ALL*,QXA4067,2026-09-21 01:07:43.157000
488,COCDAB,AD,ADOLESCENT,AD,N,NO MATCH,0,COCDAB,,,,,N,Y,None,KKO3457,2026-07-28 14:43:14.907000,corpsvcmtxcutoverrpt_sql,2026-05-22 14:53:33.330000,xrdcwddbsuip06,MTX_ACOE_Cutover_Reporting,UI_Excel_Select_Xwalk_Source_Accommodations,facility,*ALL*,QXA4067,2026-09-21 01:07:43.157000
489,COCDAB,BB,BOARDER BABY,BB,Y,NO MATCH,0,COCDAB,L1,NEWBORN LEVEL I CARE,L1,Y,Y,N,None,KKO3457,2026-07-28 14:43:14.950000,corpsvcmtxcutoverrpt_sql,2026-05-22 14:53:33.330000,xrdcwddbsuip06,MTX_ACOE_Cutover_Reporting,UI_Excel_Select_Xwalk_Source_Accommodations,facility,*ALL*,QXA4067,2026-09-21 01:07:43.157000
490,COCDAB,IC,INTENSIVE CARE,IC,Y,NO MATCH,9,COCDAB,IC,INTENSIVE CARE,IC,Y,Y,N,None,KKO3457,2026-07-28 14:43:15,corpsvcmtxcutoverrpt_sql,2026-05-22 14:53:33.330000,xrdcwddbsuip06,MTX_ACOE_Cutover_Reporting,UI_Excel_Select_Xwalk_Source_Accommodations,facility,*ALL*,QXA4067,2026-09-21 01:07:43.157000
491,COCDAB,L1,NEWBORN LEVEL I,L1,Y,NO MATCH,2,COCDAB,L1,NEWBORN LEVEL I CARE,L1,Y,Y,N,None,KKO3457,2026-07-28 14:43:15.067000,corpsvcmtxcutoverrpt_sql,2026-05-22 14:53:33.330000,xrdcwddbsuip06,MTX_ACOE_Cutover_Reporting,UI_Excel_Select_Xwalk_Source_Accommodations,facility,*ALL*,QXA4067,2026-09-21 01:07:43.157000
492,COCDAB,L2,NEWBORN LEVEL II,L2,Y,NO MATCH,5,COCDAB,L2,NEWBORN LEVEL II CARE,L2,Y,Y,N,None,KKO3457,2026-07-28 14:43:15.117000,corpsvcmtxcutoverrpt_sql,2026-05-22 14:53:33.330000,xrdcwddbsuip06,MTX_ACOE_Cutover_Reporting,UI_Excel_Select_Xwalk_Source_Accommodations,facility,*ALL*,QXA4067,2026-09-21 01:07:43.157000
493,COCDAB,L3,NEWBORN LEVEL III,L3,Y,NO MATCH,0,COCDAB,L3,NEWBORN LEVEL III CARE,L3,Y,Y,N,None,KKO3457,2026-07-28 14:43:15.160000,corpsvcmtxcutoverrpt_sql,2026-05-22 14:53:33.330000,xrdcwddbsuip06,MTX_ACOE_Cutover_Reporting,UI_Excel_Select_Xwalk_Source_Accommodations,facility,*ALL*,QXA4067,2026-09-21 01:07:43.157000
494,COCDAB,L4,NEWBORN LEVEL IV,L4,Y,NO MATCH,0,COCDAB,L4,NEWBORN LEVEL IV CARE,L4,Y,Y,N,None,KKO3457,2026-07-28 14:43:15.203000,corpsvcmtxcutoverrpt_sql,2026-05-22 14:53:33.330000,xrdcwddbsuip06,MTX_ACOE_Cutover_Reporting,UI_Excel_Select_Xwalk_Source_Accommodations,facility,*ALL*,QXA4067,2026-09-21 01:07:43.157000
495,COCDAB,MD,MEDICAL,MD,N,NO MATCH,0,COCDAB,,,,,N,Y,None,KKO3457,2026-07-28 14:43:15.247000,corpsvcmtxcutoverrpt_sql,2026-05-22 14:53:33.330000,xrdcwddbsuip06,MTX_ACOE_Cutover_Reporting,UI_Excel_Select_Xwalk_Source_Accommodations,facility,*ALL*,QXA4067,2026-09-21 01:07:43.157000
496,COCDAB,NR,NURSERY,NR,Y,NO MATCH,0,COCDAB,L1,NEWBORN LEVEL 1 CARE,L1,Y,Y,N,None,KKO3457,2026-07-28 14:43:15.290000,corpsvcmtxcutoverrpt_sql,2026-05-22 14:53:33.330000,xrdcwddbsuip06,MTX_ACOE_Cutover_Reporting,UI_Excel_Select_Xwalk_Source_Accommodations,facility,*ALL*,QXA4067,2026-09-21 01:07:43.157000
497,COCDAB,OP,OB - PRIVATE,OP,Y,NO MATCH,9,COCDAB,LD,LABOR AND DELIVERY,LD,Y,Y,N,None,KKO3457,2026-07-28 14:43:15.330000,corpsvcmtxcutoverrpt_sql,2026-05-22 14:53:33.330000,xrdcwddbsuip06,MTX_ACOE_Cutover_Reporting,UI_Excel_Select_Xwalk_Source_Accommodations,facility,*ALL*,QXA4067,2026-09-21 01:07:43.157000
498,COCDAB,P,PRIVATE ROOM,P,Y,NO MATCH,30,COCDAB,PR,PRIVATE ROOM,PR,Y,Y,N,None,KKO3457,2026-07-28 14:43:15.373000,corpsvcmtxcutoverrpt_sql,2026-05-22 14:53:33.330000,xrdcwddbsuip06,MTX_ACOE_Cutover_Reporting,UI_Excel_Select_Xwalk_Source_Accommodations,facility,*ALL*,QXA4067,2026-09-21 01:07:43.157000
499,COCDAB,PE,PEDS,PE,Y,NO MATCH,0,COCDAB,P,PEDIATRIC,P,Y,Y,N,None,KKO3457,2026-07-28 14:43:15.413000,corpsvcmtxcutoverrpt_sql,2026-05-22 14:53:33.330000,xrdcwddbsuip06,MTX_ACOE_Cutover_Reporting,UI_Excel_Select_Xwalk_Source_Accommodations,facility,*ALL*,QXA4067,2026-09-21 01:07:43.157000
500,COCDAB,PV,PRIVATE,PV,N,NO MATCH,0,COCDAB,,,,,N,Y,None,KKO3457,2026-07-28 14:43:15.460000,corpsvcmtxcutoverrpt_sql,2026-05-22 14:53:33.330000,xrdcwddbsuip06,MTX_ACOE_Cutover_Reporting,UI_Excel_Select_Xwalk_Source_Accommodations,facility,*ALL*,QXA4067,2026-09-21 01:07:43.157000
501,COCDAB,RB,REHAB SP,S,Y,NO MATCH,12,COCDAB,R,REHABILITATION,R,Y,Y,N,None,KKO3457,2026-07-28 14:43:15.500000,corpsvcmtxcutoverrpt_sql,2026-05-22 14:53:33.330000,xrdcwddbsuip06,MTX_ACOE_Cutover_Reporting,UI_Excel_Select_Xwalk_Source_Accommodations,facility,*ALL*,QXA4067,2026-09-21 01:07:43.157000
502,COCDAB,RH,REHAB PRIVATE,RH,Y,NO MATCH,14,COCDAB,RP,REHAB PRIVATE,RP,Y,Y,N,None,KKO3457,2026-07-28 14:43:15.550000,corpsvcmtxcutoverrpt_sql,2026-05-22 14:53:33.330000,xrdcwddbsuip06,MTX_ACOE_Cutover_Reporting,UI_Excel_Select_Xwalk_Source_Accommodations,facility,*ALL*,QXA4067,2026-09-21 01:07:43.158000
503,COCDAB,SK,SKILLED NURS PV,SK,Y,NO MATCH,0,COCDAB,L1,NEWBORN LEVEL 1 CARE,L1,Y,Y,N,None,KKO3457,2026-07-28 14:43:15.593000,corpsvcmtxcutoverrpt_sql,2026-05-22 14:53:33.330000,xrdcwddbsuip06,MTX_ACOE_Cutover_Reporting,UI_Excel_Select_Xwalk_Source_Accommodations,facility,*ALL*,QXA4067,2026-09-21 01:07:43.158000
504,COCDAB,SN,SKILLED NURSING SP,SN,Y,NO MATCH,0,COCDAB,L1,NEWBORN LEVEL 1 CARE,L1,Y,Y,N,None,KKO3457,2026-07-28 14:43:15.637000,corpsvcmtxcutoverrpt_sql,2026-05-22 14:53:33.330000,xrdcwddbsuip06,MTX_ACOE_Cutover_Reporting,UI_Excel_Select_Xwalk_Source_Accommodations,facility,*ALL*,QXA4067,2026-09-21 01:07:43.158000
505,COCDAB,SP,SEMI-PRIVATE,SP,Y,NO MATCH,153,COCDAB,SP,SEMI-PRIVATE ROOM,SP,Y,Y,N,None,KKO3457,2026-07-28 14:43:15.680000,corpsvcmtxcutoverrpt_sql,2026-05-22 14:53:33.330000,xrdcwddbsuip06,MTX_ACOE_Cutover_Reporting,UI_Excel_Select_Xwalk_Source_Accommodations,facility,*ALL*,QXA4067,2026-09-21 01:07:43.158000
506,COCDAB,TP,TELEMETRY PRIVATE,TP,N,NO MATCH,0,COCDAB,,,,,N,Y,None,KKO3457,2026-07-28 14:43:15.727000,corpsvcmtxcutoverrpt_sql,2026-05-22 14:53:33.330000,xrdcwddbsuip06,MTX_ACOE_Cutover_Reporting,UI_Excel_Select_Xwalk_Source_Accommodations,facility,*ALL*,QXA4067,2026-09-21 01:07:43.158000
507,COCDAB,TS,TELEMETRY SEMI PRIVATE,TS,N,NO MATCH,0,COCDAB,,,,,N,Y,None,KKO3457,2026-07-28 14:43:15.773000,corpsvcmtxcutoverrpt_sql,2026-05-22 14:53:33.330000,xrdcwddbsuip06,MTX_ACOE_Cutover_Reporting,UI_Excel_Select_Xwalk_Source_Accommodations,facility,*ALL*,QXA4067,2026-09-21 01:07:43.158000
508,COCDAE,AF.AP,Antepartum,AP,Y,NO MATCH,0,COCDAE,AP,ANTEPARTUM,AP,,Y,N,None,CMZ5161,2026-08-26 13:16:18.827000,corpsvcmtxcutoverrpt_sql,2026-07-27 09:12:30.097000,xrdcwddbsuip06,MTX_ACOE_Cutover_Reporting,UI_Excel_Select_Xwalk_Source_Accommodations,facility,*ALL*,QXA4067,2026-09-21 01:07:43.158000
509,COCDAE,AF.COVID,ICU SEMI PRIVATE,CV,N,NO MATCH,0,COCDAE,,,,,N,Y,None,CMZ5161,2026-08-10 13:20:45.983000,corpsvcmtxcutoverrpt_sql,2026-07-27 09:12:30.097000,xrdcwddbsuip06,MTX_ACOE_Cutover_Reporting,UI_Excel_Select_Xwalk_Source_Accommodations,facility,*ALL*,QXA4067,2026-09-21 01:07:43.158000
510,COCDAE,AF.COVID01,COVID 19,C0,N,NO MATCH,0,COCDAE,,,,,N,Y,None,CMZ5161,2026-08-10 13:20:46.030000,corpsvcmtxcutoverrpt_sql,2026-07-27 09:12:30.097000,xrdcwddbsuip06,MTX_ACOE_Cutover_Reporting,UI_Excel_Select_Xwalk_Source_Accommodations,facility,*ALL*,QXA4067,2026-09-21 01:07:43.158000
511,COCDAE,AF.COVID02,COVID 19,C2,N,NO MATCH,0,COCDAE,,,,,N,Y,None,CMZ5161,2026-08-10 13:20:46.073000,corpsvcmtxcutoverrpt_sql,2026-07-27 09:12:30.097000,xrdcwddbsuip06,MTX_ACOE_Cutover_Reporting,UI_Excel_Select_Xwalk_Source_Accommodations,facility,*ALL*,QXA4067,2026-09-21 01:07:43.158000
512,COCDAE,AF.COVID1,ICU SEMI,C1,N,NO MATCH,0,COCDAE,,,,,N,Y,None,CMZ5161,2026-08-10 13:20:46.127000,corpsvcmtxcutoverrpt_sql,2026-07-27 09:12:30.097000,xrdcwddbsuip06,MTX_ACOE_Cutover_Reporting,UI_Excel_Select_Xwalk_Source_Accommodations,facility,*ALL*,QXA4067,2026-09-21 01:07:43.158000
513,COCDAE,AF.DSU,DSU PT'S TO BE ADMITTED,DS,Y,NO MATCH,0,COCDAE,,,,,N,N,None,CMZ5161,2026-08-10 13:20:46.170000,corpsvcmtxcutoverrpt_sql,2026-07-27 09:12:30.097000,xrdcwddbsuip06,MTX_ACOE_Cutover_Reporting,UI_Excel_Select_Xwalk_Source_Accommodations,facility,*ALL*,QXA4067,2026-09-21 01:07:43.158000
514,COCDAE,AF.ECMO,ECMO,EC,Y,NO MATCH,0,COCDAE,EC,ECMO,EC,,Y,N,None,CMZ5161,2026-08-10 13:20:46.213000,corpsvcmtxcutoverrpt_sql,2026-07-27 09:12:30.097000,xrdcwddbsuip06,MTX_ACOE_Cutover_Reporting,UI_Excel_Select_Xwalk_Source_Accommodations,facility,*ALL*,QXA4067,2026-09-21 01:07:43.158000
515,COCDAE,AF.EDHLD,ED-HOLD,ED,Y,NO MATCH,0,COCDAE,PR,PRIVATE ROOM,PR,,Y,N,None,CMZ5161,2026-08-10 13:20:46.247000,corpsvcmtxcutoverrpt_sql,2026-07-27 09:12:30.097000,xrdcwddbsuip06,MTX_ACOE_Cutover_Reporting,UI_Excel_Select_Xwalk_Source_Accommodations,facility,*ALL*,QXA4067,2026-09-21 01:07:43.158000
516,COCDAE,AF.EICU,ED HOLD ICU,EI,Y,NO MATCH,0,COCDAE,IC,INTENSIVE CARE,IC,,Y,N,None,CMZ5161,2026-08-10 13:26:08.920000,corpsvcmtxcutoverrpt_sql,2026-07-27 09:12:30.097000,xrdcwddbsuip06,MTX_ACOE_Cutover_Reporting,UI_Excel_Select_Xwalk_Source_Accommodations,facility,*ALL*,QXA4067,2026-09-21 01:07:43.158000
517,COCDAE,AF.EMAS,ED HOLD MED SURG,EM,Y,NO MATCH,0,COCDAE,MS,MED SURG,MS,,Y,N,None,CMZ5161,2026-08-10 13:20:46.290000,corpsvcmtxcutoverrpt_sql,2026-07-27 09:12:30.097000,xrdcwddbsuip06,MTX_ACOE_Cutover_Reporting,UI_Excel_Select_Xwalk_Source_Accommodations,facility,*ALL*,QXA4067,2026-09-21 01:07:43.158000
518,COCDAE,AF.EMST,ED HOLD MED SURG TELE,ET,Y,NO MATCH,0,COCDAE,TEL,TELEMETRY,TEL,,Y,N,None,CMZ5161,2026-08-10 13:20:46.330000,corpsvcmtxcutoverrpt_sql,2026-07-27 09:12:30.097000,xrdcwddbsuip06,MTX_ACOE_Cutover_Reporting,UI_Excel_Select_Xwalk_Source_Accommodations,facility,*ALL*,QXA4067,2026-09-21 01:07:43.158000
519,COCDAE,AF.EPCU,ED HOLD PCU,EP,Y,NO MATCH,1,COCDAE,PR,PRIVATE ROOM,PR,,Y,N,None,CMZ5161,2026-08-10 13:20:46.373000,corpsvcmtxcutoverrpt_sql,2026-07-27 09:12:30.097000,xrdcwddbsuip06,MTX_ACOE_Cutover_Reporting,UI_Excel_Select_Xwalk_Source_Accommodations,facility,*ALL*,QXA4067,2026-09-21 01:07:43.158000
520,COCDAE,AF.I,INTENSIVE CARE UNIT,I,N,NO MATCH,0,COCDAE,,,,,N,Y,None,CMZ5161,2026-08-10 13:20:46.417000,corpsvcmtxcutoverrpt_sql,2026-07-27 09:12:30.097000,xrdcwddbsuip06,MTX_ACOE_Cutover_Reporting,UI_Excel_Select_Xwalk_Source_Accommodations,facility,*ALL*,QXA4067,2026-09-21 01:07:43.158000
521,COCDAE,AF.IC,INTENSIVE CARE UNIT,IC,Y,NO MATCH,8,COCDAE,IC,INTENSIVE CARE,IC,,Y,N,None,CMZ5161,2026-08-10 13:20:46.460000,corpsvcmtxcutoverrpt_sql,2026-07-27 09:12:30.097000,xrdcwddbsuip06,MTX_ACOE_Cutover_Reporting,UI_Excel_Select_Xwalk_Source_Accommodations,facility,*ALL*,QXA4067,2026-09-21 01:07:43.158000
522,COCDAE,AF.IS,ISOLATION,IS,N,NO MATCH,0,COCDAE,,,,,N,Y,None,CMZ5161,2026-08-10 13:20:46.500000,corpsvcmtxcutoverrpt_sql,2026-07-27 09:12:30.097000,xrdcwddbsuip06,MTX_ACOE_Cutover_Reporting,UI_Excel_Select_Xwalk_Source_Accommodations,facility,*ALL*,QXA4067,2026-09-21 01:07:43.158000
523,COCDAE,AF.L1,NEWBORN LEVEL I,N1,N,NO MATCH,0,COCDAE,,,,,N,Y,None,CMZ5161,2026-08-10 13:20:46.547000,corpsvcmtxcutoverrpt_sql,2026-07-27 09:12:30.097000,xrdcwddbsuip06,MTX_ACOE_Cutover_Reporting,UI_Excel_Select_Xwalk_Source_Accommodations,facility,*ALL*,QXA4067,2026-09-21 01:07:43.158000
524,COCDAE,AF.L2,NURSERY LEVEL 2,A,N,NO MATCH,0,COCDAE,,,,,N,Y,None,CMZ5161,2026-08-10 13:20:46.587000,corpsvcmtxcutoverrpt_sql,2026-07-27 09:12:30.097000,xrdcwddbsuip06,MTX_ACOE_Cutover_Reporting,UI_Excel_Select_Xwalk_Source_Accommodations,facility,*ALL*,QXA4067,2026-09-21 01:07:43.158000
525,COCDAE,AF.LDR,LABOR DELIVERY ROOM,LD,N,NO MATCH,0,COCDAE,,,,,N,Y,None,CMZ5161,2026-08-10 13:20:46.633000,corpsvcmtxcutoverrpt_sql,2026-07-27 09:12:30.097000,xrdcwddbsuip06,MTX_ACOE_Cutover_Reporting,UI_Excel_Select_Xwalk_Source_Accommodations,facility,*ALL*,QXA4067,2026-09-21 01:07:43.158000
526,COCDAE,AF.MAS,MED/SURG SEMI PRIVATE OVERFLOW,M,N,NO MATCH,0,COCDAE,,,,,N,Y,None,CMZ5161,2026-08-10 13:20:46.690000,corpsvcmtxcutoverrpt_sql,2026-07-27 09:12:30.097000,xrdcwddbsuip06,MTX_ACOE_Cutover_Reporting,UI_Excel_Select_Xwalk_Source_Accommodations,facility,*ALL*,QXA4067,2026-09-21 01:07:43.158000
527,COCDAE,AF.MB,Monitored Bed,B,Y,NO MATCH,91,COCDAE,TEL,TELEMETRY,TEL,,Y,N,None,CMZ5161,2026-08-10 13:20:46.730000,corpsvcmtxcutoverrpt_sql,2026-07-27 09:12:30.097000,xrdcwddbsuip06,MTX_ACOE_Cutover_Reporting,UI_Excel_Select_Xwalk_Source_Accommodations,facility,*ALL*,QXA4067,2026-09-21 01:07:43.158000
528,COCDAE,AF.NB,NEWBORN NURSERY,NB,N,NO MATCH,0,COCDAE,,,,,N,Y,None,CMZ5161,2026-08-10 13:20:46.770000,corpsvcmtxcutoverrpt_sql,2026-07-27 09:12:30.097000,xrdcwddbsuip06,MTX_ACOE_Cutover_Reporting,UI_Excel_Select_Xwalk_Source_Accommodations,facility,*ALL*,QXA4067,2026-09-21 01:07:43.158000
529,COCDAE,AF.NI,INTERMEDIATE NURSERY,NI,N,NO MATCH,0,COCDAE,,,,,N,Y,None,CMZ5161,2026-08-10 13:20:46.813000,corpsvcmtxcutoverrpt_sql,2026-07-27 09:12:30.097000,xrdcwddbsuip06,MTX_ACOE_Cutover_Reporting,UI_Excel_Select_Xwalk_Source_Accommodations,facility,*ALL*,QXA4067,2026-09-21 01:07:43.159000
530,COCDAE,AF.NN,NEONATAL INTENSIVE CARE,NN,N,NO MATCH,0,COCDAE,,,,,N,Y,None,CMZ5161,2026-08-10 13:20:46.860000,corpsvcmtxcutoverrpt_sql,2026-07-27 09:12:30.097000,xrdcwddbsuip06,MTX_ACOE_Cutover_Reporting,UI_Excel_Select_Xwalk_Source_Accommodations,facility,*ALL*,QXA4067,2026-09-21 01:07:43.159000
531,COCDAE,AF.NSY,NURSERY LEVEL I,N,N,NO MATCH,0,COCDAE,,,,,N,Y,None,CMZ5161,2026-08-10 13:20:46.903000,corpsvcmtxcutoverrpt_sql,2026-07-27 09:12:30.097000,xrdcwddbsuip06,MTX_ACOE_Cutover_Reporting,UI_Excel_Select_Xwalk_Source_Accommodations,facility,*ALL*,QXA4067,2026-09-21 01:07:43.159000
532,COCDAE,AF.NSY III,NEWBORN LEVEL III,N3,N,NO MATCH,0,COCDAE,,,,,N,Y,None,CMZ5161,2026-08-10 13:20:46.943000,corpsvcmtxcutoverrpt_sql,2026-07-27 09:12:30.097000,xrdcwddbsuip06,MTX_ACOE_Cutover_Reporting,UI_Excel_Select_Xwalk_Source_Accommodations,facility,*ALL*,QXA4067,2026-09-21 01:07:43.159000
533,COCDAE,AF.NSY IV,NEWBORN LEVEL IV,N4,N,NO MATCH,0,COCDAE,,,,,N,Y,None,CMZ5161,2026-08-10 13:20:46.983000,corpsvcmtxcutoverrpt_sql,2026-07-27 09:12:30.097000,xrdcwddbsuip06,MTX_ACOE_Cutover_Reporting,UI_Excel_Select_Xwalk_Source_Accommodations,facility,*ALL*,QXA4067,2026-09-21 01:07:43.159000
534,COCDAE,AF.NSYII,NEWBORN LEVEL II,N2,N,NO MATCH,0,COCDAE,,,,,N,Y,None,CMZ5161,2026-08-10 13:20:47.047000,corpsvcmtxcutoverrpt_sql,2026-07-27 09:12:30.097000,xrdcwddbsuip06,MTX_ACOE_Cutover_Reporting,UI_Excel_Select_Xwalk_Source_Accommodations,facility,*ALL*,QXA4067,2026-09-21 01:07:43.159000
535,COCDAE,AF.P,PRIVATE,P,Y,NO MATCH,4,COCDAE,PR,PRIVATE ROOM,PR,,Y,N,None,CMZ5161,2026-08-10 13:20:47.090000,corpsvcmtxcutoverrpt_sql,2026-07-27 09:12:30.097000,xrdcwddbsuip06,MTX_ACOE_Cutover_Reporting,UI_Excel_Select_Xwalk_Source_Accommodations,facility,*ALL*,QXA4067,2026-09-21 01:07:43.159000
536,COCDAE,AF.PCU,PROGRESSIVE CARE UNIT,PC,Y,NO MATCH,23,COCDAE,PC,PROGRESSIVE CARE,PC,,Y,N,None,CMZ5161,2026-08-10 13:20:47.137000,corpsvcmtxcutoverrpt_sql,2026-07-27 09:12:30.097000,xrdcwddbsuip06,MTX_ACOE_Cutover_Reporting,UI_Excel_Select_Xwalk_Source_Accommodations,facility,*ALL*,QXA4067,2026-09-21 01:07:43.159000
537,COCDAE,AF.PD,PEDI IN OB BED,PD,Y,NO MATCH,0,COCDAE,PR,PRIVATE ROOM,PR,,Y,N,None,CMZ5161,2026-08-10 13:20:47.180000,corpsvcmtxcutoverrpt_sql,2026-07-27 09:12:30.097000,xrdcwddbsuip06,MTX_ACOE_Cutover_Reporting,UI_Excel_Select_Xwalk_Source_Accommodations,facility,*ALL*,QXA4067,2026-09-21 01:07:43.159000
538,COCDAE,AF.PPP,POST-PARTUM PRIVATE,PP,N,NO MATCH,0,COCDAE,,,,,N,Y,None,CMZ5161,2026-08-10 13:20:47.227000,corpsvcmtxcutoverrpt_sql,2026-07-27 09:12:30.097000,xrdcwddbsuip06,MTX_ACOE_Cutover_Reporting,UI_Excel_Select_Xwalk_Source_Accommodations,facility,*ALL*,QXA4067,2026-09-21 01:07:43.159000
539,COCDAE,AF.PPS,POST-PARTUM SEMI-PRIVATE,PS,N,NO MATCH,0,COCDAE,,,,,N,Y,None,CMZ5161,2026-08-10 13:20:47.270000,corpsvcmtxcutoverrpt_sql,2026-07-27 09:12:30.097000,xrdcwddbsuip06,MTX_ACOE_Cutover_Reporting,UI_Excel_Select_Xwalk_Source_Accommodations,facility,*ALL*,QXA4067,2026-09-21 01:07:43.159000
540,COCDAE,AF.PR,PRIVATE,PR,Y,NO MATCH,28,COCDAE,PR,PRIVATE ROOM,PR,,Y,N,None,CMZ5161,2026-08-10 13:20:47.310000,corpsvcmtxcutoverrpt_sql,2026-07-27 09:12:30.097000,xrdcwddbsuip06,MTX_ACOE_Cutover_Reporting,UI_Excel_Select_Xwalk_Source_Accommodations,facility,*ALL*,QXA4067,2026-09-21 01:07:43.159000
541,COCDAE,AF.SEMI,MED/SURG SEMI PRIVATE,S,Y,NO MATCH,78,COCDAE,SP,SEMI PRIVATE ROOM,SP,,Y,N,None,CMZ5161,2026-08-10 13:20:47.350000,corpsvcmtxcutoverrpt_sql,2026-07-27 09:12:30.097000,xrdcwddbsuip06,MTX_ACOE_Cutover_Reporting,UI_Excel_Select_Xwalk_Source_Accommodations,facility,*ALL*,QXA4067,2026-09-21 01:07:43.159000
542,COCDAE,AF.SP,SEMI-PRIVATE,SP,N,NO MATCH,0,COCDAE,,,,,N,Y,None,CMZ5161,2026-08-10 13:20:47.407000,corpsvcmtxcutoverrpt_sql,2026-07-27 09:12:30.097000,xrdcwddbsuip06,MTX_ACOE_Cutover_Reporting,UI_Excel_Select_Xwalk_Source_Accommodations,facility,*ALL*,QXA4067,2026-09-21 01:07:43.159000
543,COCDAE,AF.SPCARE,SPECIAL CARE,SC,N,NO MATCH,0,COCDAE,,,,,N,Y,None,CMZ5161,2026-08-10 13:20:47.447000,corpsvcmtxcutoverrpt_sql,2026-07-27 09:12:30.097000,xrdcwddbsuip06,MTX_ACOE_Cutover_Reporting,UI_Excel_Select_Xwalk_Source_Accommodations,facility,*ALL*,QXA4067,2026-09-21 01:07:43.159000
544,COCDAE,AF.TP,TELEMENTRY PRIVATE,TP,Y,NO MATCH,0,COCDAE,PR,PRIVATE ROOM,PR,,Y,N,None,CMZ5161,2026-08-10 13:20:47.487000,corpsvcmtxcutoverrpt_sql,2026-07-27 09:12:30.097000,xrdcwddbsuip06,MTX_ACOE_Cutover_Reporting,UI_Excel_Select_Xwalk_Source_Accommodations,facility,*ALL*,QXA4067,2026-09-21 01:07:43.159000
545,COCDAE,AF.TR,INTENSIVE CARE TRAUMA,TR,Y,NO MATCH,0,COCDAE,TRIC,INTENSIVE CARE TRAUMA,TRIC,,Y,N,None,CMZ5161,2026-08-10 13:20:47.530000,corpsvcmtxcutoverrpt_sql,2026-07-27 09:12:30.097000,xrdcwddbsuip06,MTX_ACOE_Cutover_Reporting,UI_Excel_Select_Xwalk_Source_Accommodations,facility,*ALL*,QXA4067,2026-09-21 01:07:43.159000
546,COCDAE,AF.TS,TELEMETRY SEMI-PRIVATE,TS,Y,NO MATCH,5,COCDAE,TEL,TELEMETRY,TEL,,Y,N,None,CMZ5161,2026-08-10 13:20:47.577000,corpsvcmtxcutoverrpt_sql,2026-07-27 09:12:30.097000,xrdcwddbsuip06,MTX_ACOE_Cutover_Reporting,UI_Excel_Select_Xwalk_Source_Accommodations,facility,*ALL*,QXA4067,2026-09-21 01:07:43.159000
547,COCDAE,AF.WS,WOMEN'S SERVICES BEDS - 2ND FL,WS,N,NO MATCH,0,COCDAE,,,,,N,Y,None,CMZ5161,2026-08-10 13:20:47.617000,corpsvcmtxcutoverrpt_sql,2026-07-27 09:12:30.097000,xrdcwddbsuip06,MTX_ACOE_Cutover_Reporting,UI_Excel_Select_Xwalk_Source_Accommodations,facility,*ALL*,QXA4067,2026-09-21 01:07:43.159000
548,COCDAE,L1,NEWBORN LEVEL 1,L1,Y,NO MATCH,20,COCDAE,L1,NEWBORN LEVEL I CARE,L1,,Y,N,None,CMZ5161,2026-08-10 13:20:47.657000,corpsvcmtxcutoverrpt_sql,2026-07-27 09:12:30.097000,xrdcwddbsuip06,MTX_ACOE_Cutover_Reporting,UI_Excel_Select_Xwalk_Source_Accommodations,facility,*ALL*,QXA4067,2026-09-21 01:07:43.159000
549,COCDAE,L2,NEWBORN LEVEL 2,L2,Y,NO MATCH,28,COCDAE,L2,NEWBORN LEVEL II CARE,L2,,Y,N,None,CMZ5161,2026-08-10 13:20:47.713000,corpsvcmtxcutoverrpt_sql,2026-07-27 09:12:30.097000,xrdcwddbsuip06,MTX_ACOE_Cutover_Reporting,UI_Excel_Select_Xwalk_Source_Accommodations,facility,*ALL*,QXA4067,2026-09-21 01:07:43.159000
550,COCDAE,L3,NEWBORN LEVEL 3,L3,Y,NO MATCH,14,COCDAE,L3,NEWBORN LEVEL III CARE,L3,,Y,N,None,CMZ5161,2026-08-10 13:20:47.763000,corpsvcmtxcutoverrpt_sql,2026-07-27 09:12:30.097000,xrdcwddbsuip06,MTX_ACOE_Cutover_Reporting,UI_Excel_Select_Xwalk_Source_Accommodations,facility,*ALL*,QXA4067,2026-09-21 01:07:43.159000
551,COCDAE,L4,NEWBORN LEVEL 4,L4,Y,NO MATCH,0,COCDAE,L4,NEWBORN LEVEL IV CARE,L4,,Y,N,None,CMZ5161,2026-08-10 13:20:47.803000,corpsvcmtxcutoverrpt_sql,2026-07-27 09:12:30.097000,xrdcwddbsuip06,MTX_ACOE_Cutover_Reporting,UI_Excel_Select_Xwalk_Source_Accommodations,facility,*ALL*,QXA4067,2026-09-21 01:07:43.159000
552,COCDCT,BK.BH,BEHAVIORAL HEALTH,BH,N,NO MATCH,0,COCDCT,,,,,N,Y,None,FDO8801,2026-04-15 11:52:02.713000,corpsvcmtxcutoverrpt_sql,2026-04-13 16:43:36.060000,xrdcwddbsuip06,MTX_ACOE_Cutover_Reporting,UI_Excel_Select_Xwalk_Source_Accommodations,facility,*ALL*,QXA4067,2026-09-21 01:07:43.159000
553,COCDCT,BK.BR,BIRTHING ROOM,BR,Y,NO MATCH,4,COCDCT,BR,BIRTHING ROOM,BR,Y,Y,N,None,QVO8748,2026-07-29 13:05:13.463000,corpsvcmtxcutoverrpt_sql,2026-06-16 14:34:05.613000,xrdcwddbsuip06,MTX_ACOE_Cutover_Reporting,UI_Excel_Select_Xwalk_Source_Accommodations,facility,*ALL*,QXA4067,2026-09-21 01:07:43.159000
554,COCDCT,BK.CDU,CLINICAL DECISION UNIT,SC,N,NO MATCH,0,COCDCT,,,,,N,Y,None,FDO8801,2026-04-15 11:52:02.900000,corpsvcmtxcutoverrpt_sql,2026-04-13 16:43:36.060000,xrdcwddbsuip06,MTX_ACOE_Cutover_Reporting,UI_Excel_Select_Xwalk_Source_Accommodations,facility,*ALL*,QXA4067,2026-09-21 01:07:43.159000
555,COCDCT,BK.GYN,GYN,GY,Y,NO MATCH,0,COCDCT,LD,LABOR AND DELIVERY,LD,Y,Y,N,None,QVO8748,2026-07-29 13:05:13.490000,corpsvcmtxcutoverrpt_sql,2026-06-16 14:34:05.613000,xrdcwddbsuip06,MTX_ACOE_Cutover_Reporting,UI_Excel_Select_Xwalk_Source_Accommodations,facility,*ALL*,QXA4067,2026-09-21 01:07:43.159000
556,COCDCT,BK.IC,INTENSIVE CARE,IC,Y,NO MATCH,8,COCDCT,IC,INTENSIVE CARE,IC,Y,Y,N,None,QVO8748,2026-07-29 13:05:13.517000,corpsvcmtxcutoverrpt_sql,2026-06-16 14:34:05.613000,xrdcwddbsuip06,MTX_ACOE_Cutover_Reporting,UI_Excel_Select_Xwalk_Source_Accommodations,facility,*ALL*,QXA4067,2026-09-21 01:07:43.159000
557,COCDCT,BK.IS,ISOLATION,IS,Y,NO MATCH,0,COCDCT,PR,PRIVATE ROOM,PR,Y,Y,N,None,QVO8748,2026-07-29 13:05:13.540000,corpsvcmtxcutoverrpt_sql,2026-06-16 14:34:05.613000,xrdcwddbsuip06,MTX_ACOE_Cutover_Reporting,UI_Excel_Select_Xwalk_Source_Accommodations,facility,*ALL*,QXA4067,2026-09-21 01:07:43.160000
558,COCDCT,BK.MSO,MED SURG OVERFLOW,OF,Y,NO MATCH,7,COCDCT,PR,PRIVATE ROOM,PR,Y,Y,N,None,QVO8748,2026-07-30 12:59:48.260000,corpsvcmtxcutoverrpt_sql,2026-06-16 14:34:05.613000,xrdcwddbsuip06,MTX_ACOE_Cutover_Reporting,UI_Excel_Select_Xwalk_Source_Accommodations,facility,*ALL*,QXA4067,2026-09-21 01:07:43.160000
559,COCDCT,BK.PC,PROGRESSIVE CARE,PC,Y,NO MATCH,53,COCDCT,PC,PROGRESSIVE CARE,PC,Y,Y,N,None,QVO8748,2026-07-29 13:05:13.583000,corpsvcmtxcutoverrpt_sql,2026-06-16 14:34:05.613000,xrdcwddbsuip06,MTX_ACOE_Cutover_Reporting,UI_Excel_Select_Xwalk_Source_Accommodations,facility,*ALL*,QXA4067,2026-09-21 01:07:43.160000
560,COCDCT,BK.PEDP,PEDIATRICS PRIVATE,PP,Y,NO MATCH,0,COCDCT,PR,PRIVATE ROOM,PR,Y,Y,N,None,QVO8748,2026-07-30 12:59:48.310000,corpsvcmtxcutoverrpt_sql,2026-06-16 14:34:05.613000,xrdcwddbsuip06,MTX_ACOE_Cutover_Reporting,UI_Excel_Select_Xwalk_Source_Accommodations,facility,*ALL*,QXA4067,2026-09-21 01:07:43.160000
561,COCDCT,BK.PR,PRIVATE ROOM,PR,Y,NO MATCH,127,COCDCT,PR,PRIVATE ROOM,PR,Y,Y,N,None,QVO8748,2026-07-29 13:05:13.633000,corpsvcmtxcutoverrpt_sql,2026-06-16 14:34:05.613000,xrdcwddbsuip06,MTX_ACOE_Cutover_Reporting,UI_Excel_Select_Xwalk_Source_Accommodations,facility,*ALL*,QXA4067,2026-09-21 01:07:43.160000
562,COCDCT,BK.RP,REHAB PRIVATE,RP,N,NO MATCH,0,COCDCT,,,,,N,Y,None,FDO8801,2026-04-15 11:52:03.650000,corpsvcmtxcutoverrpt_sql,2026-04-13 16:43:36.060000,xrdcwddbsuip06,MTX_ACOE_Cutover_Reporting,UI_Excel_Select_Xwalk_Source_Accommodations,facility,*ALL*,QXA4067,2026-09-21 01:07:43.160000
563,COCDCT,BK.RS,REHAB SEMIPRIVATE,RS,Y,NO MATCH,21,COCDCT,R,REHABILITATION,R,Y,Y,N,None,QVO8748,2026-07-29 13:05:13.657000,corpsvcmtxcutoverrpt_sql,2026-06-16 14:34:05.613000,xrdcwddbsuip06,MTX_ACOE_Cutover_Reporting,UI_Excel_Select_Xwalk_Source_Accommodations,facility,*ALL*,QXA4067,2026-09-21 01:07:43.160000
564,COCDCT,BK.SP,SEMI PRIVATE,SP,Y,NO MATCH,0,COCDCT,SP,SEMI-PRIVATE ROOM,SP,Y,Y,N,None,QVO8748,2026-07-29 13:05:13.680000,corpsvcmtxcutoverrpt_sql,2026-06-16 14:34:05.613000,xrdcwddbsuip06,MTX_ACOE_Cutover_Reporting,UI_Excel_Select_Xwalk_Source_Accommodations,facility,*ALL*,QXA4067,2026-09-21 01:07:43.160000
565,COCDCT,BK.TEL,TELEMETRY,TL,Y,NO MATCH,70,COCDCT,TEL,TELEMETRY,TE,Y,Y,N,None,FDO8801,2026-08-21 14:36:19.517000,corpsvcmtxcutoverrpt_sql,2026-06-16 14:34:05.613000,xrdcwddbsuip06,MTX_ACOE_Cutover_Reporting,UI_Excel_Select_Xwalk_Source_Accommodations,facility,*ALL*,QXA4067,2026-09-21 01:07:43.160000
566,COCDCT,G.ADT PSY,ADULT PSYCH UNIT,AP,N,NO MATCH,0,COCDCT,,,,,N,Y,None,QVO8748,2026-07-29 13:05:13.730000,corpsvcmtxcutoverrpt_sql,2026-06-13 03:00:06.643000,xrdcwddbsuip06,MTX_ACOE_Cutover_Reporting,UI_Excel_Select_Xwalk_Source_Accommodations,facility,*ALL*,QXA4067,2026-09-21 01:07:43.160000
567,COCDCT,G.ADTPSYL,ADULT DAY PSYCH (LEWISVILLE),AL,N,NO MATCH,0,COCDCT,,,,,N,Y,None,QVO8748,2026-07-29 13:05:13.753000,corpsvcmtxcutoverrpt_sql,2026-06-13 03:00:06.643000,xrdcwddbsuip06,MTX_ACOE_Cutover_Reporting,UI_Excel_Select_Xwalk_Source_Accommodations,facility,*ALL*,QXA4067,2026-09-21 01:07:43.160000
568,COCDCT,G.ADULTPSY,ADULT DAY PSYCH FLOW CAMPUS,AF,N,NO MATCH,0,COCDCT,,,,,N,Y,None,QVO8748,2026-07-29 13:05:13.777000,corpsvcmtxcutoverrpt_sql,2026-06-13 03:00:06.643000,xrdcwddbsuip06,MTX_ACOE_Cutover_Reporting,UI_Excel_Select_Xwalk_Source_Accommodations,facility,*ALL*,QXA4067,2026-09-21 01:07:43.160000
569,COCDCT,G.ARGHLD,ARGYLE SURGICAL ED HOLD,SH,N,NO MATCH,0,COCDCT,,,,,N,Y,None,QVO8748,2026-07-29 13:05:13.800000,corpsvcmtxcutoverrpt_sql,2026-06-16 14:34:05.613000,xrdcwddbsuip06,MTX_ACOE_Cutover_Reporting,UI_Excel_Select_Xwalk_Source_Accommodations,facility,*ALL*,QXA4067,2026-09-21 01:07:43.160000
570,COCDCT,G.ARGSURG,ARGYLE POST SURGICAL UNIT,AS,N,NO MATCH,0,COCDCT,,,,,N,Y,None,QVO8748,2026-07-29 13:05:13.823000,corpsvcmtxcutoverrpt_sql,2026-06-16 14:34:05.613000,xrdcwddbsuip06,MTX_ACOE_Cutover_Reporting,UI_Excel_Select_Xwalk_Source_Accommodations,facility,*ALL*,QXA4067,2026-09-21 01:07:43.160000
571,COCDCT,G.BM,BABY WITH MOTHER,BM,N,NO MATCH,0,COCDCT,,,,,N,Y,None,QVO8748,2026-07-29 13:05:13.850000,corpsvcmtxcutoverrpt_sql,2026-06-13 03:00:06.643000,xrdcwddbsuip06,MTX_ACOE_Cutover_Reporting,UI_Excel_Select_Xwalk_Source_Accommodations,facility,*ALL*,QXA4067,2026-09-21 01:07:43.160000
572,COCDCT,G.CC,CARDIAC CARE UNIT,CC,N,NO MATCH,0,COCDCT,,,,,N,Y,None,QVO8748,2026-07-29 13:05:13.870000,corpsvcmtxcutoverrpt_sql,2026-06-16 14:34:05.613000,xrdcwddbsuip06,MTX_ACOE_Cutover_Reporting,UI_Excel_Select_Xwalk_Source_Accommodations,facility,*ALL*,QXA4067,2026-09-21 01:07:43.160000
573,COCDCT,G.COVID,ICU OVERFLOW,CV,N,NO MATCH,0,COCDCT,,,,,N,Y,None,QVO8748,2026-07-29 13:05:13.940000,corpsvcmtxcutoverrpt_sql,2026-06-13 03:00:06.643000,xrdcwddbsuip06,MTX_ACOE_Cutover_Reporting,UI_Excel_Select_Xwalk_Source_Accommodations,facility,*ALL*,QXA4067,2026-09-21 01:07:43.160000
574,COCDCT,G.ECMO,ECMO,EC,N,NO MATCH,0,COCDCT,,,,,N,Y,None,QVO8748,2026-07-29 13:05:13.963000,corpsvcmtxcutoverrpt_sql,2026-06-16 14:34:05.613000,xrdcwddbsuip06,MTX_ACOE_Cutover_Reporting,UI_Excel_Select_Xwalk_Source_Accommodations,facility,*ALL*,QXA4067,2026-09-21 01:07:43.160000
575,COCDCT,G.IC,INTENSIVE CARE UNIT,IC,N,NO MATCH,0,COCDCT,,,,,N,Y,None,QVO8748,2026-07-29 13:05:13.987000,corpsvcmtxcutoverrpt_sql,2026-06-13 03:00:06.643000,xrdcwddbsuip06,MTX_ACOE_Cutover_Reporting,UI_Excel_Select_Xwalk_Source_Accommodations,facility,*ALL*,QXA4067,2026-09-21 01:07:43.160000
576,COCDCT,G.ICU,ICU INTENSIVE CARE UNIT,IU,N,NO MATCH,0,COCDCT,,,,,N,Y,None,QVO8748,2026-07-29 13:05:14.010000,corpsvcmtxcutoverrpt_sql,2026-06-16 14:34:05.613000,xrdcwddbsuip06,MTX_ACOE_Cutover_Reporting,UI_Excel_Select_Xwalk_Source_Accommodations,facility,*ALL*,QXA4067,2026-09-21 01:07:43.160000
577,COCDCT,G.IPR,INPATIENT REHAB,RP,N,NO MATCH,0,COCDCT,,,,,N,Y,None,QVO8748,2026-07-29 13:05:14.033000,corpsvcmtxcutoverrpt_sql,2026-06-16 14:34:05.613000,xrdcwddbsuip06,MTX_ACOE_Cutover_Reporting,UI_Excel_Select_Xwalk_Source_Accommodations,facility,*ALL*,QXA4067,2026-09-21 01:07:43.160000
578,COCDCT,G.IPR Tele,PRIVATE REHAB MONITORED,RT,N,NO MATCH,0,COCDCT,,,,,N,Y,None,QVO8748,2026-07-29 13:05:14.057000,corpsvcmtxcutoverrpt_sql,2026-06-16 14:34:05.613000,xrdcwddbsuip06,MTX_ACOE_Cutover_Reporting,UI_Excel_Select_Xwalk_Source_Accommodations,facility,*ALL*,QXA4067,2026-09-21 01:07:43.160000
579,COCDCT,G.IS,ISOLATION,IS,N,NO MATCH,0,COCDCT,,,,,N,Y,None,QVO8748,2026-07-29 13:05:14.090000,corpsvcmtxcutoverrpt_sql,2026-06-16 14:34:05.613000,xrdcwddbsuip06,MTX_ACOE_Cutover_Reporting,UI_Excel_Select_Xwalk_Source_Accommodations,facility,*ALL*,QXA4067,2026-09-21 01:07:43.160000
580,COCDCT,G.LD,L/D ER HOLDING,LD,N,NO MATCH,0,COCDCT,,,,,N,Y,None,QVO8748,2026-07-29 13:05:14.110000,corpsvcmtxcutoverrpt_sql,2026-06-13 03:00:06.643000,xrdcwddbsuip06,MTX_ACOE_Cutover_Reporting,UI_Excel_Select_Xwalk_Source_Accommodations,facility,*ALL*,QXA4067,2026-09-21 01:07:43.160000
581,COCDCT,G.MB,MONITORED BED,MB,N,NO MATCH,0,COCDCT,,,,,N,Y,None,QVO8748,2026-07-29 13:05:14.133000,corpsvcmtxcutoverrpt_sql,2026-06-13 03:00:06.643000,xrdcwddbsuip06,MTX_ACOE_Cutover_Reporting,UI_Excel_Select_Xwalk_Source_Accommodations,facility,*ALL*,QXA4067,2026-09-21 01:07:43.160000
582,COCDCT,G.MED,MEDICAL ER HOLDING,ME,N,NO MATCH,0,COCDCT,,,,,N,Y,None,QVO8748,2026-07-29 13:05:14.157000,corpsvcmtxcutoverrpt_sql,2026-06-16 14:34:05.613000,xrdcwddbsuip06,MTX_ACOE_Cutover_Reporting,UI_Excel_Select_Xwalk_Source_Accommodations,facility,*ALL*,QXA4067,2026-09-21 01:07:43.160000
583,COCDCT,G.MS,Surg/Ortho w/o Tele,MS,N,NO MATCH,0,COCDCT,,,,,N,Y,None,QVO8748,2026-07-29 13:05:14.180000,corpsvcmtxcutoverrpt_sql,2026-06-16 14:34:05.613000,xrdcwddbsuip06,MTX_ACOE_Cutover_Reporting,UI_Excel_Select_Xwalk_Source_Accommodations,facility,*ALL*,QXA4067,2026-09-21 01:07:43.160000
584,COCDCT,G.NB,NURSERY NEWBORN,NB,N,NO MATCH,0,COCDCT,,,,,N,Y,None,QVO8748,2026-07-29 13:05:14.200000,corpsvcmtxcutoverrpt_sql,2026-06-13 03:00:06.643000,xrdcwddbsuip06,MTX_ACOE_Cutover_Reporting,UI_Excel_Select_Xwalk_Source_Accommodations,facility,*ALL*,QXA4067,2026-09-21 01:07:43.160000
585,COCDCT,G.NC,NURSERY ACUTE ICU,NC,N,NO MATCH,0,COCDCT,,,,,N,Y,None,QVO8748,2026-07-29 13:05:14.223000,corpsvcmtxcutoverrpt_sql,2026-06-13 03:00:06.643000,xrdcwddbsuip06,MTX_ACOE_Cutover_Reporting,UI_Excel_Select_Xwalk_Source_Accommodations,facility,*ALL*,QXA4067,2026-09-21 01:07:43.160000
586,COCDCT,G.NI,NURSERY INTERMEDIATE,NI,N,NO MATCH,0,COCDCT,,,,,N,Y,None,QVO8748,2026-07-29 13:05:14.247000,corpsvcmtxcutoverrpt_sql,2026-06-13 03:00:06.643000,xrdcwddbsuip06,MTX_ACOE_Cutover_Reporting,UI_Excel_Select_Xwalk_Source_Accommodations,facility,*ALL*,QXA4067,2026-09-21 01:07:43.161000
587,COCDCT,G.NP,NURSERY PROGRESSIVE CARE,NP,N,NO MATCH,0,COCDCT,,,,,N,Y,None,QVO8748,2026-07-29 13:05:14.270000,corpsvcmtxcutoverrpt_sql,2026-06-13 03:00:06.643000,xrdcwddbsuip06,MTX_ACOE_Cutover_Reporting,UI_Excel_Select_Xwalk_Source_Accommodations,facility,*ALL*,QXA4067,2026-09-21 01:07:43.161000
588,COCDCT,G.OB/GYN,OB/GYN ER HOLDING,OB,N,NO MATCH,0,COCDCT,,,,,N,Y,None,QVO8748,2026-07-29 13:05:14.293000,corpsvcmtxcutoverrpt_sql,2026-06-13 03:00:06.643000,xrdcwddbsuip06,MTX_ACOE_Cutover_Reporting,UI_Excel_Select_Xwalk_Source_Accommodations,facility,*ALL*,QXA4067,2026-09-21 01:07:43.161000
589,COCDCT,G.OMS,OVERFLOW FOR MED - SURG,OF,N,NO MATCH,0,COCDCT,,,,,N,Y,None,QVO8748,2026-07-29 13:05:14.320000,corpsvcmtxcutoverrpt_sql,2026-06-13 03:00:06.643000,xrdcwddbsuip06,MTX_ACOE_Cutover_Reporting,UI_Excel_Select_Xwalk_Source_Accommodations,facility,*ALL*,QXA4067,2026-09-21 01:07:43.161000
590,COCDCT,G.OTEL,OVERFLOW FOR TELE,OV,N,NO MATCH,0,COCDCT,,,,,N,Y,None,QVO8748,2026-07-29 13:05:14.370000,corpsvcmtxcutoverrpt_sql,2026-06-13 03:00:06.643000,xrdcwddbsuip06,MTX_ACOE_Cutover_Reporting,UI_Excel_Select_Xwalk_Source_Accommodations,facility,*ALL*,QXA4067,2026-09-21 01:07:43.161000
591,COCDCT,G.PB,NURSERY PROG CARE BOARDER,PB,N,NO MATCH,0,COCDCT,,,,,N,Y,None,QVO8748,2026-07-29 13:05:14.390000,corpsvcmtxcutoverrpt_sql,2026-06-13 03:00:06.643000,xrdcwddbsuip06,MTX_ACOE_Cutover_Reporting,UI_Excel_Select_Xwalk_Source_Accommodations,facility,*ALL*,QXA4067,2026-09-21 01:07:43.161000
592,COCDCT,G.PCU,PCU STEPDOWN,PC,N,NO MATCH,0,COCDCT,,,,,N,Y,None,QVO8748,2026-07-29 13:05:14.413000,corpsvcmtxcutoverrpt_sql,2026-06-16 14:34:05.613000,xrdcwddbsuip06,MTX_ACOE_Cutover_Reporting,UI_Excel_Select_Xwalk_Source_Accommodations,facility,*ALL*,QXA4067,2026-09-21 01:07:43.161000
593,COCDCT,G.PED,PED ER HOLDING,PE,N,NO MATCH,0,COCDCT,,,,,N,Y,None,QVO8748,2026-07-29 13:05:14.437000,corpsvcmtxcutoverrpt_sql,2026-06-13 03:00:06.643000,xrdcwddbsuip06,MTX_ACOE_Cutover_Reporting,UI_Excel_Select_Xwalk_Source_Accommodations,facility,*ALL*,QXA4067,2026-09-21 01:07:43.161000
594,COCDCT,G.PP,PSYCH PRIVATE,PP,N,NO MATCH,0,COCDCT,,,,,N,Y,None,QVO8748,2026-07-29 13:05:14.463000,corpsvcmtxcutoverrpt_sql,2026-06-13 03:00:06.643000,xrdcwddbsuip06,MTX_ACOE_Cutover_Reporting,UI_Excel_Select_Xwalk_Source_Accommodations,facility,*ALL*,QXA4067,2026-09-21 01:07:43.161000
595,COCDCT,G.PR,PRIVATE,PR,N,NO MATCH,0,COCDCT,,,,,N,Y,None,QVO8748,2026-07-29 13:05:14.487000,corpsvcmtxcutoverrpt_sql,2026-06-13 03:00:06.643000,xrdcwddbsuip06,MTX_ACOE_Cutover_Reporting,UI_Excel_Select_Xwalk_Source_Accommodations,facility,*ALL*,QXA4067,2026-09-21 01:07:43.161000
596,COCDCT,G.PRH,HVU STEPDOWN,HS,N,NO MATCH,0,COCDCT,,,,,N,Y,None,QVO8748,2026-07-29 13:05:14.507000,corpsvcmtxcutoverrpt_sql,2026-06-16 14:34:05.613000,xrdcwddbsuip06,MTX_ACOE_Cutover_Reporting,UI_Excel_Select_Xwalk_Source_Accommodations,facility,*ALL*,QXA4067,2026-09-21 01:07:43.161000
597,COCDCT,G.PRI,IMCU STEPDOWN,IM,N,NO MATCH,0,COCDCT,,,,,N,Y,None,QVO8748,2026-07-29 13:05:14.530000,corpsvcmtxcutoverrpt_sql,2026-06-13 03:00:06.643000,xrdcwddbsuip06,MTX_ACOE_Cutover_Reporting,UI_Excel_Select_Xwalk_Source_Accommodations,facility,*ALL*,QXA4067,2026-09-21 01:07:43.161000
598,COCDCT,G.PRS,PCU STEPDOWN,SD,N,NO MATCH,0,COCDCT,,,,,N,Y,None,QVO8748,2026-07-29 13:05:14.557000,corpsvcmtxcutoverrpt_sql,2026-06-13 03:00:06.643000,xrdcwddbsuip06,MTX_ACOE_Cutover_Reporting,UI_Excel_Select_Xwalk_Source_Accommodations,facility,*ALL*,QXA4067,2026-09-21 01:07:43.161000
599,COCDCT,G.PS,PSYCH SEMI-PRIVATE,PS,N,NO MATCH,0,COCDCT,,,,,N,Y,None,QVO8748,2026-07-29 13:05:14.580000,corpsvcmtxcutoverrpt_sql,2026-06-13 03:00:06.643000,xrdcwddbsuip06,MTX_ACOE_Cutover_Reporting,UI_Excel_Select_Xwalk_Source_Accommodations,facility,*ALL*,QXA4067,2026-09-21 01:07:43.161000
600,COCDCT,G.RS,REHAB SEMI-PRIVATE,RS,N,NO MATCH,0,COCDCT,,,,,N,Y,None,QVO8748,2026-07-29 13:05:14.603000,corpsvcmtxcutoverrpt_sql,2026-06-13 03:00:06.643000,xrdcwddbsuip06,MTX_ACOE_Cutover_Reporting,UI_Excel_Select_Xwalk_Source_Accommodations,facility,*ALL*,QXA4067,2026-09-21 01:07:43.161000
601,COCDCT,G.SF,SKILLED NURSING PRIVATE,SF,N,NO MATCH,0,COCDCT,,,,,N,Y,None,QVO8748,2026-07-29 13:05:14.630000,corpsvcmtxcutoverrpt_sql,2026-06-13 03:00:06.643000,xrdcwddbsuip06,MTX_ACOE_Cutover_Reporting,UI_Excel_Select_Xwalk_Source_Accommodations,facility,*ALL*,QXA4067,2026-09-21 01:07:43.161000
602,COCDCT,G.SP,SEMI PRIVATE,SP,N,NO MATCH,0,COCDCT,,,,,N,Y,None,QVO8748,2026-07-29 13:05:14.657000,corpsvcmtxcutoverrpt_sql,2026-06-16 14:34:05.613000,xrdcwddbsuip06,MTX_ACOE_Cutover_Reporting,UI_Excel_Select_Xwalk_Source_Accommodations,facility,*ALL*,QXA4067,2026-09-21 01:07:43.161000
603,COCDCT,G.SS,SKILLED NURSING SEMI-PRIVATE,SS,N,NO MATCH,0,COCDCT,,,,,N,Y,None,QVO8748,2026-07-29 13:05:14.680000,corpsvcmtxcutoverrpt_sql,2026-06-13 03:00:06.643000,xrdcwddbsuip06,MTX_ACOE_Cutover_Reporting,UI_Excel_Select_Xwalk_Source_Accommodations,facility,*ALL*,QXA4067,2026-09-21 01:07:43.161000
604,COCDCT,G.SUR,SURGICAL ER HOLDING,SU,N,NO MATCH,0,COCDCT,,,,,N,Y,None,QVO8748,2026-07-29 13:05:14.703000,corpsvcmtxcutoverrpt_sql,2026-06-16 14:34:05.613000,xrdcwddbsuip06,MTX_ACOE_Cutover_Reporting,UI_Excel_Select_Xwalk_Source_Accommodations,facility,*ALL*,QXA4067,2026-09-21 01:07:43.161000
605,COCDCT,G.TeleMS,Telemetry w Tele,MT,N,NO MATCH,0,COCDCT,,,,,N,Y,None,QVO8748,2026-07-29 13:05:14.727000,corpsvcmtxcutoverrpt_sql,2026-06-16 14:34:05.613000,xrdcwddbsuip06,MTX_ACOE_Cutover_Reporting,UI_Excel_Select_Xwalk_Source_Accommodations,facility,*ALL*,QXA4067,2026-09-21 01:07:43.161000
606,COCDCT,G.TR,TRAUMA,TR,N,NO MATCH,0,COCDCT,,,,,N,Y,None,QVO8748,2026-07-29 13:05:14.753000,corpsvcmtxcutoverrpt_sql,2026-06-16 14:34:05.613000,xrdcwddbsuip06,MTX_ACOE_Cutover_Reporting,UI_Excel_Select_Xwalk_Source_Accommodations,facility,*ALL*,QXA4067,2026-09-21 01:07:43.161000
607,COCDCT,J.SEMI,SEMI PRIVATE *****TEST*****,01,N,NO MATCH,0,COCDCT,,,,,N,Y,None,QVO8748,2026-07-29 13:05:14.783000,corpsvcmtxcutoverrpt_sql,2026-06-13 03:00:06.643000,xrdcwddbsuip06,MTX_ACOE_Cutover_Reporting,UI_Excel_Select_Xwalk_Source_Accommodations,facility,*ALL*,QXA4067,2026-09-21 01:07:43.161000
608,COCDCT,L1,NEWBORN LEVEL 1,L1,Y,NO MATCH,9,COCDCT,L1,NEWBORN LEVELI CARE,L1,Y,Y,N,None,QVO8748,2026-07-29 13:05:14.807000,corpsvcmtxcutoverrpt_sql,2026-06-16 14:34:05.613000,xrdcwddbsuip06,MTX_ACOE_Cutover_Reporting,UI_Excel_Select_Xwalk_Source_Accommodations,facility,*ALL*,QXA4067,2026-09-21 01:07:43.161000
609,COCDCT,L2,NEWBORN LEVEL 2,L2,Y,NO MATCH,3,COCDCT,L2,NEWBORN LEVEL II CARE,L2,Y,Y,N,None,QVO8748,2026-07-29 13:05:14.833000,corpsvcmtxcutoverrpt_sql,2026-06-16 14:34:05.613000,xrdcwddbsuip06,MTX_ACOE_Cutover_Reporting,UI_Excel_Select_Xwalk_Source_Accommodations,facility,*ALL*,QXA4067,2026-09-21 01:07:43.161000
610,COCDCT,L3,NEWBORN LEVEL 3,L3,Y,NO MATCH,0,COCDCT,L3,NEWBORN LEVEL III CARE,L3,Y,Y,N,None,QVO8748,2026-07-29 13:05:14.860000,corpsvcmtxcutoverrpt_sql,2026-06-16 14:34:05.613000,xrdcwddbsuip06,MTX_ACOE_Cutover_Reporting,UI_Excel_Select_Xwalk_Source_Accommodations,facility,*ALL*,QXA4067,2026-09-21 01:07:43.161000
611,COCDCT,L4,NEWBORN LEVEL 4,L4,Y,NO MATCH,0,COCDCT,L4,NEWBORN LEVEL IV CARE,L4,Y,Y,N,None,QVO8748,2026-07-29 13:05:14.943000,corpsvcmtxcutoverrpt_sql,2026-06-16 14:34:05.613000,xrdcwddbsuip06,MTX_ACOE_Cutover_Reporting,UI_Excel_Select_Xwalk_Source_Accommodations,facility,*ALL*,QXA4067,2026-09-21 01:07:43.161000
612,COCDCT,P,PRIVATE,05,N,NO MATCH,0,COCDCT,,,,,N,Y,None,QVO8748,2026-07-29 13:05:14.970000,corpsvcmtxcutoverrpt_sql,2026-06-13 03:00:06.643000,xrdcwddbsuip06,MTX_ACOE_Cutover_Reporting,UI_Excel_Select_Xwalk_Source_Accommodations,facility,*ALL*,QXA4067,2026-09-21 01:07:43.161000
613,COCDE,I,INTENSIVE CARE,IC,Y,"TEST (2026-01-06),ZCON (2026-01-27)",0,COCDE,IC,INTENSIVE CARE,IC,Y,Y,N,None,IIU7623,2025-09-07 17:59:05.163000,corpsvcmtxcutoverrpt_sql,2025-09-04 08:38:18.993000,xrdcwddbsuip06,MTX_ACOE_Cutover_Reporting,UI_Excel_Select_Xwalk_Source_Accommodations,facility,*ALL*,QXA4067,2026-09-21 01:07:43.161000
614,COCDE,IS,ISOLATION,I,Y,"TEST (2026-01-06),ZCON (2026-01-27)",0,COCDE,IS,ISOLATION,I,Y,Y,N,None,IIU7623,2025-09-07 17:59:05.200000,corpsvcmtxcutoverrpt_sql,2025-09-04 08:38:18.993000,xrdcwddbsuip06,MTX_ACOE_Cutover_Reporting,UI_Excel_Select_Xwalk_Source_Accommodations,facility,*ALL*,QXA4067,2026-09-21 01:07:43.162000
615,COCDE,L1,NEWBORN LEVEL 1,L1,Y,"TEST (2026-01-06),ZCON (2026-01-27)",0,COCDE,L1,NEWBORN LEVEL I CARE,L1,Y,Y,N,None,IIU7623,2025-09-07 17:59:05.233000,corpsvcmtxcutoverrpt_sql,2025-09-04 08:38:18.993000,xrdcwddbsuip06,MTX_ACOE_Cutover_Reporting,UI_Excel_Select_Xwalk_Source_Accommodations,facility,*ALL*,QXA4067,2026-09-21 01:07:43.162000
616,COCDE,L2,NEWBORN LEVEL 2,L2,Y,"TEST (2026-01-06),ZCON (2026-01-27)",0,COCDE,L2,NEWBORN LEVEL II CARE,L2,Y,Y,N,None,IIU7623,2025-09-07 17:59:05.270000,corpsvcmtxcutoverrpt_sql,2025-09-04 08:38:18.993000,xrdcwddbsuip06,MTX_ACOE_Cutover_Reporting,UI_Excel_Select_Xwalk_Source_Accommodations,facility,*ALL*,QXA4067,2026-09-21 01:07:43.162000
617,COCDE,L3,NEWBORN LEVEL 3,L3,Y,"TEST (2026-01-06),ZCON (2026-01-27)",0,COCDE,L3,NEWBORN LEVEL III CARE,L3,Y,Y,N,None,IIU7623,2025-09-07 17:59:05.307000,corpsvcmtxcutoverrpt_sql,2025-09-04 08:38:18.993000,xrdcwddbsuip06,MTX_ACOE_Cutover_Reporting,UI_Excel_Select_Xwalk_Source_Accommodations,facility,*ALL*,QXA4067,2026-09-21 01:07:43.162000
618,COCDE,L4,NEWBORN LEVEL 4,L4,Y,"TEST (2026-01-06),ZCON (2026-01-27)",0,COCDE,L4,NEWBORN LEVEL IV CARE,L4,Y,Y,N,None,IIU7623,2025-09-07 17:59:05.340000,corpsvcmtxcutoverrpt_sql,2025-09-04 08:38:18.993000,xrdcwddbsuip06,MTX_ACOE_Cutover_Reporting,UI_Excel_Select_Xwalk_Source_Accommodations,facility,*ALL*,QXA4067,2026-09-21 01:07:43.162000
619,COCDE,M,CORONARY CARE,CC,Y,"TEST (2026-01-06),ZCON (2026-01-27)",0,COCDE,CC,CORONARY CARE,CC,Y,Y,N,None,IIU7623,2025-09-07 17:59:05.377000,corpsvcmtxcutoverrpt_sql,2025-09-04 08:38:18.993000,xrdcwddbsuip06,MTX_ACOE_Cutover_Reporting,UI_Excel_Select_Xwalk_Source_Accommodations,facility,*ALL*,QXA4067,2026-09-21 01:07:43.162000
620,COCDE,NV,NON-VIABLE INFANT,NV,Y,"TEST (2026-01-06),ZCON (2026-01-27)",0,COCDE,L1,NEWBORN LEVEL I CARE,L1,Y,Y,N,None,IIU7623,2025-09-07 17:59:05.410000,corpsvcmtxcutoverrpt_sql,2025-09-04 08:38:18.993000,xrdcwddbsuip06,MTX_ACOE_Cutover_Reporting,UI_Excel_Select_Xwalk_Source_Accommodations,facility,*ALL*,QXA4067,2026-09-21 01:07:43.162000
621,COCDE,OF,OVERFLOW PRIVATE,OF,Y,"TEST (2026-01-06),ZCON (2026-01-27)",0,COCDE,MS,MED SURG,MS,Y,Y,N,None,IIU7623,2025-09-07 17:59:05.447000,corpsvcmtxcutoverrpt_sql,2025-09-04 08:38:18.993000,xrdcwddbsuip06,MTX_ACOE_Cutover_Reporting,UI_Excel_Select_Xwalk_Source_Accommodations,facility,*ALL*,QXA4067,2026-09-21 01:07:43.162000
622,COCDE,P,PRIVATE ROOM,P,Y,"TEST (2026-01-06),ZCON (2026-01-27)",0,COCDE,PR,PRIVATE ROOM,P,Y,Y,N,None,IIU7623,2025-09-07 17:59:05.483000,corpsvcmtxcutoverrpt_sql,2025-09-04 08:38:18.993000,xrdcwddbsuip06,MTX_ACOE_Cutover_Reporting,UI_Excel_Select_Xwalk_Source_Accommodations,facility,*ALL*,QXA4067,2026-09-21 01:07:43.162000
623,COCDE,RP,REHAB PRIVATE,RP,Y,"TEST (2026-01-06),ZCON (2026-01-27)",0,COCDE,RP,REHAB PRIVATE,RP,Y,Y,N,None,IIU7623,2025-09-07 17:59:05.527000,corpsvcmtxcutoverrpt_sql,2025-09-04 08:38:18.993000,xrdcwddbsuip06,MTX_ACOE_Cutover_Reporting,UI_Excel_Select_Xwalk_Source_Accommodations,facility,*ALL*,QXA4067,2026-09-21 01:07:43.162000
624,COCDE,SC,SPECIAL/PROGRESSIVE CARE,PC,Y,"TEST (2026-01-06),ZCON (2026-01-27)",0,COCDE,PC,PROGRESSIVE CARE,PC,Y,Y,N,None,IIU7623,2025-09-07 17:59:05.563000,corpsvcmtxcutoverrpt_sql,2025-09-04 08:38:18.993000,xrdcwddbsuip06,MTX_ACOE_Cutover_Reporting,UI_Excel_Select_Xwalk_Source_Accommodations,facility,*ALL*,QXA4067,2026-09-21 01:07:43.162000
625,COCDE,SD,SURGICAL DAY CARE,SD,Y,"TEST (2026-01-06),ZCON (2026-01-27)",0,COCDE,MS,MED SURG,MS,Y,Y,N,None,IIU7623,2025-09-07 17:59:05.603000,corpsvcmtxcutoverrpt_sql,2025-09-04 08:38:18.993000,xrdcwddbsuip06,MTX_ACOE_Cutover_Reporting,UI_Excel_Select_Xwalk_Source_Accommodations,facility,*ALL*,QXA4067,2026-09-21 01:07:43.162000
626,COCDE,TRI,TRAUMA INTENSIVE CARE,TI,Y,"TEST (2026-01-06),ZCON (2026-01-27)",0,COCDE,TRIC,TRAUMA INTENSIVE CARE,TI,Y,Y,N,None,IIU7623,2025-09-07 17:59:05.633000,corpsvcmtxcutoverrpt_sql,2025-09-04 08:38:18.993000,xrdcwddbsuip06,MTX_ACOE_Cutover_Reporting,UI_Excel_Select_Xwalk_Source_Accommodations,facility,*ALL*,QXA4067,2026-09-21 01:07:43.162000
627,COCDL,ECNB,ECMO NEWBORN,EN,Y,NO MATCH,0,COCDL,EC,ECMO,EC,Y,Y,N,None,QVO8748,2026-08-28 13:47:05.153000,corpsvcmtxcutoverrpt_sql,2026-07-27 09:12:30.097000,xrdcwddbsuip06,MTX_ACOE_Cutover_Reporting,UI_Excel_Select_Xwalk_Source_Accommodations,facility,*ALL*,QXA4067,2026-09-21 01:07:43.162000
628,COCDL,H.ACU,ACUTE CARE UNIT SEMI-PRIVATE,AC,N,NO MATCH,0,COCDL,,,,,N,Y,None,QVO8748,2026-08-28 12:26:29.363000,corpsvcmtxcutoverrpt_sql,2026-07-27 09:12:30.097000,xrdcwddbsuip06,MTX_ACOE_Cutover_Reporting,UI_Excel_Select_Xwalk_Source_Accommodations,facility,*ALL*,QXA4067,2026-09-21 01:07:43.162000
629,COCDL,H.ADPSY,ADOLESCENT PSYCHIATRIC SEMI-P,AP,N,NO MATCH,0,COCDL,,,,,N,Y,None,QVO8748,2026-08-28 12:26:29.417000,corpsvcmtxcutoverrpt_sql,2026-07-27 09:12:30.097000,xrdcwddbsuip06,MTX_ACOE_Cutover_Reporting,UI_Excel_Select_Xwalk_Source_Accommodations,facility,*ALL*,QXA4067,2026-09-21 01:07:43.162000
630,COCDL,H.ANTEMONP,ANTEPARTUM MONITORED PRIVATE,MP,Y,NO MATCH,0,COCDL,AP,ANTEPARTUM,AP,Y,Y,N,None,QVO8748,2026-08-28 13:47:05.210000,corpsvcmtxcutoverrpt_sql,2026-07-27 09:12:30.097000,xrdcwddbsuip06,MTX_ACOE_Cutover_Reporting,UI_Excel_Select_Xwalk_Source_Accommodations,facility,*ALL*,QXA4067,2026-09-21 01:07:43.162000
631,COCDL,H.ANTEMONS,ANTEPARTUM MONITORED SEMI-PRIV,MS,Y,NO MATCH,0,COCDL,AP,ANTEPARTUM,AP,Y,Y,N,None,QVO8748,2026-08-28 13:47:05.260000,corpsvcmtxcutoverrpt_sql,2026-07-27 09:12:30.097000,xrdcwddbsuip06,MTX_ACOE_Cutover_Reporting,UI_Excel_Select_Xwalk_Source_Accommodations,facility,*ALL*,QXA4067,2026-09-21 01:07:43.162000
632,COCDL,H.ANTEP,ANTIPARTUM PRIVATE,AA,Y,NO MATCH,27,COCDL,AP,ANTEPARTUM,AP,Y,Y,N,None,QVO8748,2026-08-28 13:26:53.460000,corpsvcmtxcutoverrpt_sql,2026-07-27 09:12:30.097000,xrdcwddbsuip06,MTX_ACOE_Cutover_Reporting,UI_Excel_Select_Xwalk_Source_Accommodations,facility,*ALL*,QXA4067,2026-09-21 01:07:43.162000
633,COCDL,H.ANTESP,ANTEPARTUM SEMI-PRIVATE,AS,Y,NO MATCH,2,COCDL,SP,SEMI PRIVATE ROOM,SP,Y,Y,N,None,QVO8748,2026-09-15 09:04:07.620000,corpsvcmtxcutoverrpt_sql,2026-07-27 09:12:30.097000,xrdcwddbsuip06,MTX_ACOE_Cutover_Reporting,UI_Excel_Select_Xwalk_Source_Accommodations,facility,*ALL*,QXA4067,2026-09-21 01:07:43.162000
634,COCDL,H.B,NEWBORN NURSERY (LEVEL I),B,N,NO MATCH,0,COCDL,,,,,N,Y,None,QVO8748,2026-08-28 12:26:29.470000,corpsvcmtxcutoverrpt_sql,2026-07-27 09:12:30.097000,xrdcwddbsuip06,MTX_ACOE_Cutover_Reporting,UI_Excel_Select_Xwalk_Source_Accommodations,facility,*ALL*,QXA4067,2026-09-21 01:07:43.162000
635,COCDL,H.BII,NEWBORN NURSERY LEVEL II,B2,N,NO MATCH,0,COCDL,,,,,N,Y,None,QVO8748,2026-08-28 12:26:29.523000,corpsvcmtxcutoverrpt_sql,2026-07-27 09:12:30.097000,xrdcwddbsuip06,MTX_ACOE_Cutover_Reporting,UI_Excel_Select_Xwalk_Source_Accommodations,facility,*ALL*,QXA4067,2026-09-21 01:07:43.162000
636,COCDL,H.CC,CORONARY CARE,CC,Y,NO MATCH,0,COCDL,IC,INTENSIVE CARE,IC,Y,Y,N,None,QVO8748,2026-08-28 13:47:05.317000,corpsvcmtxcutoverrpt_sql,2026-07-27 09:12:30.097000,xrdcwddbsuip06,MTX_ACOE_Cutover_Reporting,UI_Excel_Select_Xwalk_Source_Accommodations,facility,*ALL*,QXA4067,2026-09-21 01:07:43.162000
637,COCDL,H.CCU,CORONARY CARE UNIT,M,N,NO MATCH,0,COCDL,,,,,N,Y,None,QVO8748,2026-08-28 12:26:29.593000,corpsvcmtxcutoverrpt_sql,2026-07-27 09:12:30.097000,xrdcwddbsuip06,MTX_ACOE_Cutover_Reporting,UI_Excel_Select_Xwalk_Source_Accommodations,facility,*ALL*,QXA4067,2026-09-21 01:07:43.162000
638,COCDL,H.CD,CHEMICAL DEPENDENT SEMI-PRIVAT,CD,N,NO MATCH,0,COCDL,,,,,N,Y,None,QVO8748,2026-08-28 12:26:29.647000,corpsvcmtxcutoverrpt_sql,2026-07-27 09:12:30.097000,xrdcwddbsuip06,MTX_ACOE_Cutover_Reporting,UI_Excel_Select_Xwalk_Source_Accommodations,facility,*ALL*,QXA4067,2026-09-21 01:07:43.162000
639,COCDL,H.DIEP,"DIEP FLAP ONCOLOGY 7N, 8N",DI,Y,NO MATCH,0,COCDL,ONCP,ONCOLOGY PRIVATE,OP,Y,Y,N,None,QVO8748,2026-08-28 13:26:53.490000,corpsvcmtxcutoverrpt_sql,2026-07-27 09:12:30.097000,xrdcwddbsuip06,MTX_ACOE_Cutover_Reporting,UI_Excel_Select_Xwalk_Source_Accommodations,facility,*ALL*,QXA4067,2026-09-21 01:07:43.162000
640,COCDL,H.DTX,DETOX SEMI PRIVATE,DT,N,NO MATCH,0,COCDL,,,,,N,Y,None,QVO8748,2026-08-28 12:26:29.703000,corpsvcmtxcutoverrpt_sql,2026-07-27 09:12:30.097000,xrdcwddbsuip06,MTX_ACOE_Cutover_Reporting,UI_Excel_Select_Xwalk_Source_Accommodations,facility,*ALL*,QXA4067,2026-09-21 01:07:43.162000
641,COCDL,H.ECMO,ECMO,EC,Y,NO MATCH,0,COCDL,EC,ECMO,EC,Y,Y,N,None,QVO8748,2026-08-28 13:26:53.543000,corpsvcmtxcutoverrpt_sql,2026-07-27 09:12:30.097000,xrdcwddbsuip06,MTX_ACOE_Cutover_Reporting,UI_Excel_Select_Xwalk_Source_Accommodations,facility,*ALL*,QXA4067,2026-09-21 01:07:43.162000
642,COCDL,H.ERAICU,"ICU,SICU,MICU,NVICU",EI,Y,NO MATCH,3,COCDL,IC,INTENSIVE CARE,IC,Y,Y,N,None,QVO8748,2026-08-28 13:26:53.603000,corpsvcmtxcutoverrpt_sql,2026-07-27 09:12:30.097000,xrdcwddbsuip06,MTX_ACOE_Cutover_Reporting,UI_Excel_Select_Xwalk_Source_Accommodations,facility,*ALL*,QXA4067,2026-09-21 01:07:43.162000
643,COCDL,H.ERCDU,CDU,ED,Y,NO MATCH,0,COCDL,PR,PRIVATE ROOM,PR,Y,Y,N,None,QVO8748,2026-08-28 13:47:05.370000,corpsvcmtxcutoverrpt_sql,2026-07-27 09:12:30.097000,xrdcwddbsuip06,MTX_ACOE_Cutover_Reporting,UI_Excel_Select_Xwalk_Source_Accommodations,facility,*ALL*,QXA4067,2026-09-21 01:07:43.163000
644,COCDL,H.ERCM,ER MONITORED,ME,Y,NO MATCH,0,COCDL,PR,PRIVATE ROOM,PR,Y,Y,N,None,QVO8748,2026-08-28 13:47:05.427000,corpsvcmtxcutoverrpt_sql,2026-07-27 09:12:30.097000,xrdcwddbsuip06,MTX_ACOE_Cutover_Reporting,UI_Excel_Select_Xwalk_Source_Accommodations,facility,*ALL*,QXA4067,2026-09-21 01:07:43.163000
645,COCDL,H.ERCT,"6E,5E",ET,Y,NO MATCH,4,COCDL,PR,PRIVATE ROOM,PR,Y,Y,N,None,QVO8748,2026-08-28 13:47:05.480000,corpsvcmtxcutoverrpt_sql,2026-07-27 09:12:30.097000,xrdcwddbsuip06,MTX_ACOE_Cutover_Reporting,UI_Excel_Select_Xwalk_Source_Accommodations,facility,*ALL*,QXA4067,2026-09-21 01:07:43.163000
646,COCDL,H.ERMS,"8S,7S",EM,Y,NO MATCH,109,COCDL,MS,MED SURG,MS,Y,Y,N,None,QVO8748,2026-08-28 13:26:53.657000,corpsvcmtxcutoverrpt_sql,2026-07-27 09:12:30.097000,xrdcwddbsuip06,MTX_ACOE_Cutover_Reporting,UI_Excel_Select_Xwalk_Source_Accommodations,facility,*ALL*,QXA4067,2026-09-21 01:07:43.163000
647,COCDL,H.ERMTELE,"6S,5S,4S",EL,Y,NO MATCH,12,COCDL,TEL,TELEMETRY,TE,Y,Y,N,None,QVO8748,2026-08-28 13:47:05.533000,corpsvcmtxcutoverrpt_sql,2026-07-27 09:12:30.097000,xrdcwddbsuip06,MTX_ACOE_Cutover_Reporting,UI_Excel_Select_Xwalk_Source_Accommodations,facility,*ALL*,QXA4067,2026-09-21 01:07:43.163000
648,COCDL,H.ERONC,"12S,10S,9S",EO,Y,NO MATCH,12,COCDL,ONCP,ONCOLOGY PRIVATE,OP,Y,Y,N,None,QVO8748,2026-08-28 13:47:05.613000,corpsvcmtxcutoverrpt_sql,2026-07-27 09:12:30.097000,xrdcwddbsuip06,MTX_ACOE_Cutover_Reporting,UI_Excel_Select_Xwalk_Source_Accommodations,facility,*ALL*,QXA4067,2026-09-21 01:07:43.163000
649,COCDL,H.ERPICU,"PICU,CHSU,NICU",EU,Y,NO MATCH,0,COCDL,IC,INTENSIVE CARE,IC,Y,Y,N,None,QVO8748,2026-08-28 13:47:05.670000,corpsvcmtxcutoverrpt_sql,2026-07-27 09:12:30.097000,xrdcwddbsuip06,MTX_ACOE_Cutover_Reporting,UI_Excel_Select_Xwalk_Source_Accommodations,facility,*ALL*,QXA4067,2026-09-21 01:07:43.163000
650,COCDL,H.ERPMS,"6N,6D",EP,Y,NO MATCH,7,COCDL,PR,PRIVATE ROOM,PR,Y,Y,N,None,QVO8748,2026-08-28 13:47:05.727000,corpsvcmtxcutoverrpt_sql,2026-07-27 09:12:30.097000,xrdcwddbsuip06,MTX_ACOE_Cutover_Reporting,UI_Excel_Select_Xwalk_Source_Accommodations,facility,*ALL*,QXA4067,2026-09-21 01:07:43.163000
651,COCDL,H.ERPSD,ER HOLD PEDI STEPDOWN/INTERMED,ES,Y,NO MATCH,0,COCDL,PR,PRIVATE ROOM,PR,Y,Y,N,None,QVO8748,2026-08-28 13:47:05.780000,corpsvcmtxcutoverrpt_sql,2026-07-27 09:12:30.097000,xrdcwddbsuip06,MTX_ACOE_Cutover_Reporting,UI_Excel_Select_Xwalk_Source_Accommodations,facility,*ALL*,QXA4067,2026-09-21 01:07:43.163000
652,COCDL,H.ERW,"9N,8N,LD",EW,Y,NO MATCH,1,COCDL,PR,PRIVATE ROOM,PR,Y,Y,N,None,QVO8748,2026-08-28 13:47:05.833000,corpsvcmtxcutoverrpt_sql,2026-07-27 09:12:30.097000,xrdcwddbsuip06,MTX_ACOE_Cutover_Reporting,UI_Excel_Select_Xwalk_Source_Accommodations,facility,*ALL*,QXA4067,2026-09-21 01:07:43.163000
653,COCDL,H.GYNP,GYN/ENT/PLASTICS PRIVATE,GY,Y,NO MATCH,29,COCDL,PR,PRIVATE ROOM,PR,Y,Y,N,None,QVO8748,2026-08-28 13:47:05.890000,corpsvcmtxcutoverrpt_sql,2026-07-27 09:12:30.097000,xrdcwddbsuip06,MTX_ACOE_Cutover_Reporting,UI_Excel_Select_Xwalk_Source_Accommodations,facility,*ALL*,QXA4067,2026-09-21 01:07:43.163000
654,COCDL,H.GYNSIT,GYN W SITTER,GS,Y,NO MATCH,0,COCDL,PR,PRIVATE ROOM,PR,Y,Y,N,None,QVO8748,2026-08-28 13:47:05.943000,corpsvcmtxcutoverrpt_sql,2026-07-27 09:12:30.097000,xrdcwddbsuip06,MTX_ACOE_Cutover_Reporting,UI_Excel_Select_Xwalk_Source_Accommodations,facility,*ALL*,QXA4067,2026-09-21 01:07:43.163000
655,COCDL,H.I,INTENSIVE CARE,I,N,NO MATCH,0,COCDL,,,,,N,Y,None,QVO8748,2026-08-28 12:26:29.760000,corpsvcmtxcutoverrpt_sql,2026-07-27 09:12:30.097000,xrdcwddbsuip06,MTX_ACOE_Cutover_Reporting,UI_Excel_Select_Xwalk_Source_Accommodations,facility,*ALL*,QXA4067,2026-09-21 01:07:43.163000
656,COCDL,H.IC,INTENSIVE CARE,IC,Y,NO MATCH,200,COCDL,IC,INTENSIVE CARE,IC,Y,Y,N,None,QVO8748,2026-08-28 13:26:53.693000,corpsvcmtxcutoverrpt_sql,2026-07-27 09:12:30.097000,xrdcwddbsuip06,MTX_ACOE_Cutover_Reporting,UI_Excel_Select_Xwalk_Source_Accommodations,facility,*ALL*,QXA4067,2026-09-21 01:07:43.163000
657,COCDL,H.ICHA,INTENSIVE CARE HIGH ACUITY,HA,Y,NO MATCH,0,COCDL,PR,PRIVATE ROOM,PR,Y,Y,N,None,QVO8748,2026-08-28 13:47:06.037000,corpsvcmtxcutoverrpt_sql,2026-07-27 09:12:30.097000,xrdcwddbsuip06,MTX_ACOE_Cutover_Reporting,UI_Excel_Select_Xwalk_Source_Accommodations,facility,*ALL*,QXA4067,2026-09-21 01:07:43.163000
658,COCDL,H.ICSIT,IC WITH SITTER,IS,Y,NO MATCH,0,COCDL,PR,PRIVATE ROOM,PR,Y,Y,N,None,QVO8748,2026-08-28 13:47:06.090000,corpsvcmtxcutoverrpt_sql,2026-07-27 09:12:30.097000,xrdcwddbsuip06,MTX_ACOE_Cutover_Reporting,UI_Excel_Select_Xwalk_Source_Accommodations,facility,*ALL*,QXA4067,2026-09-21 01:07:43.163000
659,COCDL,H.IN,INTERMEDIATE CARE,IN,Y,NO MATCH,0,COCDL,PR,PRIVATE ROOM,PR,Y,Y,N,None,QVO8748,2026-08-28 13:47:06.150000,corpsvcmtxcutoverrpt_sql,2026-07-27 09:12:30.097000,xrdcwddbsuip06,MTX_ACOE_Cutover_Reporting,UI_Excel_Select_Xwalk_Source_Accommodations,facility,*ALL*,QXA4067,2026-09-21 01:07:43.163000
660,COCDL,H.INCHSU,INTERMEDIATE,CI,Y,NO MATCH,0,COCDL,PR,PRIVATE ROOM,PR,Y,Y,N,None,QVO8748,2026-08-28 13:47:06.203000,corpsvcmtxcutoverrpt_sql,2026-07-27 09:12:30.097000,xrdcwddbsuip06,MTX_ACOE_Cutover_Reporting,UI_Excel_Select_Xwalk_Source_Accommodations,facility,*ALL*,QXA4067,2026-09-21 01:07:43.163000
661,COCDL,H.INSIT,INTERMEDIATE WITH SITTER,RS,Y,NO MATCH,0,COCDL,PR,PRIVATE ROOM,PR,Y,Y,N,None,QVO8748,2026-08-28 13:47:06.257000,corpsvcmtxcutoverrpt_sql,2026-07-27 09:12:30.097000,xrdcwddbsuip06,MTX_ACOE_Cutover_Reporting,UI_Excel_Select_Xwalk_Source_Accommodations,facility,*ALL*,QXA4067,2026-09-21 01:07:43.163000
662,COCDL,H.IP,INTENSIVE CARE PEDI,IP,N,NO MATCH,0,COCDL,,,,,N,Y,None,QVO8748,2026-08-28 12:26:29.820000,corpsvcmtxcutoverrpt_sql,2026-07-27 09:12:30.097000,xrdcwddbsuip06,MTX_ACOE_Cutover_Reporting,UI_Excel_Select_Xwalk_Source_Accommodations,facility,*ALL*,QXA4067,2026-09-21 01:07:43.163000
663,COCDL,H.J,PRIVATE MEDICALLY JUSTIFIED,J,Y,NO MATCH,0,COCDL,PR,PRIVATE ROOM,PR,Y,Y,N,None,QVO8748,2026-08-28 13:47:06.310000,corpsvcmtxcutoverrpt_sql,2026-07-27 09:12:30.097000,xrdcwddbsuip06,MTX_ACOE_Cutover_Reporting,UI_Excel_Select_Xwalk_Source_Accommodations,facility,*ALL*,QXA4067,2026-09-21 01:07:43.163000
664,COCDL,H.KMSIA,MSEU ICU ADJUST,K1,N,NO MATCH,0,COCDL,,,,,N,Y,None,QVO8748,2026-08-28 12:26:29.870000,corpsvcmtxcutoverrpt_sql,2026-07-27 09:12:30.097000,xrdcwddbsuip06,MTX_ACOE_Cutover_Reporting,UI_Excel_Select_Xwalk_Source_Accommodations,facility,*ALL*,QXA4067,2026-09-21 01:07:43.163000
665,COCDL,H.KMSIC,MSEU ICU,K2,Y,NO MATCH,0,COCDL,IC,INTENSIVE CARE,IC,Y,Y,N,None,QVO8748,2026-08-28 13:47:06.367000,corpsvcmtxcutoverrpt_sql,2026-07-27 09:12:30.097000,xrdcwddbsuip06,MTX_ACOE_Cutover_Reporting,UI_Excel_Select_Xwalk_Source_Accommodations,facility,*ALL*,QXA4067,2026-09-21 01:07:43.163000
666,COCDL,H.KMSIPCC,MSEU ICU PVT CONSTANT CARE,KN,Y,NO MATCH,0,COCDL,PR,PRIVATE ROOM,PR,Y,Y,N,None,QVO8748,2026-08-28 13:47:06.420000,corpsvcmtxcutoverrpt_sql,2026-07-27 09:12:30.097000,xrdcwddbsuip06,MTX_ACOE_Cutover_Reporting,UI_Excel_Select_Xwalk_Source_Accommodations,facility,*ALL*,QXA4067,2026-09-21 01:07:43.163000
667,COCDL,H.KMSP,MSEU PRIVATE,KP,Y,NO MATCH,1,COCDL,PR,PRIVATE ROOM,PR,Y,Y,N,None,QVO8748,2026-08-28 13:47:06.473000,corpsvcmtxcutoverrpt_sql,2026-07-27 09:12:30.097000,xrdcwddbsuip06,MTX_ACOE_Cutover_Reporting,UI_Excel_Select_Xwalk_Source_Accommodations,facility,*ALL*,QXA4067,2026-09-21 01:07:43.163000
668,COCDL,H.KMSPCC,MSEU PRIVATE CONSTANT CARE,KC,Y,NO MATCH,0,COCDL,PR,PRIVATE ROOM,PR,Y,Y,N,None,QVO8748,2026-08-28 13:47:06.533000,corpsvcmtxcutoverrpt_sql,2026-07-27 09:12:30.097000,xrdcwddbsuip06,MTX_ACOE_Cutover_Reporting,UI_Excel_Select_Xwalk_Source_Accommodations,facility,*ALL*,QXA4067,2026-09-21 01:07:43.163000
669,COCDL,H.KMSPI,MSEU PEDI ICU,KJ,Y,NO MATCH,0,COCDL,PR,PRIVATE ROOM,PR,Y,Y,N,None,QVO8748,2026-08-28 13:47:06.617000,corpsvcmtxcutoverrpt_sql,2026-07-27 09:12:30.097000,xrdcwddbsuip06,MTX_ACOE_Cutover_Reporting,UI_Excel_Select_Xwalk_Source_Accommodations,facility,*ALL*,QXA4067,2026-09-21 01:07:43.163000
670,COCDL,H.KMSPINM,MSEU PEDI MONITORED,KY,Y,NO MATCH,0,COCDL,PR,PRIVATE ROOM,PR,Y,Y,N,None,QVO8748,2026-08-28 13:47:06.673000,corpsvcmtxcutoverrpt_sql,2026-07-27 09:12:30.097000,xrdcwddbsuip06,MTX_ACOE_Cutover_Reporting,UI_Excel_Select_Xwalk_Source_Accommodations,facility,*ALL*,QXA4067,2026-09-21 01:07:43.164000
671,COCDL,H.KMSPINT,MSEU PEDI INTERMEDIATE,KK,Y,NO MATCH,0,COCDL,PR,PRIVATE ROOM,PR,Y,Y,N,None,QVO8748,2026-08-28 13:47:06.730000,corpsvcmtxcutoverrpt_sql,2026-07-27 09:12:30.097000,xrdcwddbsuip06,MTX_ACOE_Cutover_Reporting,UI_Excel_Select_Xwalk_Source_Accommodations,facility,*ALL*,QXA4067,2026-09-21 01:07:43.164000
672,COCDL,H.KMSPP,MSEU PEDI PVT,KQ,Y,NO MATCH,0,COCDL,PR,PRIVATE ROOM,PR,Y,Y,N,None,QVO8748,2026-08-28 13:47:06.780000,corpsvcmtxcutoverrpt_sql,2026-07-27 09:12:30.097000,xrdcwddbsuip06,MTX_ACOE_Cutover_Reporting,UI_Excel_Select_Xwalk_Source_Accommodations,facility,*ALL*,QXA4067,2026-09-21 01:07:43.164000
673,COCDL,H.KMSPPM,MSEU PRIVATE MONITORED,KZ,Y,NO MATCH,0,COCDL,PR,PRIVATE ROOM,PR,Y,Y,N,None,QVO8748,2026-08-28 13:47:06.853000,corpsvcmtxcutoverrpt_sql,2026-07-27 09:12:30.097000,xrdcwddbsuip06,MTX_ACOE_Cutover_Reporting,UI_Excel_Select_Xwalk_Source_Accommodations,facility,*ALL*,QXA4067,2026-09-21 01:07:43.164000
674,COCDL,H.KMSPPT,MSEU PRIVATE W/TELEMETRY,KT,Y,NO MATCH,0,COCDL,PR,PRIVATE ROOM,PR,Y,Y,N,None,QVO8748,2026-08-28 13:47:06.907000,corpsvcmtxcutoverrpt_sql,2026-07-27 09:12:30.097000,xrdcwddbsuip06,MTX_ACOE_Cutover_Reporting,UI_Excel_Select_Xwalk_Source_Accommodations,facility,*ALL*,QXA4067,2026-09-21 01:07:43.164000
675,COCDL,H.KMSPTCC,MSEU PVT TELEMETRY CONST CARE,KM,Y,NO MATCH,0,COCDL,PR,PRIVATE ROOM,PR,Y,Y,N,None,QVO8748,2026-08-28 13:47:06.963000,corpsvcmtxcutoverrpt_sql,2026-07-27 09:12:30.097000,xrdcwddbsuip06,MTX_ACOE_Cutover_Reporting,UI_Excel_Select_Xwalk_Source_Accommodations,facility,*ALL*,QXA4067,2026-09-21 01:07:43.164000
676,COCDL,H.KMSPTMC,MSEU PRIVATE MONITORED SITTER,K9,Y,NO MATCH,0,COCDL,PR,PRIVATE ROOM,PR,Y,Y,N,None,QVO8748,2026-08-28 13:47:07.020000,corpsvcmtxcutoverrpt_sql,2026-07-27 09:12:30.097000,xrdcwddbsuip06,MTX_ACOE_Cutover_Reporting,UI_Excel_Select_Xwalk_Source_Accommodations,facility,*ALL*,QXA4067,2026-09-21 01:07:43.164000
677,COCDL,H.KMSSCC,MSEU SEMI-PVT CONSTANT CARE,KL,Y,NO MATCH,0,COCDL,PR,PRIVATE ROOM,PR,Y,Y,N,None,QVO8748,2026-08-28 13:47:07.073000,corpsvcmtxcutoverrpt_sql,2026-07-27 09:12:30.097000,xrdcwddbsuip06,MTX_ACOE_Cutover_Reporting,UI_Excel_Select_Xwalk_Source_Accommodations,facility,*ALL*,QXA4067,2026-09-21 01:07:43.164000
678,COCDL,H.KMSSP,MSEU SEMI-PRIVATE,KS,Y,NO MATCH,0,COCDL,PR,PRIVATE ROOM,PR,Y,Y,N,None,QVO8748,2026-08-28 13:47:07.127000,corpsvcmtxcutoverrpt_sql,2026-07-27 09:12:30.097000,xrdcwddbsuip06,MTX_ACOE_Cutover_Reporting,UI_Excel_Select_Xwalk_Source_Accommodations,facility,*ALL*,QXA4067,2026-09-21 01:07:43.164000
679,COCDL,H.KMSST,MSEU SEMI-PRIVATE W/TELEMETRY,KU,Y,NO MATCH,0,COCDL,PR,PRIVATE ROOM,PR,Y,Y,N,None,QVO8748,2026-08-28 13:47:07.180000,corpsvcmtxcutoverrpt_sql,2026-07-27 09:12:30.097000,xrdcwddbsuip06,MTX_ACOE_Cutover_Reporting,UI_Excel_Select_Xwalk_Source_Accommodations,facility,*ALL*,QXA4067,2026-09-21 01:07:43.164000
680,COCDL,H.KPPCC,PEDI PVT CONSTANT CARE,KR,Y,NO MATCH,0,COCDL,PR,PRIVATE ROOM,PR,Y,Y,N,None,QVO8748,2026-08-28 13:47:07.237000,corpsvcmtxcutoverrpt_sql,2026-07-27 09:12:30.097000,xrdcwddbsuip06,MTX_ACOE_Cutover_Reporting,UI_Excel_Select_Xwalk_Source_Accommodations,facility,*ALL*,QXA4067,2026-09-21 01:07:43.164000
681,COCDL,H.KPPICC,PEDI PVT INTERMED CONST CARE,KV,Y,NO MATCH,0,COCDL,PR,PRIVATE ROOM,PR,Y,Y,N,None,QVO8748,2026-08-28 13:47:07.290000,corpsvcmtxcutoverrpt_sql,2026-07-27 09:12:30.097000,xrdcwddbsuip06,MTX_ACOE_Cutover_Reporting,UI_Excel_Select_Xwalk_Source_Accommodations,facility,*ALL*,QXA4067,2026-09-21 01:07:43.164000
682,COCDL,H.KPPICM,PEDI PRIVATE MONITORED SITTER,K8,Y,NO MATCH,0,COCDL,PR,PRIVATE ROOM,PR,Y,Y,N,None,QVO8748,2026-08-28 13:47:07.350000,corpsvcmtxcutoverrpt_sql,2026-07-27 09:12:30.097000,xrdcwddbsuip06,MTX_ACOE_Cutover_Reporting,UI_Excel_Select_Xwalk_Source_Accommodations,facility,*ALL*,QXA4067,2026-09-21 01:07:43.164000
683,COCDL,H.KPPIT,PEDI PVT ICU W/MONITORING,KW,Y,NO MATCH,0,COCDL,PR,PRIVATE ROOM,PR,Y,Y,N,None,QVO8748,2026-08-28 13:47:07.403000,corpsvcmtxcutoverrpt_sql,2026-07-27 09:12:30.097000,xrdcwddbsuip06,MTX_ACOE_Cutover_Reporting,UI_Excel_Select_Xwalk_Source_Accommodations,facility,*ALL*,QXA4067,2026-09-21 01:07:43.164000
684,COCDL,H.L1,NEWBORN LEVEL I,D1,Y,NO MATCH,0,COCDL,L1,NEWBORN LEVEL I CARE,L1,Y,Y,N,None,QVO8748,2026-08-28 13:47:07.460000,corpsvcmtxcutoverrpt_sql,2026-07-27 09:12:30.097000,xrdcwddbsuip06,MTX_ACOE_Cutover_Reporting,UI_Excel_Select_Xwalk_Source_Accommodations,facility,*ALL*,QXA4067,2026-09-21 01:07:43.164000
685,COCDL,H.L2,NEONATAL INTERMED (L2),D2,Y,NO MATCH,0,COCDL,L2,NEWBORN LEVEL II CARE,L2,Y,Y,N,None,QVO8748,2026-08-28 13:47:07.513000,corpsvcmtxcutoverrpt_sql,2026-07-27 09:12:30.097000,xrdcwddbsuip06,MTX_ACOE_Cutover_Reporting,UI_Excel_Select_Xwalk_Source_Accommodations,facility,*ALL*,QXA4067,2026-09-21 01:07:43.164000
686,COCDL,H.L3,NEONATAL ACUTE (L3),D3,Y,NO MATCH,2,COCDL,L3,NEWBORN LEVEL III CARE,L3,Y,Y,N,None,QVO8748,2026-08-28 13:47:07.597000,corpsvcmtxcutoverrpt_sql,2026-07-27 09:12:30.097000,xrdcwddbsuip06,MTX_ACOE_Cutover_Reporting,UI_Excel_Select_Xwalk_Source_Accommodations,facility,*ALL*,QXA4067,2026-09-21 01:07:43.164000
687,COCDL,H.L4,NEONATAL ICU (L4),D4,Y,NO MATCH,0,COCDL,L4,NEWBORN LEVEL IV CARE,L4,Y,Y,N,None,QVO8748,2026-08-28 13:47:07.653000,corpsvcmtxcutoverrpt_sql,2026-07-27 09:12:30.097000,xrdcwddbsuip06,MTX_ACOE_Cutover_Reporting,UI_Excel_Select_Xwalk_Source_Accommodations,facility,*ALL*,QXA4067,2026-09-21 01:07:43.164000
688,COCDL,H.MCHSU,MONITORED CHSU,MC,Y,NO MATCH,0,COCDL,PR,PRIVATE ROOM,PR,Y,Y,N,None,QVO8748,2026-08-28 13:47:07.707000,corpsvcmtxcutoverrpt_sql,2026-07-27 09:12:30.097000,xrdcwddbsuip06,MTX_ACOE_Cutover_Reporting,UI_Excel_Select_Xwalk_Source_Accommodations,facility,*ALL*,QXA4067,2026-09-21 01:07:43.164000
689,COCDL,H.MP,MONITORED PRIVATE,PM,Y,NO MATCH,4,COCDL,PR,PRIVATE ROOM,PR,Y,Y,N,None,QVO8748,2026-08-28 13:47:07.763000,corpsvcmtxcutoverrpt_sql,2026-07-27 09:12:30.097000,xrdcwddbsuip06,MTX_ACOE_Cutover_Reporting,UI_Excel_Select_Xwalk_Source_Accommodations,facility,*ALL*,QXA4067,2026-09-21 01:07:43.164000
690,COCDL,H.MPSIT,MONITORED PRIVATE W/SITTER,MI,Y,NO MATCH,0,COCDL,PR,PRIVATE ROOM,PR,Y,Y,N,None,QVO8748,2026-08-28 13:47:07.820000,corpsvcmtxcutoverrpt_sql,2026-07-27 09:12:30.097000,xrdcwddbsuip06,MTX_ACOE_Cutover_Reporting,UI_Excel_Select_Xwalk_Source_Accommodations,facility,*ALL*,QXA4067,2026-09-21 01:07:43.164000
691,COCDL,H.MS,MONITORED SEMI-PRIVATE,M2,N,NO MATCH,0,COCDL,,,,,N,Y,None,QVO8748,2026-08-28 12:26:29.923000,corpsvcmtxcutoverrpt_sql,2026-07-27 09:12:30.097000,xrdcwddbsuip06,MTX_ACOE_Cutover_Reporting,UI_Excel_Select_Xwalk_Source_Accommodations,facility,*ALL*,QXA4067,2026-09-21 01:07:43.164000
692,COCDL,H.MSP,MED/SURG PRIVATE,SM,Y,NO MATCH,0,COCDL,PR,PRIVATE ROOM,PR,Y,Y,N,None,QVO8748,2026-08-28 13:47:07.873000,corpsvcmtxcutoverrpt_sql,2026-07-27 09:12:30.097000,xrdcwddbsuip06,MTX_ACOE_Cutover_Reporting,UI_Excel_Select_Xwalk_Source_Accommodations,facility,*ALL*,QXA4067,2026-09-21 01:07:43.164000
693,COCDL,H.MSPSIT,MONITORED SEMIPVT W/SITTER,SX,Y,NO MATCH,0,COCDL,PR,PRIVATE ROOM,PR,Y,Y,N,None,QVO8748,2026-08-28 13:47:07.927000,corpsvcmtxcutoverrpt_sql,2026-07-27 09:12:30.097000,xrdcwddbsuip06,MTX_ACOE_Cutover_Reporting,UI_Excel_Select_Xwalk_Source_Accommodations,facility,*ALL*,QXA4067,2026-09-21 01:07:43.164000
694,COCDL,H.MSSIT,MONITORED SEMI-PRIVATE,M3,Y,NO MATCH,0,COCDL,PR,PRIVATE ROOM,PR,Y,Y,N,None,QVO8748,2026-08-28 13:47:08.007000,corpsvcmtxcutoverrpt_sql,2026-07-27 09:12:30.097000,xrdcwddbsuip06,MTX_ACOE_Cutover_Reporting,UI_Excel_Select_Xwalk_Source_Accommodations,facility,*ALL*,QXA4067,2026-09-21 01:07:43.164000
695,COCDL,H.N1,NICU LEVEL 1,I1,N,NO MATCH,0,COCDL,,,,,N,Y,None,QVO8748,2026-08-28 12:26:30.027000,corpsvcmtxcutoverrpt_sql,2026-07-27 09:12:30.097000,xrdcwddbsuip06,MTX_ACOE_Cutover_Reporting,UI_Excel_Select_Xwalk_Source_Accommodations,facility,*ALL*,QXA4067,2026-09-21 01:07:43.164000
696,COCDL,H.N2,NICU LEVEL 2,I2,N,NO MATCH,0,COCDL,,,,,N,Y,None,QVO8748,2026-08-28 12:26:30.083000,corpsvcmtxcutoverrpt_sql,2026-07-27 09:12:30.097000,xrdcwddbsuip06,MTX_ACOE_Cutover_Reporting,UI_Excel_Select_Xwalk_Source_Accommodations,facility,*ALL*,QXA4067,2026-09-21 01:07:43.164000
697,COCDL,H.N3,NICU LEVEL 3,I3,N,NO MATCH,0,COCDL,,,,,N,Y,None,QVO8748,2026-08-28 12:26:30.137000,corpsvcmtxcutoverrpt_sql,2026-07-27 09:12:30.097000,xrdcwddbsuip06,MTX_ACOE_Cutover_Reporting,UI_Excel_Select_Xwalk_Source_Accommodations,facility,*ALL*,QXA4067,2026-09-21 01:07:43.164000
698,COCDL,H.NB,NEWBORN BASIC CARE,NB,Y,NO MATCH,1,COCDL,L1,NEWBORN LEVEL I CARE,L1,Y,Y,N,None,QVO8748,2026-08-28 13:47:08.060000,corpsvcmtxcutoverrpt_sql,2026-07-27 09:12:30.097000,xrdcwddbsuip06,MTX_ACOE_Cutover_Reporting,UI_Excel_Select_Xwalk_Source_Accommodations,facility,*ALL*,QXA4067,2026-09-21 01:07:43.165000
699,COCDL,H.NBII,NEONATAL INTERMED (LEVEL II),N2,N,NO MATCH,0,COCDL,,,,,N,Y,None,QVO8748,2026-08-28 12:26:30.190000,corpsvcmtxcutoverrpt_sql,2026-07-27 09:12:30.097000,xrdcwddbsuip06,MTX_ACOE_Cutover_Reporting,UI_Excel_Select_Xwalk_Source_Accommodations,facility,*ALL*,QXA4067,2026-09-21 01:07:43.165000
700,COCDL,H.NBIII,NEONATAL ACUTE (LEVEL III),N3,N,NO MATCH,0,COCDL,,,,,N,Y,None,QVO8748,2026-08-28 12:26:30.243000,corpsvcmtxcutoverrpt_sql,2026-07-27 09:12:30.097000,xrdcwddbsuip06,MTX_ACOE_Cutover_Reporting,UI_Excel_Select_Xwalk_Source_Accommodations,facility,*ALL*,QXA4067,2026-09-21 01:07:43.165000
701,COCDL,H.NBIV,NEONATAL ICU (Level IV),N4,N,NO MATCH,0,COCDL,,,,,N,Y,None,QVO8748,2026-08-28 12:26:30.300000,corpsvcmtxcutoverrpt_sql,2026-07-27 09:12:30.097000,xrdcwddbsuip06,MTX_ACOE_Cutover_Reporting,UI_Excel_Select_Xwalk_Source_Accommodations,facility,*ALL*,QXA4067,2026-09-21 01:07:43.165000
702,COCDL,H.NI,(DO NOT USE) NSY INTERMEDIATE,NI,N,NO MATCH,0,COCDL,,,,,N,Y,None,QVO8748,2026-08-28 12:26:30.350000,corpsvcmtxcutoverrpt_sql,2026-07-27 09:12:30.097000,xrdcwddbsuip06,MTX_ACOE_Cutover_Reporting,UI_Excel_Select_Xwalk_Source_Accommodations,facility,*ALL*,QXA4067,2026-09-21 01:07:43.165000
703,COCDL,H.NS,NURSERY,NS,N,NO MATCH,0,COCDL,,,,,N,Y,None,QVO8748,2026-08-28 12:26:30.407000,corpsvcmtxcutoverrpt_sql,2026-07-27 09:12:30.097000,xrdcwddbsuip06,MTX_ACOE_Cutover_Reporting,UI_Excel_Select_Xwalk_Source_Accommodations,facility,*ALL*,QXA4067,2026-09-21 01:07:43.165000
704,COCDL,H.OBP,OB/POSTPARTUM PRIVATE,OB,Y,NO MATCH,296,COCDL,PR,PRIVATE ROOM,PR,Y,Y,N,None,QVO8748,2026-08-28 13:47:08.113000,corpsvcmtxcutoverrpt_sql,2026-07-27 09:12:30.097000,xrdcwddbsuip06,MTX_ACOE_Cutover_Reporting,UI_Excel_Select_Xwalk_Source_Accommodations,facility,*ALL*,QXA4067,2026-09-21 01:07:43.165000
705,COCDL,H.OBSIT,OB PRIVATE W SITTER,OS,Y,NO MATCH,0,COCDL,PR,PRIVATE ROOM,PR,Y,Y,N,None,QVO8748,2026-08-28 13:47:08.167000,corpsvcmtxcutoverrpt_sql,2026-07-27 09:12:30.097000,xrdcwddbsuip06,MTX_ACOE_Cutover_Reporting,UI_Excel_Select_Xwalk_Source_Accommodations,facility,*ALL*,QXA4067,2026-09-21 01:07:43.165000
706,COCDL,H.P,PRIVATE,P,Y,NO MATCH,1018,COCDL,PR,PRIVATE ROOM,PR,Y,Y,N,None,QVO8748,2026-08-28 13:26:53.730000,corpsvcmtxcutoverrpt_sql,2026-07-27 09:12:30.097000,xrdcwddbsuip06,MTX_ACOE_Cutover_Reporting,UI_Excel_Select_Xwalk_Source_Accommodations,facility,*ALL*,QXA4067,2026-09-21 01:07:43.165000
707,COCDL,H.PC,PROGRESSIVE CARE UNIT,PC,Y,NO MATCH,21,COCDL,PR,PRIVATE ROOM,PR,Y,Y,N,None,QVO8748,2026-08-28 13:47:08.223000,corpsvcmtxcutoverrpt_sql,2026-07-27 09:12:30.097000,xrdcwddbsuip06,MTX_ACOE_Cutover_Reporting,UI_Excel_Select_Xwalk_Source_Accommodations,facility,*ALL*,QXA4067,2026-09-21 01:07:43.165000
708,COCDL,H.PCHSU,PRIVATE,CP,Y,NO MATCH,1,COCDL,PR,PRIVATE ROOM,PR,Y,Y,N,None,QVO8748,2026-08-28 13:47:08.277000,corpsvcmtxcutoverrpt_sql,2026-07-27 09:12:30.097000,xrdcwddbsuip06,MTX_ACOE_Cutover_Reporting,UI_Excel_Select_Xwalk_Source_Accommodations,facility,*ALL*,QXA4067,2026-09-21 01:07:43.165000
709,COCDL,H.PCM,MONITORED CARDIAC PRIVATE,MT,Y,NO MATCH,0,COCDL,PR,PRIVATE ROOM,PR,Y,Y,N,None,QVO8748,2026-08-28 13:47:08.330000,corpsvcmtxcutoverrpt_sql,2026-07-27 09:12:30.097000,xrdcwddbsuip06,MTX_ACOE_Cutover_Reporting,UI_Excel_Select_Xwalk_Source_Accommodations,facility,*ALL*,QXA4067,2026-09-21 01:07:43.165000
710,COCDL,H.PCT,TELEMETRY PRIVATE,CT,Y,NO MATCH,0,COCDL,PR,PRIVATE ROOM,PR,Y,Y,N,None,QVO8748,2026-08-28 13:47:08.383000,corpsvcmtxcutoverrpt_sql,2026-07-27 09:12:30.097000,xrdcwddbsuip06,MTX_ACOE_Cutover_Reporting,UI_Excel_Select_Xwalk_Source_Accommodations,facility,*ALL*,QXA4067,2026-09-21 01:07:43.165000
711,COCDL,H.PEDIC,PEDIATRIC INTENSIVE CARE,PI,Y,NO MATCH,4,COCDL,PIC,PEDIATRIC INTENSIVE CARE,PI,Y,Y,N,None,QVO8748,2026-08-28 13:26:53.757000,corpsvcmtxcutoverrpt_sql,2026-07-27 09:12:30.097000,xrdcwddbsuip06,MTX_ACOE_Cutover_Reporting,UI_Excel_Select_Xwalk_Source_Accommodations,facility,*ALL*,QXA4067,2026-09-21 01:07:43.165000
712,COCDL,H.PEDIN,PEDIATRIC INTERMEDIATE,PN,Y,NO MATCH,0,COCDL,PR,PRIVATE ROOM,PR,Y,Y,N,None,QVO8748,2026-08-28 13:47:08.437000,corpsvcmtxcutoverrpt_sql,2026-07-27 09:12:30.097000,xrdcwddbsuip06,MTX_ACOE_Cutover_Reporting,UI_Excel_Select_Xwalk_Source_Accommodations,facility,*ALL*,QXA4067,2026-09-21 01:07:43.165000
713,COCDL,H.PEDP,PEDIATRICS PRIVATE,PP,Y,NO MATCH,0,COCDL,PP,PEDIATRIC PRIVATE,PP,Y,Y,N,None,QVO8748,2026-08-28 13:26:53.800000,corpsvcmtxcutoverrpt_sql,2026-07-27 09:12:30.097000,xrdcwddbsuip06,MTX_ACOE_Cutover_Reporting,UI_Excel_Select_Xwalk_Source_Accommodations,facility,*ALL*,QXA4067,2026-09-21 01:07:43.165000
714,COCDL,H.PEDS,PEDIATRICS SEMI PRIVATE,PD,Y,NO MATCH,30,COCDL,PP,PEDIATRIC PRIVATE,PP,Y,Y,N,None,QVO8748,2026-08-28 13:47:08.490000,corpsvcmtxcutoverrpt_sql,2026-07-27 09:12:30.097000,xrdcwddbsuip06,MTX_ACOE_Cutover_Reporting,UI_Excel_Select_Xwalk_Source_Accommodations,facility,*ALL*,QXA4067,2026-09-21 01:07:43.165000
715,COCDL,H.PSIT,PRIVATE WITH SITTER,PR,Y,NO MATCH,0,COCDL,PR,PRIVATE ROOM,PR,Y,Y,N,None,QVO8748,2026-08-28 13:47:08.587000,corpsvcmtxcutoverrpt_sql,2026-07-27 09:12:30.097000,xrdcwddbsuip06,MTX_ACOE_Cutover_Reporting,UI_Excel_Select_Xwalk_Source_Accommodations,facility,*ALL*,QXA4067,2026-09-21 01:07:43.165000
716,COCDL,H.PSY,ADULT PSYCHIATRIC SEMI PRIVATE,PS,N,NO MATCH,0,COCDL,,,,,N,Y,None,QVO8748,2026-08-28 12:26:30.460000,corpsvcmtxcutoverrpt_sql,2026-07-27 09:12:30.097000,xrdcwddbsuip06,MTX_ACOE_Cutover_Reporting,UI_Excel_Select_Xwalk_Source_Accommodations,facility,*ALL*,QXA4067,2026-09-21 01:07:43.165000
717,COCDL,H.RIC,Renal ICU,RC,Y,NO MATCH,0,COCDL,IC,INTENSIVE CARE,IC,Y,Y,N,None,QVO8748,2026-09-15 09:04:07.677000,corpsvcmtxcutoverrpt_sql,2026-07-27 09:12:30.097000,xrdcwddbsuip06,MTX_ACOE_Cutover_Reporting,UI_Excel_Select_Xwalk_Source_Accommodations,facility,*ALL*,QXA4067,2026-09-21 01:07:43.165000
718,COCDL,H.RIN,RENAL INTERMEDIATE,RI,Y,NO MATCH,17,COCDL,PC,PROGRESSIVE CARE,PC,Y,Y,N,None,QVO8748,2026-08-28 13:26:53.827000,corpsvcmtxcutoverrpt_sql,2026-07-27 09:12:30.097000,xrdcwddbsuip06,MTX_ACOE_Cutover_Reporting,UI_Excel_Select_Xwalk_Source_Accommodations,facility,*ALL*,QXA4067,2026-09-21 01:07:43.165000
719,COCDL,H.RP,RENAL PRIVATE,RP,Y,NO MATCH,58,COCDL,PR,PRIVATE ROOM,PR,Y,Y,N,None,QVO8748,2026-09-15 09:04:07.707000,corpsvcmtxcutoverrpt_sql,2026-07-27 09:12:30.097000,xrdcwddbsuip06,MTX_ACOE_Cutover_Reporting,UI_Excel_Select_Xwalk_Source_Accommodations,facility,*ALL*,QXA4067,2026-09-21 01:07:43.165000
720,COCDL,H.SP,SEMI PRIVATE,S,Y,NO MATCH,1,COCDL,SP,SEMI PRIVATE ROOM,SP,Y,Y,N,None,QVO8748,2026-08-28 13:26:53.860000,corpsvcmtxcutoverrpt_sql,2026-07-27 09:12:30.097000,xrdcwddbsuip06,MTX_ACOE_Cutover_Reporting,UI_Excel_Select_Xwalk_Source_Accommodations,facility,*ALL*,QXA4067,2026-09-21 01:07:43.165000
721,COCDL,H.SPSIT,SEMI-PRIVATE WITH SITTER,SR,Y,NO MATCH,0,COCDL,PR,PRIVATE ROOM,PR,Y,Y,N,None,QVO8748,2026-08-28 13:47:08.643000,corpsvcmtxcutoverrpt_sql,2026-07-27 09:12:30.097000,xrdcwddbsuip06,MTX_ACOE_Cutover_Reporting,UI_Excel_Select_Xwalk_Source_Accommodations,facility,*ALL*,QXA4067,2026-09-21 01:07:43.165000
722,COCDL,H.STEMIC,STEM CELL IC,SI,Y,NO MATCH,0,COCDL,PR,PRIVATE ROOM,PR,Y,Y,N,None,QVO8748,2026-08-28 13:47:08.697000,corpsvcmtxcutoverrpt_sql,2026-07-27 09:12:30.097000,xrdcwddbsuip06,MTX_ACOE_Cutover_Reporting,UI_Excel_Select_Xwalk_Source_Accommodations,facility,*ALL*,QXA4067,2026-09-21 01:07:43.165000
723,COCDL,H.STEMP,STEM CELL PRIVATE,SP,Y,NO MATCH,0,COCDL,ONCP,ONCOLOGY PRIVATE,OP,Y,Y,N,None,QVO8748,2026-08-28 13:26:53.933000,corpsvcmtxcutoverrpt_sql,2026-07-27 09:12:30.097000,xrdcwddbsuip06,MTX_ACOE_Cutover_Reporting,UI_Excel_Select_Xwalk_Source_Accommodations,facility,*ALL*,QXA4067,2026-09-21 01:07:43.165000
724,COCDL,H.STEMSP,STEM CELL SEMI PRIVATE,SS,Y,NO MATCH,0,COCDL,PR,PRIVATE ROOM,PR,Y,Y,N,None,QVO8748,2026-08-28 13:47:08.750000,corpsvcmtxcutoverrpt_sql,2026-07-27 09:12:30.097000,xrdcwddbsuip06,MTX_ACOE_Cutover_Reporting,UI_Excel_Select_Xwalk_Source_Accommodations,facility,*ALL*,QXA4067,2026-09-21 01:07:43.165000
725,COCDL,H.STEMTP,STEM CELL TELE PRIVATE,ST,Y,NO MATCH,0,COCDL,PR,PRIVATE ROOM,PR,Y,Y,N,None,QVO8748,2026-08-28 13:47:08.803000,corpsvcmtxcutoverrpt_sql,2026-07-27 09:12:30.097000,xrdcwddbsuip06,MTX_ACOE_Cutover_Reporting,UI_Excel_Select_Xwalk_Source_Accommodations,facility,*ALL*,QXA4067,2026-09-21 01:07:43.165000
726,COCDL,H.TP,TELEMENTRY PRIVATE,TP,Y,NO MATCH,135,COCDL,TEL,TELEMETRY,TE,Y,Y,N,None,QVO8748,2026-08-28 13:26:54,corpsvcmtxcutoverrpt_sql,2026-07-27 09:12:30.097000,xrdcwddbsuip06,MTX_ACOE_Cutover_Reporting,UI_Excel_Select_Xwalk_Source_Accommodations,facility,*ALL*,QXA4067,2026-09-21 01:07:43.165000
727,COCDL,H.TPSIT,TELEMETRY WITH SITTER,TI,Y,NO MATCH,0,COCDL,PR,PRIVATE ROOM,PR,Y,Y,N,None,QVO8748,2026-08-28 13:47:08.860000,corpsvcmtxcutoverrpt_sql,2026-07-27 09:12:30.097000,xrdcwddbsuip06,MTX_ACOE_Cutover_Reporting,UI_Excel_Select_Xwalk_Source_Accommodations,facility,*ALL*,QXA4067,2026-09-21 01:07:43.165000
728,COCDL,H.TRAUMA,Intensive Care Trauma,TR,Y,NO MATCH,4,COCDL,TRIC,TRAUMA INTENSIVE CARE,TI,Y,Y,N,None,QVO8748,2026-08-28 13:26:54.027000,corpsvcmtxcutoverrpt_sql,2026-07-27 09:12:30.097000,xrdcwddbsuip06,MTX_ACOE_Cutover_Reporting,UI_Excel_Select_Xwalk_Source_Accommodations,facility,*ALL*,QXA4067,2026-09-21 01:07:43.166000
729,COCDL,H.TS,TELEMENTRY SEMI-PRIVATE,TS,Y,NO MATCH,0,COCDL,PR,PRIVATE ROOM,PR,Y,Y,N,None,QVO8748,2026-08-28 13:47:08.913000,corpsvcmtxcutoverrpt_sql,2026-07-27 09:12:30.097000,xrdcwddbsuip06,MTX_ACOE_Cutover_Reporting,UI_Excel_Select_Xwalk_Source_Accommodations,facility,*ALL*,QXA4067,2026-09-21 01:07:43.166000
730,COCDL,H.TSSIT,TELEMETRY SEMI SITTER,TT,Y,NO MATCH,0,COCDL,PR,PRIVATE ROOM,PR,Y,Y,N,None,QVO8748,2026-08-28 13:47:08.987000,corpsvcmtxcutoverrpt_sql,2026-07-27 09:12:30.097000,xrdcwddbsuip06,MTX_ACOE_Cutover_Reporting,UI_Excel_Select_Xwalk_Source_Accommodations,facility,*ALL*,QXA4067,2026-09-21 01:07:43.166000
731,COCDL,H.W,WARD,W,N,NO MATCH,0,COCDL,,,,,N,Y,None,QVO8748,2026-08-28 12:26:30.510000,corpsvcmtxcutoverrpt_sql,2026-07-27 09:12:30.097000,xrdcwddbsuip06,MTX_ACOE_Cutover_Reporting,UI_Excel_Select_Xwalk_Source_Accommodations,facility,*ALL*,QXA4067,2026-09-21 01:07:43.166000
732,COCDL,L1,NEWBORN LEVEL 1,L1,Y,NO MATCH,139,COCDL,L1,NEWBORN LEVEL I CARE,L1,Y,Y,N,None,QVO8748,2026-08-28 13:26:54.060000,corpsvcmtxcutoverrpt_sql,2026-07-27 09:12:30.097000,xrdcwddbsuip06,MTX_ACOE_Cutover_Reporting,UI_Excel_Select_Xwalk_Source_Accommodations,facility,*ALL*,QXA4067,2026-09-21 01:07:43.166000
733,COCDL,L2,NEWBORN LEVEL 2,L2,Y,NO MATCH,182,COCDL,L2,NEWBORN LEVEL II CARE,L2,Y,Y,N,None,QVO8748,2026-08-28 13:26:54.103000,corpsvcmtxcutoverrpt_sql,2026-07-27 09:12:30.097000,xrdcwddbsuip06,MTX_ACOE_Cutover_Reporting,UI_Excel_Select_Xwalk_Source_Accommodations,facility,*ALL*,QXA4067,2026-09-21 01:07:43.166000
734,COCDL,L3,NEWBORN LEVEL 3,L3,Y,NO MATCH,61,COCDL,L3,NEWBORN LEVEL III CARE,L3,Y,Y,N,None,QVO8748,2026-08-28 13:26:54.137000,corpsvcmtxcutoverrpt_sql,2026-07-27 09:12:30.097000,xrdcwddbsuip06,MTX_ACOE_Cutover_Reporting,UI_Excel_Select_Xwalk_Source_Accommodations,facility,*ALL*,QXA4067,2026-09-21 01:07:43.166000
735,COCDL,L4,NEWBORN LEVEL 4,L4,Y,NO MATCH,45,COCDL,L4,NEWBORN LEVEL IV CARE,L4,Y,Y,N,None,QVO8748,2026-08-28 13:26:54.197000,corpsvcmtxcutoverrpt_sql,2026-07-27 09:12:30.097000,xrdcwddbsuip06,MTX_ACOE_Cutover_Reporting,UI_Excel_Select_Xwalk_Source_Accommodations,facility,*ALL*,QXA4067,2026-09-21 01:07:43.166000
736,COCDL,XMU,EXCHANGE CLINICAL DATA CODE,XM,Y,NO MATCH,0,COCDL,,,,,N,N,None,,,corpsvcmtxcutoverrpt_sql,2026-07-27 09:12:30.097000,xrdcwddbsuip06,MTX_ACOE_Cutover_Reporting,UI_Excel_Select_Xwalk_Source_Accommodations,facility,*ALL*,QXA4067,2026-09-21 01:07:43.166000
737,COCDR,G.ADT PSY,ADULT PSYCH UNIT,AP,N,NO MATCH,0,COCDR,,,,,N,Y,None,FAK3017,2026-04-17 13:08:59.680000,corpsvcmtxcutoverrpt_sql,2026-04-13 16:43:36.060000,xrdcwddbsuip06,MTX_ACOE_Cutover_Reporting,UI_Excel_Select_Xwalk_Source_Accommodations,facility,*ALL*,QXA4067,2026-09-21 01:07:43.166000
738,COCDR,G.ADTPSYL,ADULT DAY PSYCH (LEWISVILLE),AL,N,NO MATCH,0,COCDR,,,,,N,Y,None,FAK3017,2026-04-17 13:08:59.710000,corpsvcmtxcutoverrpt_sql,2026-04-13 16:43:36.060000,xrdcwddbsuip06,MTX_ACOE_Cutover_Reporting,UI_Excel_Select_Xwalk_Source_Accommodations,facility,*ALL*,QXA4067,2026-09-21 01:07:43.166000
739,COCDR,G.ADULTPSY,ADULT DAY PSYCH FLOW CAMPUS,AF,N,NO MATCH,0,COCDR,,,,,N,Y,None,FAK3017,2026-04-17 13:08:59.737000,corpsvcmtxcutoverrpt_sql,2026-04-13 16:43:36.060000,xrdcwddbsuip06,MTX_ACOE_Cutover_Reporting,UI_Excel_Select_Xwalk_Source_Accommodations,facility,*ALL*,QXA4067,2026-09-21 01:07:43.166000
740,COCDR,G.ARGHLD,ARGYLE SURGICAL ED HOLD,SH,Y,NO MATCH,1,COCDR,MS,MED SURG,MS,Y,Y,N,None,QVO8748,2026-07-29 09:18:38.717000,corpsvcmtxcutoverrpt_sql,2026-04-13 16:43:36.060000,xrdcwddbsuip06,MTX_ACOE_Cutover_Reporting,UI_Excel_Select_Xwalk_Source_Accommodations,facility,*ALL*,QXA4067,2026-09-21 01:07:43.166000
741,COCDR,G.ARGSURG,ARGYLE POST SURGICAL UNIT,AS,Y,NO MATCH,0,COCDR,MS,MED SURG,MS,Y,Y,N,None,QVO8748,2026-07-29 09:18:38.740000,corpsvcmtxcutoverrpt_sql,2026-04-13 16:43:36.060000,xrdcwddbsuip06,MTX_ACOE_Cutover_Reporting,UI_Excel_Select_Xwalk_Source_Accommodations,facility,*ALL*,QXA4067,2026-09-21 01:07:43.166000
742,COCDR,G.BM,BABY WITH MOTHER,BM,N,NO MATCH,0,COCDR,,,,,N,Y,None,FAK3017,2026-04-17 13:08:59.760000,corpsvcmtxcutoverrpt_sql,2026-04-13 16:43:36.060000,xrdcwddbsuip06,MTX_ACOE_Cutover_Reporting,UI_Excel_Select_Xwalk_Source_Accommodations,facility,*ALL*,QXA4067,2026-09-21 01:07:43.166000
743,COCDR,G.CC,CARDIAC CARE UNIT,CC,N,NO MATCH,0,COCDR,,,,,N,Y,None,FAK3017,2026-08-21 15:35:37.990000,corpsvcmtxcutoverrpt_sql,2026-08-15 03:00:07.197000,xrdcwddbsuip06,MTX_ACOE_Cutover_Reporting,UI_Excel_Select_Xwalk_Source_Accommodations,facility,*ALL*,QXA4067,2026-09-21 01:07:43.166000
744,COCDR,G.COVID,ICU OVERFLOW,CV,N,NO MATCH,0,COCDR,,,,,N,Y,None,FAK3017,2026-04-17 13:08:59.790000,corpsvcmtxcutoverrpt_sql,2026-04-13 16:43:36.060000,xrdcwddbsuip06,MTX_ACOE_Cutover_Reporting,UI_Excel_Select_Xwalk_Source_Accommodations,facility,*ALL*,QXA4067,2026-09-21 01:07:43.166000
745,COCDR,G.ECMO,ECMO,EC,Y,NO MATCH,0,COCDR,EC,ECMO,EC,Y,Y,N,None,FAK3017,2026-04-17 13:07:04.553000,corpsvcmtxcutoverrpt_sql,2026-04-13 16:43:36.060000,xrdcwddbsuip06,MTX_ACOE_Cutover_Reporting,UI_Excel_Select_Xwalk_Source_Accommodations,facility,*ALL*,QXA4067,2026-09-21 01:07:43.166000
746,COCDR,G.IC,INTENSIVE CARE UNIT,IC,N,NO MATCH,0,COCDR,,,,,N,Y,None,FAK3017,2026-04-17 13:08:59.820000,corpsvcmtxcutoverrpt_sql,2026-04-13 16:43:36.060000,xrdcwddbsuip06,MTX_ACOE_Cutover_Reporting,UI_Excel_Select_Xwalk_Source_Accommodations,facility,*ALL*,QXA4067,2026-09-21 01:07:43.166000
747,COCDR,G.ICU,ICU INTENSIVE CARE UNIT,IU,Y,NO MATCH,58,COCDR,IC,INTENSIVE CARE,IC,Y,Y,N,None,FAK3017,2026-04-17 13:07:04.583000,corpsvcmtxcutoverrpt_sql,2026-04-13 16:43:36.060000,xrdcwddbsuip06,MTX_ACOE_Cutover_Reporting,UI_Excel_Select_Xwalk_Source_Accommodations,facility,*ALL*,QXA4067,2026-09-21 01:07:43.166000
748,COCDR,G.IPR,INPATIENT REHAB,RP,Y,NO MATCH,26,COCDR,R,REHABILITATION,R,Y,Y,N,None,FAK3017,2026-08-22 10:05:18.640000,corpsvcmtxcutoverrpt_sql,2026-05-15 03:00:04.067000,xrdcwddbsuip06,MTX_ACOE_Cutover_Reporting,UI_Excel_Select_Xwalk_Source_Accommodations,facility,*ALL*,QXA4067,2026-09-21 01:07:43.166000
749,COCDR,G.IPR Tele,PRIVATE REHAB MONITORED,RT,Y,NO MATCH,0,COCDR,TEL,TELEMETRY,TE,Y,Y,N,None,FAK3017,2026-08-21 15:35:38.023000,corpsvcmtxcutoverrpt_sql,2026-05-15 03:00:04.067000,xrdcwddbsuip06,MTX_ACOE_Cutover_Reporting,UI_Excel_Select_Xwalk_Source_Accommodations,facility,*ALL*,QXA4067,2026-09-21 01:07:43.166000
750,COCDR,G.IS,ISOLATION,IS,N,NO MATCH,0,COCDR,,,,,N,Y,None,FAK3017,2026-08-21 15:35:38.053000,corpsvcmtxcutoverrpt_sql,2026-08-15 03:00:07.197000,xrdcwddbsuip06,MTX_ACOE_Cutover_Reporting,UI_Excel_Select_Xwalk_Source_Accommodations,facility,*ALL*,QXA4067,2026-09-21 01:07:43.166000
751,COCDR,G.LD,L/D ER HOLDING,LD,N,NO MATCH,0,COCDR,,,,,N,Y,None,FAK3017,2026-04-17 13:08:59.843000,corpsvcmtxcutoverrpt_sql,2026-04-13 16:43:36.060000,xrdcwddbsuip06,MTX_ACOE_Cutover_Reporting,UI_Excel_Select_Xwalk_Source_Accommodations,facility,*ALL*,QXA4067,2026-09-21 01:07:43.166000
752,COCDR,G.MB,MONITORED BED,MB,N,NO MATCH,0,COCDR,,,,,N,Y,None,FAK3017,2026-04-17 13:08:59.873000,corpsvcmtxcutoverrpt_sql,2026-04-13 16:43:36.060000,xrdcwddbsuip06,MTX_ACOE_Cutover_Reporting,UI_Excel_Select_Xwalk_Source_Accommodations,facility,*ALL*,QXA4067,2026-09-21 01:07:43.166000
753,COCDR,G.MED,MEDICAL ER HOLDING,ME,N,NO MATCH,0,COCDR,,,,,N,Y,None,FAK3017,2026-08-21 15:35:38.087000,corpsvcmtxcutoverrpt_sql,2026-08-15 03:00:07.197000,xrdcwddbsuip06,MTX_ACOE_Cutover_Reporting,UI_Excel_Select_Xwalk_Source_Accommodations,facility,*ALL*,QXA4067,2026-09-21 01:07:43.166000
754,COCDR,G.MS,Med Surg W/O Tele,MS,Y,NO MATCH,383,COCDR,MS,MED SURG,MS,Y,Y,N,None,FAK3017,2026-08-21 15:35:38.190000,corpsvcmtxcutoverrpt_sql,2026-08-15 03:00:07.197000,xrdcwddbsuip06,MTX_ACOE_Cutover_Reporting,UI_Excel_Select_Xwalk_Source_Accommodations,facility,*ALL*,QXA4067,2026-09-21 01:07:43.166000
755,COCDR,G.NB,NURSERY NEWBORN,NB,N,NO MATCH,0,COCDR,,,,,N,Y,None,FAK3017,2026-04-17 13:08:59.900000,corpsvcmtxcutoverrpt_sql,2026-04-13 16:43:36.060000,xrdcwddbsuip06,MTX_ACOE_Cutover_Reporting,UI_Excel_Select_Xwalk_Source_Accommodations,facility,*ALL*,QXA4067,2026-09-21 01:07:43.166000
756,COCDR,G.NC,NURSERY ACUTE ICU,NC,N,NO MATCH,0,COCDR,,,,,N,Y,None,FAK3017,2026-04-17 13:08:59.927000,corpsvcmtxcutoverrpt_sql,2026-04-13 16:43:36.060000,xrdcwddbsuip06,MTX_ACOE_Cutover_Reporting,UI_Excel_Select_Xwalk_Source_Accommodations,facility,*ALL*,QXA4067,2026-09-21 01:07:43.166000
757,COCDR,G.NI,NURSERY INTERMEDIATE,NI,N,NO MATCH,0,COCDR,,,,,N,Y,None,FAK3017,2026-04-17 13:08:59.953000,corpsvcmtxcutoverrpt_sql,2026-04-13 16:43:36.060000,xrdcwddbsuip06,MTX_ACOE_Cutover_Reporting,UI_Excel_Select_Xwalk_Source_Accommodations,facility,*ALL*,QXA4067,2026-09-21 01:07:43.167000
758,COCDR,G.NP,NURSERY PROGRESSIVE CARE,NP,N,NO MATCH,0,COCDR,,,,,N,Y,None,FAK3017,2026-04-17 13:08:59.980000,corpsvcmtxcutoverrpt_sql,2026-04-13 16:43:36.060000,xrdcwddbsuip06,MTX_ACOE_Cutover_Reporting,UI_Excel_Select_Xwalk_Source_Accommodations,facility,*ALL*,QXA4067,2026-09-21 01:07:43.167000
759,COCDR,G.OB/GYN,OB/GYN ER HOLDING,OB,N,NO MATCH,0,COCDR,,,,,N,Y,None,FAK3017,2026-04-17 13:09:00.007000,corpsvcmtxcutoverrpt_sql,2026-04-13 16:43:36.060000,xrdcwddbsuip06,MTX_ACOE_Cutover_Reporting,UI_Excel_Select_Xwalk_Source_Accommodations,facility,*ALL*,QXA4067,2026-09-21 01:07:43.167000
760,COCDR,G.OMS,OVERFLOW FOR MED - SURG,OF,N,NO MATCH,0,COCDR,,,,,N,Y,None,FAK3017,2026-04-17 13:09:00.037000,corpsvcmtxcutoverrpt_sql,2026-04-13 16:43:36.060000,xrdcwddbsuip06,MTX_ACOE_Cutover_Reporting,UI_Excel_Select_Xwalk_Source_Accommodations,facility,*ALL*,QXA4067,2026-09-21 01:07:43.167000
761,COCDR,G.OTEL,OVERFLOW FOR TELE,OV,N,NO MATCH,0,COCDR,,,,,N,Y,None,FAK3017,2026-04-17 13:09:00.063000,corpsvcmtxcutoverrpt_sql,2026-04-13 16:43:36.060000,xrdcwddbsuip06,MTX_ACOE_Cutover_Reporting,UI_Excel_Select_Xwalk_Source_Accommodations,facility,*ALL*,QXA4067,2026-09-21 01:07:43.167000
762,COCDR,G.PB,NURSERY PROG CARE BOARDER,PB,N,NO MATCH,0,COCDR,,,,,N,Y,None,FAK3017,2026-04-17 13:09:00.123000,corpsvcmtxcutoverrpt_sql,2026-04-13 16:43:36.060000,xrdcwddbsuip06,MTX_ACOE_Cutover_Reporting,UI_Excel_Select_Xwalk_Source_Accommodations,facility,*ALL*,QXA4067,2026-09-21 01:07:43.167000
763,COCDR,G.PCU,PCU STEPDOWN,PC,Y,NO MATCH,323,COCDR,PC,PROGRESSIVE CARE,PC,Y,Y,N,None,FAK3017,2026-04-17 13:07:04.713000,corpsvcmtxcutoverrpt_sql,2026-04-13 16:43:36.060000,xrdcwddbsuip06,MTX_ACOE_Cutover_Reporting,UI_Excel_Select_Xwalk_Source_Accommodations,facility,*ALL*,QXA4067,2026-09-21 01:07:43.167000
764,COCDR,G.PED,PED ER HOLDING,PE,N,NO MATCH,0,COCDR,,,,,N,Y,None,FAK3017,2026-04-17 13:09:00.153000,corpsvcmtxcutoverrpt_sql,2026-04-13 16:43:36.060000,xrdcwddbsuip06,MTX_ACOE_Cutover_Reporting,UI_Excel_Select_Xwalk_Source_Accommodations,facility,*ALL*,QXA4067,2026-09-21 01:07:43.167000
765,COCDR,G.PP,PSYCH PRIVATE,PP,N,NO MATCH,0,COCDR,,,,,N,Y,None,FAK3017,2026-04-17 13:09:00.180000,corpsvcmtxcutoverrpt_sql,2026-04-13 16:43:36.060000,xrdcwddbsuip06,MTX_ACOE_Cutover_Reporting,UI_Excel_Select_Xwalk_Source_Accommodations,facility,*ALL*,QXA4067,2026-09-21 01:07:43.167000
766,COCDR,G.PR,PRIVATE,PR,N,NO MATCH,0,COCDR,,,,,N,Y,None,FAK3017,2026-06-25 09:19:25.940000,corpsvcmtxcutoverrpt_sql,2026-04-13 16:43:36.060000,xrdcwddbsuip06,MTX_ACOE_Cutover_Reporting,UI_Excel_Select_Xwalk_Source_Accommodations,facility,*ALL*,QXA4067,2026-09-21 01:07:43.167000
767,COCDR,G.PRH,HVU STEPDOWN,HS,N,NO MATCH,0,COCDR,,,,,N,Y,None,FAK3017,2026-08-21 15:35:38.227000,corpsvcmtxcutoverrpt_sql,2026-08-15 03:00:07.197000,xrdcwddbsuip06,MTX_ACOE_Cutover_Reporting,UI_Excel_Select_Xwalk_Source_Accommodations,facility,*ALL*,QXA4067,2026-09-21 01:07:43.167000
768,COCDR,G.PRI,IMCU STEPDOWN,IM,N,NO MATCH,0,COCDR,,,,,N,Y,None,FAK3017,2026-04-17 13:09:00.213000,corpsvcmtxcutoverrpt_sql,2026-04-13 16:43:36.060000,xrdcwddbsuip06,MTX_ACOE_Cutover_Reporting,UI_Excel_Select_Xwalk_Source_Accommodations,facility,*ALL*,QXA4067,2026-09-21 01:07:43.167000
769,COCDR,G.PRS,PCU STEPDOWN,SD,N,NO MATCH,0,COCDR,,,,,N,Y,None,FAK3017,2026-04-17 13:09:00.240000,corpsvcmtxcutoverrpt_sql,2026-04-13 16:43:36.060000,xrdcwddbsuip06,MTX_ACOE_Cutover_Reporting,UI_Excel_Select_Xwalk_Source_Accommodations,facility,*ALL*,QXA4067,2026-09-21 01:07:43.167000
770,COCDR,G.PS,PSYCH SEMI-PRIVATE,PS,N,NO MATCH,0,COCDR,,,,,N,Y,None,FAK3017,2026-04-17 13:09:00.273000,corpsvcmtxcutoverrpt_sql,2026-04-13 16:43:36.060000,xrdcwddbsuip06,MTX_ACOE_Cutover_Reporting,UI_Excel_Select_Xwalk_Source_Accommodations,facility,*ALL*,QXA4067,2026-09-21 01:07:43.167000
771,COCDR,G.RP,REHAB PRIVATE,RP,N,NO MATCH,0,COCDR,,,,,N,Y,None,FAK3017,2026-04-17 13:09:00.303000,corpsvcmtxcutoverrpt_sql,2026-04-13 16:43:36.060000,xrdcwddbsuip06,MTX_ACOE_Cutover_Reporting,UI_Excel_Select_Xwalk_Source_Accommodations,facility,*ALL*,QXA4067,2026-09-21 01:07:43.167000
772,COCDR,G.RS,REHAB SEMI-PRIVATE,RS,N,NO MATCH,0,COCDR,,,,,N,Y,None,FAK3017,2026-04-17 13:09:00.330000,corpsvcmtxcutoverrpt_sql,2026-04-13 16:43:36.060000,xrdcwddbsuip06,MTX_ACOE_Cutover_Reporting,UI_Excel_Select_Xwalk_Source_Accommodations,facility,*ALL*,QXA4067,2026-09-21 01:07:43.167000
773,COCDR,G.SF,SKILLED NURSING PRIVATE,SF,N,NO MATCH,0,COCDR,,,,,N,Y,None,FAK3017,2026-04-17 13:09:00.363000,corpsvcmtxcutoverrpt_sql,2026-04-13 16:43:36.060000,xrdcwddbsuip06,MTX_ACOE_Cutover_Reporting,UI_Excel_Select_Xwalk_Source_Accommodations,facility,*ALL*,QXA4067,2026-09-21 01:07:43.167000
774,COCDR,G.SP,SEMI PRIVATE,SP,Y,NO MATCH,7,COCDR,SP,SEMI PRIVATE ROOM,SP,Y,Y,N,None,FAK3017,2026-04-17 13:07:04.807000,corpsvcmtxcutoverrpt_sql,2026-04-13 16:43:36.060000,xrdcwddbsuip06,MTX_ACOE_Cutover_Reporting,UI_Excel_Select_Xwalk_Source_Accommodations,facility,*ALL*,QXA4067,2026-09-21 01:07:43.167000
775,COCDR,G.SS,SKILLED NURSING SEMI-PRIVATE,SS,N,NO MATCH,0,COCDR,,,,,N,Y,None,FAK3017,2026-04-17 13:09:00.393000,corpsvcmtxcutoverrpt_sql,2026-04-13 16:43:36.060000,xrdcwddbsuip06,MTX_ACOE_Cutover_Reporting,UI_Excel_Select_Xwalk_Source_Accommodations,facility,*ALL*,QXA4067,2026-09-21 01:07:43.167000
776,COCDR,G.SUR,SURGICAL ER HOLDING,SU,N,NO MATCH,0,COCDR,,,,,N,Y,None,FAK3017,2026-08-21 15:35:38.257000,corpsvcmtxcutoverrpt_sql,2026-08-15 03:00:07.197000,xrdcwddbsuip06,MTX_ACOE_Cutover_Reporting,UI_Excel_Select_Xwalk_Source_Accommodations,facility,*ALL*,QXA4067,2026-09-21 01:07:43.167000
777,COCDR,G.TeleMS,Med Surg w/ Tele,MT,Y,NO MATCH,49,COCDR,TEL,TELEMETRY,TE,Y,Y,N,None,FAK3017,2026-08-21 15:37:46.140000,corpsvcmtxcutoverrpt_sql,2026-08-15 03:00:07.197000,xrdcwddbsuip06,MTX_ACOE_Cutover_Reporting,UI_Excel_Select_Xwalk_Source_Accommodations,facility,*ALL*,QXA4067,2026-09-21 01:07:43.167000
778,COCDR,G.TR,TRAUMA,TR,Y,NO MATCH,63,COCDR,TR,TRAUMA,TR,Y,Y,N,None,FAK3017,2026-04-17 13:07:04.900000,corpsvcmtxcutoverrpt_sql,2026-04-13 16:43:36.060000,xrdcwddbsuip06,MTX_ACOE_Cutover_Reporting,UI_Excel_Select_Xwalk_Source_Accommodations,facility,*ALL*,QXA4067,2026-09-21 01:07:43.167000
779,COCDR,J.SEMI,SEMI PRIVATE *****TEST*****,01,N,NO MATCH,0,COCDR,,,,,N,Y,None,FAK3017,2026-04-17 13:09:00.420000,corpsvcmtxcutoverrpt_sql,2026-04-13 16:43:36.060000,xrdcwddbsuip06,MTX_ACOE_Cutover_Reporting,UI_Excel_Select_Xwalk_Source_Accommodations,facility,*ALL*,QXA4067,2026-09-21 01:07:43.167000
780,COCDR,P,PRIVATE,05,N,NO MATCH,0,COCDR,,,,,N,Y,None,FAK3017,2026-04-17 13:09:00.447000,corpsvcmtxcutoverrpt_sql,2026-04-13 16:43:36.060000,xrdcwddbsuip06,MTX_ACOE_Cutover_Reporting,UI_Excel_Select_Xwalk_Source_Accommodations,facility,*ALL*,QXA4067,2026-09-21 01:07:43.167000
781,COCEAF,AD,ADOLESCENT PSYCHIATRIC,AD,Y,"TEST (2026-04-21),ZCON (2026-04-21),LIVE (2026-02-12)",0,COCEAF,BH,BEHAVIORAL HEALTH,BH,N,Y,N,None,DOF3224,2025-10-02 10:22:30.457000,corpsvcmtxcutoverrpt_sql,2025-09-04 08:38:18.993000,xrdcwddbsuip06,MTX_ACOE_Cutover_Reporting,UI_Excel_Select_Xwalk_Source_Accommodations,facility,*ALL*,QXA4067,2026-09-21 01:07:43.167000
782,COCEAF,BH,BEHAVIORAL HEALTH,BH,Y,"TEST (2026-04-21),ZCON (2026-04-21),LIVE (2026-02-12)",0,COCEAF,BH,BEHAVIORAL HEALTH,BH,Y,Y,N,None,DOF3224,2025-10-02 10:22:30.460000,corpsvcmtxcutoverrpt_sql,2025-09-04 08:38:18.993000,xrdcwddbsuip06,MTX_ACOE_Cutover_Reporting,UI_Excel_Select_Xwalk_Source_Accommodations,facility,*ALL*,QXA4067,2026-09-21 01:07:43.167000
783,COCEAF,CC,CORONARY CARE,CC,Y,"TEST (2026-04-21),ZCON (2026-04-21),LIVE (2026-02-12)",0,COCEAF,CC,CORONARY CARE,CC,Y,Y,N,None,DOF3224,2025-10-02 10:22:30.467000,corpsvcmtxcutoverrpt_sql,2025-09-04 08:38:18.993000,xrdcwddbsuip06,MTX_ACOE_Cutover_Reporting,UI_Excel_Select_Xwalk_Source_Accommodations,facility,*ALL*,QXA4067,2026-09-21 01:07:43.167000
784,COCEAF,CD,DETOX,CD,Y,"TEST (2026-04-21),ZCON (2026-04-21),LIVE (2026-02-12)",0,COCEAF,D,DETOX,CD,Y,Y,N,None,DOF3224,2025-10-02 10:22:30.470000,corpsvcmtxcutoverrpt_sql,2025-09-04 08:38:18.993000,xrdcwddbsuip06,MTX_ACOE_Cutover_Reporting,UI_Excel_Select_Xwalk_Source_Accommodations,facility,*ALL*,QXA4067,2026-09-21 01:07:43.167000
785,COCEAF,CH,CHILDRENS PYSCHIATRIC,CH,Y,"TEST (2026-04-21),ZCON (2026-04-21),LIVE (2026-02-12)",0,COCEAF,PR,PRIVATE ROOM,PR,N,Y,N,None,DOF3224,2025-10-02 10:22:30.473000,corpsvcmtxcutoverrpt_sql,2025-09-04 08:38:18.993000,xrdcwddbsuip06,MTX_ACOE_Cutover_Reporting,UI_Excel_Select_Xwalk_Source_Accommodations,facility,*ALL*,QXA4067,2026-09-21 01:07:43.167000
786,COCEAF,CO,COMPREHENSIVE SERVICES ACT,CO,Y,"TEST (2026-04-21),ZCON (2026-04-21),LIVE (2026-02-12)",0,COCEAF,PR,PRIVATE ROOM,PR,N,Y,N,None,DOF3224,2025-10-02 10:22:30.477000,corpsvcmtxcutoverrpt_sql,2025-09-04 08:38:18.993000,xrdcwddbsuip06,MTX_ACOE_Cutover_Reporting,UI_Excel_Select_Xwalk_Source_Accommodations,facility,*ALL*,QXA4067,2026-09-21 01:07:43.168000
787,COCEAF,CP,CHEST PAIN CENTER,CP,Y,"TEST (2026-04-21),ZCON (2026-04-21),LIVE (2026-02-12)",0,COCEAF,PR,PRIVATE ROOM,PR,N,Y,N,None,DOF3224,2025-10-02 10:22:30.480000,corpsvcmtxcutoverrpt_sql,2025-09-04 08:38:18.993000,xrdcwddbsuip06,MTX_ACOE_Cutover_Reporting,UI_Excel_Select_Xwalk_Source_Accommodations,facility,*ALL*,QXA4067,2026-09-21 01:07:43.168000
788,COCEAF,CR,CHEMICAL DEPENDENCY REHAB,DR,Y,"TEST (2026-04-21),ZCON (2026-04-21),LIVE (2026-02-12)",0,COCEAF,PR,PRIVATE ROOM,PR,N,Y,N,None,DOF3224,2025-10-02 10:22:30.483000,corpsvcmtxcutoverrpt_sql,2025-09-04 08:38:18.993000,xrdcwddbsuip06,MTX_ACOE_Cutover_Reporting,UI_Excel_Select_Xwalk_Source_Accommodations,facility,*ALL*,QXA4067,2026-09-21 01:07:43.168000
789,COCEAF,CS,CARDIAC STEP DOWN UNIT,CS,Y,"TEST (2026-04-21),ZCON (2026-04-21),LIVE (2026-02-12)",0,COCEAF,PR,PRIVATE ROOM,PR,N,Y,N,None,DOF3224,2025-10-02 10:22:30.487000,corpsvcmtxcutoverrpt_sql,2025-09-04 08:38:18.993000,xrdcwddbsuip06,MTX_ACOE_Cutover_Reporting,UI_Excel_Select_Xwalk_Source_Accommodations,facility,*ALL*,QXA4067,2026-09-21 01:07:43.168000
790,COCEAF,D,DETOX,D,Y,"TEST (2026-04-21),ZCON (2026-04-21),LIVE (2026-02-12)",0,COCEAF,D,DETOX,CD,Y,Y,N,None,KSI8889,2025-11-20 16:33:56.647000,corpsvcmtxcutoverrpt_sql,2025-09-04 08:38:18.993000,xrdcwddbsuip06,MTX_ACOE_Cutover_Reporting,UI_Excel_Select_Xwalk_Source_Accommodations,facility,*ALL*,QXA4067,2026-09-21 01:07:43.168000
791,COCEAF,ED,EMERGENGY DEPARTMENT INPATIENT,ED,Y,"TEST (2026-04-21),ZCON (2026-04-21),LIVE (2026-02-12)",0,COCEAF,PR,PRIVATE ROOM,PR,N,Y,N,None,DOF3224,2025-10-02 10:22:30.490000,corpsvcmtxcutoverrpt_sql,2025-09-04 08:38:18.993000,xrdcwddbsuip06,MTX_ACOE_Cutover_Reporting,UI_Excel_Select_Xwalk_Source_Accommodations,facility,*ALL*,QXA4067,2026-09-21 01:07:43.168000
792,COCEAF,IC,INTENSIVE CARE,IC,Y,"TEST (2026-04-21),ZCON (2026-04-21),LIVE (2026-02-12)",0,COCEAF,IC,INTENSIVE CARE,IC,Y,Y,N,None,DOF3224,2025-10-02 10:22:30.493000,corpsvcmtxcutoverrpt_sql,2025-09-04 08:38:18.993000,xrdcwddbsuip06,MTX_ACOE_Cutover_Reporting,UI_Excel_Select_Xwalk_Source_Accommodations,facility,*ALL*,QXA4067,2026-09-21 01:07:43.168000
793,COCEAF,IS,ISOLATION,IS,Y,"TEST (2026-04-21),ZCON (2026-04-21),LIVE (2026-02-12)",0,COCEAF,PR,PRIVATE ROOM,PR,N,Y,N,None,DOF3224,2025-10-02 10:22:30.497000,corpsvcmtxcutoverrpt_sql,2025-09-04 08:38:18.993000,xrdcwddbsuip06,MTX_ACOE_Cutover_Reporting,UI_Excel_Select_Xwalk_Source_Accommodations,facility,*ALL*,QXA4067,2026-09-21 01:07:43.168000
794,COCEAF,IT,INTENSIVE TREATMENT,IT,Y,"TEST (2026-04-21),ZCON (2026-04-21),LIVE (2026-02-12)",0,COCEAF,PR,PRIVATE ROOM,PR,N,Y,N,None,DOF3224,2025-10-02 10:22:30.500000,corpsvcmtxcutoverrpt_sql,2025-09-04 08:38:18.993000,xrdcwddbsuip06,MTX_ACOE_Cutover_Reporting,UI_Excel_Select_Xwalk_Source_Accommodations,facility,*ALL*,QXA4067,2026-09-21 01:07:43.168000
795,COCEAF,JP,JUSTIFIED PRIVATE,JP,Y,"TEST (2026-04-21),ZCON (2026-04-21),LIVE (2026-02-12)",0,COCEAF,PR,PRIVATE ROOM,PR,Y,Y,N,None,DOF3224,2025-10-02 10:22:30.503000,corpsvcmtxcutoverrpt_sql,2025-09-04 08:38:18.993000,xrdcwddbsuip06,MTX_ACOE_Cutover_Reporting,UI_Excel_Select_Xwalk_Source_Accommodations,facility,*ALL*,QXA4067,2026-09-21 01:07:43.168000
796,COCEAF,L1,NEWBORN LEVEL 1,L1,Y,"TEST (2026-04-21),ZCON (2026-04-21),LIVE (2026-02-12)",0,COCEAF,L1,NEWBORN LEVEL I CARE,L1,Y,Y,N,None,DOF3224,2025-10-02 10:22:30.507000,corpsvcmtxcutoverrpt_sql,2025-09-04 08:38:18.993000,xrdcwddbsuip06,MTX_ACOE_Cutover_Reporting,UI_Excel_Select_Xwalk_Source_Accommodations,facility,*ALL*,QXA4067,2026-09-21 01:07:43.168000
797,COCEAF,L2,NURSERY LEVEL II,L2,Y,"TEST (2026-04-21),ZCON (2026-04-21),LIVE (2026-02-12)",0,COCEAF,L2,NEWBORN LEVEL II CARE,L2,Y,Y,N,None,DOF3224,2025-10-02 10:22:30.510000,corpsvcmtxcutoverrpt_sql,2025-09-04 08:38:18.993000,xrdcwddbsuip06,MTX_ACOE_Cutover_Reporting,UI_Excel_Select_Xwalk_Source_Accommodations,facility,*ALL*,QXA4067,2026-09-21 01:07:43.168000
798,COCEAF,L3,NURSERY NICU LEVEL III,L3,Y,"TEST (2026-04-21),ZCON (2026-04-21),LIVE (2026-02-12)",0,COCEAF,L3,NEWBORN LEVEL III CARE,L3,Y,Y,N,None,DOF3224,2025-10-02 10:22:30.513000,corpsvcmtxcutoverrpt_sql,2025-09-04 08:38:18.993000,xrdcwddbsuip06,MTX_ACOE_Cutover_Reporting,UI_Excel_Select_Xwalk_Source_Accommodations,facility,*ALL*,QXA4067,2026-09-21 01:07:43.168000
799,COCEAF,L4,NURSERY NICU IV,L4,Y,"TEST (2026-04-21),ZCON (2026-04-21),LIVE (2026-02-12)",0,COCEAF,L4,NEWBORN LEVEL IV CARE,L4,Y,Y,N,None,DOF3224,2025-10-02 10:22:30.517000,corpsvcmtxcutoverrpt_sql,2025-09-04 08:38:18.993000,xrdcwddbsuip06,MTX_ACOE_Cutover_Reporting,UI_Excel_Select_Xwalk_Source_Accommodations,facility,*ALL*,QXA4067,2026-09-21 01:07:43.168000
800,COCEAF,LA,LEAVE OF ABSENCE,LA,Y,"TEST (2026-04-21),ZCON (2026-04-21),LIVE (2026-02-12)",0,COCEAF,PR,PRIVATE ROOM,PR,N,Y,N,None,DOF3224,2025-10-02 10:22:30.520000,corpsvcmtxcutoverrpt_sql,2025-09-04 08:38:18.993000,xrdcwddbsuip06,MTX_ACOE_Cutover_Reporting,UI_Excel_Select_Xwalk_Source_Accommodations,facility,*ALL*,QXA4067,2026-09-21 01:07:43.168000
801,COCEAF,MD,MOOD DISORDER-PSYCH,MD,Y,"TEST (2026-04-21),ZCON (2026-04-21),LIVE (2026-02-12)",0,COCEAF,BH,BEHAVIORAL HEALTH,BH,N,Y,N,None,DOF3224,2025-10-02 10:22:30.523000,corpsvcmtxcutoverrpt_sql,2025-09-04 08:38:18.993000,xrdcwddbsuip06,MTX_ACOE_Cutover_Reporting,UI_Excel_Select_Xwalk_Source_Accommodations,facility,*ALL*,QXA4067,2026-09-21 01:07:43.168000
802,COCEAF,NA,NURSERY ADMISSION,NA,Y,"TEST (2026-04-21),ZCON (2026-04-21),LIVE (2026-02-12)",0,COCEAF,PR,PRIVATE ROOM,PR,N,Y,N,None,DOF3224,2025-10-02 10:22:30.527000,corpsvcmtxcutoverrpt_sql,2025-09-04 08:38:18.993000,xrdcwddbsuip06,MTX_ACOE_Cutover_Reporting,UI_Excel_Select_Xwalk_Source_Accommodations,facility,*ALL*,QXA4067,2026-09-21 01:07:43.168000
803,COCEAF,NB,NURSERY,NB,Y,"TEST (2026-04-21),ZCON (2026-04-21),LIVE (2026-02-12)",0,COCEAF,L1,NEWBORN LEVEL I CARE,L1,N,Y,N,None,DOF3224,2025-10-02 10:22:30.530000,corpsvcmtxcutoverrpt_sql,2025-09-04 08:38:18.993000,xrdcwddbsuip06,MTX_ACOE_Cutover_Reporting,UI_Excel_Select_Xwalk_Source_Accommodations,facility,*ALL*,QXA4067,2026-09-21 01:07:43.168000
804,COCEAF,NI,NURSERY ISOLATION,NI,Y,"TEST (2026-04-21),ZCON (2026-04-21),LIVE (2026-02-12)",0,COCEAF,PR,PRIVATE ROOM,PR,N,Y,N,None,DOF3224,2025-10-02 10:22:30.537000,corpsvcmtxcutoverrpt_sql,2025-09-04 08:38:18.993000,xrdcwddbsuip06,MTX_ACOE_Cutover_Reporting,UI_Excel_Select_Xwalk_Source_Accommodations,facility,*ALL*,QXA4067,2026-09-21 01:07:43.169000
805,COCEAF,NM,NON-MONITORED PCU,NM,Y,"TEST (2026-04-21),ZCON (2026-04-21),LIVE (2026-02-12)",0,COCEAF,PR,PRIVATE ROOM,PR,N,Y,N,None,DOF3224,2025-10-02 10:22:30.540000,corpsvcmtxcutoverrpt_sql,2025-09-04 08:38:18.993000,xrdcwddbsuip06,MTX_ACOE_Cutover_Reporting,UI_Excel_Select_Xwalk_Source_Accommodations,facility,*ALL*,QXA4067,2026-09-21 01:07:43.169000
806,COCEAF,OS,OBSERVATION,OS,Y,"TEST (2026-04-21),ZCON (2026-04-21),LIVE (2026-02-12)",0,COCEAF,PR,PRIVATE ROOM,PR,N,Y,N,None,DOF3224,2025-10-02 10:22:30.543000,corpsvcmtxcutoverrpt_sql,2025-09-04 08:38:18.993000,xrdcwddbsuip06,MTX_ACOE_Cutover_Reporting,UI_Excel_Select_Xwalk_Source_Accommodations,facility,*ALL*,QXA4067,2026-09-21 01:07:43.169000
807,COCEAF,OV,OVERFLOW-PSYCH,OV,N,NO MATCH,0,COCEAF,,,,,N,Y,None,KSI8889,2025-11-21 06:53:12.630000,corpsvcmtxcutoverrpt_sql,2025-09-04 08:38:18.993000,xrdcwddbsuip06,MTX_ACOE_Cutover_Reporting,UI_Excel_Select_Xwalk_Source_Accommodations,facility,*ALL*,QXA4067,2026-09-21 01:07:43.169000
808,COCEAF,PC,PROGRESSIVE CARE,PC,Y,"TEST (2026-04-21),ZCON (2026-04-21),LIVE (2026-02-12)",0,COCEAF,PC,PROGRESSIVE CARE,PC,Y,Y,N,None,DOF3224,2025-10-02 10:22:30.547000,corpsvcmtxcutoverrpt_sql,2025-09-04 08:38:18.993000,xrdcwddbsuip06,MTX_ACOE_Cutover_Reporting,UI_Excel_Select_Xwalk_Source_Accommodations,facility,*ALL*,QXA4067,2026-09-21 01:07:43.169000
809,COCEAF,PR,PRIVATE ROOM,P,Y,"TEST (2026-04-21),ZCON (2026-04-21),LIVE (2026-02-12)",0,COCEAF,PR,PRIVATE ROOM,PR,N,Y,N,None,DOF3224,2025-10-02 10:22:30.550000,corpsvcmtxcutoverrpt_sql,2025-09-04 08:38:18.993000,xrdcwddbsuip06,MTX_ACOE_Cutover_Reporting,UI_Excel_Select_Xwalk_Source_Accommodations,facility,*ALL*,QXA4067,2026-09-21 01:07:43.169000
810,COCEAF,PS,ADULT PSYCHIATRIC,PS,Y,"TEST (2026-04-21),ZCON (2026-04-21),LIVE (2026-02-12)",0,COCEAF,PR,PRIVATE ROOM,PR,N,Y,N,None,DOF3224,2025-10-02 10:22:30.553000,corpsvcmtxcutoverrpt_sql,2025-09-04 08:38:18.993000,xrdcwddbsuip06,MTX_ACOE_Cutover_Reporting,UI_Excel_Select_Xwalk_Source_Accommodations,facility,*ALL*,QXA4067,2026-09-21 01:07:43.169000
811,COCEAF,RH,REHAB,RH,Y,"TEST (2026-04-21),ZCON (2026-04-21),LIVE (2026-02-12)",0,COCEAF,R,REHABILITATION,RH,Y,Y,N,None,DOF3224,2025-10-02 10:22:30.557000,corpsvcmtxcutoverrpt_sql,2025-09-04 08:38:18.993000,xrdcwddbsuip06,MTX_ACOE_Cutover_Reporting,UI_Excel_Select_Xwalk_Source_Accommodations,facility,*ALL*,QXA4067,2026-09-21 01:07:43.169000
812,COCEAF,RM,REHAB/MED/SURG,S,Y,"TEST (2026-04-21),ZCON (2026-04-21),LIVE (2026-02-12)",0,COCEAF,PR,PRIVATE ROOM,PR,N,Y,N,None,DOF3224,2025-10-02 10:22:30.560000,corpsvcmtxcutoverrpt_sql,2025-09-04 08:38:18.993000,xrdcwddbsuip06,MTX_ACOE_Cutover_Reporting,UI_Excel_Select_Xwalk_Source_Accommodations,facility,*ALL*,QXA4067,2026-09-21 01:07:43.169000
813,COCEAF,SC,SURGICAL CARE,SC,Y,"TEST (2026-04-21),ZCON (2026-04-21),LIVE (2026-02-12)",0,COCEAF,MS,MED SURG,MS,Y,Y,N,None,DOF3224,2025-10-02 10:22:30.563000,corpsvcmtxcutoverrpt_sql,2025-09-04 08:38:18.993000,xrdcwddbsuip06,MTX_ACOE_Cutover_Reporting,UI_Excel_Select_Xwalk_Source_Accommodations,facility,*ALL*,QXA4067,2026-09-21 01:07:43.169000
814,COCEAF,SP,SEMI-PRIVATE ROOM,SP,Y,"TEST (2026-04-21),ZCON (2026-04-21),LIVE (2026-02-12)",0,COCEAF,SP,SEMI PRIVATE ROOM,SP,Y,Y,N,None,DOF3224,2025-10-02 10:22:30.567000,corpsvcmtxcutoverrpt_sql,2025-09-04 08:38:18.993000,xrdcwddbsuip06,MTX_ACOE_Cutover_Reporting,UI_Excel_Select_Xwalk_Source_Accommodations,facility,*ALL*,QXA4067,2026-09-21 01:07:43.169000
815,COCEAF,TD,THOUGHT DISORDER-PSYCH,TD,Y,"TEST (2026-04-21),ZCON (2026-04-21),LIVE (2026-02-12)",0,COCEAF,BH,BEHAVIORAL HEALTH,BH,N,Y,N,None,DOF3224,2025-10-02 10:22:30.570000,corpsvcmtxcutoverrpt_sql,2025-09-04 08:38:18.993000,xrdcwddbsuip06,MTX_ACOE_Cutover_Reporting,UI_Excel_Select_Xwalk_Source_Accommodations,facility,*ALL*,QXA4067,2026-09-21 01:07:43.169000
816,COCEAF,TM,TELEMETRY MONITOR,T,Y,"TEST (2026-04-21),ZCON (2026-04-21),LIVE (2026-02-12)",0,COCEAF,TEL,TELEMETRY,TE,Y,Y,N,None,QVO8748,2025-11-12 08:08:17.460000,corpsvcmtxcutoverrpt_sql,2025-09-04 08:38:18.993000,xrdcwddbsuip06,MTX_ACOE_Cutover_Reporting,UI_Excel_Select_Xwalk_Source_Accommodations,facility,*ALL*,QXA4067,2026-09-21 01:07:43.169000
817,COCEAF,TR,TRAUMA,TR,Y,"TEST (2026-04-21),ZCON (2026-04-21),LIVE (2026-02-12)",0,COCEAF,TR,TRAUMA,TR,Y,Y,N,None,DOF3224,2025-10-02 10:22:30.577000,corpsvcmtxcutoverrpt_sql,2025-09-04 08:38:18.993000,xrdcwddbsuip06,MTX_ACOE_Cutover_Reporting,UI_Excel_Select_Xwalk_Source_Accommodations,facility,*ALL*,QXA4067,2026-09-21 01:07:43.169000
818,COCEAF,ZZ,CONVERSION,ZZ,Y,"TEST (2026-04-21),ZCON (2026-04-21),LIVE (2026-02-12)",0,COCEAF,PR,PRIVATE ROOM,PR,N,Y,N,None,DOF3224,2025-10-02 10:22:30.580000,corpsvcmtxcutoverrpt_sql,2025-09-04 08:38:18.993000,xrdcwddbsuip06,MTX_ACOE_Cutover_Reporting,UI_Excel_Select_Xwalk_Source_Accommodations,facility,*ALL*,QXA4067,2026-09-21 01:07:43.169000
819,COCFPA,BF.ANTE,ANTEPARTUM,AN,Y,NO MATCH,0,COCFPA,,,,,Y,N,None,MLT6916,2026-08-17 12:07:50.927000,corpsvcmtxcutoverrpt_sql,2026-07-27 09:12:30.097000,xrdcwddbsuip06,MTX_ACOE_Cutover_Reporting,UI_Excel_Select_Xwalk_Source_Accommodations,facility,*ALL*,QXA4067,2026-09-21 01:07:43.169000
820,COCFPA,BF.ANTEMON,ANTEPARTUM MONITORED,AM,Y,NO MATCH,0,COCFPA,,,,,Y,N,None,MLT6916,2026-08-17 12:07:50.963000,corpsvcmtxcutoverrpt_sql,2026-07-27 09:12:30.097000,xrdcwddbsuip06,MTX_ACOE_Cutover_Reporting,UI_Excel_Select_Xwalk_Source_Accommodations,facility,*ALL*,QXA4067,2026-09-21 01:07:43.169000
821,COCFPA,BF.B2,Neonatal ICU,B2,N,NO MATCH,0,COCFPA,,,,,N,Y,None,MLT6916,2026-08-17 12:07:50.997000,corpsvcmtxcutoverrpt_sql,2026-07-27 09:12:30.097000,xrdcwddbsuip06,MTX_ACOE_Cutover_Reporting,UI_Excel_Select_Xwalk_Source_Accommodations,facility,*ALL*,QXA4067,2026-09-21 01:07:43.169000
822,COCFPA,BF.B4,Neonatal Acute,B4,N,NO MATCH,0,COCFPA,,,,,N,Y,None,MLT6916,2026-08-17 12:07:51.030000,corpsvcmtxcutoverrpt_sql,2026-07-27 09:12:30.097000,xrdcwddbsuip06,MTX_ACOE_Cutover_Reporting,UI_Excel_Select_Xwalk_Source_Accommodations,facility,*ALL*,QXA4067,2026-09-21 01:07:43.169000
823,COCFPA,BF.B6,Neonatal Intermediate,B6,N,NO MATCH,0,COCFPA,,,,,N,Y,None,MLT6916,2026-08-17 12:07:51.063000,corpsvcmtxcutoverrpt_sql,2026-07-27 09:12:30.097000,xrdcwddbsuip06,MTX_ACOE_Cutover_Reporting,UI_Excel_Select_Xwalk_Source_Accommodations,facility,*ALL*,QXA4067,2026-09-21 01:07:43.169000
824,COCFPA,BF.ECMO,ECMO,EC,Y,NO MATCH,0,COCFPA,EC,ECMO,EC,Y,Y,N,None,MLT6916,2026-08-17 12:07:51.130000,corpsvcmtxcutoverrpt_sql,2026-07-27 09:12:30.097000,xrdcwddbsuip06,MTX_ACOE_Cutover_Reporting,UI_Excel_Select_Xwalk_Source_Accommodations,facility,*ALL*,QXA4067,2026-09-21 01:07:43.169000
825,COCFPA,BF.ICU,INTENSIVE CARE UNIT,IC,Y,NO MATCH,20,COCFPA,IC,INTENSIVE CARE,IC,Y,Y,N,None,MLT6916,2026-08-17 12:07:51.163000,corpsvcmtxcutoverrpt_sql,2026-07-27 09:12:30.097000,xrdcwddbsuip06,MTX_ACOE_Cutover_Reporting,UI_Excel_Select_Xwalk_Source_Accommodations,facility,*ALL*,QXA4067,2026-09-21 01:07:43.169000
826,COCFPA,BF.L1,NEWBORN LEVEL I,N1,Y,NO MATCH,0,COCFPA,L1,NEWBORN LEVEL I CARE,L1,Y,Y,N,None,MLT6916,2026-08-17 12:07:51.203000,corpsvcmtxcutoverrpt_sql,2026-07-27 09:12:30.097000,xrdcwddbsuip06,MTX_ACOE_Cutover_Reporting,UI_Excel_Select_Xwalk_Source_Accommodations,facility,*ALL*,QXA4067,2026-09-21 01:07:43.169000
827,COCFPA,BF.L2,NEONATAL INTERMED (L2),N2,Y,NO MATCH,0,COCFPA,L2,NEWBORN LEVEL II CARE,L2,Y,Y,N,None,MLT6916,2026-08-17 12:07:51.237000,corpsvcmtxcutoverrpt_sql,2026-07-27 09:12:30.097000,xrdcwddbsuip06,MTX_ACOE_Cutover_Reporting,UI_Excel_Select_Xwalk_Source_Accommodations,facility,*ALL*,QXA4067,2026-09-21 01:07:43.169000
828,COCFPA,BF.L3,NEONATAL ACUTE (L3),N3,Y,NO MATCH,0,COCFPA,L3,NEWBORN LEVEL III CARE,L3,Y,Y,N,None,MLT6916,2026-08-17 12:07:51.270000,corpsvcmtxcutoverrpt_sql,2026-07-27 09:12:30.097000,xrdcwddbsuip06,MTX_ACOE_Cutover_Reporting,UI_Excel_Select_Xwalk_Source_Accommodations,facility,*ALL*,QXA4067,2026-09-21 01:07:43.170000
829,COCFPA,BF.L4,NEONATAL ICU (L4),N4,Y,NO MATCH,0,COCFPA,L4,NEWBORN LEVEL IV CARE,L4,Y,Y,N,None,MLT6916,2026-08-17 12:07:51.303000,corpsvcmtxcutoverrpt_sql,2026-07-27 09:12:30.097000,xrdcwddbsuip06,MTX_ACOE_Cutover_Reporting,UI_Excel_Select_Xwalk_Source_Accommodations,facility,*ALL*,QXA4067,2026-09-21 01:07:43.170000
830,COCFPA,BF.MB,MONITORED BED,MB,Y,NO MATCH,18,COCFPA,TEL,TELEMETRY,MB,Y,Y,N,None,MLT6916,2026-08-17 12:07:51.343000,corpsvcmtxcutoverrpt_sql,2026-07-27 09:12:30.097000,xrdcwddbsuip06,MTX_ACOE_Cutover_Reporting,UI_Excel_Select_Xwalk_Source_Accommodations,facility,*ALL*,QXA4067,2026-09-21 01:07:43.170000
831,COCFPA,BF.NU,NURSERY,NB,Y,NO MATCH,0,COCFPA,,,,,Y,N,None,MLT6916,2026-08-17 12:07:51.380000,corpsvcmtxcutoverrpt_sql,2026-07-27 09:12:30.097000,xrdcwddbsuip06,MTX_ACOE_Cutover_Reporting,UI_Excel_Select_Xwalk_Source_Accommodations,facility,*ALL*,QXA4067,2026-09-21 01:07:43.170000
832,COCFPA,BF.OB,OB,OB,Y,NO MATCH,42,COCFPA,LD,LABOR AND DELIVERY,OB,Y,Y,N,None,MLT6916,2026-08-17 12:07:51.413000,corpsvcmtxcutoverrpt_sql,2026-07-27 09:12:30.097000,xrdcwddbsuip06,MTX_ACOE_Cutover_Reporting,UI_Excel_Select_Xwalk_Source_Accommodations,facility,*ALL*,QXA4067,2026-09-21 01:07:43.170000
833,COCFPA,BF.P,PRIVATE,P,Y,NO MATCH,216,COCFPA,PR,PRIVATE ROOM,P,Y,Y,N,None,MLT6916,2026-08-17 12:07:51.450000,corpsvcmtxcutoverrpt_sql,2026-07-27 09:12:30.097000,xrdcwddbsuip06,MTX_ACOE_Cutover_Reporting,UI_Excel_Select_Xwalk_Source_Accommodations,facility,*ALL*,QXA4067,2026-09-21 01:07:43.170000
834,COCFPA,BF.PC,Progressive Care,PC,Y,NO MATCH,58,COCFPA,PC,PROGRESSIVE CARE,PC,Y,Y,N,None,MLT6916,2026-08-17 12:07:51.483000,corpsvcmtxcutoverrpt_sql,2026-07-27 09:12:30.097000,xrdcwddbsuip06,MTX_ACOE_Cutover_Reporting,UI_Excel_Select_Xwalk_Source_Accommodations,facility,*ALL*,QXA4067,2026-09-21 01:07:43.170000
835,COCFPA,BF.PPOP,PRIVATE POSTPARTUM OVERFLOW,PO,Y,NO MATCH,0,COCFPA,,,,,Y,N,None,MLT6916,2026-08-17 12:07:51.517000,corpsvcmtxcutoverrpt_sql,2026-07-27 09:12:30.097000,xrdcwddbsuip06,MTX_ACOE_Cutover_Reporting,UI_Excel_Select_Xwalk_Source_Accommodations,facility,*ALL*,QXA4067,2026-09-21 01:07:43.170000
836,COCFPA,BF.SP,Semi Private,SP,N,NO MATCH,0,COCFPA,,,,,N,Y,None,MLT6916,2026-08-17 12:07:51.550000,corpsvcmtxcutoverrpt_sql,2026-07-27 09:12:30.097000,xrdcwddbsuip06,MTX_ACOE_Cutover_Reporting,UI_Excel_Select_Xwalk_Source_Accommodations,facility,*ALL*,QXA4067,2026-09-21 01:07:43.170000
837,COCFPA,BF.SUITE,PRIVATE SUITE,SU,Y,NO MATCH,0,COCFPA,,,,,N,Y,None,MLT6916,2026-08-17 12:07:51.583000,corpsvcmtxcutoverrpt_sql,2026-07-27 09:12:30.097000,xrdcwddbsuip06,MTX_ACOE_Cutover_Reporting,UI_Excel_Select_Xwalk_Source_Accommodations,facility,*ALL*,QXA4067,2026-09-21 01:07:43.170000
838,COCFPA,BF.TR,INTENSIVE CARE TRAUMA,TR,Y,NO MATCH,0,COCFPA,TRIC,TRAUMA INTENSIVE CARE,TR,Y,Y,N,None,MLT6916,2026-08-17 12:07:51.617000,corpsvcmtxcutoverrpt_sql,2026-07-27 09:12:30.097000,xrdcwddbsuip06,MTX_ACOE_Cutover_Reporting,UI_Excel_Select_Xwalk_Source_Accommodations,facility,*ALL*,QXA4067,2026-09-21 01:07:43.170000
839,COCFPA,L1,NEWBORN LEVEL 1,L1,Y,NO MATCH,30,COCFPA,L1,NEWBORN LEVEL I CARE,L1,Y,Y,N,None,MLT6916,2026-08-17 12:07:51.653000,corpsvcmtxcutoverrpt_sql,2026-07-27 09:12:30.097000,xrdcwddbsuip06,MTX_ACOE_Cutover_Reporting,UI_Excel_Select_Xwalk_Source_Accommodations,facility,*ALL*,QXA4067,2026-09-21 01:07:43.170000
840,COCFPA,L2,NEWBORN LEVEL 2,L2,Y,NO MATCH,6,COCFPA,L2,NEWBORN LEVEL II CARE,L2,Y,Y,N,None,MLT6916,2026-08-17 12:07:51.687000,corpsvcmtxcutoverrpt_sql,2026-07-27 09:12:30.097000,xrdcwddbsuip06,MTX_ACOE_Cutover_Reporting,UI_Excel_Select_Xwalk_Source_Accommodations,facility,*ALL*,QXA4067,2026-09-21 01:07:43.170000
841,COCFPA,L3,NEWBORN LEVEL 3,L3,Y,NO MATCH,16,COCFPA,L3,NEWBORN LEVEL III CARE,L3,Y,Y,N,None,MLT6916,2026-08-17 12:07:51.723000,corpsvcmtxcutoverrpt_sql,2026-07-27 09:12:30.097000,xrdcwddbsuip06,MTX_ACOE_Cutover_Reporting,UI_Excel_Select_Xwalk_Source_Accommodations,facility,*ALL*,QXA4067,2026-09-21 01:07:43.170000
842,COCFPA,L4,NEWBORN LEVEL 4,L4,Y,NO MATCH,0,COCFPA,L4,NEWBORN LEVEL IV CARE,L4,Y,Y,N,None,MLT6916,2026-08-17 12:07:51.763000,corpsvcmtxcutoverrpt_sql,2026-07-27 09:12:30.097000,xrdcwddbsuip06,MTX_ACOE_Cutover_Reporting,UI_Excel_Select_Xwalk_Source_Accommodations,facility,*ALL*,QXA4067,2026-09-21 01:07:43.170000
843,COCFV,B,WELL NEWBORN,NB,N,NO MATCH,0,COCFV,,,,,N,Y,None,FAK3017,2026-08-28 12:57:35.950000,corpsvcmtxcutoverrpt_sql,2026-05-22 14:53:33.330000,xrdcwddbsuip06,MTX_ACOE_Cutover_Reporting,UI_Excel_Select_Xwalk_Source_Accommodations,facility,*ALL*,QXA4067,2026-09-21 01:07:43.170000
844,COCFV,BB,BOARDER BABY,BB,N,NO MATCH,0,COCFV,,,,,N,Y,None,FAK3017,2026-08-28 12:57:35.980000,corpsvcmtxcutoverrpt_sql,2026-05-22 14:53:33.330000,xrdcwddbsuip06,MTX_ACOE_Cutover_Reporting,UI_Excel_Select_Xwalk_Source_Accommodations,facility,*ALL*,QXA4067,2026-09-21 01:07:43.170000
845,COCFV,CC,CORONARY CARE,CC,Y,NO MATCH,1,COCFV,CC,CORONARY CARE,CC,Y,Y,N,None,FAK3017,2026-08-28 12:56:18.783000,corpsvcmtxcutoverrpt_sql,2026-05-22 14:53:33.330000,xrdcwddbsuip06,MTX_ACOE_Cutover_Reporting,UI_Excel_Select_Xwalk_Source_Accommodations,facility,*ALL*,QXA4067,2026-09-21 01:07:43.170000
846,COCFV,EH,ER HOLD BEDS,EH,Y,NO MATCH,0,COCFV,M,MEDICAL,M,Y,Y,N,None,FAK3017,2026-08-28 12:56:18.813000,corpsvcmtxcutoverrpt_sql,2026-05-22 14:53:33.330000,xrdcwddbsuip06,MTX_ACOE_Cutover_Reporting,UI_Excel_Select_Xwalk_Source_Accommodations,facility,*ALL*,QXA4067,2026-09-21 01:07:43.170000
847,COCFV,F,FAIRVIEW,1,N,NO MATCH,0,COCFV,,,,,N,Y,None,FAK3017,2026-08-28 12:56:55.473000,corpsvcmtxcutoverrpt_sql,2026-05-22 14:53:33.330000,xrdcwddbsuip06,MTX_ACOE_Cutover_Reporting,UI_Excel_Select_Xwalk_Source_Accommodations,facility,*ALL*,QXA4067,2026-09-21 01:07:43.170000
848,COCFV,GY,GYN,GY,Y,NO MATCH,0,COCFV,LD,LABOR AND DELIVERY,LD,Y,Y,N,None,FAK3017,2026-08-28 12:56:18.843000,corpsvcmtxcutoverrpt_sql,2026-05-22 14:53:33.330000,xrdcwddbsuip06,MTX_ACOE_Cutover_Reporting,UI_Excel_Select_Xwalk_Source_Accommodations,facility,*ALL*,QXA4067,2026-09-21 01:07:43.170000
849,COCFV,I,ISOLATION,IS,Y,NO MATCH,0,COCFV,M,MEDICAL,M,Y,Y,N,None,FAK3017,2026-08-28 12:56:18.873000,corpsvcmtxcutoverrpt_sql,2026-05-22 14:53:33.330000,xrdcwddbsuip06,MTX_ACOE_Cutover_Reporting,UI_Excel_Select_Xwalk_Source_Accommodations,facility,*ALL*,QXA4067,2026-09-21 01:07:43.170000
850,COCFV,IC,INTENSIVE CARE,IC,Y,NO MATCH,57,COCFV,IC,INTENSIVE CARE,IC,Y,Y,N,None,FAK3017,2026-08-28 12:56:18.903000,corpsvcmtxcutoverrpt_sql,2026-05-22 14:53:33.330000,xrdcwddbsuip06,MTX_ACOE_Cutover_Reporting,UI_Excel_Select_Xwalk_Source_Accommodations,facility,*ALL*,QXA4067,2026-09-21 01:07:43.170000
851,COCFV,J,"PRIVATE, MEDICALLY JUSTIFIED",MJ,Y,NO MATCH,0,COCFV,M,MEDICAL,M,Y,Y,N,None,FAK3017,2026-08-28 12:56:18.940000,corpsvcmtxcutoverrpt_sql,2026-05-22 14:53:33.330000,xrdcwddbsuip06,MTX_ACOE_Cutover_Reporting,UI_Excel_Select_Xwalk_Source_Accommodations,facility,*ALL*,QXA4067,2026-09-21 01:07:43.170000
852,COCFV,L1,NEWBORN LEVEL I,L1,Y,NO MATCH,29,COCFV,L1,NEWBORN LEVEL I CARE,L1,Y,Y,N,None,FAK3017,2026-08-28 12:56:18.973000,corpsvcmtxcutoverrpt_sql,2026-05-22 14:53:33.330000,xrdcwddbsuip06,MTX_ACOE_Cutover_Reporting,UI_Excel_Select_Xwalk_Source_Accommodations,facility,*ALL*,QXA4067,2026-09-21 01:07:43.170000
853,COCFV,L2,NEWBORN LEVEL II,L2,Y,NO MATCH,12,COCFV,L2,NEWBORN LEVEL II CARE,L2,Y,Y,N,None,FAK3017,2026-08-28 12:56:19.027000,corpsvcmtxcutoverrpt_sql,2026-05-22 14:53:33.330000,xrdcwddbsuip06,MTX_ACOE_Cutover_Reporting,UI_Excel_Select_Xwalk_Source_Accommodations,facility,*ALL*,QXA4067,2026-09-21 01:07:43.170000
854,COCFV,L3,NEWBORN LEVEL III,L3,Y,NO MATCH,4,COCFV,L3,NEWBORN LEVEL III CARE,L3,Y,Y,N,None,FAK3017,2026-08-28 12:56:19.057000,corpsvcmtxcutoverrpt_sql,2026-05-22 14:53:33.330000,xrdcwddbsuip06,MTX_ACOE_Cutover_Reporting,UI_Excel_Select_Xwalk_Source_Accommodations,facility,*ALL*,QXA4067,2026-09-21 01:07:43.171000
855,COCFV,L4,NEWBORN LEVEL IV,L4,Y,NO MATCH,0,COCFV,L4,NEWBORN LEVEL IV CARE,L4,Y,Y,N,None,FAK3017,2026-08-28 12:56:19.090000,corpsvcmtxcutoverrpt_sql,2026-05-22 14:53:33.330000,xrdcwddbsuip06,MTX_ACOE_Cutover_Reporting,UI_Excel_Select_Xwalk_Source_Accommodations,facility,*ALL*,QXA4067,2026-09-21 01:07:43.171000
856,COCFV,M,CORONARY CARE,00,N,NO MATCH,0,COCFV,,,,,N,Y,None,FAK3017,2026-08-28 12:56:55.503000,corpsvcmtxcutoverrpt_sql,2026-05-22 14:53:33.330000,xrdcwddbsuip06,MTX_ACOE_Cutover_Reporting,UI_Excel_Select_Xwalk_Source_Accommodations,facility,*ALL*,QXA4067,2026-09-21 01:07:43.171000
857,COCFV,MP,MEDICAL PRIVATE,MP,Y,NO MATCH,414,COCFV,M,MEDICAL,M,Y,Y,N,None,FAK3017,2026-08-28 12:56:19.120000,corpsvcmtxcutoverrpt_sql,2026-05-22 14:53:33.330000,xrdcwddbsuip06,MTX_ACOE_Cutover_Reporting,UI_Excel_Select_Xwalk_Source_Accommodations,facility,*ALL*,QXA4067,2026-09-21 01:07:43.171000
858,COCFV,NB,NI WELL NEWBORN (NI),NR,Y,NO MATCH,0,COCFV,L1,NEWBORN LEVEL I CARE,L1,Y,Y,N,None,FAK3017,2026-08-28 12:56:19.153000,corpsvcmtxcutoverrpt_sql,2026-05-22 14:53:33.330000,xrdcwddbsuip06,MTX_ACOE_Cutover_Reporting,UI_Excel_Select_Xwalk_Source_Accommodations,facility,*ALL*,QXA4067,2026-09-21 01:07:43.171000
859,COCFV,NN,NEWBORN NURSERY,NN,Y,NO MATCH,1,COCFV,L1,NEWBORN LEVEL I CARE,L1,Y,Y,N,None,FAK3017,2026-08-28 12:56:19.187000,corpsvcmtxcutoverrpt_sql,2026-05-22 14:53:33.330000,xrdcwddbsuip06,MTX_ACOE_Cutover_Reporting,UI_Excel_Select_Xwalk_Source_Accommodations,facility,*ALL*,QXA4067,2026-09-21 01:07:43.171000
860,COCFV,OBGP,OB GYN PRIVATE,OB,Y,NO MATCH,59,COCFV,LD,LABOR AND DELIVERY,LD,Y,Y,N,None,FAK3017,2026-08-28 12:56:19.220000,corpsvcmtxcutoverrpt_sql,2026-05-22 14:53:33.330000,xrdcwddbsuip06,MTX_ACOE_Cutover_Reporting,UI_Excel_Select_Xwalk_Source_Accommodations,facility,*ALL*,QXA4067,2026-09-21 01:07:43.171000
861,COCFV,P2,PRIVATE - 2ND FL,P2,N,NO MATCH,0,COCFV,,,,,N,Y,None,FAK3017,2026-08-28 12:56:55.533000,corpsvcmtxcutoverrpt_sql,2026-05-22 14:53:33.330000,xrdcwddbsuip06,MTX_ACOE_Cutover_Reporting,UI_Excel_Select_Xwalk_Source_Accommodations,facility,*ALL*,QXA4067,2026-09-21 01:07:43.171000
862,COCFV,P3,PEDIATRIC-3RD FL,P3,N,NO MATCH,0,COCFV,,,,,N,Y,None,FAK3017,2026-08-28 12:56:55.563000,corpsvcmtxcutoverrpt_sql,2026-05-22 14:53:33.330000,xrdcwddbsuip06,MTX_ACOE_Cutover_Reporting,UI_Excel_Select_Xwalk_Source_Accommodations,facility,*ALL*,QXA4067,2026-09-21 01:07:43.171000
863,COCFV,P4,PEDIATRIC-4TH FL,P4,N,NO MATCH,0,COCFV,,,,,N,Y,None,FAK3017,2026-08-28 12:56:55.593000,corpsvcmtxcutoverrpt_sql,2026-05-22 14:53:33.330000,xrdcwddbsuip06,MTX_ACOE_Cutover_Reporting,UI_Excel_Select_Xwalk_Source_Accommodations,facility,*ALL*,QXA4067,2026-09-21 01:07:43.171000
864,COCFV,P5,PRIVATE - 5TH FL,P5,N,NO MATCH,0,COCFV,,,,,N,Y,None,FAK3017,2026-08-28 12:56:55.623000,corpsvcmtxcutoverrpt_sql,2026-05-22 14:53:33.330000,xrdcwddbsuip06,MTX_ACOE_Cutover_Reporting,UI_Excel_Select_Xwalk_Source_Accommodations,facility,*ALL*,QXA4067,2026-09-21 01:07:43.171000
865,COCFV,P6,PRIVATE - 6TH FL,P6,N,NO MATCH,0,COCFV,,,,,N,Y,None,FAK3017,2026-08-28 12:56:55.653000,corpsvcmtxcutoverrpt_sql,2026-05-22 14:53:33.330000,xrdcwddbsuip06,MTX_ACOE_Cutover_Reporting,UI_Excel_Select_Xwalk_Source_Accommodations,facility,*ALL*,QXA4067,2026-09-21 01:07:43.171000
866,COCFV,PED,PEDIATRICS - PRIVATE,PP,Y,NO MATCH,24,COCFV,PP,PEDIATRIC PRIVATE,PD,Y,Y,N,None,FAK3017,2026-08-28 12:56:19.250000,corpsvcmtxcutoverrpt_sql,2026-05-22 14:53:33.330000,xrdcwddbsuip06,MTX_ACOE_Cutover_Reporting,UI_Excel_Select_Xwalk_Source_Accommodations,facility,*ALL*,QXA4067,2026-09-21 01:07:43.171000
867,COCFV,PEDS,PEDIATRICS - SEMIPRIVATE,PS,Y,NO MATCH,1,COCFV,M,MEDICAL,M,Y,Y,N,None,FAK3017,2026-08-28 12:56:19.283000,corpsvcmtxcutoverrpt_sql,2026-05-22 14:53:33.330000,xrdcwddbsuip06,MTX_ACOE_Cutover_Reporting,UI_Excel_Select_Xwalk_Source_Accommodations,facility,*ALL*,QXA4067,2026-09-21 01:07:43.171000
868,COCFV,PV,PRIVATE,PV,Y,NO MATCH,10,COCFV,PR,PRIVATE ROOM,PR,Y,Y,N,None,FAK3017,2026-08-28 12:56:19.317000,corpsvcmtxcutoverrpt_sql,2026-05-22 14:53:33.330000,xrdcwddbsuip06,MTX_ACOE_Cutover_Reporting,UI_Excel_Select_Xwalk_Source_Accommodations,facility,*ALL*,QXA4067,2026-09-21 01:07:43.171000
869,COCFV,R,REHABILITATION,RH,Y,NO MATCH,52,COCFV,R,REHABILITATION,R,Y,Y,N,None,FAK3017,2026-08-28 12:56:19.343000,corpsvcmtxcutoverrpt_sql,2026-05-22 14:53:33.330000,xrdcwddbsuip06,MTX_ACOE_Cutover_Reporting,UI_Excel_Select_Xwalk_Source_Accommodations,facility,*ALL*,QXA4067,2026-09-21 01:07:43.171000
870,COCFV,S,SEMI PRIVATE ROOM,3,Y,NO MATCH,2,COCFV,SP,SEMI PRIVATE ROOM,SP,Y,Y,N,None,FAK3017,2026-08-28 12:56:19.377000,corpsvcmtxcutoverrpt_sql,2026-05-22 14:53:33.330000,xrdcwddbsuip06,MTX_ACOE_Cutover_Reporting,UI_Excel_Select_Xwalk_Source_Accommodations,facility,*ALL*,QXA4067,2026-09-21 01:07:43.171000
871,COCFV,SP,SURGICAL PRIVATE,SP,Y,NO MATCH,74,COCFV,MS,MED SURG,MS,Y,Y,N,None,FAK3017,2026-08-28 12:56:19.417000,corpsvcmtxcutoverrpt_sql,2026-05-22 14:53:33.330000,xrdcwddbsuip06,MTX_ACOE_Cutover_Reporting,UI_Excel_Select_Xwalk_Source_Accommodations,facility,*ALL*,QXA4067,2026-09-21 01:07:43.172000
872,COCFV,TR,TRAUMA ICU,TR,Y,NO MATCH,0,COCFV,TR,TRAUMA,TR,Y,Y,N,None,FAK3017,2026-08-28 12:56:19.450000,corpsvcmtxcutoverrpt_sql,2026-05-22 14:53:33.330000,xrdcwddbsuip06,MTX_ACOE_Cutover_Reporting,UI_Excel_Select_Xwalk_Source_Accommodations,facility,*ALL*,QXA4067,2026-09-21 01:07:43.172000
873,COCFV,W,WARD,WA,Y,NO MATCH,0,COCFV,M,MEDICAL,M,Y,Y,N,None,FAK3017,2026-08-28 12:56:19.497000,corpsvcmtxcutoverrpt_sql,2026-05-22 14:53:33.330000,xrdcwddbsuip06,MTX_ACOE_Cutover_Reporting,UI_Excel_Select_Xwalk_Source_Accommodations,facility,*ALL*,QXA4067,2026-09-21 01:07:43.172000
874,COCFV,Y,PED (PED NSY),Y,Y,NO MATCH,0,COCFV,M,MEDICAL,M,Y,Y,N,None,FAK3017,2026-08-28 12:56:19.553000,corpsvcmtxcutoverrpt_sql,2026-05-22 14:53:33.330000,xrdcwddbsuip06,MTX_ACOE_Cutover_Reporting,UI_Excel_Select_Xwalk_Source_Accommodations,facility,*ALL*,QXA4067,2026-09-21 01:07:43.172000
875,COCFV,Z.OPS,OUTPATIENT SURGERY,OP,Y,NO MATCH,0,COCFV,MS,MED SURG,MS,Y,Y,N,None,FAK3017,2026-08-28 12:56:19.587000,corpsvcmtxcutoverrpt_sql,2026-05-22 14:53:33.330000,xrdcwddbsuip06,MTX_ACOE_Cutover_Reporting,UI_Excel_Select_Xwalk_Source_Accommodations,facility,*ALL*,QXA4067,2026-09-21 01:07:43.172000
876,COCFV,ZT,TEST,T,N,NO MATCH,0,COCFV,,,,,N,Y,None,FAK3017,2026-08-28 12:56:55.683000,corpsvcmtxcutoverrpt_sql,2026-05-22 14:53:33.330000,xrdcwddbsuip06,MTX_ACOE_Cutover_Reporting,UI_Excel_Select_Xwalk_Source_Accommodations,facility,*ALL*,QXA4067,2026-09-21 01:07:43.172000
877,COCFW,___N/A___20250926170906,Net New Expanse Location--no MT56 data,___N/A___20250926170906,Y,"TEST (2025-12-11),LIVE (2025-12-05)",0,COCFW,TREC,TRAUMA WITH ECMO,ET,Y,Y,N,None,UDP4850,2025-09-26 14:00:12.700000,HCA\udp4850,2025-09-26 13:58:32.440000,xrdcwddbsuip06,MTX_ACOE_Cutover_Reporting,UI_Excel_Select_Xwalk_Source_Accommodations,facility,*ALL*,QXA4067,2026-09-21 01:07:43.172000
878,COCFW,BB,BOARDER BABY,BB,Y,NO MATCH,0,COCFW,MED,MEDICAL,M,,Y,N,None,IIU4396,2025-07-31 12:27:15.593000,corpsvcmtxcutoverrpt_sql,2025-05-29 04:14:05.963000,xrdcwddbsuip06,MTX_ACOE_Cutover_Reporting,UI_Excel_Select_Xwalk_Source_Accommodations,facility,*ALL*,QXA4067,2026-09-21 01:07:43.172000
879,COCFW,CC,CORONARY CARE,CC,Y,NO MATCH,0,COCFW,MED,MEDICAL,M,,Y,N,None,IIU4396,2025-07-31 12:27:15.630000,HCA\IIU4396,2024-10-15 11:46:47.723000,xrdcwddbsuip06,MTX_ACOE_Cutover_Reporting,UI_Excel_Select_Xwalk_Source_Accommodations,facility,*ALL*,QXA4067,2026-09-21 01:07:43.172000
880,COCFW,CM,CLOSED PSYCHIATRIC PRIVATE,CM,Y,NO MATCH,0,COCFW,MED,MEDICAL,M,,Y,N,None,IIU4396,2025-07-31 12:27:15.670000,HCA\IIU4396,2024-10-15 11:46:47.723000,xrdcwddbsuip06,MTX_ACOE_Cutover_Reporting,UI_Excel_Select_Xwalk_Source_Accommodations,facility,*ALL*,QXA4067,2026-09-21 01:07:43.172000
881,COCFW,CS,CLOSED PSYCH SEMI PRIVATE,CS,Y,NO MATCH,0,COCFW,MED,MEDICAL,M,,Y,N,None,IIU4396,2025-07-31 12:27:15.707000,HCA\IIU4396,2024-10-15 11:46:47.723000,xrdcwddbsuip06,MTX_ACOE_Cutover_Reporting,UI_Excel_Select_Xwalk_Source_Accommodations,facility,*ALL*,QXA4067,2026-09-21 01:07:43.172000
882,COCFW,CV,CV ICU,CV,Y,"TEST (2025-12-11),ZCON (2025-12-11),LIVE (2025-12-05)",0,COCFW,IC,INTENSIVE CARE,IC,,Y,N,None,IIU4396,2025-07-31 12:27:15.747000,HCA\IIU4396,2024-10-15 11:46:47.723000,xrdcwddbsuip06,MTX_ACOE_Cutover_Reporting,UI_Excel_Select_Xwalk_Source_Accommodations,facility,*ALL*,QXA4067,2026-09-21 01:07:43.172000
883,COCFW,EC,ECMO,EC,Y,"TEST (2025-12-11),LIVE (2025-12-05)",0,COCFW,EC,ECMO,EC,,Y,N,None,JKB0282,2025-09-18 11:36:24.857000,corpsvcmtxcutoverrpt_sql,2025-09-09 14:47:33.733000,xrdcwddbsuip06,MTX_ACOE_Cutover_Reporting,UI_Excel_Select_Xwalk_Source_Accommodations,facility,*ALL*,QXA4067,2026-09-21 01:07:43.172000
884,COCFW,ER,EMERGENCY ROOM,ER,Y,NO MATCH,0,COCFW,MED,MEDICAL,M,,Y,N,None,IIU4396,2025-07-31 12:27:15.783000,HCA\IIU4396,2024-10-15 11:46:47.723000,xrdcwddbsuip06,MTX_ACOE_Cutover_Reporting,UI_Excel_Select_Xwalk_Source_Accommodations,facility,*ALL*,QXA4067,2026-09-21 01:07:43.172000
885,COCFW,GYN,GYNECOLOGY,GY,Y,NO MATCH,0,COCFW,MED,MEDICAL,M,,Y,N,None,IIU4396,2025-07-31 12:27:15.820000,HCA\IIU4396,2024-10-15 11:46:47.723000,xrdcwddbsuip06,MTX_ACOE_Cutover_Reporting,UI_Excel_Select_Xwalk_Source_Accommodations,facility,*ALL*,QXA4067,2026-09-21 01:07:43.172000
886,COCFW,IC,INTENSIVE CARE,IC,Y,"TEST (2025-12-11),ZCON (2025-12-11),LIVE (2025-12-05)",0,COCFW,IC,INTENSIVE CARE,IC,,Y,N,None,IIU4396,2025-07-31 12:27:15.860000,HCA\IIU4396,2024-10-15 11:46:47.723000,xrdcwddbsuip06,MTX_ACOE_Cutover_Reporting,UI_Excel_Select_Xwalk_Source_Accommodations,facility,*ALL*,QXA4067,2026-09-21 01:07:43.172000
887,COCFW,IS,ISOLATION,IS,Y,NO MATCH,0,COCFW,MED,MEDICAL,M,,Y,N,None,IIU4396,2025-07-31 12:27:15.893000,HCA\IIU4396,2024-10-15 11:46:47.723000,xrdcwddbsuip06,MTX_ACOE_Cutover_Reporting,UI_Excel_Select_Xwalk_Source_Accommodations,facility,*ALL*,QXA4067,2026-09-21 01:07:43.172000
888,COCFW,L1,NEWBORN LEVEL I,L1,Y,"TEST (2025-12-11),ZCON (2025-12-11),LIVE (2025-12-05)",0,COCFW,L1,NEWBORN LEVEL 1 CARE,L1,,Y,N,None,JKB0282,2025-07-31 16:49:14.623000,HCA\CORPSVCACOESSISPROXY,2024-11-13 04:14:04.580000,xrdcwddbsuip06,MTX_ACOE_Cutover_Reporting,UI_Excel_Select_Xwalk_Source_Accommodations,facility,*ALL*,QXA4067,2026-09-21 01:07:43.172000
889,COCFW,L2,NEWBORN LEVEL II,L2,Y,"TEST (2025-12-11),ZCON (2025-12-11),LIVE (2025-12-05)",0,COCFW,L2,NEWBORN LEVEL II CARE,L2,,Y,N,None,IIU4396,2025-07-31 12:27:15.933000,HCA\CORPSVCACOESSISPROXY,2024-11-13 04:14:04.580000,xrdcwddbsuip06,MTX_ACOE_Cutover_Reporting,UI_Excel_Select_Xwalk_Source_Accommodations,facility,*ALL*,QXA4067,2026-09-21 01:07:43.172000
890,COCFW,L3,NEWBORN LEVEL III,L3,Y,"TEST (2025-12-11),ZCON (2025-12-11),LIVE (2025-12-05)",0,COCFW,L3,NEWBORN LEVEL III CARE,L3,,Y,N,None,IIU4396,2025-07-31 12:27:15.970000,HCA\CORPSVCACOESSISPROXY,2024-11-13 04:14:04.580000,xrdcwddbsuip06,MTX_ACOE_Cutover_Reporting,UI_Excel_Select_Xwalk_Source_Accommodations,facility,*ALL*,QXA4067,2026-09-21 01:07:43.172000
891,COCFW,L4,NEWBORN LEVEL IV,L4,Y,"TEST (2025-12-11),ZCON (2025-12-11),LIVE (2025-12-05)",0,COCFW,L4,NEWBORN LEVEL IV CARE,L4,,Y,N,None,IIU4396,2025-07-31 12:27:16.007000,HCA\CORPSVCACOESSISPROXY,2024-11-13 04:14:04.580000,xrdcwddbsuip06,MTX_ACOE_Cutover_Reporting,UI_Excel_Select_Xwalk_Source_Accommodations,facility,*ALL*,QXA4067,2026-09-21 01:07:43.172000
892,COCFW,LA,LEAVE OF ABSENCE,LA,Y,NO MATCH,0,COCFW,MED,MEDICAL,M,,Y,N,None,IIU4396,2025-07-31 12:27:16.053000,HCA\IIU4396,2024-10-15 11:46:47.723000,xrdcwddbsuip06,MTX_ACOE_Cutover_Reporting,UI_Excel_Select_Xwalk_Source_Accommodations,facility,*ALL*,QXA4067,2026-09-21 01:07:43.172000
893,COCFW,LD,LABOR AND DELIVERY,LD,Y,"TEST (2025-12-11),ZCON (2025-12-11),LIVE (2025-12-05)",0,COCFW,LD,LABOR AND DELIVERY,LD,,Y,N,None,IIU4396,2025-07-31 12:27:16.090000,HCA\IIU4396,2024-10-15 11:46:47.723000,xrdcwddbsuip06,MTX_ACOE_Cutover_Reporting,UI_Excel_Select_Xwalk_Source_Accommodations,facility,*ALL*,QXA4067,2026-09-21 01:07:43.172000
894,COCFW,MAPU,MEDICAL ADM PROCESSING UNIT,MA,Y,NO MATCH,0,COCFW,MED,MEDICAL,M,,Y,N,None,IIU4396,2025-07-31 12:27:16.130000,HCA\IIU4396,2024-10-15 11:46:47.723000,xrdcwddbsuip06,MTX_ACOE_Cutover_Reporting,UI_Excel_Select_Xwalk_Source_Accommodations,facility,*ALL*,QXA4067,2026-09-21 01:07:43.172000
895,COCFW,MD,MEDICAL,MD,Y,NO MATCH,0,COCFW,MED,MEDICAL,M,,Y,N,None,IIU4396,2025-07-31 12:27:16.200000,HCA\IIU4396,2024-10-15 11:46:47.723000,xrdcwddbsuip06,MTX_ACOE_Cutover_Reporting,UI_Excel_Select_Xwalk_Source_Accommodations,facility,*ALL*,QXA4067,2026-09-21 01:07:43.172000
896,COCFW,MJ,MEDICALLY JUSTIFIED,J,Y,"TEST (2025-12-11),ZCON (2025-12-11),LIVE (2025-12-05)",0,COCFW,BH,BEHAVORIAL HEALTH,BH,,Y,N,None,IIU4396,2025-07-31 12:27:16.237000,HCA\IIU4396,2024-10-15 11:46:47.723000,xrdcwddbsuip06,MTX_ACOE_Cutover_Reporting,UI_Excel_Select_Xwalk_Source_Accommodations,facility,*ALL*,QXA4067,2026-09-21 01:07:43.172000
897,COCFW,MP,PSYCHIATRIC PRIVATE,MP,Y,NO MATCH,0,COCFW,MED,MEDICAL,M,,Y,N,None,IIU4396,2025-07-31 12:27:16.273000,HCA\IIU4396,2024-10-15 11:46:47.723000,xrdcwddbsuip06,MTX_ACOE_Cutover_Reporting,UI_Excel_Select_Xwalk_Source_Accommodations,facility,*ALL*,QXA4067,2026-09-21 01:07:43.172000
898,COCFW,NBB,NURSERY BORDER BABY,NB,Y,NO MATCH,0,COCFW,MED,MEDICAL,M,,Y,N,None,IIU4396,2025-07-31 12:27:16.307000,HCA\IIU4396,2024-10-15 11:46:47.723000,xrdcwddbsuip06,MTX_ACOE_Cutover_Reporting,UI_Excel_Select_Xwalk_Source_Accommodations,facility,*ALL*,QXA4067,2026-09-21 01:07:43.172000
899,COCFW,NI,NEONATAL INTENSIVE,NI,Y,NO MATCH,0,COCFW,MED,MEDICAL,M,,Y,N,None,IIU4396,2025-07-31 12:27:16.347000,corpsvcmtxcutoverrpt_sql,2025-05-29 04:14:05.963000,xrdcwddbsuip06,MTX_ACOE_Cutover_Reporting,UI_Excel_Select_Xwalk_Source_Accommodations,facility,*ALL*,QXA4067,2026-09-21 01:07:43.172000
900,COCFW,NU,NEWBORN NURSERY,B,Y,"TEST (2025-12-11),ZCON (2025-12-11),LIVE (2025-12-05)",0,COCFW,L1,NEWBORN LEVEL 1 CARE,L1,,Y,N,None,IIU4396,2025-07-31 12:27:16.387000,HCA\IIU4396,2024-10-15 11:46:47.723000,xrdcwddbsuip06,MTX_ACOE_Cutover_Reporting,UI_Excel_Select_Xwalk_Source_Accommodations,facility,*ALL*,QXA4067,2026-09-21 01:07:43.172000
901,COCFW,OB,MATERNITY,OB,Y,NO MATCH,0,COCFW,MED,MEDICAL,M,,Y,N,None,IIU4396,2025-07-31 12:27:16.427000,HCA\IIU4396,2024-10-15 11:46:47.723000,xrdcwddbsuip06,MTX_ACOE_Cutover_Reporting,UI_Excel_Select_Xwalk_Source_Accommodations,facility,*ALL*,QXA4067,2026-09-21 01:07:43.172000
902,COCFW,OCAT,OVERFLOW CATHLAB,OC,Y,"TEST (2025-12-11),ZCON (2025-12-11),LIVE (2025-12-05)",0,COCFW,PR,PRIVATE ROOM,PR,,Y,N,None,IIU4396,2025-07-31 12:27:16.467000,HCA\IIU4396,2024-10-15 11:46:47.723000,xrdcwddbsuip06,MTX_ACOE_Cutover_Reporting,UI_Excel_Select_Xwalk_Source_Accommodations,facility,*ALL*,QXA4067,2026-09-21 01:07:43.172000
903,COCFW,OED,OVERFLOW ED,OE,Y,NO MATCH,0,COCFW,MED,MEDICAL,M,,Y,N,None,IIU4396,2025-07-31 12:27:16.503000,HCA\IIU4396,2024-10-15 11:46:47.723000,xrdcwddbsuip06,MTX_ACOE_Cutover_Reporting,UI_Excel_Select_Xwalk_Source_Accommodations,facility,*ALL*,QXA4067,2026-09-21 01:07:43.172000
904,COCFW,ON,ONCOLOGY,ON,Y,NO MATCH,0,COCFW,MED,MEDICAL,M,,Y,N,None,IIU4396,2025-07-31 12:27:16.540000,HCA\IIU4396,2024-10-15 11:46:47.723000,xrdcwddbsuip06,MTX_ACOE_Cutover_Reporting,UI_Excel_Select_Xwalk_Source_Accommodations,facility,*ALL*,QXA4067,2026-09-21 01:07:43.172000
905,COCFW,OS,SURGICAL OVERFLOW,OS,Y,"TEST (2025-12-11),ZCON (2025-12-11),LIVE (2025-12-05)",0,COCFW,PR,PRIVATE ROOM,PR,,Y,N,None,IIU4396,2025-07-31 12:27:16.580000,HCA\IIU4396,2024-10-15 11:46:47.723000,xrdcwddbsuip06,MTX_ACOE_Cutover_Reporting,UI_Excel_Select_Xwalk_Source_Accommodations,facility,*ALL*,QXA4067,2026-09-21 01:07:43.172000
906,COCFW,P,PRIVATE ROOM,P,Y,"TEST (2025-12-11),ZCON (2025-12-11),LIVE (2025-12-05)",0,COCFW,PR,PRIVATE ROOM,PR,,Y,N,None,IIU4396,2025-07-31 12:27:16.617000,HCA\IIU4396,2024-10-15 11:46:47.723000,xrdcwddbsuip06,MTX_ACOE_Cutover_Reporting,UI_Excel_Select_Xwalk_Source_Accommodations,facility,*ALL*,QXA4067,2026-09-21 01:07:43.172000
907,COCFW,PC,PROGRESSIVE CARE,PC,Y,"TEST (2025-12-11),ZCON (2025-12-11),LIVE (2025-12-05)",0,COCFW,PC,PROGRESSIVE CARE,PC,,Y,N,None,IIU4396,2025-07-31 12:27:16.653000,HCA\IIU4396,2024-10-15 11:46:47.723000,xrdcwddbsuip06,MTX_ACOE_Cutover_Reporting,UI_Excel_Select_Xwalk_Source_Accommodations,facility,*ALL*,QXA4067,2026-09-21 01:07:43.172000
908,COCFW,PD,PEDIATRICS,PD,Y,NO MATCH,0,COCFW,MED,MEDICAL,M,,Y,N,None,IIU4396,2025-07-31 12:27:16.693000,HCA\IIU4396,2024-10-15 11:46:47.723000,xrdcwddbsuip06,MTX_ACOE_Cutover_Reporting,UI_Excel_Select_Xwalk_Source_Accommodations,facility,*ALL*,QXA4067,2026-09-21 01:07:43.172000
909,COCFW,PN,PEDIATRIC NURSERY,PN,Y,NO MATCH,0,COCFW,MED,MEDICAL,M,,Y,N,None,IIU4396,2025-07-31 12:27:16.730000,HCA\IIU4396,2024-10-15 11:46:47.723000,xrdcwddbsuip06,MTX_ACOE_Cutover_Reporting,UI_Excel_Select_Xwalk_Source_Accommodations,facility,*ALL*,QXA4067,2026-09-21 01:07:43.172000
910,COCFW,PS,PSYCHIATRIC SEMI PRIVATE,PS,Y,"TEST (2025-12-11),ZCON (2025-12-11),LIVE (2025-12-05)",0,COCFW,BH,BEHAVORIAL HEALTH,BH,,Y,N,None,IIU4396,2025-07-31 12:27:16.767000,HCA\IIU4396,2024-10-15 11:46:47.723000,xrdcwddbsuip06,MTX_ACOE_Cutover_Reporting,UI_Excel_Select_Xwalk_Source_Accommodations,facility,*ALL*,QXA4067,2026-09-21 01:07:43.173000
911,COCFW,RH,REHAB SEMI PRIVATE,RH,Y,"TEST (2025-12-11),ZCON (2025-12-11),LIVE (2025-12-05)",0,COCFW,R,REHABILITATION,R,,Y,N,None,IIU4396,2025-07-31 12:27:16.807000,HCA\IIU4396,2024-10-15 11:46:47.723000,xrdcwddbsuip06,MTX_ACOE_Cutover_Reporting,UI_Excel_Select_Xwalk_Source_Accommodations,facility,*ALL*,QXA4067,2026-09-21 01:07:43.173000
912,COCFW,SOB,SURGICAL ON OB,SO,Y,NO MATCH,0,COCFW,MED,MEDICAL,M,,Y,N,None,IIU4396,2025-07-31 12:27:16.847000,HCA\IIU4396,2024-10-15 11:46:47.723000,xrdcwddbsuip06,MTX_ACOE_Cutover_Reporting,UI_Excel_Select_Xwalk_Source_Accommodations,facility,*ALL*,QXA4067,2026-09-21 01:07:43.173000
913,COCFW,SP,SEMI-PRIVATE,S,Y,"TEST (2025-12-11),ZCON (2025-12-11),LIVE (2025-12-05)",0,COCFW,SP,SEMI PRIVATE ROOM,SP,,Y,N,None,IIU4396,2025-07-31 12:27:17.130000,HCA\IIU4396,2024-10-15 11:46:47.723000,xrdcwddbsuip06,MTX_ACOE_Cutover_Reporting,UI_Excel_Select_Xwalk_Source_Accommodations,facility,*ALL*,QXA4067,2026-09-21 01:07:43.173000
914,COCFW,SU,SURGICAL,SU,Y,"TEST (2025-12-11),ZCON (2025-12-11),LIVE (2025-12-05)",0,COCFW,MS,MED SURG,MS,,Y,N,None,JKB0282,2025-08-27 09:52:09.413000,HCA\IIU4396,2024-10-15 11:46:47.723000,xrdcwddbsuip06,MTX_ACOE_Cutover_Reporting,UI_Excel_Select_Xwalk_Source_Accommodations,facility,*ALL*,QXA4067,2026-09-21 01:07:43.173000
915,COCFW,T1,TRICARE REHAB LEVEL 1,T1,Y,NO MATCH,0,COCFW,MED,MEDICAL,M,,Y,N,None,IIU4396,2025-07-31 12:27:17.213000,HCA\IIU4396,2024-10-15 11:46:47.723000,xrdcwddbsuip06,MTX_ACOE_Cutover_Reporting,UI_Excel_Select_Xwalk_Source_Accommodations,facility,*ALL*,QXA4067,2026-09-21 01:07:43.173000
916,COCFW,T2,TRICARE REHAB LEVEL 2,T2,Y,NO MATCH,0,COCFW,MED,MEDICAL,M,,Y,N,None,IIU4396,2025-07-31 12:27:17.250000,HCA\IIU4396,2024-10-15 11:46:47.723000,xrdcwddbsuip06,MTX_ACOE_Cutover_Reporting,UI_Excel_Select_Xwalk_Source_Accommodations,facility,*ALL*,QXA4067,2026-09-21 01:07:43.173000
917,COCFW,T3,TRICARE REHAB LEVEL 3,T3,Y,NO MATCH,0,COCFW,MED,MEDICAL,M,,Y,N,None,IIU4396,2025-07-31 12:27:17.290000,HCA\IIU4396,2024-10-15 11:46:47.723000,xrdcwddbsuip06,MTX_ACOE_Cutover_Reporting,UI_Excel_Select_Xwalk_Source_Accommodations,facility,*ALL*,QXA4067,2026-09-21 01:07:43.173000
918,COCFW,TR,TRAUMA,TR,Y,"TEST (2025-12-11),ZCON (2025-12-11),LIVE (2025-12-05)",0,COCFW,TR,TRAUMA,TR,,Y,N,None,IIU4396,2025-07-31 12:27:17.327000,HCA\IIU4396,2024-10-15 11:46:47.723000,xrdcwddbsuip06,MTX_ACOE_Cutover_Reporting,UI_Excel_Select_Xwalk_Source_Accommodations,facility,*ALL*,QXA4067,2026-09-21 01:07:43.173000
919,COCFW,TU,TRANSITION UNIT,TU,Y,NO MATCH,0,COCFW,MED,MEDICAL,M,,Y,N,None,IIU4396,2025-07-31 12:27:17.363000,HCA\IIU4396,2024-10-15 11:46:47.723000,xrdcwddbsuip06,MTX_ACOE_Cutover_Reporting,UI_Excel_Select_Xwalk_Source_Accommodations,facility,*ALL*,QXA4067,2026-09-21 01:07:43.173000
920,COCFW,WCS,WOMEN AND CHILDREN,WC,Y,"TEST (2025-12-11),ZCON (2025-12-11),LIVE (2025-12-05)",0,COCFW,SP,SEMI PRIVATE ROOM,SP,,Y,N,None,IIU4396,2025-07-31 12:27:17.400000,HCA\IIU4396,2024-10-15 11:46:47.723000,xrdcwddbsuip06,MTX_ACOE_Cutover_Reporting,UI_Excel_Select_Xwalk_Source_Accommodations,facility,*ALL*,QXA4067,2026-09-21 01:07:43.173000
921,COCGBE,BA.ACU,ACUTE CARE UNIT SEMI-PRVT,AC,N,NO MATCH,0,COCGBE,,,,,N,Y,None,KKO3457,2026-07-28 14:56:08.027000,corpsvcmtxcutoverrpt_sql,2026-07-27 09:12:30.097000,xrdcwddbsuip06,MTX_ACOE_Cutover_Reporting,UI_Excel_Select_Xwalk_Source_Accommodations,facility,*ALL*,QXA4067,2026-09-21 01:07:43.173000
922,COCGBE,BA.ACUTR,ACU/TRIAGE SEMI PRIVATE,AT,N,NO MATCH,0,COCGBE,,,,,N,Y,None,KKO3457,2026-07-28 14:56:08.077000,corpsvcmtxcutoverrpt_sql,2026-07-27 09:12:30.097000,xrdcwddbsuip06,MTX_ACOE_Cutover_Reporting,UI_Excel_Select_Xwalk_Source_Accommodations,facility,*ALL*,QXA4067,2026-09-21 01:07:43.173000
923,COCGBE,BA.ADDTX,ADOLESCENT DETOX SEMI-PRIVATE,AD,Y,NO MATCH,0,COCGBE,A,ADOLESCENT,AD,Y,Y,N,None,KKO3457,2026-07-28 14:56:08.127000,corpsvcmtxcutoverrpt_sql,2026-07-27 09:12:30.097000,xrdcwddbsuip06,MTX_ACOE_Cutover_Reporting,UI_Excel_Select_Xwalk_Source_Accommodations,facility,*ALL*,QXA4067,2026-09-21 01:07:43.173000
924,COCGBE,BA.ADOL,ADOLESCENT SEMI PRIVATE,AS,N,NO MATCH,0,COCGBE,,,,,N,Y,None,KKO3457,2026-07-28 14:56:08.180000,corpsvcmtxcutoverrpt_sql,2026-07-27 09:12:30.097000,xrdcwddbsuip06,MTX_ACOE_Cutover_Reporting,UI_Excel_Select_Xwalk_Source_Accommodations,facility,*ALL*,QXA4067,2026-09-21 01:07:43.173000
925,COCGBE,BA.ADPSY,ADOLESCENT PSYCHIATRIC SEMI-P,AP,Y,NO MATCH,70,COCGBE,A,ADOLESCENT,AD,Y,Y,N,None,KKO3457,2026-07-28 14:56:08.223000,corpsvcmtxcutoverrpt_sql,2026-07-27 09:12:30.097000,xrdcwddbsuip06,MTX_ACOE_Cutover_Reporting,UI_Excel_Select_Xwalk_Source_Accommodations,facility,*ALL*,QXA4067,2026-09-21 01:07:43.173000
926,COCGBE,BA.ADULT,ADULT SEMI PRIVATE,AE,N,NO MATCH,0,COCGBE,,,,,N,Y,None,KKO3457,2026-07-28 14:56:08.323000,corpsvcmtxcutoverrpt_sql,2026-07-27 09:12:30.097000,xrdcwddbsuip06,MTX_ACOE_Cutover_Reporting,UI_Excel_Select_Xwalk_Source_Accommodations,facility,*ALL*,QXA4067,2026-09-21 01:07:43.173000
927,COCGBE,BA.ADULTII,ADULT II SEMI PRIVATE,A2,N,NO MATCH,0,COCGBE,,,,,N,Y,None,KKO3457,2026-07-28 14:56:08.367000,corpsvcmtxcutoverrpt_sql,2026-07-27 09:12:30.097000,xrdcwddbsuip06,MTX_ACOE_Cutover_Reporting,UI_Excel_Select_Xwalk_Source_Accommodations,facility,*ALL*,QXA4067,2026-09-21 01:07:43.173000
928,COCGBE,BA.CD,CHEMICAL DEPENDENCY,CD,N,NO MATCH,0,COCGBE,,,,,N,Y,None,KKO3457,2026-07-28 14:56:08.410000,corpsvcmtxcutoverrpt_sql,2026-07-27 09:12:30.097000,xrdcwddbsuip06,MTX_ACOE_Cutover_Reporting,UI_Excel_Select_Xwalk_Source_Accommodations,facility,*ALL*,QXA4067,2026-09-21 01:07:43.173000
929,COCGBE,BA.CHILD,CHILD,CH,N,NO MATCH,0,COCGBE,,,,,N,Y,None,KKO3457,2026-07-28 14:56:08.453000,corpsvcmtxcutoverrpt_sql,2026-07-27 09:12:30.097000,xrdcwddbsuip06,MTX_ACOE_Cutover_Reporting,UI_Excel_Select_Xwalk_Source_Accommodations,facility,*ALL*,QXA4067,2026-09-21 01:07:43.173000
930,COCGBE,BA.DTX,DETOX,DT,Y,NO MATCH,0,COCGBE,D,DETOX,DT,Y,Y,N,None,KKO3457,2026-07-28 14:56:08.497000,corpsvcmtxcutoverrpt_sql,2026-07-27 09:12:30.097000,xrdcwddbsuip06,MTX_ACOE_Cutover_Reporting,UI_Excel_Select_Xwalk_Source_Accommodations,facility,*ALL*,QXA4067,2026-09-21 01:07:43.173000
931,COCGBE,BA.DTXP,DETOX PRIVATE,DP,Y,NO MATCH,0,COCGBE,D,DETOX,DT,Y,Y,N,None,KKO3457,2026-07-28 14:56:08.600000,corpsvcmtxcutoverrpt_sql,2026-07-27 09:12:30.097000,xrdcwddbsuip06,MTX_ACOE_Cutover_Reporting,UI_Excel_Select_Xwalk_Source_Accommodations,facility,*ALL*,QXA4067,2026-09-21 01:07:43.173000
932,COCGBE,BA.ER,EMERGENCY ROOM,O,N,NO MATCH,0,COCGBE,,,,,N,Y,None,KKO3457,2026-07-28 14:56:08.640000,corpsvcmtxcutoverrpt_sql,2026-07-27 09:12:30.097000,xrdcwddbsuip06,MTX_ACOE_Cutover_Reporting,UI_Excel_Select_Xwalk_Source_Accommodations,facility,*ALL*,QXA4067,2026-09-21 01:07:43.173000
933,COCGBE,BA.IC,PSYC INTENSIVE CARE,IC,N,NO MATCH,0,COCGBE,,,,,N,Y,None,KKO3457,2026-07-28 14:56:08.683000,corpsvcmtxcutoverrpt_sql,2026-07-27 09:12:30.097000,xrdcwddbsuip06,MTX_ACOE_Cutover_Reporting,UI_Excel_Select_Xwalk_Source_Accommodations,facility,*ALL*,QXA4067,2026-09-21 01:07:43.173000
934,COCGBE,BA.OBS,OBSERVATION,OB,N,NO MATCH,0,COCGBE,,,,,N,Y,None,KKO3457,2026-07-28 14:56:08.727000,corpsvcmtxcutoverrpt_sql,2026-07-27 09:12:30.097000,xrdcwddbsuip06,MTX_ACOE_Cutover_Reporting,UI_Excel_Select_Xwalk_Source_Accommodations,facility,*ALL*,QXA4067,2026-09-21 01:07:43.173000
935,COCGBE,BA.PES,PSYCHIATRIC EMERGENCY SERVICES,ER,Y,NO MATCH,1,COCGBE,BH,BEHAVORIAL HEALTH,BH,Y,Y,N,None,KKO3457,2026-07-28 14:56:08.773000,corpsvcmtxcutoverrpt_sql,2026-07-27 09:12:30.097000,xrdcwddbsuip06,MTX_ACOE_Cutover_Reporting,UI_Excel_Select_Xwalk_Source_Accommodations,facility,*ALL*,QXA4067,2026-09-21 01:07:43.173000
936,COCGBE,BA.PES1,PSYCHIATRIC EMERGENCY SERVICES,E,N,NO MATCH,0,COCGBE,,,,,N,Y,None,KKO3457,2026-07-28 14:56:08.817000,corpsvcmtxcutoverrpt_sql,2026-07-27 09:12:30.097000,xrdcwddbsuip06,MTX_ACOE_Cutover_Reporting,UI_Excel_Select_Xwalk_Source_Accommodations,facility,*ALL*,QXA4067,2026-09-21 01:07:43.174000
937,COCGBE,BA.PES2,EMERGENCY SERVICES,C,N,NO MATCH,0,COCGBE,,,,,N,Y,None,KKO3457,2026-07-28 14:56:08.863000,corpsvcmtxcutoverrpt_sql,2026-07-27 09:12:30.097000,xrdcwddbsuip06,MTX_ACOE_Cutover_Reporting,UI_Excel_Select_Xwalk_Source_Accommodations,facility,*ALL*,QXA4067,2026-09-21 01:07:43.174000
938,COCGBE,BA.PSY,PSYCHIATRIC,PS,Y,NO MATCH,311,COCGBE,BH,BEHAVORIAL HEALTH,BH,Y,Y,N,None,KKO3457,2026-07-28 14:56:08.903000,corpsvcmtxcutoverrpt_sql,2026-07-27 09:12:30.097000,xrdcwddbsuip06,MTX_ACOE_Cutover_Reporting,UI_Excel_Select_Xwalk_Source_Accommodations,facility,*ALL*,QXA4067,2026-09-21 01:07:43.174000
939,COCGBE,BA.PSYCH,PSYCHIATRIC,PY,N,NO MATCH,0,COCGBE,,,,,N,Y,None,KKO3457,2026-07-28 14:56:08.947000,corpsvcmtxcutoverrpt_sql,2026-07-27 09:12:30.097000,xrdcwddbsuip06,MTX_ACOE_Cutover_Reporting,UI_Excel_Select_Xwalk_Source_Accommodations,facility,*ALL*,QXA4067,2026-09-21 01:07:43.174000
940,COCGBE,BA.PSYP,PSYCHIATRIC PRIVATE,PP,Y,NO MATCH,0,COCGBE,BH,BEHAVORIAL HEALTH,BH,Y,Y,N,None,KKO3457,2026-07-28 14:56:08.987000,corpsvcmtxcutoverrpt_sql,2026-07-27 09:12:30.097000,xrdcwddbsuip06,MTX_ACOE_Cutover_Reporting,UI_Excel_Select_Xwalk_Source_Accommodations,facility,*ALL*,QXA4067,2026-09-21 01:07:43.174000
941,COCGBE,XMU,EXCHANGE CLINICAL DATA CODE,XM,Y,NO MATCH,0,COCGBE,BH,BEHAVORIAL HEALTH,BH,Y,Y,N,None,KKO3457,2026-07-28 14:56:09.030000,corpsvcmtxcutoverrpt_sql,2026-07-27 09:12:30.097000,xrdcwddbsuip06,MTX_ACOE_Cutover_Reporting,UI_Excel_Select_Xwalk_Source_Accommodations,facility,*ALL*,QXA4067,2026-09-21 01:07:43.174000
942,COCGV,M,CORONARY CARE,CC,Y,"TEST (2026-01-06),ZCON (2026-01-27)",0,COCGV,CC,CORONARY CARE,CC,Y,Y,N,None,DOF3224,2025-09-25 14:23:33.393000,corpsvcmtxcutoverrpt_sql,2025-09-04 08:38:18.993000,xrdcwddbsuip06,MTX_ACOE_Cutover_Reporting,UI_Excel_Select_Xwalk_Source_Accommodations,facility,*ALL*,QXA4067,2026-09-21 01:07:43.174000
943,COCGV,OF,OVERFLOW PRIVATE,OF,Y,"TEST (2026-01-06),ZCON (2026-01-27)",0,COCGV,MS,MED SURG,MS,Y,Y,N,None,DJU8757,2025-10-02 11:33:14.980000,corpsvcmtxcutoverrpt_sql,2025-10-02 03:00:04.143000,xrdcwddbsuip06,MTX_ACOE_Cutover_Reporting,UI_Excel_Select_Xwalk_Source_Accommodations,facility,*ALL*,QXA4067,2026-09-21 01:07:43.174000
944,COCGV,P,PRIVATE ROOM,P,Y,"TEST (2026-01-06),ZCON (2026-01-27)",0,COCGV,PR,PRIVATE ROOM,P,Y,Y,N,None,DOF3224,2025-09-25 14:23:33.460000,corpsvcmtxcutoverrpt_sql,2025-09-04 08:38:18.993000,xrdcwddbsuip06,MTX_ACOE_Cutover_Reporting,UI_Excel_Select_Xwalk_Source_Accommodations,facility,*ALL*,QXA4067,2026-09-21 01:07:43.174000
945,COCGV,PC,PROGRESSIVE CARE UNIT,PC,Y,"TEST (2026-01-06),ZCON (2026-01-27)",0,COCGV,PC,PROGRESSIVE CARE,PC,Y,Y,N,None,DJU8757,2025-10-02 11:33:15.027000,corpsvcmtxcutoverrpt_sql,2025-10-02 03:00:04.143000,xrdcwddbsuip06,MTX_ACOE_Cutover_Reporting,UI_Excel_Select_Xwalk_Source_Accommodations,facility,*ALL*,QXA4067,2026-09-21 01:07:43.174000
946,COCGV,TE,TELEMETRY,T,Y,"TEST (2026-01-06),ZCON (2026-01-27)",0,COCGV,TEL,TELEMETRY,T,Y,Y,N,None,DOF3224,2025-09-25 14:23:33.520000,corpsvcmtxcutoverrpt_sql,2025-09-04 08:38:18.993000,xrdcwddbsuip06,MTX_ACOE_Cutover_Reporting,UI_Excel_Select_Xwalk_Source_Accommodations,facility,*ALL*,QXA4067,2026-09-21 01:07:43.174000
947,COCHM,BB,BOARDER BABY,BB,N,NO MATCH,0,COCHM,,,,,N,Y,None,BMB1734,2025-09-05 11:42:37.993000,corpsvcmtxcutoverrpt_sql,2025-09-04 08:38:18.993000,xrdcwddbsuip06,MTX_ACOE_Cutover_Reporting,UI_Excel_Select_Xwalk_Source_Accommodations,facility,*ALL*,QXA4067,2026-09-21 01:07:43.174000
948,COCHM,HLP,HIGH LEVEL PRIVATE,HP,N,NO MATCH,0,COCHM,,,,,N,Y,None,BMB1734,2025-09-05 11:42:38.077000,corpsvcmtxcutoverrpt_sql,2025-09-04 08:38:18.993000,xrdcwddbsuip06,MTX_ACOE_Cutover_Reporting,UI_Excel_Select_Xwalk_Source_Accommodations,facility,*ALL*,QXA4067,2026-09-21 01:07:43.174000
949,COCHM,HLS,HIGH LEVEL SEMI-PRIVATE,HS,N,NO MATCH,0,COCHM,,,,,N,Y,None,BMB1734,2025-09-05 11:42:38.193000,corpsvcmtxcutoverrpt_sql,2025-09-04 08:38:18.993000,xrdcwddbsuip06,MTX_ACOE_Cutover_Reporting,UI_Excel_Select_Xwalk_Source_Accommodations,facility,*ALL*,QXA4067,2026-09-21 01:07:43.174000
950,COCHM,I,INTENSIVE CARE,IC,Y,"TEST (2026-01-06),ZCON (2026-01-27)",0,COCHM,IC,INTENSIVE CARE,IC,Y,Y,N,None,DOF3224,2025-09-25 15:22:06.627000,corpsvcmtxcutoverrpt_sql,2025-09-04 08:38:18.993000,xrdcwddbsuip06,MTX_ACOE_Cutover_Reporting,UI_Excel_Select_Xwalk_Source_Accommodations,facility,*ALL*,QXA4067,2026-09-21 01:07:43.174000
951,COCHM,IN,INTERMEDIATE NICU,SB,N,NO MATCH,0,COCHM,,,,,N,Y,None,BMB1734,2025-09-05 11:42:38.367000,corpsvcmtxcutoverrpt_sql,2025-09-04 08:38:18.993000,xrdcwddbsuip06,MTX_ACOE_Cutover_Reporting,UI_Excel_Select_Xwalk_Source_Accommodations,facility,*ALL*,QXA4067,2026-09-21 01:07:43.174000
952,COCHM,L1,NEWBORN LEVEL 1,L1,Y,"TEST (2026-01-06),ZCON (2026-01-27)",0,COCHM,L1,NEWBORN LEVEL I CARE,L1,Y,Y,N,None,DOF3224,2025-09-25 15:22:06.690000,corpsvcmtxcutoverrpt_sql,2025-09-04 08:38:18.993000,xrdcwddbsuip06,MTX_ACOE_Cutover_Reporting,UI_Excel_Select_Xwalk_Source_Accommodations,facility,*ALL*,QXA4067,2026-09-21 01:07:43.174000
953,COCHM,L2,NEWBORN LEVEL 2,L2,Y,"TEST (2026-01-06),ZCON (2026-01-27)",0,COCHM,L2,NEWBORN LEVEL II CARE,L2,Y,Y,N,None,DOF3224,2025-09-25 15:22:06.753000,corpsvcmtxcutoverrpt_sql,2025-09-04 08:38:18.993000,xrdcwddbsuip06,MTX_ACOE_Cutover_Reporting,UI_Excel_Select_Xwalk_Source_Accommodations,facility,*ALL*,QXA4067,2026-09-21 01:07:43.174000
954,COCHM,L3,NEWBORN LEVEL 3,L3,Y,"TEST (2026-01-06),ZCON (2026-01-27)",0,COCHM,L3,NEWBORN LEVEL III CARE,L3,Y,Y,N,None,DOF3224,2025-09-25 15:22:06.813000,corpsvcmtxcutoverrpt_sql,2025-09-04 08:38:18.993000,xrdcwddbsuip06,MTX_ACOE_Cutover_Reporting,UI_Excel_Select_Xwalk_Source_Accommodations,facility,*ALL*,QXA4067,2026-09-21 01:07:43.174000
955,COCHM,L4,NEWBORN LEVEL 4,L4,Y,"TEST (2026-01-06),ZCON (2026-01-27)",0,COCHM,L4,NEWBORN LEVEL IV CARE,L4,Y,Y,N,None,DOF3224,2025-09-25 15:22:06.890000,corpsvcmtxcutoverrpt_sql,2025-09-04 08:38:18.993000,xrdcwddbsuip06,MTX_ACOE_Cutover_Reporting,UI_Excel_Select_Xwalk_Source_Accommodations,facility,*ALL*,QXA4067,2026-09-21 01:07:43.174000
956,COCHM,LD,LABOR AND DELIVERY,LD,Y,"TEST (2026-01-06),ZCON (2026-01-27)",0,COCHM,LD,LABOR AND DELIVERY,LD,Y,Y,N,None,DOF3224,2025-09-25 15:22:06.953000,corpsvcmtxcutoverrpt_sql,2025-09-04 08:38:18.993000,xrdcwddbsuip06,MTX_ACOE_Cutover_Reporting,UI_Excel_Select_Xwalk_Source_Accommodations,facility,*ALL*,QXA4067,2026-09-21 01:07:43.174000
957,COCHM,OF,OVERFLOW PRIVATE,OF,Y,"TEST (2026-01-06),ZCON (2026-01-27)",0,COCHM,MS,MED SURG,MS,Y,Y,N,None,DOF3224,2025-09-25 15:22:07.017000,corpsvcmtxcutoverrpt_sql,2025-09-04 08:38:18.993000,xrdcwddbsuip06,MTX_ACOE_Cutover_Reporting,UI_Excel_Select_Xwalk_Source_Accommodations,facility,*ALL*,QXA4067,2026-09-21 01:07:43.174000
958,COCHM,P,PRIVATE ROOM,P,Y,"TEST (2026-01-06),ZCON (2026-01-27)",0,COCHM,PR,PRIVATE ROOM,P,Y,Y,N,None,DOF3224,2025-09-25 15:22:07.237000,corpsvcmtxcutoverrpt_sql,2025-09-04 08:38:18.993000,xrdcwddbsuip06,MTX_ACOE_Cutover_Reporting,UI_Excel_Select_Xwalk_Source_Accommodations,facility,*ALL*,QXA4067,2026-09-21 01:07:43.174000
959,COCHM,PC,PROGRESSIVE CARE UNIT,PC,Y,"TEST (2026-01-06),ZCON (2026-01-27)",0,COCHM,PC,PROGRESSIVE CARE,PC,Y,Y,N,None,DOF3224,2025-09-25 15:22:07.323000,corpsvcmtxcutoverrpt_sql,2025-09-04 08:38:18.993000,xrdcwddbsuip06,MTX_ACOE_Cutover_Reporting,UI_Excel_Select_Xwalk_Source_Accommodations,facility,*ALL*,QXA4067,2026-09-21 01:07:43.174000
960,COCHM,PT,PRIVATE TRANSITION,PT,N,NO MATCH,0,COCHM,,,,,N,Y,None,BMB1734,2025-09-05 11:42:39.030000,corpsvcmtxcutoverrpt_sql,2025-09-04 08:38:18.993000,xrdcwddbsuip06,MTX_ACOE_Cutover_Reporting,UI_Excel_Select_Xwalk_Source_Accommodations,facility,*ALL*,QXA4067,2026-09-21 01:07:43.174000
961,COCHM,RP,REHAB PRIVATE,RP,Y,"TEST (2026-01-06),ZCON (2026-01-27)",0,COCHM,RP,REHAB PRIVATE,RP,Y,Y,N,None,DOF3224,2025-09-25 15:22:07.393000,corpsvcmtxcutoverrpt_sql,2025-09-04 08:38:18.993000,xrdcwddbsuip06,MTX_ACOE_Cutover_Reporting,UI_Excel_Select_Xwalk_Source_Accommodations,facility,*ALL*,QXA4067,2026-09-21 01:07:43.174000
962,COCHM,SNP,SNF PRIVATE ACCOMODATION,SN,N,NO MATCH,0,COCHM,,,,,N,Y,None,BMB1734,2025-09-05 11:42:39.187000,corpsvcmtxcutoverrpt_sql,2025-09-04 08:38:18.993000,xrdcwddbsuip06,MTX_ACOE_Cutover_Reporting,UI_Excel_Select_Xwalk_Source_Accommodations,facility,*ALL*,QXA4067,2026-09-21 01:07:43.174000
963,COCHM,TP,TRANSITION-PRIVATE,TP,N,NO MATCH,0,COCHM,,,,,N,Y,None,BMB1734,2025-09-05 11:42:39.273000,corpsvcmtxcutoverrpt_sql,2025-09-04 08:38:18.993000,xrdcwddbsuip06,MTX_ACOE_Cutover_Reporting,UI_Excel_Select_Xwalk_Source_Accommodations,facility,*ALL*,QXA4067,2026-09-21 01:07:43.175000
964,COCHM,TRI,TRAUMA INTENSIVE CARE,TI,Y,"TEST (2026-01-06),ZCON (2026-01-27)",0,COCHM,TRIC,TRAUMA INTENSIVE CARE,TI,Y,Y,N,None,BMB1734,2025-12-29 09:13:51.860000,corpsvcmtxcutoverrpt_sql,2025-09-04 08:38:18.993000,xrdcwddbsuip06,MTX_ACOE_Cutover_Reporting,UI_Excel_Select_Xwalk_Source_Accommodations,facility,*ALL*,QXA4067,2026-09-21 01:07:43.175000
965,COCHN,I,INTENSIVE CARE,IC,Y,"TEST (2026-01-06),ZCON (2026-01-27)",0,COCHN,IC,INTENSIVE CARE,IC,Y,Y,N,None,DOF3224,2025-09-25 15:07:54.767000,corpsvcmtxcutoverrpt_sql,2025-09-04 08:38:18.993000,xrdcwddbsuip06,MTX_ACOE_Cutover_Reporting,UI_Excel_Select_Xwalk_Source_Accommodations,facility,*ALL*,QXA4067,2026-09-21 01:07:43.175000
966,COCHN,L1,NEWBORN LEVEL 1,L1,Y,"TEST (2026-01-06),ZCON (2026-01-27)",0,COCHN,L1,NEWBORN LEVEL I CARE,L1,Y,Y,N,None,DOF3224,2025-09-25 15:07:54.823000,corpsvcmtxcutoverrpt_sql,2025-09-04 08:38:18.993000,xrdcwddbsuip06,MTX_ACOE_Cutover_Reporting,UI_Excel_Select_Xwalk_Source_Accommodations,facility,*ALL*,QXA4067,2026-09-21 01:07:43.175000
967,COCHN,L2,NEWBORN LEVEL 2,L2,Y,"TEST (2026-01-06),ZCON (2026-01-27)",0,COCHN,L2,NEWBORN LEVEL II CARE,L2,Y,Y,N,None,DOF3224,2025-09-25 15:07:54.867000,corpsvcmtxcutoverrpt_sql,2025-09-04 08:38:18.993000,xrdcwddbsuip06,MTX_ACOE_Cutover_Reporting,UI_Excel_Select_Xwalk_Source_Accommodations,facility,*ALL*,QXA4067,2026-09-21 01:07:43.175000
968,COCHN,L3,NEWBORN LEVEL 3,L3,Y,"TEST (2026-01-06),ZCON (2026-01-27)",0,COCHN,L3,NEWBORN LEVEL III CARE,L3,Y,Y,N,None,DOF3224,2025-09-25 15:07:54.913000,corpsvcmtxcutoverrpt_sql,2025-09-04 08:38:18.993000,xrdcwddbsuip06,MTX_ACOE_Cutover_Reporting,UI_Excel_Select_Xwalk_Source_Accommodations,facility,*ALL*,QXA4067,2026-09-21 01:07:43.175000
969,COCHN,L4,NEWBORN LEVEL 4,L4,Y,"TEST (2026-01-06),ZCON (2026-01-27)",0,COCHN,L4,NEWBORN LEVEL IV CARE,L4,Y,Y,N,None,DOF3224,2025-09-25 15:07:54.963000,corpsvcmtxcutoverrpt_sql,2025-09-04 08:38:18.993000,xrdcwddbsuip06,MTX_ACOE_Cutover_Reporting,UI_Excel_Select_Xwalk_Source_Accommodations,facility,*ALL*,QXA4067,2026-09-21 01:07:43.175000
970,COCHN,NV,NON-VIABLE INFANT,NV,Y,"TEST (2026-01-06),ZCON (2026-01-27)",0,COCHN,L1,NEWBORN LEVEL I CARE,L1,Y,Y,N,None,DOF3224,2025-09-25 15:07:55.007000,corpsvcmtxcutoverrpt_sql,2025-09-04 08:38:18.993000,xrdcwddbsuip06,MTX_ACOE_Cutover_Reporting,UI_Excel_Select_Xwalk_Source_Accommodations,facility,*ALL*,QXA4067,2026-09-21 01:07:43.175000
971,COCHN,OF,OVERFLOW PRIVATE,OF,Y,"TEST (2026-01-06),ZCON (2026-01-27)",0,COCHN,MS,MED SURG,MS,Y,Y,N,None,DOF3224,2025-09-25 15:07:55.057000,corpsvcmtxcutoverrpt_sql,2025-09-04 08:38:18.993000,xrdcwddbsuip06,MTX_ACOE_Cutover_Reporting,UI_Excel_Select_Xwalk_Source_Accommodations,facility,*ALL*,QXA4067,2026-09-21 01:07:43.175000
972,COCHN,P,PRIVATE ROOM,P,Y,"TEST (2026-01-06),ZCON (2026-01-27)",0,COCHN,PR,PRIVATE ROOM,P,Y,Y,N,None,DOF3224,2025-09-25 15:07:55.103000,corpsvcmtxcutoverrpt_sql,2025-09-04 08:38:18.993000,xrdcwddbsuip06,MTX_ACOE_Cutover_Reporting,UI_Excel_Select_Xwalk_Source_Accommodations,facility,*ALL*,QXA4067,2026-09-21 01:07:43.175000
973,COCHN,PS,SURGICAL PRIVATE,PS,Y,"TEST (2026-01-06),ZCON (2026-01-27)",0,COCHN,TEL,TELEMETRY,TE,Y,Y,N,None,FRE8115,2026-01-05 08:14:46.567000,corpsvcmtxcutoverrpt_sql,2025-09-04 08:38:18.993000,xrdcwddbsuip06,MTX_ACOE_Cutover_Reporting,UI_Excel_Select_Xwalk_Source_Accommodations,facility,*ALL*,QXA4067,2026-09-21 01:07:43.175000
974,COCHN,TE,TELEMETRY,TE,Y,"TEST (2026-01-06),ZCON (2026-01-27)",0,COCHN,TEL,TELEMETRY,TE,Y,Y,N,None,FRE8115,2026-01-05 08:14:46.627000,corpsvcmtxcutoverrpt_sql,2025-09-04 08:38:18.993000,xrdcwddbsuip06,MTX_ACOE_Cutover_Reporting,UI_Excel_Select_Xwalk_Source_Accommodations,facility,*ALL*,QXA4067,2026-09-21 01:07:43.175000
975,COCHNA,HROB,HIGH RISK OB PRIVATE,HR,Y,"TEST (2025-12-11),ZCON (2025-12-11),LIVE (2025-12-05)",0,COCHNA,PR,PRIVATE ROOM,P,Y,Y,N,None,MLT6916,2025-08-06 16:13:12.383000,HCA\IIU4396,2024-10-15 11:46:47.723000,xrdcwddbsuip06,MTX_ACOE_Cutover_Reporting,UI_Excel_Select_Xwalk_Source_Accommodations,facility,*ALL*,QXA4067,2026-09-21 01:07:43.175000
976,COCHNA,I,INTENSIVE CARE,I,Y,"TEST (2025-12-11),ZCON (2025-12-11),LIVE (2025-12-05)",0,COCHNA,IC,INTENSIVE CARE,I,Y,Y,N,None,MLT6916,2025-08-06 16:13:12.423000,HCA\IIU4396,2024-10-15 11:46:47.723000,xrdcwddbsuip06,MTX_ACOE_Cutover_Reporting,UI_Excel_Select_Xwalk_Source_Accommodations,facility,*ALL*,QXA4067,2026-09-21 01:07:43.175000
977,COCHNA,IC,INTENSIVE CARE,IC,Y,"TEST (2025-12-11),ZCON (2025-12-11),LIVE (2025-12-05)",0,COCHNA,IC,INTENSIVE CARE,I,Y,Y,N,None,MLT6916,2025-08-06 16:13:12.463000,HCA\IIU4396,2024-10-15 11:46:47.723000,xrdcwddbsuip06,MTX_ACOE_Cutover_Reporting,UI_Excel_Select_Xwalk_Source_Accommodations,facility,*ALL*,QXA4067,2026-09-21 01:07:43.175000
978,COCHNA,ICUS,ICU SEMI-PRIVATE,IU,Y,"TEST (2025-12-11),ZCON (2025-12-11),LIVE (2025-12-05)",0,COCHNA,SP,SEMI PRIVATE ROOM,SP,Y,Y,N,None,MLT6916,2025-08-06 16:13:12.500000,HCA\IIU4396,2024-10-15 11:46:47.723000,xrdcwddbsuip06,MTX_ACOE_Cutover_Reporting,UI_Excel_Select_Xwalk_Source_Accommodations,facility,*ALL*,QXA4067,2026-09-21 01:07:43.175000
979,COCHNA,IM,INTERMEDIATE CARE,IM,Y,"TEST (2025-12-11),ZCON (2025-12-11),LIVE (2025-12-05)",0,COCHNA,PC,PROGRESSIVE CARE,IM,Y,Y,N,None,MLT6916,2025-08-06 16:13:12.537000,HCA\IIU4396,2024-10-15 11:46:47.723000,xrdcwddbsuip06,MTX_ACOE_Cutover_Reporting,UI_Excel_Select_Xwalk_Source_Accommodations,facility,*ALL*,QXA4067,2026-09-21 01:07:43.175000
980,COCHNA,IS,ISOLATION,IS,Y,"TEST (2025-12-11),ZCON (2025-12-11),LIVE (2025-12-05)",0,COCHNA,IS,ISOLATION,IS,Y,Y,N,None,MLT6916,2025-08-06 16:13:12.573000,HCA\IIU4396,2024-10-15 11:46:47.723000,xrdcwddbsuip06,MTX_ACOE_Cutover_Reporting,UI_Excel_Select_Xwalk_Source_Accommodations,facility,*ALL*,QXA4067,2026-09-21 01:07:43.175000
981,COCHNA,L1,L1 Newborn Level 1,L1,Y,"TEST (2025-12-11),ZCON (2025-12-11),LIVE (2025-12-05)",0,COCHNA,L1,NEWBORN LEVEL I CARE,L1,Y,Y,N,None,MLT6916,2025-08-06 16:13:12.610000,HCA\CORPSVCACOESSISPROXY,2024-11-26 04:14:04.060000,xrdcwddbsuip06,MTX_ACOE_Cutover_Reporting,UI_Excel_Select_Xwalk_Source_Accommodations,facility,*ALL*,QXA4067,2026-09-21 01:07:43.175000
982,COCHNA,L2,NEWBORN L2 NURSERY,L2,Y,"TEST (2025-12-11),ZCON (2025-12-11),LIVE (2025-12-05)",0,COCHNA,L2,NEWBORN LEVEL II CARE,L2,Y,Y,N,None,MLT6916,2025-08-06 16:13:12.643000,HCA\IIU4396,2024-10-15 11:46:47.723000,xrdcwddbsuip06,MTX_ACOE_Cutover_Reporting,UI_Excel_Select_Xwalk_Source_Accommodations,facility,*ALL*,QXA4067,2026-09-21 01:07:43.175000
983,COCHNA,L3,NEWBORN L3 NURSERY,L3,Y,"TEST (2025-12-11),ZCON (2025-12-11),LIVE (2025-12-05)",0,COCHNA,L3,NEWBORN LEVEL III CARE,L3,Y,Y,N,None,MLT6916,2025-08-06 16:13:12.687000,HCA\IIU4396,2024-10-15 11:46:47.723000,xrdcwddbsuip06,MTX_ACOE_Cutover_Reporting,UI_Excel_Select_Xwalk_Source_Accommodations,facility,*ALL*,QXA4067,2026-09-21 01:07:43.175000
984,COCHNA,L4,NEWBORN L4 NURSERY,L4,Y,"TEST (2025-12-11),ZCON (2025-12-11),LIVE (2025-12-05)",0,COCHNA,L4,NEWBORN LEVEL IV CARE,L4,Y,Y,N,None,MLT6916,2025-08-06 16:13:12.720000,HCA\IIU4396,2024-10-15 11:46:47.723000,xrdcwddbsuip06,MTX_ACOE_Cutover_Reporting,UI_Excel_Select_Xwalk_Source_Accommodations,facility,*ALL*,QXA4067,2026-09-21 01:07:43.175000
985,COCHNA,MED,MEDICAL UNIT,ME,N,NO MATCH,0,COCHNA,,,,,N,Y,None,MLT6916,2025-08-06 16:13:12.757000,HCA\IIU4396,2024-10-15 11:46:47.723000,xrdcwddbsuip06,MTX_ACOE_Cutover_Reporting,UI_Excel_Select_Xwalk_Source_Accommodations,facility,*ALL*,QXA4067,2026-09-21 01:07:43.175000
986,COCHNA,MEDIM,MEDICAL INTERMEDIATE,MI,N,NO MATCH,0,COCHNA,,,,,N,Y,None,MLT6916,2025-08-06 16:13:12.793000,HCA\IIU4396,2024-10-15 11:46:47.723000,xrdcwddbsuip06,MTX_ACOE_Cutover_Reporting,UI_Excel_Select_Xwalk_Source_Accommodations,facility,*ALL*,QXA4067,2026-09-21 01:07:43.175000
987,COCHNA,N1,NURSERY LEVEL 1,N1,Y,"TEST (2025-12-11),ZCON (2025-12-11),LIVE (2025-12-05)",0,COCHNA,L1,NEWBORN LEVEL I CARE,L1,Y,Y,N,None,MLT6916,2025-08-06 16:13:12.833000,HCA\IIU4396,2024-10-15 11:46:47.723000,xrdcwddbsuip06,MTX_ACOE_Cutover_Reporting,UI_Excel_Select_Xwalk_Source_Accommodations,facility,*ALL*,QXA4067,2026-09-21 01:07:43.175000
988,COCHNA,N2,NURSERY LEVEL II,N2,Y,"TEST (2025-12-11),ZCON (2025-12-11),LIVE (2025-12-05)",0,COCHNA,L2,NEWBORN LEVEL II CARE,L2,Y,Y,N,None,MLT6916,2025-08-06 16:13:12.873000,HCA\IIU4396,2024-10-15 11:46:47.723000,xrdcwddbsuip06,MTX_ACOE_Cutover_Reporting,UI_Excel_Select_Xwalk_Source_Accommodations,facility,*ALL*,QXA4067,2026-09-21 01:07:43.175000
989,COCHNA,N3,NURSERY LEVEL III,N3,Y,"TEST (2025-12-11),ZCON (2025-12-11),LIVE (2025-12-05)",0,COCHNA,L3,NEWBORN LEVL III CARE,L3,Y,Y,N,None,MLT6916,2025-08-06 16:13:12.913000,HCA\IIU4396,2024-10-15 11:46:47.723000,xrdcwddbsuip06,MTX_ACOE_Cutover_Reporting,UI_Excel_Select_Xwalk_Source_Accommodations,facility,*ALL*,QXA4067,2026-09-21 01:07:43.175000
990,COCHNA,NICU,NEO-NATAL INTENSIVE CARE,NI,N,NO MATCH,0,COCHNA,,,,,N,Y,None,MLT6916,2025-08-06 16:13:12.950000,HCA\IIU4396,2024-10-15 11:46:47.723000,xrdcwddbsuip06,MTX_ACOE_Cutover_Reporting,UI_Excel_Select_Xwalk_Source_Accommodations,facility,*ALL*,QXA4067,2026-09-21 01:07:43.175000
991,COCHNA,OB,OB/GYN,OB,Y,"TEST (2025-12-11),ZCON (2025-12-11),LIVE (2025-12-05)",0,COCHNA,PR,PRIVATE ROOM,P,Y,Y,N,None,MLT6916,2025-08-06 16:13:12.987000,HCA\IIU4396,2024-10-15 11:46:47.723000,xrdcwddbsuip06,MTX_ACOE_Cutover_Reporting,UI_Excel_Select_Xwalk_Source_Accommodations,facility,*ALL*,QXA4067,2026-09-21 01:07:43.175000
992,COCHNA,OBSP,OBSTETRICS SEMI-PRIVATE,SO,Y,"TEST (2025-12-11),ZCON (2025-12-11),LIVE (2025-12-05)",0,COCHNA,PR,PRIVATE ROOM,P,Y,Y,N,None,MLT6916,2025-08-06 16:13:13.020000,HCA\IIU4396,2024-10-15 11:46:47.723000,xrdcwddbsuip06,MTX_ACOE_Cutover_Reporting,UI_Excel_Select_Xwalk_Source_Accommodations,facility,*ALL*,QXA4067,2026-09-21 01:07:43.175000
993,COCHNA,P,PRIVATE ROOM,P,Y,"TEST (2025-12-11),ZCON (2025-12-11),LIVE (2025-12-05)",0,COCHNA,PR,PRIVATE ROOM,P,Y,Y,N,None,MLT6916,2025-08-06 16:13:13.057000,HCA\IIU4396,2024-10-15 11:46:47.723000,xrdcwddbsuip06,MTX_ACOE_Cutover_Reporting,UI_Excel_Select_Xwalk_Source_Accommodations,facility,*ALL*,QXA4067,2026-09-21 01:07:43.175000
994,COCHNA,PC,INTERMEDIATE/PRIVATE CARE,IP,N,NO MATCH,0,COCHNA,,,,,N,Y,None,MLT6916,2025-08-06 16:13:13.097000,HCA\IIU4396,2024-10-15 11:46:47.723000,xrdcwddbsuip06,MTX_ACOE_Cutover_Reporting,UI_Excel_Select_Xwalk_Source_Accommodations,facility,*ALL*,QXA4067,2026-09-21 01:07:43.175000
995,COCHNA,PCP,PEDIATRIC CARE PRIVATE,PC,N,NO MATCH,0,COCHNA,,,,,N,Y,None,MLT6916,2025-08-06 16:13:13.140000,HCA\IIU4396,2024-10-15 11:46:47.723000,xrdcwddbsuip06,MTX_ACOE_Cutover_Reporting,UI_Excel_Select_Xwalk_Source_Accommodations,facility,*ALL*,QXA4067,2026-09-21 01:07:43.175000
996,COCHNA,PD,PRIVATE PEDIATRICS,PD,Y,"TEST (2025-12-11),ZCON (2025-12-11),LIVE (2025-12-05)",0,COCHNA,PR,PRIVATE ROOM,P,Y,Y,N,None,MLT6916,2025-08-06 16:13:13.177000,HCA\IIU4396,2024-10-15 11:46:47.723000,xrdcwddbsuip06,MTX_ACOE_Cutover_Reporting,UI_Excel_Select_Xwalk_Source_Accommodations,facility,*ALL*,QXA4067,2026-09-21 01:07:43.175000
997,COCHNA,PO,Private Oncology,PO,Y,"TEST (2025-12-11),ZCON (2025-12-11),LIVE (2025-12-05)",0,COCHNA,PR,PRIVATE ROOM,P,Y,Y,N,None,MLT6916,2025-08-06 16:13:13.213000,HCA\IIU4396,2024-10-15 11:46:47.723000,xrdcwddbsuip06,MTX_ACOE_Cutover_Reporting,UI_Excel_Select_Xwalk_Source_Accommodations,facility,*ALL*,QXA4067,2026-09-21 01:07:43.175000
998,COCHNA,S,SEMI-PRIVATE ROOM,SP,Y,"TEST (2025-12-11),ZCON (2025-12-11),LIVE (2025-12-05)",0,COCHNA,SP,SEMI PRIVATE ROOM,SP,Y,Y,N,None,MLT6916,2025-08-06 16:13:13.257000,HCA\IIU4396,2024-10-15 11:46:47.723000,xrdcwddbsuip06,MTX_ACOE_Cutover_Reporting,UI_Excel_Select_Xwalk_Source_Accommodations,facility,*ALL*,QXA4067,2026-09-21 01:07:43.175000
999,COCHNA,SI,TRAUMA SICU,SI,Y,"TEST (2025-12-11),ZCON (2025-12-11),LIVE (2025-12-05)",0,COCHNA,TR,TRAUMA,SI,Y,Y,N,None,MLT6916,2025-08-06 16:13:13.297000,HCA\IIU4396,2024-10-15 11:46:47.723000,xrdcwddbsuip06,MTX_ACOE_Cutover_Reporting,UI_Excel_Select_Xwalk_Source_Accommodations,facility,*ALL*,QXA4067,2026-09-21 01:07:43.175000
1000,COCHNA,TE,TELEMETRY,TE,Y,"TEST (2025-12-11),ZCON (2025-12-11),LIVE (2025-12-05)",0,COCHNA,TEL,TELEMETRY,TE,Y,Y,N,None,MLT6916,2025-08-06 16:13:13.330000,HCA\IIU4396,2024-10-15 11:46:47.723000,xrdcwddbsuip06,MTX_ACOE_Cutover_Reporting,UI_Excel_Select_Xwalk_Source_Accommodations,facility,*ALL*,QXA4067,2026-09-21 01:07:43.175000
1001,COCHR,BB,BORDER BABY,BB,Y,NO MATCH,0,COCHR,L1,NEWBORN LEVEL I CARE,L1,Y,Y,N,None,MLT6916,2025-05-22 08:29:17.967000,HCA\IIU4396,2024-10-15 11:46:47.723000,xrdcwddbsuip06,MTX_ACOE_Cutover_Reporting,UI_Excel_Select_Xwalk_Source_Accommodations,facility,*ALL*,QXA4067,2026-09-21 01:07:43.175000
1002,COCHR,CC,CORONARY CARE,CC,Y,NO MATCH,0,COCHR,IC,INTENSIVE CARE,IC,Y,Y,N,None,MLT6916,2025-05-22 08:29:18.003000,HCA\IIU4396,2024-10-15 11:46:47.723000,xrdcwddbsuip06,MTX_ACOE_Cutover_Reporting,UI_Excel_Select_Xwalk_Source_Accommodations,facility,*ALL*,QXA4067,2026-09-21 01:07:43.176000
1003,COCHR,CI,HEART TRANSPLANT WAITING,CI,N,NO MATCH,0,COCHR,,,,,N,Y,None,MLT6916,2025-05-30 07:18:52.390000,HCA\IIU4396,2024-10-15 11:46:47.723000,xrdcwddbsuip06,MTX_ACOE_Cutover_Reporting,UI_Excel_Select_Xwalk_Source_Accommodations,facility,*ALL*,QXA4067,2026-09-21 01:07:43.176000
1004,COCHR,CP,CHEST PAIN,CP,N,NO MATCH,0,COCHR,,,,,N,Y,None,MLT6916,2025-05-30 07:18:52.430000,HCA\IIU4396,2024-10-15 11:46:47.723000,xrdcwddbsuip06,MTX_ACOE_Cutover_Reporting,UI_Excel_Select_Xwalk_Source_Accommodations,facility,*ALL*,QXA4067,2026-09-21 01:07:43.176000
1005,COCHR,CS,CARDIAC SURGERY ICU,CS,N,NO MATCH,0,COCHR,,,,,N,Y,None,MLT6916,2025-05-30 07:18:52.470000,HCA\IIU4396,2024-10-15 11:46:47.723000,xrdcwddbsuip06,MTX_ACOE_Cutover_Reporting,UI_Excel_Select_Xwalk_Source_Accommodations,facility,*ALL*,QXA4067,2026-09-21 01:07:43.176000
1006,COCHR,HOS,HOSPICE,HO,N,NO MATCH,0,COCHR,,,,,N,Y,None,MLT6916,2025-05-30 07:18:52.507000,HCA\IIU4396,2024-10-15 11:46:47.723000,xrdcwddbsuip06,MTX_ACOE_Cutover_Reporting,UI_Excel_Select_Xwalk_Source_Accommodations,facility,*ALL*,QXA4067,2026-09-21 01:07:43.176000
1007,COCHR,IC,INTENSIVE CARE,IC,Y,NO MATCH,0,COCHR,PR,PRIVATE ROOM,P,Y,Y,N,None,MLT6916,2025-05-22 08:29:18.040000,HCA\IIU4396,2024-10-15 11:46:47.723000,xrdcwddbsuip06,MTX_ACOE_Cutover_Reporting,UI_Excel_Select_Xwalk_Source_Accommodations,facility,*ALL*,QXA4067,2026-09-21 01:07:43.176000
1008,COCHR,IS,ISOLATION,IS,Y,NO MATCH,0,COCHR,PR,PRIVATE ROOM,P,Y,Y,N,None,MLT6916,2025-05-22 08:29:18.077000,HCA\IIU4396,2024-10-15 11:46:47.723000,xrdcwddbsuip06,MTX_ACOE_Cutover_Reporting,UI_Excel_Select_Xwalk_Source_Accommodations,facility,*ALL*,QXA4067,2026-09-21 01:07:43.176000
1009,COCHR,ISP,ISOLATION - PRIVATE,IR,Y,NO MATCH,0,COCHR,PR,PRIVATE ROOM,P,Y,Y,N,None,MLT6916,2025-05-22 08:29:18.117000,HCA\IIU4396,2024-10-15 11:46:47.723000,xrdcwddbsuip06,MTX_ACOE_Cutover_Reporting,UI_Excel_Select_Xwalk_Source_Accommodations,facility,*ALL*,QXA4067,2026-09-21 01:07:43.176000
1010,COCHR,ISS,ISOLATION - SEMIPRIVATE,IL,Y,NO MATCH,0,COCHR,SP,SEMI PRIVATE ROOM,S,Y,Y,N,None,MLT6916,2025-05-22 08:29:18.153000,HCA\IIU4396,2024-10-15 11:46:47.723000,xrdcwddbsuip06,MTX_ACOE_Cutover_Reporting,UI_Excel_Select_Xwalk_Source_Accommodations,facility,*ALL*,QXA4067,2026-09-21 01:07:43.176000
1011,COCHR,IV,LEVEL IV - NICU NURSERY,IV,N,NO MATCH,0,COCHR,,,,,N,Y,None,JKB0282,2025-04-29 15:47:03.210000,HCA\IIU4396,2024-10-15 11:46:47.723000,xrdcwddbsuip06,MTX_ACOE_Cutover_Reporting,UI_Excel_Select_Xwalk_Source_Accommodations,facility,*ALL*,QXA4067,2026-09-21 01:07:43.176000
1012,COCHR,IVU,INTERVENTIONAL CARE UNIT,IU,Y,NO MATCH,0,COCHR,PR,PRIVATE ROOM,P,Y,Y,N,None,MLT6916,2025-05-22 08:29:18.190000,HCA\IIU4396,2024-10-15 11:46:47.723000,xrdcwddbsuip06,MTX_ACOE_Cutover_Reporting,UI_Excel_Select_Xwalk_Source_Accommodations,facility,*ALL*,QXA4067,2026-09-21 01:07:43.176000
1013,COCHR,J,"PRIVATE, MEDICALLY JUSTIFIED",J,N,NO MATCH,0,COCHR,,,,,N,Y,None,JKB0282,2025-04-29 15:47:03.307000,HCA\IIU4396,2024-10-15 11:46:47.723000,xrdcwddbsuip06,MTX_ACOE_Cutover_Reporting,UI_Excel_Select_Xwalk_Source_Accommodations,facility,*ALL*,QXA4067,2026-09-21 01:07:43.176000
1014,COCHR,JR,JOINT REPLACEMENT,JR,N,NO MATCH,0,COCHR,,,,,N,Y,None,JKB0282,2025-04-29 15:47:03.407000,HCA\IIU4396,2024-10-15 11:46:47.723000,xrdcwddbsuip06,MTX_ACOE_Cutover_Reporting,UI_Excel_Select_Xwalk_Source_Accommodations,facility,*ALL*,QXA4067,2026-09-21 01:07:43.176000
1015,COCHR,L1,NEWBORN,L1,Y,NO MATCH,0,COCHR,L1,NEWBORN LEVEL I CARE,L1,Y,Y,N,None,MLT6916,2025-05-22 08:29:18.227000,HCA\IIU4396,2024-10-15 11:46:47.723000,xrdcwddbsuip06,MTX_ACOE_Cutover_Reporting,UI_Excel_Select_Xwalk_Source_Accommodations,facility,*ALL*,QXA4067,2026-09-21 01:07:43.176000
1016,COCHR,L2,NEWBORN LEVEL II,L2,Y,NO MATCH,0,COCHR,L2,NEWBORN LEVEL II CARE,L2,Y,Y,N,None,MLT6916,2025-05-22 08:29:18.263000,HCA\IIU4396,2024-10-15 11:46:47.723000,xrdcwddbsuip06,MTX_ACOE_Cutover_Reporting,UI_Excel_Select_Xwalk_Source_Accommodations,facility,*ALL*,QXA4067,2026-09-21 01:07:43.176000
1017,COCHR,L3,NEWBORN NICU LEVEL III,L3,Y,NO MATCH,0,COCHR,L3,NEWBORN LEVEL III CARE,L3,Y,Y,N,None,MLT6916,2025-05-22 08:29:18.300000,HCA\IIU4396,2024-10-15 11:46:47.723000,xrdcwddbsuip06,MTX_ACOE_Cutover_Reporting,UI_Excel_Select_Xwalk_Source_Accommodations,facility,*ALL*,QXA4067,2026-09-21 01:07:43.176000
1018,COCHR,L4,NEWBORN NICU LEVEL IV,L4,Y,NO MATCH,0,COCHR,L4,NEWBORN LEVEL IV CARE,L4,Y,Y,N,None,MLT6916,2025-05-22 08:29:18.337000,HCA\IIU4396,2024-10-15 11:46:47.723000,xrdcwddbsuip06,MTX_ACOE_Cutover_Reporting,UI_Excel_Select_Xwalk_Source_Accommodations,facility,*ALL*,QXA4067,2026-09-21 01:07:43.176000
1019,COCHR,LD,LABOR AND DELIVERY,LD,Y,NO MATCH,0,COCHR,LD,LABOR AND DELIVERY,LD,Y,Y,N,None,MLT6916,2025-05-22 08:29:18.373000,HCA\IIU4396,2024-10-15 11:46:47.723000,xrdcwddbsuip06,MTX_ACOE_Cutover_Reporting,UI_Excel_Select_Xwalk_Source_Accommodations,facility,*ALL*,QXA4067,2026-09-21 01:07:43.176000
1020,COCHR,M,CORONARY CARE,MM,N,NO MATCH,0,COCHR,,,,,N,Y,None,JKB0282,2025-04-29 15:47:03.503000,HCA\IIU4396,2024-10-15 11:46:47.723000,xrdcwddbsuip06,MTX_ACOE_Cutover_Reporting,UI_Excel_Select_Xwalk_Source_Accommodations,facility,*ALL*,QXA4067,2026-09-21 01:07:43.176000
1021,COCHR,MI,MEDICAL ICU,MI,N,NO MATCH,0,COCHR,,,,,N,Y,None,JKB0282,2025-04-29 15:47:03.603000,HCA\IIU4396,2024-10-15 11:46:47.723000,xrdcwddbsuip06,MTX_ACOE_Cutover_Reporting,UI_Excel_Select_Xwalk_Source_Accommodations,facility,*ALL*,QXA4067,2026-09-21 01:07:43.176000
1022,COCHR,N1,NICU LEVEL 1,N1,N,NO MATCH,0,COCHR,,,,,N,Y,None,JKB0282,2025-04-29 15:47:03.707000,HCA\IIU4396,2024-10-15 11:46:47.723000,xrdcwddbsuip06,MTX_ACOE_Cutover_Reporting,UI_Excel_Select_Xwalk_Source_Accommodations,facility,*ALL*,QXA4067,2026-09-21 01:07:43.176000
1023,COCHR,N2,NICU LEVEL 2,N2,N,NO MATCH,0,COCHR,,,,,N,Y,None,JKB0282,2025-04-29 15:47:03.803000,HCA\IIU4396,2024-10-15 11:46:47.723000,xrdcwddbsuip06,MTX_ACOE_Cutover_Reporting,UI_Excel_Select_Xwalk_Source_Accommodations,facility,*ALL*,QXA4067,2026-09-21 01:07:43.176000
1024,COCHR,N3,NICU LEVEL 3,N3,N,NO MATCH,0,COCHR,,,,,N,Y,None,JKB0282,2025-04-29 15:47:03.910000,HCA\IIU4396,2024-10-15 11:46:47.723000,xrdcwddbsuip06,MTX_ACOE_Cutover_Reporting,UI_Excel_Select_Xwalk_Source_Accommodations,facility,*ALL*,QXA4067,2026-09-21 01:07:43.176000
1025,COCHR,NB,NEWBORN WELL BABY,NB,Y,NO MATCH,0,COCHR,L1,NEWBORN LEVEL I CARE,L1,Y,Y,N,None,MLT6916,2025-05-22 08:29:18.410000,HCA\IIU4396,2024-10-15 11:46:47.723000,xrdcwddbsuip06,MTX_ACOE_Cutover_Reporting,UI_Excel_Select_Xwalk_Source_Accommodations,facility,*ALL*,QXA4067,2026-09-21 01:07:43.176000
1026,COCHR,NI,NICU,NI,N,NO MATCH,0,COCHR,,,,,N,Y,None,JKB0282,2025-04-29 15:47:04.010000,HCA\IIU4396,2024-10-15 11:46:47.723000,xrdcwddbsuip06,MTX_ACOE_Cutover_Reporting,UI_Excel_Select_Xwalk_Source_Accommodations,facility,*ALL*,QXA4067,2026-09-21 01:07:43.176000
1027,COCHR,NIH,NICU-NEWBORN,NZ,N,NO MATCH,0,COCHR,,,,,N,Y,None,JKB0282,2025-04-29 15:47:04.110000,HCA\IIU4396,2024-10-15 11:46:47.723000,xrdcwddbsuip06,MTX_ACOE_Cutover_Reporting,UI_Excel_Select_Xwalk_Source_Accommodations,facility,*ALL*,QXA4067,2026-09-21 01:07:43.176000
1028,COCHR,NS,NICU,NS,N,NO MATCH,0,COCHR,,,,,N,Y,None,JKB0282,2025-04-29 15:47:04.213000,HCA\IIU4396,2024-10-15 11:46:47.723000,xrdcwddbsuip06,MTX_ACOE_Cutover_Reporting,UI_Excel_Select_Xwalk_Source_Accommodations,facility,*ALL*,QXA4067,2026-09-21 01:07:43.176000
1029,COCHR,NV,NEUROVASCULAR UNIT,NV,N,NO MATCH,0,COCHR,,,,,N,Y,None,JKB0282,2025-04-29 15:47:04.313000,HCA\IIU4396,2024-10-15 11:46:47.723000,xrdcwddbsuip06,MTX_ACOE_Cutover_Reporting,UI_Excel_Select_Xwalk_Source_Accommodations,facility,*ALL*,QXA4067,2026-09-21 01:07:43.176000
1030,COCHR,OF,OVERFLOW,OF,N,NO MATCH,0,COCHR,,,,,N,Y,None,JKB0282,2025-04-29 15:47:04.417000,HCA\IIU4396,2024-10-15 11:46:47.723000,xrdcwddbsuip06,MTX_ACOE_Cutover_Reporting,UI_Excel_Select_Xwalk_Source_Accommodations,facility,*ALL*,QXA4067,2026-09-21 01:07:43.177000
1031,COCHR,OS,OBSERVATION,OS,N,NO MATCH,0,COCHR,,,,,N,Y,None,JKB0282,2025-04-29 15:47:04.520000,HCA\IIU4396,2024-10-15 11:46:47.723000,xrdcwddbsuip06,MTX_ACOE_Cutover_Reporting,UI_Excel_Select_Xwalk_Source_Accommodations,facility,*ALL*,QXA4067,2026-09-21 01:07:43.177000
1032,COCHR,P,PRIVATE ROOM,P,Y,NO MATCH,0,COCHR,PR,PRIVATE ROOM,P,Y,Y,N,None,MLT6916,2025-05-22 08:29:18.447000,HCA\IIU4396,2024-10-15 11:46:47.723000,xrdcwddbsuip06,MTX_ACOE_Cutover_Reporting,UI_Excel_Select_Xwalk_Source_Accommodations,facility,*ALL*,QXA4067,2026-09-21 01:07:43.177000
1033,COCHR,PC,PROGRESSIVE CARE,PC,Y,NO MATCH,0,COCHR,PC,PROGRESSIVE CARE,PC,Y,Y,N,None,MLT6916,2025-05-22 08:29:18.483000,HCA\IIU4396,2024-10-15 11:46:47.723000,xrdcwddbsuip06,MTX_ACOE_Cutover_Reporting,UI_Excel_Select_Xwalk_Source_Accommodations,facility,*ALL*,QXA4067,2026-09-21 01:07:43.177000
1034,COCHR,PM,PROGRESSIVE CARE MED UNIT,PM,N,NO MATCH,0,COCHR,,,,,N,Y,None,JKB0282,2025-04-29 15:47:04.617000,HCA\IIU4396,2024-10-15 11:46:47.723000,xrdcwddbsuip06,MTX_ACOE_Cutover_Reporting,UI_Excel_Select_Xwalk_Source_Accommodations,facility,*ALL*,QXA4067,2026-09-21 01:07:43.177000
1035,COCHR,PNH,PROGRESSIVE NURS HDH,PZ,N,NO MATCH,0,COCHR,,,,,N,Y,None,JKB0282,2025-04-29 15:47:04.713000,HCA\IIU4396,2024-10-15 11:46:47.723000,xrdcwddbsuip06,MTX_ACOE_Cutover_Reporting,UI_Excel_Select_Xwalk_Source_Accommodations,facility,*ALL*,QXA4067,2026-09-21 01:07:43.177000
1036,COCHR,PP,POST PARTUM,PP,Y,NO MATCH,0,COCHR,PR,PRIVATE ROOM,P,Y,Y,N,None,MLT6916,2025-05-22 08:29:18.520000,HCA\IIU4396,2024-10-15 11:46:47.723000,xrdcwddbsuip06,MTX_ACOE_Cutover_Reporting,UI_Excel_Select_Xwalk_Source_Accommodations,facility,*ALL*,QXA4067,2026-09-21 01:07:43.177000
1037,COCHR,PR,PRIVATE,PR,N,NO MATCH,0,COCHR,,,,,N,Y,None,JKB0282,2025-04-29 15:47:04.813000,HCA\IIU4396,2024-10-15 11:46:47.723000,xrdcwddbsuip06,MTX_ACOE_Cutover_Reporting,UI_Excel_Select_Xwalk_Source_Accommodations,facility,*ALL*,QXA4067,2026-09-21 01:07:43.177000
1038,COCHR,PS,POST SURGICAL CARE UNIT,PS,Y,NO MATCH,0,COCHR,PR,PRIVATE ROOM,P,Y,Y,N,None,MLT6916,2025-05-22 08:29:18.557000,HCA\IIU4396,2024-10-15 11:46:47.723000,xrdcwddbsuip06,MTX_ACOE_Cutover_Reporting,UI_Excel_Select_Xwalk_Source_Accommodations,facility,*ALL*,QXA4067,2026-09-21 01:07:43.177000
1039,COCHR,RB,RENAL CARE INTERMEDIATE,RB,N,NO MATCH,0,COCHR,,,,,N,Y,None,JKB0282,2025-04-29 15:47:04.910000,HCA\IIU4396,2024-10-15 11:46:47.723000,xrdcwddbsuip06,MTX_ACOE_Cutover_Reporting,UI_Excel_Select_Xwalk_Source_Accommodations,facility,*ALL*,QXA4067,2026-09-21 01:07:43.177000
1040,COCHR,RC,RENAL CARE PROGRESSIVE,RC,N,NO MATCH,0,COCHR,,,,,N,Y,None,JKB0282,2025-04-29 15:47:05.013000,HCA\IIU4396,2024-10-15 11:46:47.723000,xrdcwddbsuip06,MTX_ACOE_Cutover_Reporting,UI_Excel_Select_Xwalk_Source_Accommodations,facility,*ALL*,QXA4067,2026-09-21 01:07:43.177000
1041,COCHR,RP,RENAL CARE PRIVATE ROOM,RP,N,NO MATCH,0,COCHR,,,,,N,Y,None,JKB0282,2025-04-29 15:47:05.117000,HCA\IIU4396,2024-10-15 11:46:47.723000,xrdcwddbsuip06,MTX_ACOE_Cutover_Reporting,UI_Excel_Select_Xwalk_Source_Accommodations,facility,*ALL*,QXA4067,2026-09-21 01:07:43.177000
1042,COCHR,RS,REHAB SEMI-PRIVATE,RS,N,NO MATCH,0,COCHR,,,,,N,Y,None,JKB0282,2025-04-29 15:47:05.210000,HCA\IIU4396,2024-10-15 11:46:47.723000,xrdcwddbsuip06,MTX_ACOE_Cutover_Reporting,UI_Excel_Select_Xwalk_Source_Accommodations,facility,*ALL*,QXA4067,2026-09-21 01:07:43.177000
1043,COCHR,S,SEMI-PRIVATE ROOM,S,Y,NO MATCH,0,COCHR,SP,SEMI PRIVATE ROOM,S,Y,Y,N,None,MLT6916,2025-05-22 08:29:18.597000,HCA\IIU4396,2024-10-15 11:46:47.723000,xrdcwddbsuip06,MTX_ACOE_Cutover_Reporting,UI_Excel_Select_Xwalk_Source_Accommodations,facility,*ALL*,QXA4067,2026-09-21 01:07:43.177000
1044,COCHR,SI,SURGICAL ICU,SI,Y,NO MATCH,0,COCHR,SIC,SURGICAL INTENSIVE CARE,SI,Y,Y,N,None,MLT6916,2025-05-22 08:29:18.633000,HCA\IIU4396,2024-10-15 11:46:47.723000,xrdcwddbsuip06,MTX_ACOE_Cutover_Reporting,UI_Excel_Select_Xwalk_Source_Accommodations,facility,*ALL*,QXA4067,2026-09-21 01:07:43.177000
1045,COCHR,SP,SEMI-PRIVATE,SP,N,NO MATCH,0,COCHR,,,,,N,Y,None,JKB0282,2025-04-29 15:47:05.307000,HCA\IIU4396,2024-10-15 11:46:47.723000,xrdcwddbsuip06,MTX_ACOE_Cutover_Reporting,UI_Excel_Select_Xwalk_Source_Accommodations,facility,*ALL*,QXA4067,2026-09-21 01:07:43.177000
1046,COCHR,SPEC,SPECIAL CARE BED,SB,Y,NO MATCH,0,COCHR,PR,PRIVATE ROOM,P,Y,Y,N,None,MLT6916,2025-05-22 08:29:18.670000,HCA\IIU4396,2024-10-15 11:46:47.723000,xrdcwddbsuip06,MTX_ACOE_Cutover_Reporting,UI_Excel_Select_Xwalk_Source_Accommodations,facility,*ALL*,QXA4067,2026-09-21 01:07:43.177000
1047,COCHR,SPECP,SPECIALITY BED - PRIVATE,BP,Y,NO MATCH,0,COCHR,PR,PRIVATE ROOM,P,Y,Y,N,None,MLT6916,2025-05-22 08:29:18.707000,HCA\IIU4396,2024-10-15 11:46:47.723000,xrdcwddbsuip06,MTX_ACOE_Cutover_Reporting,UI_Excel_Select_Xwalk_Source_Accommodations,facility,*ALL*,QXA4067,2026-09-21 01:07:43.177000
1048,COCHR,SPECS,SPECIALITY BED - SEMIPRIVATE,BS,Y,NO MATCH,0,COCHR,PR,PRIVATE ROOM,P,Y,Y,N,None,MLT6916,2025-05-22 08:29:18.747000,HCA\IIU4396,2024-10-15 11:46:47.723000,xrdcwddbsuip06,MTX_ACOE_Cutover_Reporting,UI_Excel_Select_Xwalk_Source_Accommodations,facility,*ALL*,QXA4067,2026-09-21 01:07:43.177000
1049,COCHR,TEL,STEPDOWN/TEL,TE,Y,NO MATCH,0,COCHR,TEL,TELEMETRY,TE,Y,Y,N,None,MLT6916,2025-05-22 08:29:18.783000,HCA\IIU4396,2024-10-15 11:46:47.723000,xrdcwddbsuip06,MTX_ACOE_Cutover_Reporting,UI_Excel_Select_Xwalk_Source_Accommodations,facility,*ALL*,QXA4067,2026-09-21 01:07:43.177000
1050,COCHR,TR,TRAUMA,TR,Y,NO MATCH,0,COCHR,TR,TRAUMA,TR,Y,Y,N,None,MLT6916,2025-05-22 08:29:18.820000,HCA\IIU4396,2024-10-15 11:46:47.723000,xrdcwddbsuip06,MTX_ACOE_Cutover_Reporting,UI_Excel_Select_Xwalk_Source_Accommodations,facility,*ALL*,QXA4067,2026-09-21 01:07:43.177000
1051,COCHRA,IC,INTENSIVE CARE,IN,Y,NO MATCH,22,COCHRA,,,,,N,N,None,,,HCA\IIU4396,2024-10-15 11:46:47.723000,xrdcwddbsuip06,MTX_ACOE_Cutover_Reporting,UI_Excel_Select_Xwalk_Source_Accommodations,facility,*ALL*,QXA4067,2026-09-21 01:07:43.177000
1052,COCHRA,MS,MED SURG,MD,Y,NO MATCH,120,COCHRA,,,,,N,N,None,,,HCA\IIU4396,2024-10-15 11:46:47.723000,xrdcwddbsuip06,MTX_ACOE_Cutover_Reporting,UI_Excel_Select_Xwalk_Source_Accommodations,facility,*ALL*,QXA4067,2026-09-21 01:07:43.177000
1053,COCHRA,NB,Newborn Basic Care,NB,Y,NO MATCH,0,COCHRA,,,,,N,N,None,,,HCA\IIU4396,2024-10-15 11:46:47.723000,xrdcwddbsuip06,MTX_ACOE_Cutover_Reporting,UI_Excel_Select_Xwalk_Source_Accommodations,facility,*ALL*,QXA4067,2026-09-21 01:07:43.177000
1054,COCHRA,OC,OBSTETRICS,OC,Y,NO MATCH,0,COCHRA,,,,,N,N,None,,,HCA\IIU4396,2024-10-15 11:46:47.723000,xrdcwddbsuip06,MTX_ACOE_Cutover_Reporting,UI_Excel_Select_Xwalk_Source_Accommodations,facility,*ALL*,QXA4067,2026-09-21 01:07:43.177000
1055,COCHRA,P,PRIVATE ROOM,P,N,NO MATCH,0,COCHRA,,,,,N,Y,None,JKB0282,2025-04-29 15:47:05.407000,HCA\IIU4396,2024-10-15 11:46:47.723000,xrdcwddbsuip06,MTX_ACOE_Cutover_Reporting,UI_Excel_Select_Xwalk_Source_Accommodations,facility,*ALL*,QXA4067,2026-09-21 01:07:43.177000
1056,COCHRA,SB,SWING BED,SB,N,NO MATCH,0,COCHRA,,,,,N,Y,None,JKB0282,2025-04-29 15:47:05.507000,HCA\IIU4396,2024-10-15 11:46:47.723000,xrdcwddbsuip06,MTX_ACOE_Cutover_Reporting,UI_Excel_Select_Xwalk_Source_Accommodations,facility,*ALL*,QXA4067,2026-09-21 01:07:43.177000
1057,COCHRA,SP,SEMI PRIVATE,SP,N,NO MATCH,0,COCHRA,,,,,N,Y,None,JKB0282,2025-04-29 15:47:05.607000,HCA\IIU4396,2024-10-15 11:46:47.723000,xrdcwddbsuip06,MTX_ACOE_Cutover_Reporting,UI_Excel_Select_Xwalk_Source_Accommodations,facility,*ALL*,QXA4067,2026-09-21 01:07:43.177000
1058,COCHRA,T,Tele,T,Y,NO MATCH,0,COCHRA,,,,,N,N,None,,,HCA\IIU4396,2024-10-15 11:46:47.723000,xrdcwddbsuip06,MTX_ACOE_Cutover_Reporting,UI_Excel_Select_Xwalk_Source_Accommodations,facility,*ALL*,QXA4067,2026-09-21 01:07:43.178000
1059,COCJFK,3WHOLD,3 WEST,,N,NO MATCH,0,COCJFK,,,,,N,Y,None,JKB0282,2025-04-29 15:47:05.710000,corpsvcmtxcutoverrpt_dev,2025-02-20 15:12:24.807000,xrdcwddbsuip06,MTX_ACOE_Cutover_Reporting,UI_Excel_Select_Xwalk_Source_Accommodations,facility,*ALL*,QXA4067,2026-09-21 01:07:43.178000
1060,COCJFK,ADP,ADULT CARE PSYCH,DP,N,NO MATCH,0,COCJFK,,,,,N,Y,None,JKB0282,2025-04-29 15:47:05.807000,corpsvcmtxcutoverrpt_dev,2025-02-20 15:12:24.807000,xrdcwddbsuip06,MTX_ACOE_Cutover_Reporting,UI_Excel_Select_Xwalk_Source_Accommodations,facility,*ALL*,QXA4067,2026-09-21 01:07:43.178000
1061,COCJFK,BA,BAKER ACT,BA,N,NO MATCH,0,COCJFK,,,,,N,Y,None,JKB0282,2025-04-29 15:47:05.903000,corpsvcmtxcutoverrpt_dev,2025-02-20 15:12:24.807000,xrdcwddbsuip06,MTX_ACOE_Cutover_Reporting,UI_Excel_Select_Xwalk_Source_Accommodations,facility,*ALL*,QXA4067,2026-09-21 01:07:43.178000
1062,COCJFK,BURN,Burn Intensive Care,BU,N,NO MATCH,0,COCJFK,,,,,N,Y,None,JKB0282,2025-04-29 15:47:05.990000,corpsvcmtxcutoverrpt_dev,2025-02-20 15:12:24.807000,xrdcwddbsuip06,MTX_ACOE_Cutover_Reporting,UI_Excel_Select_Xwalk_Source_Accommodations,facility,*ALL*,QXA4067,2026-09-21 01:07:43.178000
1063,COCJFK,CC,Coronary Care,CO,N,NO MATCH,0,COCJFK,,,,,N,Y,None,JKB0282,2025-04-29 15:47:06.090000,corpsvcmtxcutoverrpt_dev,2025-02-20 15:12:24.807000,xrdcwddbsuip06,MTX_ACOE_Cutover_Reporting,UI_Excel_Select_Xwalk_Source_Accommodations,facility,*ALL*,QXA4067,2026-09-21 01:07:43.178000
1064,COCJFK,CICU,CARDIAC INTENSIVE CARE UNIT,,N,NO MATCH,0,COCJFK,,,,,N,Y,None,JKB0282,2025-04-29 15:47:06.187000,corpsvcmtxcutoverrpt_dev,2025-02-20 15:12:24.807000,xrdcwddbsuip06,MTX_ACOE_Cutover_Reporting,UI_Excel_Select_Xwalk_Source_Accommodations,facility,*ALL*,QXA4067,2026-09-21 01:07:43.178000
1065,COCJFK,CV,CVICU,CV,Y,NO MATCH,0,COCJFK,IC,INTENSIVE CARE,IC,Y,Y,N,None,QVO8748,2025-04-28 15:33:33.110000,corpsvcmtxcutoverrpt_dev,2025-02-20 15:12:24.807000,xrdcwddbsuip06,MTX_ACOE_Cutover_Reporting,UI_Excel_Select_Xwalk_Source_Accommodations,facility,*ALL*,QXA4067,2026-09-21 01:07:43.178000
1066,COCJFK,DX,Detox,DX,N,NO MATCH,0,COCJFK,,,,,N,Y,None,JKB0282,2025-04-29 15:47:06.287000,corpsvcmtxcutoverrpt_dev,2025-02-20 15:12:24.807000,xrdcwddbsuip06,MTX_ACOE_Cutover_Reporting,UI_Excel_Select_Xwalk_Source_Accommodations,facility,*ALL*,QXA4067,2026-09-21 01:07:43.178000
1067,COCJFK,ERC,EMERGENCY ROOM PART C,,N,NO MATCH,0,COCJFK,,,,,N,Y,None,JKB0282,2025-04-29 15:47:06.387000,corpsvcmtxcutoverrpt_dev,2025-02-20 15:12:24.807000,xrdcwddbsuip06,MTX_ACOE_Cutover_Reporting,UI_Excel_Select_Xwalk_Source_Accommodations,facility,*ALL*,QXA4067,2026-09-21 01:07:43.178000
1068,COCJFK,ERIC,ER INTENSIVE CARE,,N,NO MATCH,0,COCJFK,,,,,N,Y,None,JKB0282,2025-04-29 15:47:06.497000,corpsvcmtxcutoverrpt_dev,2025-02-20 15:12:24.807000,xrdcwddbsuip06,MTX_ACOE_Cutover_Reporting,UI_Excel_Select_Xwalk_Source_Accommodations,facility,*ALL*,QXA4067,2026-09-21 01:07:43.178000
1069,COCJFK,ERS,ERHD SEMI,,N,NO MATCH,0,COCJFK,,,,,N,Y,None,JKB0282,2025-04-29 15:47:06.597000,corpsvcmtxcutoverrpt_dev,2025-02-20 15:12:24.807000,xrdcwddbsuip06,MTX_ACOE_Cutover_Reporting,UI_Excel_Select_Xwalk_Source_Accommodations,facility,*ALL*,QXA4067,2026-09-21 01:07:43.178000
1070,COCJFK,EXT,EXTENDED,,N,NO MATCH,0,COCJFK,,,,,N,Y,None,JKB0282,2025-04-29 15:47:06.697000,corpsvcmtxcutoverrpt_dev,2025-02-20 15:12:24.807000,xrdcwddbsuip06,MTX_ACOE_Cutover_Reporting,UI_Excel_Select_Xwalk_Source_Accommodations,facility,*ALL*,QXA4067,2026-09-21 01:07:43.178000
1071,COCJFK,EXTENDED,EXTENDEF,,N,NO MATCH,0,COCJFK,,,,,N,Y,None,JKB0282,2025-04-29 15:47:06.797000,corpsvcmtxcutoverrpt_dev,2025-02-20 15:12:24.807000,xrdcwddbsuip06,MTX_ACOE_Cutover_Reporting,UI_Excel_Select_Xwalk_Source_Accommodations,facility,*ALL*,QXA4067,2026-09-21 01:07:43.178000
1072,COCJFK,IC,INTENSIVE CARE UNIT,IN,Y,NO MATCH,0,COCJFK,IC,INTENSIVE CARE,IC,Y,Y,N,None,QVO8748,2025-04-28 15:33:33.413000,corpsvcmtxcutoverrpt_dev,2025-02-20 15:12:24.807000,xrdcwddbsuip06,MTX_ACOE_Cutover_Reporting,UI_Excel_Select_Xwalk_Source_Accommodations,facility,*ALL*,QXA4067,2026-09-21 01:07:43.178000
1073,COCJFK,IM,INTERMEDIATE CARE,IR,Y,NO MATCH,0,COCJFK,PC,PROGRESSIVE CARE,PC,Y,Y,N,None,QVO8748,2025-04-28 15:33:33.460000,corpsvcmtxcutoverrpt_dev,2025-02-20 15:12:24.807000,xrdcwddbsuip06,MTX_ACOE_Cutover_Reporting,UI_Excel_Select_Xwalk_Source_Accommodations,facility,*ALL*,QXA4067,2026-09-21 01:07:43.178000
1074,COCJFK,IMCU,Intermediate Care CCU,CR,N,NO MATCH,0,COCJFK,,,,,N,Y,None,JKB0282,2025-04-29 15:47:06.897000,corpsvcmtxcutoverrpt_dev,2025-02-20 15:12:24.807000,xrdcwddbsuip06,MTX_ACOE_Cutover_Reporting,UI_Excel_Select_Xwalk_Source_Accommodations,facility,*ALL*,QXA4067,2026-09-21 01:07:43.178000
1075,COCJFK,J,MEDICALLY JUSTIFIED,J,N,NO MATCH,0,COCJFK,,,,,N,Y,None,JKB0282,2025-04-29 15:47:07.007000,corpsvcmtxcutoverrpt_dev,2025-02-20 15:12:24.807000,xrdcwddbsuip06,MTX_ACOE_Cutover_Reporting,UI_Excel_Select_Xwalk_Source_Accommodations,facility,*ALL*,QXA4067,2026-09-21 01:07:43.178000
1076,COCJFK,JR,JUNIOR SUITE,JS,N,NO MATCH,0,COCJFK,,,,,N,Y,None,JKB0282,2025-04-29 15:47:07.103000,corpsvcmtxcutoverrpt_dev,2025-02-20 15:12:24.807000,xrdcwddbsuip06,MTX_ACOE_Cutover_Reporting,UI_Excel_Select_Xwalk_Source_Accommodations,facility,*ALL*,QXA4067,2026-09-21 01:07:43.178000
1077,COCJFK,JRSTE,JR SUITE,,N,NO MATCH,0,COCJFK,,,,,N,Y,None,JKB0282,2025-04-29 15:47:07.200000,corpsvcmtxcutoverrpt_dev,2025-02-20 15:12:24.807000,xrdcwddbsuip06,MTX_ACOE_Cutover_Reporting,UI_Excel_Select_Xwalk_Source_Accommodations,facility,*ALL*,QXA4067,2026-09-21 01:07:43.178000
1078,COCJFK,JRSUITE,JR. SUIT,,N,NO MATCH,0,COCJFK,,,,,N,Y,None,JKB0282,2025-04-29 15:47:07.300000,corpsvcmtxcutoverrpt_dev,2025-02-20 15:12:24.807000,xrdcwddbsuip06,MTX_ACOE_Cutover_Reporting,UI_Excel_Select_Xwalk_Source_Accommodations,facility,*ALL*,QXA4067,2026-09-21 01:07:43.178000
1079,COCJFK,LD,LABOR & DELIVERY,LD,Y,NO MATCH,0,COCJFK,,,,,N,Y,None,QVO8748,2025-04-28 15:33:33.723000,corpsvcmtxcutoverrpt_dev,2025-02-20 15:12:24.807000,xrdcwddbsuip06,MTX_ACOE_Cutover_Reporting,UI_Excel_Select_Xwalk_Source_Accommodations,facility,*ALL*,QXA4067,2026-09-21 01:07:43.178000
1080,COCJFK,MICU,MEDICAL INTENSIVE CARE UNIT,,N,NO MATCH,0,COCJFK,,,,,N,Y,None,JKB0282,2025-04-29 15:47:07.400000,corpsvcmtxcutoverrpt_dev,2025-02-20 15:12:24.807000,xrdcwddbsuip06,MTX_ACOE_Cutover_Reporting,UI_Excel_Select_Xwalk_Source_Accommodations,facility,*ALL*,QXA4067,2026-09-21 01:07:43.178000
1081,COCJFK,MS,Med Surg,MD,Y,NO MATCH,0,COCJFK,MS,MED SURG,MS,Y,Y,N,None,QVO8748,2025-04-28 15:33:33.810000,corpsvcmtxcutoverrpt_dev,2025-02-20 15:12:24.807000,xrdcwddbsuip06,MTX_ACOE_Cutover_Reporting,UI_Excel_Select_Xwalk_Source_Accommodations,facility,*ALL*,QXA4067,2026-09-21 01:07:43.178000
1082,COCJFK,N1,NICU Level 1,NO,N,NO MATCH,0,COCJFK,,,,,N,Y,None,JKB0282,2025-04-29 15:47:07.500000,corpsvcmtxcutoverrpt_dev,2025-02-20 15:12:24.807000,xrdcwddbsuip06,MTX_ACOE_Cutover_Reporting,UI_Excel_Select_Xwalk_Source_Accommodations,facility,*ALL*,QXA4067,2026-09-21 01:07:43.178000
1083,COCJFK,NB,NEWBORN,NB,Y,NO MATCH,0,COCJFK,,,,,N,Y,None,QVO8748,2025-04-28 15:33:33.893000,corpsvcmtxcutoverrpt_dev,2025-02-20 15:12:24.807000,xrdcwddbsuip06,MTX_ACOE_Cutover_Reporting,UI_Excel_Select_Xwalk_Source_Accommodations,facility,*ALL*,QXA4067,2026-09-21 01:07:43.178000
1084,COCJFK,OBS,Observation,O,N,NO MATCH,0,COCJFK,,,,,N,Y,None,JKB0282,2025-04-29 15:47:07.607000,corpsvcmtxcutoverrpt_dev,2025-02-20 15:12:24.807000,xrdcwddbsuip06,MTX_ACOE_Cutover_Reporting,UI_Excel_Select_Xwalk_Source_Accommodations,facility,*ALL*,QXA4067,2026-09-21 01:07:43.178000
1085,COCJFK,OC,Obstetrics,OC,Y,NO MATCH,0,COCJFK,,,,,N,Y,None,QVO8748,2025-04-28 15:33:33.983000,corpsvcmtxcutoverrpt_dev,2025-02-20 15:12:24.807000,xrdcwddbsuip06,MTX_ACOE_Cutover_Reporting,UI_Excel_Select_Xwalk_Source_Accommodations,facility,*ALL*,QXA4067,2026-09-21 01:07:43.178000
1086,COCJFK,PMJ,PRIVATE MEDICALLY JUSTIFIED,PJ,N,NO MATCH,0,COCJFK,,,,,N,Y,None,JKB0282,2025-04-29 15:47:07.703000,corpsvcmtxcutoverrpt_dev,2025-02-20 15:12:24.807000,xrdcwddbsuip06,MTX_ACOE_Cutover_Reporting,UI_Excel_Select_Xwalk_Source_Accommodations,facility,*ALL*,QXA4067,2026-09-21 01:07:43.178000
1087,COCJFK,PN,Perinatal Unit,PN,Y,NO MATCH,0,COCJFK,,,,,N,Y,None,QVO8748,2025-04-28 15:33:34.070000,corpsvcmtxcutoverrpt_dev,2025-02-20 15:12:24.807000,xrdcwddbsuip06,MTX_ACOE_Cutover_Reporting,UI_Excel_Select_Xwalk_Source_Accommodations,facility,*ALL*,QXA4067,2026-09-21 01:07:43.178000
1088,COCJFK,PNO,PRIVATE NO OTHER AVAILABLE,PO,N,NO MATCH,0,COCJFK,,,,,N,Y,None,JKB0282,2025-04-29 15:47:07.807000,corpsvcmtxcutoverrpt_dev,2025-02-20 15:12:24.807000,xrdcwddbsuip06,MTX_ACOE_Cutover_Reporting,UI_Excel_Select_Xwalk_Source_Accommodations,facility,*ALL*,QXA4067,2026-09-21 01:07:43.178000
1089,COCJFK,PPR,PRIVATE PATIENT REQUEST,PR,N,NO MATCH,0,COCJFK,,,,,N,Y,None,JKB0282,2025-04-29 15:47:07.910000,corpsvcmtxcutoverrpt_dev,2025-02-20 15:12:24.807000,xrdcwddbsuip06,MTX_ACOE_Cutover_Reporting,UI_Excel_Select_Xwalk_Source_Accommodations,facility,*ALL*,QXA4067,2026-09-21 01:07:43.178000
1090,COCJFK,RH,Rehabilitation,RH,Y,NO MATCH,0,COCJFK,R,REHABILITATION,R,Y,Y,N,None,QVO8748,2025-04-28 15:33:34.197000,corpsvcmtxcutoverrpt_dev,2025-02-20 15:12:24.807000,xrdcwddbsuip06,MTX_ACOE_Cutover_Reporting,UI_Excel_Select_Xwalk_Source_Accommodations,facility,*ALL*,QXA4067,2026-09-21 01:07:43.178000
1091,COCJFK,SB,SWING BED,SB,N,NO MATCH,0,COCJFK,,,,,N,Y,None,JKB0282,2025-04-29 15:47:08.007000,corpsvcmtxcutoverrpt_dev,2025-02-20 15:12:24.807000,xrdcwddbsuip06,MTX_ACOE_Cutover_Reporting,UI_Excel_Select_Xwalk_Source_Accommodations,facility,*ALL*,QXA4067,2026-09-21 01:07:43.178000
1092,COCJFK,SD,STEP DOWN,SD,N,NO MATCH,0,COCJFK,,,,,N,Y,None,JKB0282,2025-04-29 15:47:08.107000,corpsvcmtxcutoverrpt_dev,2025-02-20 15:12:24.807000,xrdcwddbsuip06,MTX_ACOE_Cutover_Reporting,UI_Excel_Select_Xwalk_Source_Accommodations,facility,*ALL*,QXA4067,2026-09-21 01:07:43.178000
1093,COCJFK,SP,SEMI-PRIVATE,SP,N,NO MATCH,0,COCJFK,,,,,N,Y,None,JKB0282,2025-04-29 15:47:08.207000,corpsvcmtxcutoverrpt_dev,2025-02-20 15:12:24.807000,xrdcwddbsuip06,MTX_ACOE_Cutover_Reporting,UI_Excel_Select_Xwalk_Source_Accommodations,facility,*ALL*,QXA4067,2026-09-21 01:07:43.178000
1094,COCJFK,SW,SWING BED,S,N,NO MATCH,0,COCJFK,,,,,N,Y,None,JKB0282,2025-04-29 15:47:08.307000,corpsvcmtxcutoverrpt_dev,2025-02-20 15:12:24.807000,xrdcwddbsuip06,MTX_ACOE_Cutover_Reporting,UI_Excel_Select_Xwalk_Source_Accommodations,facility,*ALL*,QXA4067,2026-09-21 01:07:43.178000
1095,COCJFK,T,Tele,T,Y,NO MATCH,0,COCJFK,TEL,TELEMETRY,TE,Y,Y,N,None,QVO8748,2025-04-28 15:33:34.413000,corpsvcmtxcutoverrpt_dev,2025-02-20 15:12:24.807000,xrdcwddbsuip06,MTX_ACOE_Cutover_Reporting,UI_Excel_Select_Xwalk_Source_Accommodations,facility,*ALL*,QXA4067,2026-09-21 01:07:43.178000
1096,COCJFK,TCUSEMI,TCU SEMI PRIVATE,,N,NO MATCH,0,COCJFK,,,,,N,Y,None,JKB0282,2025-04-29 15:47:08.403000,corpsvcmtxcutoverrpt_dev,2025-02-20 15:12:24.807000,xrdcwddbsuip06,MTX_ACOE_Cutover_Reporting,UI_Excel_Select_Xwalk_Source_Accommodations,facility,*ALL*,QXA4067,2026-09-21 01:07:43.178000
1097,COCJFK,TELE,TELEMETRY,,N,NO MATCH,0,COCJFK,,,,,N,Y,None,JKB0282,2025-04-29 15:47:08.500000,corpsvcmtxcutoverrpt_dev,2025-02-20 15:12:24.807000,xrdcwddbsuip06,MTX_ACOE_Cutover_Reporting,UI_Excel_Select_Xwalk_Source_Accommodations,facility,*ALL*,QXA4067,2026-09-21 01:07:43.178000
1098,COCJFK,TELE-JR,TELEMETRY JR VIP SUITE,,N,NO MATCH,0,COCJFK,,,,,N,Y,None,JKB0282,2025-04-29 15:47:08.603000,corpsvcmtxcutoverrpt_dev,2025-02-20 15:12:24.807000,xrdcwddbsuip06,MTX_ACOE_Cutover_Reporting,UI_Excel_Select_Xwalk_Source_Accommodations,facility,*ALL*,QXA4067,2026-09-21 01:07:43.178000
1099,COCJFK,TELE-VIP,TELEMETRY  VIP SUITE,,N,NO MATCH,0,COCJFK,,,,,N,Y,None,JKB0282,2025-04-29 15:47:08.703000,corpsvcmtxcutoverrpt_dev,2025-02-20 15:12:24.807000,xrdcwddbsuip06,MTX_ACOE_Cutover_Reporting,UI_Excel_Select_Xwalk_Source_Accommodations,facility,*ALL*,QXA4067,2026-09-21 01:07:43.178000
1100,COCJFK,TL,TELEMETRY,TL,N,NO MATCH,0,COCJFK,,,,,N,Y,None,JKB0282,2025-04-29 15:47:08.807000,corpsvcmtxcutoverrpt_dev,2025-02-20 15:12:24.807000,xrdcwddbsuip06,MTX_ACOE_Cutover_Reporting,UI_Excel_Select_Xwalk_Source_Accommodations,facility,*ALL*,QXA4067,2026-09-21 01:07:43.178000
1101,COCJFK,TLJR,TELEMETRY JR SUITE,TJ,N,NO MATCH,0,COCJFK,,,,,N,Y,None,JKB0282,2025-04-29 15:47:08.903000,corpsvcmtxcutoverrpt_dev,2025-02-20 15:12:24.807000,xrdcwddbsuip06,MTX_ACOE_Cutover_Reporting,UI_Excel_Select_Xwalk_Source_Accommodations,facility,*ALL*,QXA4067,2026-09-21 01:07:43.178000
1102,COCJFK,TLMJ,TELEMETRY MEDICALLY JUSTIFIED,TM,N,NO MATCH,0,COCJFK,,,,,N,Y,None,JKB0282,2025-04-29 15:47:09.003000,corpsvcmtxcutoverrpt_dev,2025-02-20 15:12:24.807000,xrdcwddbsuip06,MTX_ACOE_Cutover_Reporting,UI_Excel_Select_Xwalk_Source_Accommodations,facility,*ALL*,QXA4067,2026-09-21 01:07:43.178000
1103,COCJFK,TLP,TELEMETRY PRIVATE,TP,N,NO MATCH,0,COCJFK,,,,,N,Y,None,JKB0282,2025-04-29 15:47:09.107000,corpsvcmtxcutoverrpt_dev,2025-02-20 15:12:24.807000,xrdcwddbsuip06,MTX_ACOE_Cutover_Reporting,UI_Excel_Select_Xwalk_Source_Accommodations,facility,*ALL*,QXA4067,2026-09-21 01:07:43.178000
1104,COCJFK,TLS,TELEMETRY SEMI,TS,N,NO MATCH,0,COCJFK,,,,,N,Y,None,JKB0282,2025-04-29 15:47:09.203000,corpsvcmtxcutoverrpt_dev,2025-02-20 15:12:24.807000,xrdcwddbsuip06,MTX_ACOE_Cutover_Reporting,UI_Excel_Select_Xwalk_Source_Accommodations,facility,*ALL*,QXA4067,2026-09-21 01:07:43.178000
1105,COCJFK,TLVIP,TELEMETRY VIP SUITE,TV,N,NO MATCH,0,COCJFK,,,,,N,Y,None,JKB0282,2025-04-29 15:47:09.300000,corpsvcmtxcutoverrpt_dev,2025-02-20 15:12:24.807000,xrdcwddbsuip06,MTX_ACOE_Cutover_Reporting,UI_Excel_Select_Xwalk_Source_Accommodations,facility,*ALL*,QXA4067,2026-09-21 01:07:43.180000
1106,COCJFK,TR,Trauma Intensive Care,TR,N,NO MATCH,0,COCJFK,,,,,N,Y,None,JKB0282,2025-04-29 15:47:09.400000,corpsvcmtxcutoverrpt_dev,2025-02-20 15:12:24.807000,xrdcwddbsuip06,MTX_ACOE_Cutover_Reporting,UI_Excel_Select_Xwalk_Source_Accommodations,facility,*ALL*,QXA4067,2026-09-21 01:07:43.180000
1107,COCJFK,VIP,PRIVATE SUITE,VI,N,NO MATCH,0,COCJFK,,,,,N,Y,None,JKB0282,2025-04-29 15:47:09.500000,corpsvcmtxcutoverrpt_dev,2025-02-20 15:12:24.807000,xrdcwddbsuip06,MTX_ACOE_Cutover_Reporting,UI_Excel_Select_Xwalk_Source_Accommodations,facility,*ALL*,QXA4067,2026-09-21 01:07:43.180000
1108,COCJR,ADP,ADOLES-PRIVATE,AP,N,NO MATCH,0,COCTC,,,,,N,Y,None,JKB0282,2025-04-29 15:47:09.597000,corpsvcmtxcutoverrpt_sql,2025-03-18 09:41:12.120000,xrdcwddbsuip06,MTX_ACOE_Cutover_Reporting,UI_Excel_Select_Xwalk_Source_Accommodations,facility,*ALL*,QXA4067,2026-09-21 01:07:43.180000
1109,COCJR,ADS,ADOLE-SEMI PRIVATE,AS,N,NO MATCH,0,COCTC,,,,,N,Y,None,JKB0282,2025-04-29 15:47:09.693000,corpsvcmtxcutoverrpt_sql,2025-03-18 09:41:12.120000,xrdcwddbsuip06,MTX_ACOE_Cutover_Reporting,UI_Excel_Select_Xwalk_Source_Accommodations,facility,*ALL*,QXA4067,2026-09-21 01:07:43.180000
1110,COCJR,B,BABY,NU,N,NO MATCH,0,COCTC,,,,,N,Y,None,JKB0282,2025-04-29 15:47:09.793000,corpsvcmtxcutoverrpt_sql,2025-03-18 09:41:12.120000,xrdcwddbsuip06,MTX_ACOE_Cutover_Reporting,UI_Excel_Select_Xwalk_Source_Accommodations,facility,*ALL*,QXA4067,2026-09-21 01:07:43.180000
1111,COCJR,CCB,CCU BOARDER,CB,N,NO MATCH,0,COCTC,,,,,N,Y,None,JKB0282,2025-04-29 15:47:09.890000,corpsvcmtxcutoverrpt_sql,2025-03-18 09:41:12.120000,xrdcwddbsuip06,MTX_ACOE_Cutover_Reporting,UI_Excel_Select_Xwalk_Source_Accommodations,facility,*ALL*,QXA4067,2026-09-21 01:07:43.180000
1112,COCJR,FR,FURLOUGH,FR,N,NO MATCH,0,COCTC,,,,,N,Y,None,JKB0282,2025-04-29 15:47:09.990000,corpsvcmtxcutoverrpt_sql,2025-03-18 09:41:12.120000,xrdcwddbsuip06,MTX_ACOE_Cutover_Reporting,UI_Excel_Select_Xwalk_Source_Accommodations,facility,*ALL*,QXA4067,2026-09-21 01:07:43.180000
1113,COCJR,IC,INTENSIVE CARE,IC,Y,NO MATCH,0,COCTC,IC,INTENSIVE CARE,IC,Y,Y,N,None,IIU4396,2025-05-15 15:53:54.243000,corpsvcmtxcutoverrpt_sql,2025-03-18 09:41:12.120000,xrdcwddbsuip06,MTX_ACOE_Cutover_Reporting,UI_Excel_Select_Xwalk_Source_Accommodations,facility,*ALL*,QXA4067,2026-09-21 01:07:43.180000
1114,COCJR,ICFMDP,ICF MEDICAID PRIVATE,FP,N,NO MATCH,0,COCTC,,,,,N,Y,None,JKB0282,2025-04-29 15:47:10.087000,corpsvcmtxcutoverrpt_sql,2025-03-18 09:41:12.120000,xrdcwddbsuip06,MTX_ACOE_Cutover_Reporting,UI_Excel_Select_Xwalk_Source_Accommodations,facility,*ALL*,QXA4067,2026-09-21 01:07:43.180000
1115,COCJR,ICFMDS,ICF MEDICAID SEMI PRIVATE,DS,N,NO MATCH,0,COCTC,,,,,N,Y,None,JKB0282,2025-04-29 15:47:10.190000,corpsvcmtxcutoverrpt_sql,2025-03-18 09:41:12.120000,xrdcwddbsuip06,MTX_ACOE_Cutover_Reporting,UI_Excel_Select_Xwalk_Source_Accommodations,facility,*ALL*,QXA4067,2026-09-21 01:07:43.180000
1116,COCJR,ICFSP,ICF  PRIVATE PAY SEMI PRIVATE,IP,N,NO MATCH,0,COCTC,,,,,N,Y,None,JKB0282,2025-04-29 15:47:10.290000,corpsvcmtxcutoverrpt_sql,2025-03-18 09:41:12.120000,xrdcwddbsuip06,MTX_ACOE_Cutover_Reporting,UI_Excel_Select_Xwalk_Source_Accommodations,facility,*ALL*,QXA4067,2026-09-21 01:07:43.180000
1117,COCJR,ICFSPP,ICF SELF PAY PRIVATE,CP,N,NO MATCH,0,COCTC,,,,,N,Y,None,JKB0282,2025-04-29 15:47:10.397000,corpsvcmtxcutoverrpt_sql,2025-03-18 09:41:12.120000,xrdcwddbsuip06,MTX_ACOE_Cutover_Reporting,UI_Excel_Select_Xwalk_Source_Accommodations,facility,*ALL*,QXA4067,2026-09-21 01:07:43.180000
1118,COCJR,ICFSPS,ICF SELF PAY SEMI PRIVATE,CS,N,NO MATCH,0,COCTC,,,,,N,Y,None,JKB0282,2025-04-29 15:47:10.497000,corpsvcmtxcutoverrpt_sql,2025-03-18 09:41:12.120000,xrdcwddbsuip06,MTX_ACOE_Cutover_Reporting,UI_Excel_Select_Xwalk_Source_Accommodations,facility,*ALL*,QXA4067,2026-09-21 01:07:43.180000
1119,COCJR,INFM,INFIRMARY,IF,N,NO MATCH,0,COCTC,,,,,N,Y,None,JKB0282,2025-04-29 15:47:10.597000,corpsvcmtxcutoverrpt_sql,2025-03-18 09:41:12.120000,xrdcwddbsuip06,MTX_ACOE_Cutover_Reporting,UI_Excel_Select_Xwalk_Source_Accommodations,facility,*ALL*,QXA4067,2026-09-21 01:07:43.180000
1120,COCJR,IS,ISOLATION,IS,Y,NO MATCH,0,COCTC,PR,PRIVATE ROOM,P,Y,Y,N,None,IIU4396,2025-05-15 15:53:54.283000,corpsvcmtxcutoverrpt_sql,2025-03-18 09:41:12.120000,xrdcwddbsuip06,MTX_ACOE_Cutover_Reporting,UI_Excel_Select_Xwalk_Source_Accommodations,facility,*ALL*,QXA4067,2026-09-21 01:07:43.180000
1121,COCJR,ISP,ISOLATION - PRIVATE,IR,Y,NO MATCH,0,COCTC,PR,PRIVATE ROOM,P,Y,Y,N,None,IIU4396,2025-05-15 15:53:54.320000,corpsvcmtxcutoverrpt_sql,2025-03-18 09:41:12.120000,xrdcwddbsuip06,MTX_ACOE_Cutover_Reporting,UI_Excel_Select_Xwalk_Source_Accommodations,facility,*ALL*,QXA4067,2026-09-21 01:07:43.180000
1122,COCJR,ISS,ISOLATION - SEMIPRIVATE,IL,Y,NO MATCH,0,COCTC,PR,PRIVATE ROOM,P,Y,Y,N,None,IIU4396,2025-05-15 15:53:54.357000,corpsvcmtxcutoverrpt_sql,2025-03-18 09:41:12.120000,xrdcwddbsuip06,MTX_ACOE_Cutover_Reporting,UI_Excel_Select_Xwalk_Source_Accommodations,facility,*ALL*,QXA4067,2026-09-21 01:07:43.180000
1123,COCJR,O,OVERFLOW,O,N,NO MATCH,0,COCTC,,,,,N,Y,None,JKB0282,2025-04-29 15:47:10.703000,corpsvcmtxcutoverrpt_sql,2025-03-18 09:41:12.120000,xrdcwddbsuip06,MTX_ACOE_Cutover_Reporting,UI_Excel_Select_Xwalk_Source_Accommodations,facility,*ALL*,QXA4067,2026-09-21 01:07:43.180000
1124,COCJR,OS,OBSERVATION,OS,N,NO MATCH,0,COCTC,,,,,N,Y,None,JKB0282,2025-04-29 15:47:10.800000,corpsvcmtxcutoverrpt_sql,2025-03-18 09:41:12.120000,xrdcwddbsuip06,MTX_ACOE_Cutover_Reporting,UI_Excel_Select_Xwalk_Source_Accommodations,facility,*ALL*,QXA4067,2026-09-21 01:07:43.180000
1125,COCJR,P,PRIVATE ROOM,P,Y,NO MATCH,0,COCTC,PR,PRIVATE ROOM,P,Y,Y,N,None,IIU4396,2025-05-15 15:53:54.397000,corpsvcmtxcutoverrpt_sql,2025-03-18 09:41:12.120000,xrdcwddbsuip06,MTX_ACOE_Cutover_Reporting,UI_Excel_Select_Xwalk_Source_Accommodations,facility,*ALL*,QXA4067,2026-09-21 01:07:43.180000
1126,COCJR,PC,PROGRESSIVE CARE,PC,Y,NO MATCH,0,COCTC,PC,PROGRESSIVE CARE,PC,Y,Y,N,None,IIU4396,2025-05-15 15:53:54.443000,corpsvcmtxcutoverrpt_sql,2025-03-18 09:41:12.120000,xrdcwddbsuip06,MTX_ACOE_Cutover_Reporting,UI_Excel_Select_Xwalk_Source_Accommodations,facility,*ALL*,QXA4067,2026-09-21 01:07:43.180000
1127,COCJR,PE,PEDIATRIC,PE,N,NO MATCH,0,COCTC,,,,,N,Y,None,JKB0282,2025-04-29 15:47:10.903000,corpsvcmtxcutoverrpt_sql,2025-03-18 09:41:12.120000,xrdcwddbsuip06,MTX_ACOE_Cutover_Reporting,UI_Excel_Select_Xwalk_Source_Accommodations,facility,*ALL*,QXA4067,2026-09-21 01:07:43.180000
1128,COCJR,PSYA,PSYCHIATRIC ADOLESCENT,PA,N,NO MATCH,0,COCTC,,,,,N,Y,None,JKB0282,2025-04-29 15:47:11.007000,corpsvcmtxcutoverrpt_sql,2025-03-18 09:41:12.120000,xrdcwddbsuip06,MTX_ACOE_Cutover_Reporting,UI_Excel_Select_Xwalk_Source_Accommodations,facility,*ALL*,QXA4067,2026-09-21 01:07:43.180000
1129,COCJR,PSYP,PSYCHIATRIC PRIVATE,PP,Y,NO MATCH,0,COCTC,BH,BEHAVIORAL HEALTH,PS,Y,Y,N,None,IIU4396,2025-05-15 15:53:54.480000,corpsvcmtxcutoverrpt_sql,2025-03-18 09:41:12.120000,xrdcwddbsuip06,MTX_ACOE_Cutover_Reporting,UI_Excel_Select_Xwalk_Source_Accommodations,facility,*ALL*,QXA4067,2026-09-21 01:07:43.180000
1130,COCJR,PSYS,PSYCHIATRIC SEMI PRIVATE,PS,Y,NO MATCH,0,COCTC,BH,BEHAVIORAL HEALTH,PS,Y,Y,N,None,IIU4396,2025-05-15 15:53:54.513000,corpsvcmtxcutoverrpt_sql,2025-03-18 09:41:12.120000,xrdcwddbsuip06,MTX_ACOE_Cutover_Reporting,UI_Excel_Select_Xwalk_Source_Accommodations,facility,*ALL*,QXA4067,2026-09-21 01:07:43.180000
1131,COCJR,RR,RECOVERY ROOM,RR,N,NO MATCH,0,COCTC,,,,,N,Y,None,JKB0282,2025-04-29 15:47:11.117000,corpsvcmtxcutoverrpt_sql,2025-03-18 09:41:12.120000,xrdcwddbsuip06,MTX_ACOE_Cutover_Reporting,UI_Excel_Select_Xwalk_Source_Accommodations,facility,*ALL*,QXA4067,2026-09-21 01:07:43.180000
1132,COCJR,S,SEMI-PRIVATE ROOM,S,Y,NO MATCH,0,COCTC,SP,SEMI PRIVATE,S,Y,Y,N,None,IIU4396,2025-05-15 15:53:54.547000,corpsvcmtxcutoverrpt_sql,2025-03-18 09:41:12.120000,xrdcwddbsuip06,MTX_ACOE_Cutover_Reporting,UI_Excel_Select_Xwalk_Source_Accommodations,facility,*ALL*,QXA4067,2026-09-21 01:07:43.181000
1133,COCJR,SCU,NH SPECIALIZED CARE,SC,N,NO MATCH,0,COCTC,,,,,N,Y,None,JKB0282,2025-04-29 15:47:11.217000,corpsvcmtxcutoverrpt_sql,2025-03-18 09:41:12.120000,xrdcwddbsuip06,MTX_ACOE_Cutover_Reporting,UI_Excel_Select_Xwalk_Source_Accommodations,facility,*ALL*,QXA4067,2026-09-21 01:07:43.181000
1134,COCJR,SNFMCP,SKILLED MEDICARE PRIVATE,MP,N,NO MATCH,0,COCTC,,,,,N,Y,None,JKB0282,2025-04-29 15:47:11.313000,corpsvcmtxcutoverrpt_sql,2025-03-18 09:41:12.120000,xrdcwddbsuip06,MTX_ACOE_Cutover_Reporting,UI_Excel_Select_Xwalk_Source_Accommodations,facility,*ALL*,QXA4067,2026-09-21 01:07:43.181000
1135,COCJR,SNFMCS,SKILLED MEDICARE SEMI PRIVATE,KS,N,NO MATCH,0,COCTC,,,,,N,Y,None,JKB0282,2025-04-29 15:47:11.417000,corpsvcmtxcutoverrpt_sql,2025-03-18 09:41:12.120000,xrdcwddbsuip06,MTX_ACOE_Cutover_Reporting,UI_Excel_Select_Xwalk_Source_Accommodations,facility,*ALL*,QXA4067,2026-09-21 01:07:43.181000
1136,COCJR,SNFMDP,SKILLED MEDICAID PRIVATE,DP,N,NO MATCH,0,COCTC,,,,,N,Y,None,JKB0282,2025-04-29 15:47:11.510000,corpsvcmtxcutoverrpt_sql,2025-03-18 09:41:12.120000,xrdcwddbsuip06,MTX_ACOE_Cutover_Reporting,UI_Excel_Select_Xwalk_Source_Accommodations,facility,*ALL*,QXA4067,2026-09-21 01:07:43.181000
1137,COCJR,SNFMDS,SNF MEDICAID SEMI PRIVATE,MS,N,NO MATCH,0,COCTC,,,,,N,Y,None,JKB0282,2025-04-29 15:47:11.610000,corpsvcmtxcutoverrpt_sql,2025-03-18 09:41:12.120000,xrdcwddbsuip06,MTX_ACOE_Cutover_Reporting,UI_Excel_Select_Xwalk_Source_Accommodations,facility,*ALL*,QXA4067,2026-09-21 01:07:43.181000
1138,COCJR,SNFSP,SKILLED PRIVATE PAY-SEMI PRIVA,SP,N,NO MATCH,0,COCTC,,,,,N,Y,None,JKB0282,2025-04-29 15:47:11.710000,corpsvcmtxcutoverrpt_sql,2025-03-18 09:41:12.120000,xrdcwddbsuip06,MTX_ACOE_Cutover_Reporting,UI_Excel_Select_Xwalk_Source_Accommodations,facility,*ALL*,QXA4067,2026-09-21 01:07:43.181000
1139,COCJR,SNFSPP,SKILLED PRIVATE PAY PRIVATE,KP,N,NO MATCH,0,COCTC,,,,,N,Y,None,JKB0282,2025-04-29 15:47:11.810000,corpsvcmtxcutoverrpt_sql,2025-03-18 09:41:12.120000,xrdcwddbsuip06,MTX_ACOE_Cutover_Reporting,UI_Excel_Select_Xwalk_Source_Accommodations,facility,*ALL*,QXA4067,2026-09-21 01:07:43.181000
1140,COCJR,SNFSPS,SKILLED SELF PAY SEMI-PRIVATE,SS,N,NO MATCH,0,COCTC,,,,,N,Y,None,JKB0282,2025-04-29 15:47:11.910000,corpsvcmtxcutoverrpt_sql,2025-03-18 09:41:12.120000,xrdcwddbsuip06,MTX_ACOE_Cutover_Reporting,UI_Excel_Select_Xwalk_Source_Accommodations,facility,*ALL*,QXA4067,2026-09-21 01:07:43.181000
1141,COCJR,SPEC,SPECIAL CARE BED,SB,Y,NO MATCH,0,COCTC,PR,PRIVATE ROOM,P,Y,Y,N,None,IIU4396,2025-05-15 15:53:54.587000,corpsvcmtxcutoverrpt_sql,2025-03-18 09:41:12.120000,xrdcwddbsuip06,MTX_ACOE_Cutover_Reporting,UI_Excel_Select_Xwalk_Source_Accommodations,facility,*ALL*,QXA4067,2026-09-21 01:07:43.181000
1142,COCJR,TEL,STEPDOWN/TEL,TE,Y,NO MATCH,0,COCTC,TEL,TELEMETRY,TE,Y,Y,N,None,IIU4396,2025-05-15 15:53:54.623000,corpsvcmtxcutoverrpt_sql,2025-03-18 09:41:12.120000,xrdcwddbsuip06,MTX_ACOE_Cutover_Reporting,UI_Excel_Select_Xwalk_Source_Accommodations,facility,*ALL*,QXA4067,2026-09-21 01:07:43.181000
1143,COCJW,CC,CORONARY CARE,CC,Y,NO MATCH,0,COCJW,CC,CORONARY CARE,CC,Y,Y,N,None,IIU4396,2025-05-15 15:36:16.420000,corpsvcmtxcutoverrpt_sql,2025-03-01 04:14:03.220000,xrdcwddbsuip06,MTX_ACOE_Cutover_Reporting,UI_Excel_Select_Xwalk_Source_Accommodations,facility,*ALL*,QXA4067,2026-09-21 01:07:43.181000
1144,COCJW,D,SEMI PRIVATE DETOX,D,Y,NO MATCH,0,COCJW,D,DETOX,D,Y,Y,N,None,IIU4396,2025-05-15 15:36:16.453000,corpsvcmtxcutoverrpt_sql,2025-03-01 04:14:03.220000,xrdcwddbsuip06,MTX_ACOE_Cutover_Reporting,UI_Excel_Select_Xwalk_Source_Accommodations,facility,*ALL*,QXA4067,2026-09-21 01:07:43.181000
1145,COCJW,EC,ECMO,EC,Y,NO MATCH,0,COCJW,EC,ECMO,EC,Y,Y,N,None,IIU4396,2025-05-15 15:36:16.483000,corpsvcmtxcutoverrpt_sql,2025-03-01 04:14:03.220000,xrdcwddbsuip06,MTX_ACOE_Cutover_Reporting,UI_Excel_Select_Xwalk_Source_Accommodations,facility,*ALL*,QXA4067,2026-09-21 01:07:43.181000
1146,COCJW,IC,INTENSIVE CARE,IC,Y,NO MATCH,0,COCJW,IC,INTENSIVE CARE,IC,Y,Y,N,None,IIU4396,2025-05-15 15:36:16.517000,corpsvcmtxcutoverrpt_sql,2025-03-01 04:14:03.220000,xrdcwddbsuip06,MTX_ACOE_Cutover_Reporting,UI_Excel_Select_Xwalk_Source_Accommodations,facility,*ALL*,QXA4067,2026-09-21 01:07:43.181000
1147,COCJW,IS,ISOLATION,IS,Y,NO MATCH,0,COCJW,PR,PRIVATE ROOM,P,Y,Y,N,None,IIU4396,2025-05-15 15:36:16.550000,corpsvcmtxcutoverrpt_sql,2025-03-01 04:14:03.220000,xrdcwddbsuip06,MTX_ACOE_Cutover_Reporting,UI_Excel_Select_Xwalk_Source_Accommodations,facility,*ALL*,QXA4067,2026-09-21 01:07:43.181000
1148,COCJW,ISP,ISOLATION - PRIVATE,IR,Y,NO MATCH,0,COCJW,PR,PRIVATE ROOM,P,Y,Y,N,None,IIU4396,2025-05-15 15:36:16.583000,corpsvcmtxcutoverrpt_sql,2025-03-01 04:14:03.220000,xrdcwddbsuip06,MTX_ACOE_Cutover_Reporting,UI_Excel_Select_Xwalk_Source_Accommodations,facility,*ALL*,QXA4067,2026-09-21 01:07:43.181000
1149,COCJW,ISS,ISOLATION - SEMIPRIVATE,IL,Y,NO MATCH,0,COCJW,PR,PRIVATE ROOM,P,Y,Y,N,None,IIU4396,2025-05-15 15:36:16.620000,corpsvcmtxcutoverrpt_sql,2025-03-01 04:14:03.220000,xrdcwddbsuip06,MTX_ACOE_Cutover_Reporting,UI_Excel_Select_Xwalk_Source_Accommodations,facility,*ALL*,QXA4067,2026-09-21 01:07:43.181000
1150,COCJW,L1,NEWBORN,L1,Y,NO MATCH,0,COCJW,L1,NEWBORN LEVEL I CARE,L1,Y,Y,N,None,IIU4396,2025-05-15 15:36:16.650000,corpsvcmtxcutoverrpt_sql,2025-03-01 04:14:03.220000,xrdcwddbsuip06,MTX_ACOE_Cutover_Reporting,UI_Excel_Select_Xwalk_Source_Accommodations,facility,*ALL*,QXA4067,2026-09-21 01:07:43.181000
1151,COCJW,L2,NEWBORN LEVEL II,L2,Y,NO MATCH,0,COCJW,L2,NEWBORN LEVEL II CARE,L2,Y,Y,N,None,IIU4396,2025-05-15 15:36:16.680000,corpsvcmtxcutoverrpt_sql,2025-03-01 04:14:03.220000,xrdcwddbsuip06,MTX_ACOE_Cutover_Reporting,UI_Excel_Select_Xwalk_Source_Accommodations,facility,*ALL*,QXA4067,2026-09-21 01:07:43.181000
1152,COCJW,L3,NEWBORN NICU LEVEL III,L3,Y,NO MATCH,0,COCJW,L3,NEWBORN LEVEL III CARE,L3,Y,Y,N,None,IIU4396,2025-05-15 15:36:16.713000,corpsvcmtxcutoverrpt_sql,2025-03-01 04:14:03.220000,xrdcwddbsuip06,MTX_ACOE_Cutover_Reporting,UI_Excel_Select_Xwalk_Source_Accommodations,facility,*ALL*,QXA4067,2026-09-21 01:07:43.181000
1153,COCJW,L4,NEWBORN NICU LEVEL IV,L4,Y,NO MATCH,0,COCJW,L4,NEWBORN LEVEL IV CARE,L4,Y,Y,N,None,IIU4396,2025-05-15 15:36:16.743000,corpsvcmtxcutoverrpt_sql,2025-03-01 04:14:03.220000,xrdcwddbsuip06,MTX_ACOE_Cutover_Reporting,UI_Excel_Select_Xwalk_Source_Accommodations,facility,*ALL*,QXA4067,2026-09-21 01:07:43.181000
1154,COCJW,MI,MEDICAL ICU,MI,N,NO MATCH,0,COCJW,,,,,N,Y,None,DJU8757,2025-06-05 13:35:00.073000,corpsvcmtxcutoverrpt_sql,2025-03-01 04:14:03.220000,xrdcwddbsuip06,MTX_ACOE_Cutover_Reporting,UI_Excel_Select_Xwalk_Source_Accommodations,facility,*ALL*,QXA4067,2026-09-21 01:07:43.181000
1155,COCJW,NB,NEWBORN WELL BABY,NB,Y,NO MATCH,0,COCJW,L1,NEWBORN LEVEL I CARE,L1,Y,Y,N,None,DJU8757,2025-05-30 07:50:26.093000,corpsvcmtxcutoverrpt_sql,2025-03-01 04:14:03.220000,xrdcwddbsuip06,MTX_ACOE_Cutover_Reporting,UI_Excel_Select_Xwalk_Source_Accommodations,facility,*ALL*,QXA4067,2026-09-21 01:07:43.181000
1156,COCJW,NEU,NEURO ICU,NE,N,NO MATCH,0,COCJW,,,,,N,Y,None,DJU8757,2025-06-05 13:35:00.120000,corpsvcmtxcutoverrpt_sql,2025-03-01 04:14:03.220000,xrdcwddbsuip06,MTX_ACOE_Cutover_Reporting,UI_Excel_Select_Xwalk_Source_Accommodations,facility,*ALL*,QXA4067,2026-09-21 01:07:43.181000
1157,COCJW,OS,OBSERVATION,OS,N,NO MATCH,0,COCJW,,,,,N,Y,None,DJU8757,2025-06-05 13:35:00.170000,corpsvcmtxcutoverrpt_sql,2025-03-01 04:14:03.220000,xrdcwddbsuip06,MTX_ACOE_Cutover_Reporting,UI_Excel_Select_Xwalk_Source_Accommodations,facility,*ALL*,QXA4067,2026-09-21 01:07:43.181000
1158,COCJW,P,PRIVATE ROOM,P,Y,NO MATCH,0,COCJW,PR,PRIVATE ROOM,P,Y,Y,N,None,IIU4396,2025-05-15 15:36:16.777000,corpsvcmtxcutoverrpt_sql,2025-03-01 04:14:03.220000,xrdcwddbsuip06,MTX_ACOE_Cutover_Reporting,UI_Excel_Select_Xwalk_Source_Accommodations,facility,*ALL*,QXA4067,2026-09-21 01:07:43.181000
1159,COCJW,PC,PROGRESSIVE CARE,PC,Y,NO MATCH,0,COCJW,PC,PROGRESSIVE CARE,PC,Y,Y,N,None,IIU4396,2025-05-15 15:36:16.807000,corpsvcmtxcutoverrpt_sql,2025-03-01 04:14:03.220000,xrdcwddbsuip06,MTX_ACOE_Cutover_Reporting,UI_Excel_Select_Xwalk_Source_Accommodations,facility,*ALL*,QXA4067,2026-09-21 01:07:43.181000
1160,COCJW,PI,PICU,PI,Y,NO MATCH,0,COCJW,IC,INTENSIVE CARE,IC,Y,Y,N,None,IIU4396,2025-05-15 15:36:16.840000,corpsvcmtxcutoverrpt_sql,2025-03-01 04:14:03.220000,xrdcwddbsuip06,MTX_ACOE_Cutover_Reporting,UI_Excel_Select_Xwalk_Source_Accommodations,facility,*ALL*,QXA4067,2026-09-21 01:07:43.182000
1161,COCJW,PSC,PEDIATRIC SPECIAL CARE,PD,Y,NO MATCH,0,COCJW,PR,PRIVATE ROOM,P,Y,Y,N,None,IIU4396,2025-05-15 15:36:16.870000,corpsvcmtxcutoverrpt_sql,2025-03-01 04:14:03.220000,xrdcwddbsuip06,MTX_ACOE_Cutover_Reporting,UI_Excel_Select_Xwalk_Source_Accommodations,facility,*ALL*,QXA4067,2026-09-21 01:07:43.182000
1162,COCJW,RAP,RAPHA,RA,N,NO MATCH,0,COCJW,,,,,N,Y,None,DJU8757,2025-06-05 13:35:00.220000,corpsvcmtxcutoverrpt_sql,2025-03-01 04:14:03.220000,xrdcwddbsuip06,MTX_ACOE_Cutover_Reporting,UI_Excel_Select_Xwalk_Source_Accommodations,facility,*ALL*,QXA4067,2026-09-21 01:07:43.182000
1163,COCJW,RS,REHAB SEMI-PRIVATE,RS,N,NO MATCH,0,COCJW,,,,,N,Y,None,DJU8757,2025-06-05 13:35:00.270000,corpsvcmtxcutoverrpt_sql,2025-03-01 04:14:03.220000,xrdcwddbsuip06,MTX_ACOE_Cutover_Reporting,UI_Excel_Select_Xwalk_Source_Accommodations,facility,*ALL*,QXA4067,2026-09-21 01:07:43.182000
1164,COCJW,S,SEMI-PRIVATE ROOM,S,Y,NO MATCH,0,COCJW,SP,SEMI PRIVATE ROOM,SP,Y,Y,N,None,IIU4396,2025-05-15 15:36:16.903000,corpsvcmtxcutoverrpt_sql,2025-03-01 04:14:03.220000,xrdcwddbsuip06,MTX_ACOE_Cutover_Reporting,UI_Excel_Select_Xwalk_Source_Accommodations,facility,*ALL*,QXA4067,2026-09-21 01:07:43.182000
1165,COCJW,SPEC,SPECIAL CARE BED,SB,Y,NO MATCH,0,COCJW,PR,PRIVATE ROOM,P,Y,Y,N,None,IIU4396,2025-05-15 15:36:16.937000,corpsvcmtxcutoverrpt_sql,2025-03-01 04:14:03.220000,xrdcwddbsuip06,MTX_ACOE_Cutover_Reporting,UI_Excel_Select_Xwalk_Source_Accommodations,facility,*ALL*,QXA4067,2026-09-21 01:07:43.182000
1166,COCJW,TEL,STEPDOWN/TEL,TE,Y,NO MATCH,0,COCJW,TEL,TELEMETRY,TE,Y,Y,N,None,IIU4396,2025-05-15 15:36:16.977000,corpsvcmtxcutoverrpt_sql,2025-03-01 04:14:03.220000,xrdcwddbsuip06,MTX_ACOE_Cutover_Reporting,UI_Excel_Select_Xwalk_Source_Accommodations,facility,*ALL*,QXA4067,2026-09-21 01:07:43.182000
1167,COCJW,TR,TRAUMA,TR,Y,NO MATCH,0,COCJW,TR,TRAUMA,TR,Y,Y,N,None,IIU4396,2025-05-15 15:36:17.010000,corpsvcmtxcutoverrpt_sql,2025-03-01 04:14:03.220000,xrdcwddbsuip06,MTX_ACOE_Cutover_Reporting,UI_Excel_Select_Xwalk_Source_Accommodations,facility,*ALL*,QXA4067,2026-09-21 01:07:43.182000
1168,COCKN,___N/A___20260602140542,Net New Expanse Accommodation--no MT56 data,___,N,"TEST (2026-09-20),ZCON (2026-09-20),LIVE (2026-09-04)",0,COCKN,LDHR,LABOR AND DELIVERY HIGH RISK,LR,Y,Y,N,None,KSI8889,2026-06-02 14:07:20.233000,HCA\ksi8889,2026-06-02 14:05:42.773000,xrdcwddbsuip06,MTX_ACOE_Cutover_Reporting,UI_Excel_Select_Xwalk_Source_Accommodations,facility,*ALL*,QXA4067,2026-09-21 01:07:43.182000
1169,COCKN,___N/A___20260602140628,Net New Expanse Accommodation--no MT56 data,___,N,"TEST (2026-09-20),ZCON (2026-09-20),LIVE (2026-09-04)",0,COCKN,AP,ANTEPARTUM,AP,Y,Y,N,None,KSI8889,2026-06-02 14:07:20.300000,HCA\ksi8889,2026-06-02 14:06:28.640000,xrdcwddbsuip06,MTX_ACOE_Cutover_Reporting,UI_Excel_Select_Xwalk_Source_Accommodations,facility,*ALL*,QXA4067,2026-09-21 01:07:43.182000
1170,COCKN,BBABY,BOARDER BABY,BB,N,NO MATCH,0,COCKN,,,,,N,Y,None,KSI8889,2026-03-27 15:49:20.357000,corpsvcmtxcutoverrpt_sql,2026-01-21 03:06:33.630000,xrdcwddbsuip06,MTX_ACOE_Cutover_Reporting,UI_Excel_Select_Xwalk_Source_Accommodations,facility,*ALL*,QXA4067,2026-09-21 01:07:43.182000
1171,COCKN,BURN,Burn Intensive Care,BU,Y,"TEST (2026-09-20),ZCON (2026-09-20),LIVE (2026-09-04)",9,COCKN,BIC,BURN INTENSIVE CARE,BI,Y,Y,N,None,KSI8889,2026-02-18 15:17:21.437000,corpsvcmtxcutoverrpt_sql,2026-01-21 03:06:33.630000,xrdcwddbsuip06,MTX_ACOE_Cutover_Reporting,UI_Excel_Select_Xwalk_Source_Accommodations,facility,*ALL*,QXA4067,2026-09-21 01:07:43.182000
1172,COCKN,BURNICU,BURN ICU,BC,N,NO MATCH,0,COCKN,,,,,N,Y,None,KSI8889,2026-03-27 15:49:20.380000,corpsvcmtxcutoverrpt_sql,2026-01-21 03:06:33.630000,xrdcwddbsuip06,MTX_ACOE_Cutover_Reporting,UI_Excel_Select_Xwalk_Source_Accommodations,facility,*ALL*,QXA4067,2026-09-21 01:07:43.182000
1173,COCKN,BURNIM,BURN INTERMEDIATE CARE,BM,N,NO MATCH,0,COCKN,,,,,N,Y,None,KSI8889,2026-03-27 15:49:20.410000,corpsvcmtxcutoverrpt_sql,2026-01-21 03:06:33.630000,xrdcwddbsuip06,MTX_ACOE_Cutover_Reporting,UI_Excel_Select_Xwalk_Source_Accommodations,facility,*ALL*,QXA4067,2026-09-21 01:07:43.182000
1174,COCKN,BURNIS,BURN ISOLATION,BI,N,NO MATCH,0,COCKN,,,,,N,Y,None,KSI8889,2026-03-27 15:49:20.437000,corpsvcmtxcutoverrpt_sql,2026-01-21 03:06:33.630000,xrdcwddbsuip06,MTX_ACOE_Cutover_Reporting,UI_Excel_Select_Xwalk_Source_Accommodations,facility,*ALL*,QXA4067,2026-09-21 01:07:43.182000
1175,COCKN,BURNP,BURN PRIVATE,BP,N,NO MATCH,0,COCKN,,,,,N,Y,None,KSI8889,2026-03-27 15:49:20.463000,corpsvcmtxcutoverrpt_sql,2026-01-21 03:06:33.630000,xrdcwddbsuip06,MTX_ACOE_Cutover_Reporting,UI_Excel_Select_Xwalk_Source_Accommodations,facility,*ALL*,QXA4067,2026-09-21 01:07:43.182000
1176,COCKN,BURNSP,BURN SEMI-PRIVATE,BS,N,NO MATCH,0,COCKN,,,,,N,Y,None,KSI8889,2026-03-27 15:49:20.490000,corpsvcmtxcutoverrpt_sql,2026-01-21 03:06:33.630000,xrdcwddbsuip06,MTX_ACOE_Cutover_Reporting,UI_Excel_Select_Xwalk_Source_Accommodations,facility,*ALL*,QXA4067,2026-09-21 01:07:43.182000
1177,COCKN,BURNTEL,BURN TELEMETRY,BT,N,NO MATCH,0,COCKN,,,,,N,Y,None,KSI8889,2026-03-27 15:49:20.527000,corpsvcmtxcutoverrpt_sql,2026-01-21 03:06:33.630000,xrdcwddbsuip06,MTX_ACOE_Cutover_Reporting,UI_Excel_Select_Xwalk_Source_Accommodations,facility,*ALL*,QXA4067,2026-09-21 01:07:43.182000
1178,COCKN,CCUE,INTERMEDIATE CARE INACTIVE,,N,NO MATCH,0,COCKN,,,,,N,Y,None,KSI8889,2026-03-27 15:49:20.553000,corpsvcmtxcutoverrpt_sql,2026-01-21 03:06:33.630000,xrdcwddbsuip06,MTX_ACOE_Cutover_Reporting,UI_Excel_Select_Xwalk_Source_Accommodations,facility,*ALL*,QXA4067,2026-09-21 01:07:43.182000
1179,COCKN,CV,CVICU,CV,N,NO MATCH,0,COCKN,,,,,N,Y,None,KSI8889,2026-03-27 15:49:20.580000,corpsvcmtxcutoverrpt_sql,2026-01-21 03:06:33.630000,xrdcwddbsuip06,MTX_ACOE_Cutover_Reporting,UI_Excel_Select_Xwalk_Source_Accommodations,facility,*ALL*,QXA4067,2026-09-21 01:07:43.182000
1180,COCKN,DX,Detox,DX,N,NO MATCH,0,COCKN,,,,,N,Y,None,KSI8889,2026-03-27 15:49:20.633000,corpsvcmtxcutoverrpt_sql,2026-01-21 03:06:33.630000,xrdcwddbsuip06,MTX_ACOE_Cutover_Reporting,UI_Excel_Select_Xwalk_Source_Accommodations,facility,*ALL*,QXA4067,2026-09-21 01:07:43.182000
1181,COCKN,EC,INTENSIVE CARE WITH ECMO,EC,Y,"TEST (2026-09-20),ZCON (2026-09-20),LIVE (2026-09-04)",0,COCKN,EC,ECMO,EC,Y,Y,N,None,KSI8889,2026-02-18 15:17:21.460000,corpsvcmtxcutoverrpt_sql,2026-01-21 03:06:33.630000,xrdcwddbsuip06,MTX_ACOE_Cutover_Reporting,UI_Excel_Select_Xwalk_Source_Accommodations,facility,*ALL*,QXA4067,2026-09-21 01:07:43.182000
1182,COCKN,ECBR,ICU BURN W ECMO,EB,Y,"TEST (2026-09-20),ZCON (2026-09-20),LIVE (2026-09-04)",0,COCKN,BEC,BURN WITH ECMO,EB,Y,Y,N,None,KSI8889,2026-02-26 15:20:33.777000,corpsvcmtxcutoverrpt_sql,2026-01-21 03:06:33.630000,xrdcwddbsuip06,MTX_ACOE_Cutover_Reporting,UI_Excel_Select_Xwalk_Source_Accommodations,facility,*ALL*,QXA4067,2026-09-21 01:07:43.182000
1183,COCKN,ECTR,ICU TRAUMA W ECMO,ET,Y,"TEST (2026-09-20),ZCON (2026-09-20),LIVE (2026-09-04)",0,COCKN,TREC,TRAUMA WITH ECMO,ET,Y,Y,N,None,KSI8889,2026-02-18 15:17:21.550000,corpsvcmtxcutoverrpt_sql,2026-01-21 03:06:33.630000,xrdcwddbsuip06,MTX_ACOE_Cutover_Reporting,UI_Excel_Select_Xwalk_Source_Accommodations,facility,*ALL*,QXA4067,2026-09-21 01:07:43.182000
1184,COCKN,IC,INTENSIVE CARE,IN,Y,"TEST (2026-09-20),ZCON (2026-09-20),LIVE (2026-09-04)",88,COCKN,IC,INTENSIVE CARE,IC,Y,Y,N,None,KSI8889,2026-02-18 15:17:21.577000,corpsvcmtxcutoverrpt_sql,2026-01-21 03:06:33.630000,xrdcwddbsuip06,MTX_ACOE_Cutover_Reporting,UI_Excel_Select_Xwalk_Source_Accommodations,facility,*ALL*,QXA4067,2026-09-21 01:07:43.182000
1185,COCKN,ICU,INTENSIVE CARE INACTIVE,,N,NO MATCH,0,COCKN,,,,,N,Y,None,KSI8889,2026-03-27 15:49:20.660000,corpsvcmtxcutoverrpt_sql,2026-01-21 03:06:33.630000,xrdcwddbsuip06,MTX_ACOE_Cutover_Reporting,UI_Excel_Select_Xwalk_Source_Accommodations,facility,*ALL*,QXA4067,2026-09-21 01:07:43.182000
1186,COCKN,IM,INTERMEDIATE CARE,IR,Y,"TEST (2026-09-20),ZCON (2026-09-20),LIVE (2026-09-04)",141,COCKN,PC,PROGRESSIVE CARE,PC,Y,Y,N,None,KSI8889,2026-02-18 15:17:21.603000,corpsvcmtxcutoverrpt_sql,2026-01-21 03:06:33.630000,xrdcwddbsuip06,MTX_ACOE_Cutover_Reporting,UI_Excel_Select_Xwalk_Source_Accommodations,facility,*ALL*,QXA4067,2026-09-21 01:07:43.182000
1187,COCKN,IMCU,Intermediate Care CCU,CR,Y,"TEST (2026-09-20),ZCON (2026-09-20),LIVE (2026-09-04)",98,COCKN,PCCC,PROGRESSIVE CARE CCU,PU,Y,Y,N,None,KSI8889,2026-02-18 15:17:21.630000,corpsvcmtxcutoverrpt_sql,2026-01-21 03:06:33.630000,xrdcwddbsuip06,MTX_ACOE_Cutover_Reporting,UI_Excel_Select_Xwalk_Source_Accommodations,facility,*ALL*,QXA4067,2026-09-21 01:07:43.182000
1188,COCKN,ISO,ISOLATION,IS,N,NO MATCH,0,COCKN,,,,,N,Y,None,KSI8889,2026-03-27 15:49:20.687000,corpsvcmtxcutoverrpt_sql,2026-01-21 03:06:33.630000,xrdcwddbsuip06,MTX_ACOE_Cutover_Reporting,UI_Excel_Select_Xwalk_Source_Accommodations,facility,*ALL*,QXA4067,2026-09-21 01:07:43.182000
1189,COCKN,L1,NEWBORN LEVEL I,L1,Y,"TEST (2026-09-20),ZCON (2026-09-20),LIVE (2026-09-04)",53,COCKN,L1,NEWBORN LEVEL I CARE,L1,Y,Y,N,None,KSI8889,2026-02-18 15:17:21.653000,corpsvcmtxcutoverrpt_sql,2026-01-21 03:06:33.630000,xrdcwddbsuip06,MTX_ACOE_Cutover_Reporting,UI_Excel_Select_Xwalk_Source_Accommodations,facility,*ALL*,QXA4067,2026-09-21 01:07:43.182000
1190,COCKN,L2,NEWBORN LEVEL II,L2,Y,"TEST (2026-09-20),ZCON (2026-09-20),LIVE (2026-09-04)",54,COCKN,L2,NEWBORN LEVEL II CARE,L2,Y,Y,N,None,KSI8889,2026-02-18 15:17:21.680000,corpsvcmtxcutoverrpt_sql,2026-01-21 03:06:33.630000,xrdcwddbsuip06,MTX_ACOE_Cutover_Reporting,UI_Excel_Select_Xwalk_Source_Accommodations,facility,*ALL*,QXA4067,2026-09-21 01:07:43.182000
1191,COCKN,L3,NEWBORN LEVEL III,L3,Y,"TEST (2026-09-20),ZCON (2026-09-20),LIVE (2026-09-04)",10,COCKN,L3,NEWBORN LEVEL III CARE,L3,Y,Y,N,None,KSI8889,2026-02-18 15:17:21.703000,corpsvcmtxcutoverrpt_sql,2026-01-21 03:06:33.630000,xrdcwddbsuip06,MTX_ACOE_Cutover_Reporting,UI_Excel_Select_Xwalk_Source_Accommodations,facility,*ALL*,QXA4067,2026-09-21 01:07:43.183000
1192,COCKN,L4,NEWBORN LEVEL IV,L4,Y,"TEST (2026-09-20),ZCON (2026-09-20),LIVE (2026-09-04)",4,COCKN,L4,NEWBORN LEVEL IV CARE,L4,Y,Y,N,None,KSI8889,2026-02-18 15:17:21.730000,corpsvcmtxcutoverrpt_sql,2026-01-21 03:06:33.630000,xrdcwddbsuip06,MTX_ACOE_Cutover_Reporting,UI_Excel_Select_Xwalk_Source_Accommodations,facility,*ALL*,QXA4067,2026-09-21 01:07:43.183000
1193,COCKN,LA,LEAVE OF ABSENCE,LA,N,NO MATCH,0,COCKN,,,,,N,Y,None,KSI8889,2026-03-27 15:49:20.713000,corpsvcmtxcutoverrpt_sql,2026-01-21 03:06:33.630000,xrdcwddbsuip06,MTX_ACOE_Cutover_Reporting,UI_Excel_Select_Xwalk_Source_Accommodations,facility,*ALL*,QXA4067,2026-09-21 01:07:43.183000
1194,COCKN,LD,LABOR & DELIVERY,LD,Y,"TEST (2026-09-20),ZCON (2026-09-20),LIVE (2026-09-04)",32,COCKN,LD,LABOR AND DELIVERY,LD,Y,Y,N,None,KSI8889,2026-02-18 15:17:21.753000,corpsvcmtxcutoverrpt_sql,2026-01-21 03:06:33.630000,xrdcwddbsuip06,MTX_ACOE_Cutover_Reporting,UI_Excel_Select_Xwalk_Source_Accommodations,facility,*ALL*,QXA4067,2026-09-21 01:07:43.183000
1195,COCKN,MJ,MEDICALLY JUSTIFIED,MJ,N,NO MATCH,0,COCKN,,,,,N,Y,None,KSI8889,2026-03-27 15:49:20.757000,corpsvcmtxcutoverrpt_sql,2026-01-21 03:06:33.630000,xrdcwddbsuip06,MTX_ACOE_Cutover_Reporting,UI_Excel_Select_Xwalk_Source_Accommodations,facility,*ALL*,QXA4067,2026-09-21 01:07:43.183000
1196,COCKN,MS,Med Surg,MD,Y,"TEST (2026-09-20),ZCON (2026-09-20),LIVE (2026-09-04)",833,COCKN,MS,MED SURG,MS,Y,Y,N,None,KSI8889,2026-02-18 15:17:21.780000,corpsvcmtxcutoverrpt_sql,2026-01-21 03:06:33.630000,xrdcwddbsuip06,MTX_ACOE_Cutover_Reporting,UI_Excel_Select_Xwalk_Source_Accommodations,facility,*ALL*,QXA4067,2026-09-21 01:07:43.183000
1197,COCKN,N1,NICU Level 1,NO,N,NO MATCH,0,COCKN,,,,,N,Y,None,KSI8889,2026-03-27 15:49:20.787000,corpsvcmtxcutoverrpt_sql,2026-01-21 03:06:33.630000,xrdcwddbsuip06,MTX_ACOE_Cutover_Reporting,UI_Excel_Select_Xwalk_Source_Accommodations,facility,*ALL*,QXA4067,2026-09-21 01:07:43.183000
1198,COCKN,N2,NICU Level 2,NT,Y,"TEST (2026-09-20),ZCON (2026-09-20),LIVE (2026-09-04)",0,COCKN,L2,NEWBORN LEVEL II CARE,L2,Y,Y,N,None,KSI8889,2026-07-14 14:16:58.180000,corpsvcmtxcutoverrpt_sql,2026-01-21 03:06:33.630000,xrdcwddbsuip06,MTX_ACOE_Cutover_Reporting,UI_Excel_Select_Xwalk_Source_Accommodations,facility,*ALL*,QXA4067,2026-09-21 01:07:43.183000
1199,COCKN,N3,NICU Level 3,N3,Y,"TEST (2026-09-20),ZCON (2026-09-20),LIVE (2026-09-04)",0,COCKN,L3,NEWBORN LEVEL III CARE,L3,Y,Y,N,None,KSI8889,2026-07-14 14:16:58.207000,corpsvcmtxcutoverrpt_sql,2026-01-21 03:06:33.630000,xrdcwddbsuip06,MTX_ACOE_Cutover_Reporting,UI_Excel_Select_Xwalk_Source_Accommodations,facility,*ALL*,QXA4067,2026-09-21 01:07:43.183000
1200,COCKN,N4,NICU Level 4,N4,Y,"TEST (2026-09-20),ZCON (2026-09-20),LIVE (2026-09-04)",0,COCKN,L4,NEWBORN LEVEL IV CARE,L4,Y,Y,N,None,KSI8889,2026-07-14 14:16:58.230000,corpsvcmtxcutoverrpt_sql,2026-01-21 03:06:33.630000,xrdcwddbsuip06,MTX_ACOE_Cutover_Reporting,UI_Excel_Select_Xwalk_Source_Accommodations,facility,*ALL*,QXA4067,2026-09-21 01:07:43.183000
1201,COCKN,NB,Newborn Basic Care,NB,Y,"TEST (2026-09-20),ZCON (2026-09-20),LIVE (2026-09-04)",3,COCKN,L1,NEWBORN LEVEL I CARE,L1,Y,Y,N,None,KSI8889,2026-07-14 14:16:58.267000,corpsvcmtxcutoverrpt_sql,2026-01-21 03:06:33.630000,xrdcwddbsuip06,MTX_ACOE_Cutover_Reporting,UI_Excel_Select_Xwalk_Source_Accommodations,facility,*ALL*,QXA4067,2026-09-21 01:07:43.183000
1202,COCKN,NICU,NEONATAL LEVEL II,NI,N,NO MATCH,0,COCKN,,,,,N,Y,None,KSI8889,2026-03-27 15:49:20.813000,corpsvcmtxcutoverrpt_sql,2026-01-21 03:06:33.630000,xrdcwddbsuip06,MTX_ACOE_Cutover_Reporting,UI_Excel_Select_Xwalk_Source_Accommodations,facility,*ALL*,QXA4067,2026-09-21 01:07:43.183000
1203,COCKN,NICUISO,NICU LEVEL II ISOLATION,NP,N,NO MATCH,0,COCKN,,,,,N,Y,None,KSI8889,2026-03-27 15:49:20.840000,corpsvcmtxcutoverrpt_sql,2026-01-21 03:06:33.630000,xrdcwddbsuip06,MTX_ACOE_Cutover_Reporting,UI_Excel_Select_Xwalk_Source_Accommodations,facility,*ALL*,QXA4067,2026-09-21 01:07:43.184000
1204,COCKN,NICUSD,NICU STEP DOWN,ND,N,NO MATCH,0,COCKN,,,,,N,Y,None,KSI8889,2026-03-27 15:49:20.867000,corpsvcmtxcutoverrpt_sql,2026-01-21 03:06:33.630000,xrdcwddbsuip06,MTX_ACOE_Cutover_Reporting,UI_Excel_Select_Xwalk_Source_Accommodations,facility,*ALL*,QXA4067,2026-09-21 01:07:43.184000
1205,COCKN,NSY,NURSERY,NU,N,NO MATCH,0,COCKN,,,,,N,Y,None,KSI8889,2026-03-27 15:49:20.893000,corpsvcmtxcutoverrpt_sql,2026-01-21 03:06:33.630000,xrdcwddbsuip06,MTX_ACOE_Cutover_Reporting,UI_Excel_Select_Xwalk_Source_Accommodations,facility,*ALL*,QXA4067,2026-09-21 01:07:43.184000
1206,COCKN,NSYII,BABY IN ROOM WITH MOTHER,NS,N,NO MATCH,0,COCKN,,,,,N,Y,None,KSI8889,2026-03-27 15:49:20.920000,corpsvcmtxcutoverrpt_sql,2026-01-21 03:06:33.630000,xrdcwddbsuip06,MTX_ACOE_Cutover_Reporting,UI_Excel_Select_Xwalk_Source_Accommodations,facility,*ALL*,QXA4067,2026-09-21 01:07:43.184000
1207,COCKN,OB,OBSERVATION,OB,N,NO MATCH,0,COCKN,,,,,N,Y,None,KSI8889,2026-03-27 15:49:20.947000,corpsvcmtxcutoverrpt_sql,2026-01-21 03:06:33.630000,xrdcwddbsuip06,MTX_ACOE_Cutover_Reporting,UI_Excel_Select_Xwalk_Source_Accommodations,facility,*ALL*,QXA4067,2026-09-21 01:07:43.184000
1208,COCKN,OC,Obstetrics,OC,Y,"TEST (2026-09-20),ZCON (2026-09-20),LIVE (2026-09-04)",86,COCKN,M,MEDICAL,M,Y,Y,N,None,KSI8889,2026-02-18 15:17:21.903000,corpsvcmtxcutoverrpt_sql,2026-01-21 03:06:33.630000,xrdcwddbsuip06,MTX_ACOE_Cutover_Reporting,UI_Excel_Select_Xwalk_Source_Accommodations,facility,*ALL*,QXA4067,2026-09-21 01:07:43.184000
1209,COCKN,OG,OBSTETRICS GYNECOLOGY,OG,N,NO MATCH,0,COCKN,,,,,N,Y,None,KSI8889,2026-03-27 15:49:20.970000,corpsvcmtxcutoverrpt_sql,2026-01-21 03:06:33.630000,xrdcwddbsuip06,MTX_ACOE_Cutover_Reporting,UI_Excel_Select_Xwalk_Source_Accommodations,facility,*ALL*,QXA4067,2026-09-21 01:07:43.184000
1210,COCKN,OP,OUTPATIENT,OP,N,NO MATCH,0,COCKN,,,,,N,Y,None,KSI8889,2026-03-27 15:49:21,corpsvcmtxcutoverrpt_sql,2026-01-21 03:06:33.630000,xrdcwddbsuip06,MTX_ACOE_Cutover_Reporting,UI_Excel_Select_Xwalk_Source_Accommodations,facility,*ALL*,QXA4067,2026-09-21 01:07:43.184000
1211,COCKN,P,PRIVATE,P,N,NO MATCH,0,COCKN,,,,,N,Y,None,KSI8889,2026-03-27 15:49:21.027000,corpsvcmtxcutoverrpt_sql,2026-01-21 03:06:33.630000,xrdcwddbsuip06,MTX_ACOE_Cutover_Reporting,UI_Excel_Select_Xwalk_Source_Accommodations,facility,*ALL*,QXA4067,2026-09-21 01:07:43.184000
1212,COCKN,P-MED/SURG,PRIVATE MED/SURG,,N,NO MATCH,0,COCKN,,,,,N,Y,None,KSI8889,2026-03-27 15:49:21.050000,corpsvcmtxcutoverrpt_sql,2026-01-21 03:06:33.630000,xrdcwddbsuip06,MTX_ACOE_Cutover_Reporting,UI_Excel_Select_Xwalk_Source_Accommodations,facility,*ALL*,QXA4067,2026-09-21 01:07:43.184000
1213,COCKN,PEDICU,PEDIATRIC ICU,PC,N,NO MATCH,0,COCKN,,,,,N,Y,None,KSI8889,2026-03-27 15:49:21.077000,corpsvcmtxcutoverrpt_sql,2026-01-21 03:06:33.630000,xrdcwddbsuip06,MTX_ACOE_Cutover_Reporting,UI_Excel_Select_Xwalk_Source_Accommodations,facility,*ALL*,QXA4067,2026-09-21 01:07:43.184000
1214,COCKN,PEDS,Pediatrics,PE,Y,"TEST (2026-09-20),ZCON (2026-09-20),LIVE (2026-09-04)",23,COCKN,P,PEDIATRIC,P,Y,Y,N,None,KSI8889,2026-02-18 15:17:21.937000,corpsvcmtxcutoverrpt_sql,2026-01-21 03:06:33.630000,xrdcwddbsuip06,MTX_ACOE_Cutover_Reporting,UI_Excel_Select_Xwalk_Source_Accommodations,facility,*ALL*,QXA4067,2026-09-21 01:07:43.184000
1215,COCKN,PI,PEDIATRIC ISOLATION,PI,N,NO MATCH,0,COCKN,,,,,N,Y,None,KSI8889,2026-03-27 15:49:21.103000,corpsvcmtxcutoverrpt_sql,2026-01-21 03:06:33.630000,xrdcwddbsuip06,MTX_ACOE_Cutover_Reporting,UI_Excel_Select_Xwalk_Source_Accommodations,facility,*ALL*,QXA4067,2026-09-21 01:07:43.184000
1216,COCKN,PICU,PICU,PD,Y,"TEST (2026-09-20),ZCON (2026-09-20),LIVE (2026-09-04)",10,COCKN,PIC,PEDIATRIC INTENSIVE CARE,PI,Y,Y,N,None,KSI8889,2026-02-18 15:17:21.960000,corpsvcmtxcutoverrpt_sql,2026-01-21 03:06:33.630000,xrdcwddbsuip06,MTX_ACOE_Cutover_Reporting,UI_Excel_Select_Xwalk_Source_Accommodations,facility,*ALL*,QXA4067,2026-09-21 01:07:43.184000
1217,COCKN,PN,Perinatal Unit,PN,Y,"TEST (2026-09-20),ZCON (2026-09-20),LIVE (2026-09-04)",0,COCKN,AP,ANTEPARTUM,AP,Y,Y,N,None,KSI8889,2026-07-14 14:16:58.310000,corpsvcmtxcutoverrpt_sql,2026-01-21 03:06:33.630000,xrdcwddbsuip06,MTX_ACOE_Cutover_Reporting,UI_Excel_Select_Xwalk_Source_Accommodations,facility,*ALL*,QXA4067,2026-09-21 01:07:43.184000
1218,COCKN,PP,PEDIATRIC PRIVATE,PP,N,NO MATCH,0,COCKN,,,,,N,Y,None,KSI8889,2026-03-27 15:49:21.130000,corpsvcmtxcutoverrpt_sql,2026-01-21 03:06:33.630000,xrdcwddbsuip06,MTX_ACOE_Cutover_Reporting,UI_Excel_Select_Xwalk_Source_Accommodations,facility,*ALL*,QXA4067,2026-09-21 01:07:43.184000
1219,COCKN,PS,PEDIATRIC SEMIPRIVATE MED-SURG,PS,N,NO MATCH,0,COCKN,,,,,N,Y,None,KSI8889,2026-03-27 15:49:21.153000,corpsvcmtxcutoverrpt_sql,2026-01-21 03:06:33.630000,xrdcwddbsuip06,MTX_ACOE_Cutover_Reporting,UI_Excel_Select_Xwalk_Source_Accommodations,facility,*ALL*,QXA4067,2026-09-21 01:07:43.184000
1220,COCKN,PSY,Psych,PY,Y,"TEST (2026-09-20),ZCON (2026-09-20),LIVE (2026-09-04)",0,COCKN,BH,BEHAVIORAL HEALTH,BH,Y,Y,N,None,KSI8889,2026-02-18 15:17:22.033000,corpsvcmtxcutoverrpt_sql,2026-01-21 03:06:33.630000,xrdcwddbsuip06,MTX_ACOE_Cutover_Reporting,UI_Excel_Select_Xwalk_Source_Accommodations,facility,*ALL*,QXA4067,2026-09-21 01:07:43.184000
1221,COCKN,PT,PEDIATRIC TELEMETRY,PT,N,NO MATCH,0,COCKN,,,,,N,Y,None,KSI8889,2026-03-27 15:49:21.183000,corpsvcmtxcutoverrpt_sql,2026-01-21 03:06:33.630000,xrdcwddbsuip06,MTX_ACOE_Cutover_Reporting,UI_Excel_Select_Xwalk_Source_Accommodations,facility,*ALL*,QXA4067,2026-09-21 01:07:43.184000
1222,COCKN,RH,Rehabilitation,RH,N,NO MATCH,0,COCKN,,,,,N,Y,None,KSI8889,2026-03-27 15:49:21.210000,corpsvcmtxcutoverrpt_sql,2026-01-21 03:06:33.630000,xrdcwddbsuip06,MTX_ACOE_Cutover_Reporting,UI_Excel_Select_Xwalk_Source_Accommodations,facility,*ALL*,QXA4067,2026-09-21 01:07:43.184000
1223,COCKN,SB,SWING BED,SB,Y,"TEST (2026-09-20),ZCON (2026-09-20),LIVE (2026-09-04)",0,COCKN,M,MEDICAL,M,Y,Y,N,None,KSI8889,2026-07-14 14:16:58.340000,corpsvcmtxcutoverrpt_sql,2026-01-21 03:06:33.630000,xrdcwddbsuip06,MTX_ACOE_Cutover_Reporting,UI_Excel_Select_Xwalk_Source_Accommodations,facility,*ALL*,QXA4067,2026-09-21 01:07:43.184000
1224,COCKN,SP,SEMI-PRIVATE MED-SURG,SP,N,NO MATCH,0,COCKN,,,,,N,Y,None,KSI8889,2026-03-27 15:49:21.233000,corpsvcmtxcutoverrpt_sql,2026-01-21 03:06:33.630000,xrdcwddbsuip06,MTX_ACOE_Cutover_Reporting,UI_Excel_Select_Xwalk_Source_Accommodations,facility,*ALL*,QXA4067,2026-09-21 01:07:43.184000
1225,COCKN,SP-MED/SUR,SEMI-PRIVATE MED/SURG,,N,NO MATCH,0,COCKN,,,,,N,Y,None,KSI8889,2026-03-27 15:49:21.260000,corpsvcmtxcutoverrpt_sql,2026-01-21 03:06:33.630000,xrdcwddbsuip06,MTX_ACOE_Cutover_Reporting,UI_Excel_Select_Xwalk_Source_Accommodations,facility,*ALL*,QXA4067,2026-09-21 01:07:43.184000
1226,COCKN,SPTEL,TELEMETRY,TL,N,NO MATCH,0,COCKN,,,,,N,Y,None,KSI8889,2026-03-27 15:49:21.287000,corpsvcmtxcutoverrpt_sql,2026-01-21 03:06:33.630000,xrdcwddbsuip06,MTX_ACOE_Cutover_Reporting,UI_Excel_Select_Xwalk_Source_Accommodations,facility,*ALL*,QXA4067,2026-09-21 01:07:43.184000
1227,COCKN,ST,OB SUITE,,N,NO MATCH,0,COCKN,,,,,N,Y,None,KSI8889,2026-03-27 15:49:21.317000,corpsvcmtxcutoverrpt_sql,2026-01-21 03:06:33.630000,xrdcwddbsuip06,MTX_ACOE_Cutover_Reporting,UI_Excel_Select_Xwalk_Source_Accommodations,facility,*ALL*,QXA4067,2026-09-21 01:07:43.184000
1228,COCKN,T,Tele,T,Y,"TEST (2026-09-20),ZCON (2026-09-20),LIVE (2026-09-04)",185,COCKN,TEL,TELEMETRY,T,Y,Y,N,None,KSI8889,2026-02-18 15:17:22.083000,corpsvcmtxcutoverrpt_sql,2026-01-21 03:06:33.630000,xrdcwddbsuip06,MTX_ACOE_Cutover_Reporting,UI_Excel_Select_Xwalk_Source_Accommodations,facility,*ALL*,QXA4067,2026-09-21 01:07:43.184000
1229,COCKN,TR,Trauma Intensive care,TR,Y,"TEST (2026-09-20),ZCON (2026-09-20),LIVE (2026-09-04)",67,COCKN,TRIC,TRAUMA INTENSIVE CARE,TI,Y,Y,N,None,QXA4067,2026-09-04 14:05:51.843000,corpsvcmtxcutoverrpt_sql,2026-01-21 03:06:33.630000,xrdcwddbsuip06,MTX_ACOE_Cutover_Reporting,UI_Excel_Select_Xwalk_Source_Accommodations,facility,*ALL*,QXA4067,2026-09-21 01:07:43.184000
1230,COCKN,TRAUMAICU,TRAUMA ICU,TC,N,NO MATCH,0,COCKN,,,,,N,Y,None,KSI8889,2026-03-27 15:49:21.370000,corpsvcmtxcutoverrpt_sql,2026-01-21 03:06:33.630000,xrdcwddbsuip06,MTX_ACOE_Cutover_Reporting,UI_Excel_Select_Xwalk_Source_Accommodations,facility,*ALL*,QXA4067,2026-09-21 01:07:43.184000
1231,COCKN,VIP,VIP Room,VI,N,NO MATCH,0,COCKN,,,,,N,Y,None,KSI8889,2026-03-27 15:49:21.420000,corpsvcmtxcutoverrpt_sql,2026-01-21 03:06:33.630000,xrdcwddbsuip06,MTX_ACOE_Cutover_Reporting,UI_Excel_Select_Xwalk_Source_Accommodations,facility,*ALL*,QXA4067,2026-09-21 01:07:43.184000
1232,COCKW,AP,ANTEPARTUM ROOM,AP,Y,"TEST (2026-09-20),ZCON (2026-09-20),LIVE (2026-09-04)",0,COCKW,AP,ANTEPARTUM ROOM,AP,Y,Y,N,None,FRE8115,2025-12-15 17:20:41.530000,corpsvcmtxcutoverrpt_sql,2025-09-09 14:47:33.733000,xrdcwddbsuip06,MTX_ACOE_Cutover_Reporting,UI_Excel_Select_Xwalk_Source_Accommodations,facility,*ALL*,QXA4067,2026-09-21 01:07:43.184000
1233,COCKW,EC,ECMO,EC,Y,"TEST (2026-09-20),ZCON (2026-09-20),LIVE (2026-09-04)",0,COCKW,EC,ECMO,EC,Y,Y,N,None,FRE8115,2026-02-05 11:29:08.817000,corpsvcmtxcutoverrpt_sql,2026-01-30 16:36:40.230000,xrdcwddbsuip06,MTX_ACOE_Cutover_Reporting,UI_Excel_Select_Xwalk_Source_Accommodations,facility,*ALL*,QXA4067,2026-09-21 01:07:43.184000
1234,COCKW,I,INTENSIVE CARE,IC,Y,"TEST (2026-09-20),ZCON (2026-09-20),LIVE (2026-09-04)",0,COCKW,IC,IC - INTENSIVE CARE,IC,Y,Y,N,None,FRE8115,2025-12-15 17:20:41.570000,corpsvcmtxcutoverrpt_sql,2025-09-09 14:47:33.733000,xrdcwddbsuip06,MTX_ACOE_Cutover_Reporting,UI_Excel_Select_Xwalk_Source_Accommodations,facility,*ALL*,QXA4067,2026-09-21 01:07:43.184000
1235,COCKW,IC,INTERMEDIATE NURSERY - NSY2,NB,Y,"TEST (2026-09-20),ZCON (2026-09-20),LIVE (2026-09-04)",0,COCKW,PR,PRIVATE ROOM,PR,,Y,N,None,FRE8115,2025-12-15 17:20:41.610000,corpsvcmtxcutoverrpt_sql,2025-09-09 14:47:33.733000,xrdcwddbsuip06,MTX_ACOE_Cutover_Reporting,UI_Excel_Select_Xwalk_Source_Accommodations,facility,*ALL*,QXA4067,2026-09-21 01:07:43.184000
1236,COCKW,ICN,INTENSIVE CARE NURSERY-NIC3,NI,Y,"TEST (2026-09-20),ZCON (2026-09-20),LIVE (2026-09-04)",0,COCKW,PR,PRIVATE ROOM,PR,,Y,N,None,FRE8115,2025-12-15 17:20:41.650000,corpsvcmtxcutoverrpt_sql,2025-09-09 14:47:33.733000,xrdcwddbsuip06,MTX_ACOE_Cutover_Reporting,UI_Excel_Select_Xwalk_Source_Accommodations,facility,*ALL*,QXA4067,2026-09-21 01:07:43.184000
1237,COCKW,ICT,INTENSIVE CARE - TRAUMA,IT,Y,"TEST (2026-09-20),ZCON (2026-09-20),LIVE (2026-09-04)",0,COCKW,TRIC,TRAUMA INTENSIVE CARE,TI,Y,Y,N,None,FRE8115,2026-02-20 08:36:00.320000,corpsvcmtxcutoverrpt_sql,2025-09-09 14:47:33.733000,xrdcwddbsuip06,MTX_ACOE_Cutover_Reporting,UI_Excel_Select_Xwalk_Source_Accommodations,facility,*ALL*,QXA4067,2026-09-21 01:07:43.184000
1238,COCKW,IM,CARDIAC/IMU,IM,Y,"TEST (2026-09-20),ZCON (2026-09-20),LIVE (2026-09-04)",0,COCKW,CC,CORONARY CARE,CC,Y,Y,N,None,FRE8115,2025-12-15 17:20:41.743000,corpsvcmtxcutoverrpt_sql,2025-09-09 14:47:33.733000,xrdcwddbsuip06,MTX_ACOE_Cutover_Reporting,UI_Excel_Select_Xwalk_Source_Accommodations,facility,*ALL*,QXA4067,2026-09-21 01:07:43.184000
1239,COCKW,L1,NEWBORN LEVEL I R&B,L1,Y,"TEST (2026-09-20),ZCON (2026-09-20),LIVE (2026-09-04)",0,COCKW,L1,NEWBORN LEVEL I CARE,PR,Y,Y,N,None,FRE8115,2025-12-15 17:20:41.783000,corpsvcmtxcutoverrpt_sql,2025-09-09 14:47:33.733000,xrdcwddbsuip06,MTX_ACOE_Cutover_Reporting,UI_Excel_Select_Xwalk_Source_Accommodations,facility,*ALL*,QXA4067,2026-09-21 01:07:43.184000
1240,COCKW,L2,NEWBORN LEVEL II R&B,L2,Y,"TEST (2026-09-20),ZCON (2026-09-20),LIVE (2026-09-04)",0,COCKW,L2,NEWBORN LEVEL II CARE,L2,Y,Y,N,None,FRE8115,2025-12-15 17:20:41.823000,corpsvcmtxcutoverrpt_sql,2025-09-09 14:47:33.733000,xrdcwddbsuip06,MTX_ACOE_Cutover_Reporting,UI_Excel_Select_Xwalk_Source_Accommodations,facility,*ALL*,QXA4067,2026-09-21 01:07:43.185000
1241,COCKW,L3,NEWBORN LEVEL III R&B,L3,Y,"TEST (2026-09-20),ZCON (2026-09-20),LIVE (2026-09-04)",0,COCKW,L3,NEWBORN LEVEL III CARE,L3,Y,Y,N,None,FRE8115,2025-12-15 17:20:41.900000,corpsvcmtxcutoverrpt_sql,2025-09-09 14:47:33.733000,xrdcwddbsuip06,MTX_ACOE_Cutover_Reporting,UI_Excel_Select_Xwalk_Source_Accommodations,facility,*ALL*,QXA4067,2026-09-21 01:07:43.185000
1242,COCKW,L4,NEWBORN LEVEL IV R&B,L4,Y,"TEST (2026-09-20),ZCON (2026-09-20),LIVE (2026-09-04)",0,COCKW,PR,PRIVATE ROOM,PR,,Y,N,None,FRE8115,2025-12-15 17:20:41.947000,corpsvcmtxcutoverrpt_sql,2025-09-09 14:47:33.733000,xrdcwddbsuip06,MTX_ACOE_Cutover_Reporting,UI_Excel_Select_Xwalk_Source_Accommodations,facility,*ALL*,QXA4067,2026-09-21 01:07:43.185000
1243,COCKW,LD,LABOR & DELIVERY,LD,Y,"TEST (2026-09-20),ZCON (2026-09-20),LIVE (2026-09-04)",0,COCKW,LD,LABOR AND DELIVERY,LD,Y,Y,N,None,FRE8115,2025-12-15 17:20:41.987000,corpsvcmtxcutoverrpt_sql,2025-09-09 14:47:33.733000,xrdcwddbsuip06,MTX_ACOE_Cutover_Reporting,UI_Excel_Select_Xwalk_Source_Accommodations,facility,*ALL*,QXA4067,2026-09-21 01:07:43.185000
1244,COCKW,MED,MEDICAL UNIT,ME,Y,"TEST (2026-09-20),ZCON (2026-09-20),LIVE (2026-09-04)",0,COCKW,PR,PRIVATE ROOM,PR,Y,Y,N,None,FRE8115,2025-12-15 17:20:42.023000,corpsvcmtxcutoverrpt_sql,2025-09-09 14:47:33.733000,xrdcwddbsuip06,MTX_ACOE_Cutover_Reporting,UI_Excel_Select_Xwalk_Source_Accommodations,facility,*ALL*,QXA4067,2026-09-21 01:07:43.185000
1245,COCKW,MEDIM,MEDICAL INTERMEDIATE,MI,Y,"TEST (2026-09-20),ZCON (2026-09-20),LIVE (2026-09-04)",0,COCKW,PR,PRIVATE ROOM,PR,,Y,N,None,FRE8115,2025-12-15 17:20:42.063000,corpsvcmtxcutoverrpt_sql,2025-09-09 14:47:33.733000,xrdcwddbsuip06,MTX_ACOE_Cutover_Reporting,UI_Excel_Select_Xwalk_Source_Accommodations,facility,*ALL*,QXA4067,2026-09-21 01:07:43.185000
1246,COCKW,MS,MEDICAL SURGICAL,MS,Y,"TEST (2026-09-20),ZCON (2026-09-20),LIVE (2026-09-04)",0,COCKW,PR,PRIVATE ROOM,PR,,Y,N,None,FRE8115,2025-12-15 17:20:42.103000,corpsvcmtxcutoverrpt_sql,2025-09-09 14:47:33.733000,xrdcwddbsuip06,MTX_ACOE_Cutover_Reporting,UI_Excel_Select_Xwalk_Source_Accommodations,facility,*ALL*,QXA4067,2026-09-21 01:07:43.185000
1247,COCKW,NP,INTERMEDIATE PRIVATE,NP,Y,"TEST (2026-09-20),ZCON (2026-09-20),LIVE (2026-09-04)",0,COCKW,PC,PROGRESSIVE CARE,PC,Y,Y,N,None,FRE8115,2025-12-15 17:20:42.143000,corpsvcmtxcutoverrpt_sql,2025-09-09 14:47:33.733000,xrdcwddbsuip06,MTX_ACOE_Cutover_Reporting,UI_Excel_Select_Xwalk_Source_Accommodations,facility,*ALL*,QXA4067,2026-09-21 01:07:43.185000
1248,COCKW,NT,INTERMEDIATE TELEMETRY,NT,Y,"TEST (2026-09-20),ZCON (2026-09-20),LIVE (2026-09-04)",0,COCKW,PR,PRIVATE ROOM,PR,,Y,N,None,FRE8115,2025-12-15 17:20:42.183000,corpsvcmtxcutoverrpt_sql,2025-09-09 14:47:33.733000,xrdcwddbsuip06,MTX_ACOE_Cutover_Reporting,UI_Excel_Select_Xwalk_Source_Accommodations,facility,*ALL*,QXA4067,2026-09-21 01:07:43.185000
1249,COCKW,NU,NURSERY,NU,Y,"TEST (2026-09-20),ZCON (2026-09-20),LIVE (2026-09-04)",0,COCKW,L1,NEWBORN LEVEL I CARE,L1,Y,Y,N,None,FRE8115,2025-12-15 17:20:42.230000,corpsvcmtxcutoverrpt_sql,2025-09-09 14:47:33.733000,xrdcwddbsuip06,MTX_ACOE_Cutover_Reporting,UI_Excel_Select_Xwalk_Source_Accommodations,facility,*ALL*,QXA4067,2026-09-21 01:07:43.185000
1250,COCKW,OBS,OBSERVATION,OS,Y,"TEST (2026-09-20),ZCON (2026-09-20),LIVE (2026-09-04)",0,COCKW,PR,PRIVATE ROOM,PR,,Y,N,None,FRE8115,2025-12-15 17:20:42.270000,corpsvcmtxcutoverrpt_sql,2025-09-09 14:47:33.733000,xrdcwddbsuip06,MTX_ACOE_Cutover_Reporting,UI_Excel_Select_Xwalk_Source_Accommodations,facility,*ALL*,QXA4067,2026-09-21 01:07:43.185000
1251,COCKW,P,PRIVATE ROOM,P,Y,"TEST (2026-09-20),ZCON (2026-09-20),LIVE (2026-09-04)",0,COCKW,PR,PRIVATE ROOM,PR,Y,Y,N,None,FRE8115,2025-12-15 17:20:42.313000,corpsvcmtxcutoverrpt_sql,2025-09-09 14:47:33.733000,xrdcwddbsuip06,MTX_ACOE_Cutover_Reporting,UI_Excel_Select_Xwalk_Source_Accommodations,facility,*ALL*,QXA4067,2026-09-21 01:07:43.185000
1252,COCKW,PC,INTERMEDIATE/PRIVATE CARE,IP,N,NO MATCH,0,COCKW,,,,,N,Y,None,FRE8115,2025-12-15 17:20:42.360000,corpsvcmtxcutoverrpt_sql,2025-09-09 14:47:33.733000,xrdcwddbsuip06,MTX_ACOE_Cutover_Reporting,UI_Excel_Select_Xwalk_Source_Accommodations,facility,*ALL*,QXA4067,2026-09-21 01:07:43.185000
1253,COCKW,PED,PEDIATRICS,PE,Y,"TEST (2026-09-20),ZCON (2026-09-20),LIVE (2026-09-04)",0,COCKW,PR,PRIVATE ROOM,PR,Y,Y,N,None,FRE8115,2025-12-15 17:20:42.403000,corpsvcmtxcutoverrpt_sql,2025-09-09 14:47:33.733000,xrdcwddbsuip06,MTX_ACOE_Cutover_Reporting,UI_Excel_Select_Xwalk_Source_Accommodations,facility,*ALL*,QXA4067,2026-09-21 01:07:43.185000
1254,COCKW,PP,POSTPARTUM ROOM,PP,Y,"TEST (2026-09-20),ZCON (2026-09-20),LIVE (2026-09-04)",0,COCKW,PR,PRIVATE ROOM,PR,,Y,N,None,FRE8115,2025-12-15 17:20:42.447000,corpsvcmtxcutoverrpt_sql,2025-09-09 14:47:33.733000,xrdcwddbsuip06,MTX_ACOE_Cutover_Reporting,UI_Excel_Select_Xwalk_Source_Accommodations,facility,*ALL*,QXA4067,2026-09-21 01:07:43.185000
1255,COCKW,PR,PRIVATE ROOM - PATIENT REQUEST,PR,N,NO MATCH,0,COCKW,,,,,N,Y,None,FRE8115,2025-12-15 17:20:42.490000,corpsvcmtxcutoverrpt_sql,2025-09-09 14:47:33.733000,xrdcwddbsuip06,MTX_ACOE_Cutover_Reporting,UI_Excel_Select_Xwalk_Source_Accommodations,facility,*ALL*,QXA4067,2026-09-21 01:07:43.185000
1256,COCKW,RHB,REHAB,RH,Y,"TEST (2026-09-20),ZCON (2026-09-20),LIVE (2026-09-04)",0,COCKW,PR,PRIVATE ROOM,PR,,Y,N,None,FRE8115,2025-12-15 17:20:42.530000,corpsvcmtxcutoverrpt_sql,2025-09-09 14:47:33.733000,xrdcwddbsuip06,MTX_ACOE_Cutover_Reporting,UI_Excel_Select_Xwalk_Source_Accommodations,facility,*ALL*,QXA4067,2026-09-21 01:07:43.185000
1257,COCKW,S,SEMI-PRIVATE ROOM,SP,Y,"TEST (2026-09-20),ZCON (2026-09-20),LIVE (2026-09-04)",0,COCKW,SP,SEMI PRIVATE ROOM,SP,Y,Y,N,None,FRE8115,2025-12-15 17:20:42.577000,corpsvcmtxcutoverrpt_sql,2025-09-09 14:47:33.733000,xrdcwddbsuip06,MTX_ACOE_Cutover_Reporting,UI_Excel_Select_Xwalk_Source_Accommodations,facility,*ALL*,QXA4067,2026-09-21 01:07:43.185000
1258,COCKW,SB,SWING BED SEMI PRIVATE,SB,Y,"TEST (2026-09-20),ZCON (2026-09-20),LIVE (2026-09-04)",0,COCKW,PR,PRIVATE ROOM,PR,,Y,N,None,FRE8115,2025-12-15 17:20:42.617000,corpsvcmtxcutoverrpt_sql,2025-09-09 14:47:33.733000,xrdcwddbsuip06,MTX_ACOE_Cutover_Reporting,UI_Excel_Select_Xwalk_Source_Accommodations,facility,*ALL*,QXA4067,2026-09-21 01:07:43.185000
1259,COCKW,SS,SURGERY SEMI-PRIVATE,SS,Y,"TEST (2026-09-20),ZCON (2026-09-20),LIVE (2026-09-04)",0,COCKW,PR,PRIVATE ROOM,PR,,Y,N,None,FRE8115,2025-12-15 17:20:42.663000,corpsvcmtxcutoverrpt_sql,2025-09-09 14:47:33.733000,xrdcwddbsuip06,MTX_ACOE_Cutover_Reporting,UI_Excel_Select_Xwalk_Source_Accommodations,facility,*ALL*,QXA4067,2026-09-21 01:07:43.185000
1260,COCKW,SUR,SURGICAL,SR,Y,"TEST (2026-09-20),ZCON (2026-09-20),LIVE (2026-09-04)",0,COCKW,PR,PRIVATE ROOM,PR,,Y,N,None,FRE8115,2025-12-15 17:20:42.703000,corpsvcmtxcutoverrpt_sql,2025-09-09 14:47:33.733000,xrdcwddbsuip06,MTX_ACOE_Cutover_Reporting,UI_Excel_Select_Xwalk_Source_Accommodations,facility,*ALL*,QXA4067,2026-09-21 01:07:43.185000
1261,COCKW,TE,TELEMETRY,TE,Y,"TEST (2026-09-20),ZCON (2026-09-20),LIVE (2026-09-04)",0,COCKW,TEL,TELEMETRY,TE,Y,Y,N,None,FRE8115,2026-02-20 08:36:00.363000,corpsvcmtxcutoverrpt_sql,2025-09-09 14:47:33.733000,xrdcwddbsuip06,MTX_ACOE_Cutover_Reporting,UI_Excel_Select_Xwalk_Source_Accommodations,facility,*ALL*,QXA4067,2026-09-21 01:07:43.185000
1262,COCKW,TEIM,TELEMETRY IM,TI,Y,"TEST (2026-09-20),ZCON (2026-09-20),LIVE (2026-09-04)",0,COCKW,PR,PRIVATE ROOM,PR,,Y,N,None,FRE8115,2025-12-15 17:20:42.787000,corpsvcmtxcutoverrpt_sql,2025-09-09 14:47:33.733000,xrdcwddbsuip06,MTX_ACOE_Cutover_Reporting,UI_Excel_Select_Xwalk_Source_Accommodations,facility,*ALL*,QXA4067,2026-09-21 01:07:43.185000
1263,COCLE,L.AB,ADVANCED NURSERY BORDER BABY,AB,Y,NO MATCH,0,COCLE,L1,NEWBORN LEVEL I CARE,L1,Y,Y,N,None,MLT6916,2026-06-19 14:53:02.303000,corpsvcmtxcutoverrpt_sql,2026-04-13 16:43:36.060000,xrdcwddbsuip06,MTX_ACOE_Cutover_Reporting,UI_Excel_Select_Xwalk_Source_Accommodations,facility,*ALL*,QXA4067,2026-09-21 01:07:43.185000
1264,COCLE,L.AN,ADVANCED NURSERY CARE,AN,N,NO MATCH,0,COCLE,,,,,N,Y,None,MLT6916,2026-06-19 12:33:12.200000,corpsvcmtxcutoverrpt_sql,2026-04-13 16:43:36.060000,xrdcwddbsuip06,MTX_ACOE_Cutover_Reporting,UI_Excel_Select_Xwalk_Source_Accommodations,facility,*ALL*,QXA4067,2026-09-21 01:07:43.185000
1265,COCLE,L.B,NURSERY,B,N,NO MATCH,0,COCLE,,,,,N,Y,None,MLT6916,2026-06-19 12:33:12.237000,corpsvcmtxcutoverrpt_sql,2026-04-13 16:43:36.060000,xrdcwddbsuip06,MTX_ACOE_Cutover_Reporting,UI_Excel_Select_Xwalk_Source_Accommodations,facility,*ALL*,QXA4067,2026-09-21 01:07:43.186000
1266,COCLE,L.BB,BORDER BABY,BB,N,NO MATCH,0,COCLE,,,,,N,Y,None,MLT6916,2026-06-19 12:33:12.277000,corpsvcmtxcutoverrpt_sql,2026-04-13 16:43:36.060000,xrdcwddbsuip06,MTX_ACOE_Cutover_Reporting,UI_Excel_Select_Xwalk_Source_Accommodations,facility,*ALL*,QXA4067,2026-09-21 01:07:43.186000
1267,COCLE,L.EACU,ED HOLD ACUTE CARE,EM,Y,NO MATCH,67,COCLE,PR,PRIVATE ROOM,PR,Y,Y,N,None,MLT6916,2026-04-27 10:15:36.837000,corpsvcmtxcutoverrpt_sql,2026-04-13 16:43:36.060000,xrdcwddbsuip06,MTX_ACOE_Cutover_Reporting,UI_Excel_Select_Xwalk_Source_Accommodations,facility,*ALL*,QXA4067,2026-09-21 01:07:43.186000
1268,COCLE,L.EICU,ED HOLD ICU,EI,Y,NO MATCH,3,COCLE,IC,INTENSIVE CARE,IC,Y,Y,N,None,MLT6916,2026-04-27 10:15:36.870000,corpsvcmtxcutoverrpt_sql,2026-04-13 16:43:36.060000,xrdcwddbsuip06,MTX_ACOE_Cutover_Reporting,UI_Excel_Select_Xwalk_Source_Accommodations,facility,*ALL*,QXA4067,2026-09-21 01:07:43.186000
1269,COCLE,L.EPCU,ED HOLD PCU,EP,Y,NO MATCH,24,COCLE,PC,PROGRESSIVE CARE,PC,Y,Y,N,None,MLT6916,2026-04-27 10:15:36.900000,corpsvcmtxcutoverrpt_sql,2026-04-13 16:43:36.060000,xrdcwddbsuip06,MTX_ACOE_Cutover_Reporting,UI_Excel_Select_Xwalk_Source_Accommodations,facility,*ALL*,QXA4067,2026-09-21 01:07:43.186000
1270,COCLE,L.EPED,ED HOLD PEDIATRICS,PH,Y,NO MATCH,0,COCLE,PR,PRIVATE ROOM,PR,Y,Y,N,None,MLT6916,2026-06-19 14:53:02.370000,corpsvcmtxcutoverrpt_sql,2026-04-13 16:43:36.060000,xrdcwddbsuip06,MTX_ACOE_Cutover_Reporting,UI_Excel_Select_Xwalk_Source_Accommodations,facility,*ALL*,QXA4067,2026-09-21 01:07:43.186000
1271,COCLE,L.ESUR,ED HOLD SURGICAL,ES,Y,NO MATCH,0,COCLE,MS,MED SURG,MS,Y,Y,N,None,MLT6916,2026-04-27 10:15:36.967000,corpsvcmtxcutoverrpt_sql,2026-04-13 16:43:36.060000,xrdcwddbsuip06,MTX_ACOE_Cutover_Reporting,UI_Excel_Select_Xwalk_Source_Accommodations,facility,*ALL*,QXA4067,2026-09-21 01:07:43.186000
1272,COCLE,L.ETLO,ED HOLD TELE ONC,ET,Y,NO MATCH,1,COCLE,ON,ONCOLOGY,ON,Y,Y,N,None,MLT6916,2026-09-16 15:33:53.930000,corpsvcmtxcutoverrpt_sql,2026-04-13 16:43:36.060000,xrdcwddbsuip06,MTX_ACOE_Cutover_Reporting,UI_Excel_Select_Xwalk_Source_Accommodations,facility,*ALL*,QXA4067,2026-09-21 01:07:43.186000
1273,COCLE,L.H,INTERMEDIATE CARE,H,Y,NO MATCH,0,COCLE,PC,PROGRESSIVE CARE,PC,Y,Y,N,None,MLT6916,2026-04-27 10:15:37.043000,corpsvcmtxcutoverrpt_sql,2026-04-13 16:43:36.060000,xrdcwddbsuip06,MTX_ACOE_Cutover_Reporting,UI_Excel_Select_Xwalk_Source_Accommodations,facility,*ALL*,QXA4067,2026-09-21 01:07:43.186000
1274,COCLE,L.I,INTENSIVE CARE UNIT,I,Y,NO MATCH,12,COCLE,IC,INTENSIVE CARE,IC,Y,Y,N,None,MLT6916,2026-04-27 10:15:37.080000,corpsvcmtxcutoverrpt_sql,2026-04-13 16:43:36.060000,xrdcwddbsuip06,MTX_ACOE_Cutover_Reporting,UI_Excel_Select_Xwalk_Source_Accommodations,facility,*ALL*,QXA4067,2026-09-21 01:07:43.186000
1275,COCLE,L.IC,NURSERY ICU LEVEL II+,IC,Y,NO MATCH,2,COCLE,L3,NEWBORN LEVEL III CARE,L3,Y,Y,N,None,MLT6916,2026-06-19 14:53:02.470000,corpsvcmtxcutoverrpt_sql,2026-04-13 16:43:36.060000,xrdcwddbsuip06,MTX_ACOE_Cutover_Reporting,UI_Excel_Select_Xwalk_Source_Accommodations,facility,*ALL*,QXA4067,2026-09-21 01:07:43.186000
1276,COCLE,L.ICSIT,ICU SITTER,IS,Y,NO MATCH,0,COCLE,IC,INTENSIVE CARE,IC,Y,Y,N,None,MLT6916,2026-06-19 14:53:02.517000,corpsvcmtxcutoverrpt_sql,2026-04-13 16:43:36.060000,xrdcwddbsuip06,MTX_ACOE_Cutover_Reporting,UI_Excel_Select_Xwalk_Source_Accommodations,facility,*ALL*,QXA4067,2026-09-21 01:07:43.186000
1277,COCLE,L.ICU,ICU/CCU ED HOLD,CC,Y,NO MATCH,0,COCLE,IC,INTENSIVE CARE,IC,Y,Y,N,None,MLT6916,2026-06-19 14:53:02.563000,corpsvcmtxcutoverrpt_sql,2026-04-13 16:43:36.060000,xrdcwddbsuip06,MTX_ACOE_Cutover_Reporting,UI_Excel_Select_Xwalk_Source_Accommodations,facility,*ALL*,QXA4067,2026-09-21 01:07:43.186000
1278,COCLE,L.ICUOVR,ICU/SURG OVERFLOW,IO,Y,NO MATCH,0,COCLE,IC,INTENSIVE CARE,IC,Y,Y,N,None,MLT6916,2026-06-19 14:53:02.613000,corpsvcmtxcutoverrpt_sql,2026-04-13 16:43:36.060000,xrdcwddbsuip06,MTX_ACOE_Cutover_Reporting,UI_Excel_Select_Xwalk_Source_Accommodations,facility,*ALL*,QXA4067,2026-09-21 01:07:43.186000
1279,COCLE,L.ICUSEMI,ICU SEMI PRIVATE,IV,Y,NO MATCH,0,COCLE,IC,INTENSIVE CARE,IC,Y,Y,N,None,MLT6916,2026-06-19 14:53:02.660000,corpsvcmtxcutoverrpt_sql,2026-04-13 16:43:36.060000,xrdcwddbsuip06,MTX_ACOE_Cutover_Reporting,UI_Excel_Select_Xwalk_Source_Accommodations,facility,*ALL*,QXA4067,2026-09-21 01:07:43.186000
1280,COCLE,L.IMC,IMCU CARE IN ICU LOCATION,IM,N,NO MATCH,0,COCLE,,,,,N,Y,None,MLT6916,2026-06-19 12:33:12.313000,corpsvcmtxcutoverrpt_sql,2026-04-13 16:43:36.060000,xrdcwddbsuip06,MTX_ACOE_Cutover_Reporting,UI_Excel_Select_Xwalk_Source_Accommodations,facility,*ALL*,QXA4067,2026-09-21 01:07:43.186000
1281,COCLE,L.IN,NURSERY INTERMEDIATE,IN,Y,NO MATCH,0,COCLE,L2,NEWBORN LEVEL II CARE,L2,Y,Y,N,None,MLT6916,2026-06-19 14:53:02.710000,corpsvcmtxcutoverrpt_sql,2026-04-13 16:43:36.060000,xrdcwddbsuip06,MTX_ACOE_Cutover_Reporting,UI_Excel_Select_Xwalk_Source_Accommodations,facility,*ALL*,QXA4067,2026-09-21 01:07:43.186000
1282,COCLE,L.L1,NEWBORN LEVEL I,N1,Y,NO MATCH,0,COCLE,L1,NEWBORN LEVEL I CARE,L1,Y,Y,N,None,MLT6916,2026-06-19 14:53:02.760000,corpsvcmtxcutoverrpt_sql,2026-04-13 16:43:36.060000,xrdcwddbsuip06,MTX_ACOE_Cutover_Reporting,UI_Excel_Select_Xwalk_Source_Accommodations,facility,*ALL*,QXA4067,2026-09-21 01:07:43.186000
1283,COCLE,L.L2,Neonatal Continuing Care (L2),N2,Y,NO MATCH,0,COCLE,L2,NEWBORN LEVEL II CARE,L2,Y,Y,N,None,MLT6916,2026-06-19 14:53:02.817000,corpsvcmtxcutoverrpt_sql,2026-04-13 16:43:36.060000,xrdcwddbsuip06,MTX_ACOE_Cutover_Reporting,UI_Excel_Select_Xwalk_Source_Accommodations,facility,*ALL*,QXA4067,2026-09-21 01:07:43.186000
1284,COCLE,L.L3,Neonatal Intermediate Care(L3),N3,Y,NO MATCH,0,COCLE,L3,NEWBORN LEVEL III CARE,L3,Y,Y,N,None,MLT6916,2026-06-19 14:53:02.860000,corpsvcmtxcutoverrpt_sql,2026-04-13 16:43:36.060000,xrdcwddbsuip06,MTX_ACOE_Cutover_Reporting,UI_Excel_Select_Xwalk_Source_Accommodations,facility,*ALL*,QXA4067,2026-09-21 01:07:43.186000
1285,COCLE,L.L4,Neonatal ICU (L4),N4,Y,NO MATCH,0,COCLE,L4,NEWBORN LEVEL IV CARE,L4,Y,Y,N,None,MLT6916,2026-06-19 14:53:02.907000,corpsvcmtxcutoverrpt_sql,2026-04-13 16:43:36.060000,xrdcwddbsuip06,MTX_ACOE_Cutover_Reporting,UI_Excel_Select_Xwalk_Source_Accommodations,facility,*ALL*,QXA4067,2026-09-21 01:07:43.186000
1286,COCLE,L.LOA,LEAVE OF ABSENCE,LA,Y,NO MATCH,0,COCLE,PR,PRIVATE ROOM,PR,Y,Y,N,None,MLT6916,2026-06-19 14:53:02.960000,corpsvcmtxcutoverrpt_sql,2026-04-13 16:43:36.060000,xrdcwddbsuip06,MTX_ACOE_Cutover_Reporting,UI_Excel_Select_Xwalk_Source_Accommodations,facility,*ALL*,QXA4067,2026-09-21 01:07:43.186000
1287,COCLE,L.M,MED/SURG IN ICU LOCATION,M,Y,NO MATCH,0,COCLE,MS,MED SURG,MS,Y,Y,N,None,MLT6916,2026-06-19 14:53:03.010000,corpsvcmtxcutoverrpt_sql,2026-04-13 16:43:36.060000,xrdcwddbsuip06,MTX_ACOE_Cutover_Reporting,UI_Excel_Select_Xwalk_Source_Accommodations,facility,*ALL*,QXA4067,2026-09-21 01:07:43.186000
1288,COCLE,L.MED,MEDICAL ED HOLD,ME,Y,NO MATCH,0,COCLE,MS,MED SURG,MS,Y,Y,N,None,MLT6916,2026-06-19 14:53:03.087000,corpsvcmtxcutoverrpt_sql,2026-04-13 16:43:36.060000,xrdcwddbsuip06,MTX_ACOE_Cutover_Reporting,UI_Excel_Select_Xwalk_Source_Accommodations,facility,*ALL*,QXA4067,2026-09-21 01:07:43.186000
1289,COCLE,L.MS,MED-SURG PRIVATE,MP,Y,NO MATCH,138,COCLE,MS,MED SURG,MS,Y,Y,N,None,MLT6916,2026-04-27 10:15:37.170000,corpsvcmtxcutoverrpt_sql,2026-04-13 16:43:36.060000,xrdcwddbsuip06,MTX_ACOE_Cutover_Reporting,UI_Excel_Select_Xwalk_Source_Accommodations,facility,*ALL*,QXA4067,2026-09-21 01:07:43.186000
1290,COCLE,L.MSOVR,MED/SURG OVERFLOW,MO,Y,NO MATCH,3,COCLE,MS,MED SURG,MS,Y,Y,N,None,MLT6916,2026-06-19 14:53:03.140000,corpsvcmtxcutoverrpt_sql,2026-04-13 16:43:36.060000,xrdcwddbsuip06,MTX_ACOE_Cutover_Reporting,UI_Excel_Select_Xwalk_Source_Accommodations,facility,*ALL*,QXA4067,2026-09-21 01:07:43.187000
1291,COCLE,L.MSOVRS,MED/SURG OVERFLOW SEMI PRIVATE,MS,Y,NO MATCH,0,COCLE,MS,MED SURG,MS,Y,Y,N,None,MLT6916,2026-06-19 14:53:03.193000,corpsvcmtxcutoverrpt_sql,2026-04-13 16:43:36.060000,xrdcwddbsuip06,MTX_ACOE_Cutover_Reporting,UI_Excel_Select_Xwalk_Source_Accommodations,facility,*ALL*,QXA4067,2026-09-21 01:07:43.187000
1292,COCLE,L.MSS,MED SURG SITTER,4S,Y,NO MATCH,0,COCLE,MS,MED SURG,MS,Y,Y,N,None,MLT6916,2026-06-19 14:53:03.240000,corpsvcmtxcutoverrpt_sql,2026-04-13 16:43:36.060000,xrdcwddbsuip06,MTX_ACOE_Cutover_Reporting,UI_Excel_Select_Xwalk_Source_Accommodations,facility,*ALL*,QXA4067,2026-09-21 01:07:43.187000
1293,COCLE,L.MSSEMI,MED/SURG SEMI PRIVATE,MV,Y,NO MATCH,0,COCLE,MS,MED SURG,MS,Y,Y,N,None,MLT6916,2026-06-19 14:53:03.290000,corpsvcmtxcutoverrpt_sql,2026-04-13 16:43:36.060000,xrdcwddbsuip06,MTX_ACOE_Cutover_Reporting,UI_Excel_Select_Xwalk_Source_Accommodations,facility,*ALL*,QXA4067,2026-09-21 01:07:43.187000
1294,COCLE,L.NN,NORMAL NEWBORN,NN,Y,NO MATCH,0,COCLE,L1,NEWBORN LEVEL I CARE,L1,Y,Y,N,None,MLT6916,2026-06-19 14:53:03.340000,corpsvcmtxcutoverrpt_sql,2026-04-13 16:43:36.060000,xrdcwddbsuip06,MTX_ACOE_Cutover_Reporting,UI_Excel_Select_Xwalk_Source_Accommodations,facility,*ALL*,QXA4067,2026-09-21 01:07:43.187000
1295,COCLE,L.NP,NEWBORN PEDI,NP,N,NO MATCH,0,COCLE,,,,,N,Y,None,MLT6916,2026-06-19 12:33:12.360000,corpsvcmtxcutoverrpt_sql,2026-04-13 16:43:36.060000,xrdcwddbsuip06,MTX_ACOE_Cutover_Reporting,UI_Excel_Select_Xwalk_Source_Accommodations,facility,*ALL*,QXA4067,2026-09-21 01:07:43.187000
1296,COCLE,L.OB,OB GYN IN PEDI ROOM,OB,Y,NO MATCH,0,COCLE,PR,PRIVATE ROOM,PR,Y,Y,N,None,MLT6916,2026-06-19 14:53:03.397000,corpsvcmtxcutoverrpt_sql,2026-04-13 16:43:36.060000,xrdcwddbsuip06,MTX_ACOE_Cutover_Reporting,UI_Excel_Select_Xwalk_Source_Accommodations,facility,*ALL*,QXA4067,2026-09-21 01:07:43.187000
1297,COCLE,L.OBGSIT,OB GYN SITTER CARE,GS,Y,NO MATCH,0,COCLE,PR,PRIVATE ROOM,PR,Y,Y,N,None,MLT6916,2026-06-19 14:53:03.447000,corpsvcmtxcutoverrpt_sql,2026-04-13 16:43:36.060000,xrdcwddbsuip06,MTX_ACOE_Cutover_Reporting,UI_Excel_Select_Xwalk_Source_Accommodations,facility,*ALL*,QXA4067,2026-09-21 01:07:43.187000
1298,COCLE,L.OV,OB IN PEDI SUITE,OV,Y,NO MATCH,0,COCLE,PR,PRIVATE ROOM,PR,Y,Y,N,None,MLT6916,2026-06-19 14:53:03.497000,corpsvcmtxcutoverrpt_sql,2026-04-13 16:43:36.060000,xrdcwddbsuip06,MTX_ACOE_Cutover_Reporting,UI_Excel_Select_Xwalk_Source_Accommodations,facility,*ALL*,QXA4067,2026-09-21 01:07:43.187000
1299,COCLE,L.P,PRIVATE,P,Y,NO MATCH,169,COCLE,PR,PRIVATE ROOM,PR,Y,Y,N,None,MLT6916,2026-04-27 10:15:37.487000,corpsvcmtxcutoverrpt_sql,2026-04-13 16:43:36.060000,xrdcwddbsuip06,MTX_ACOE_Cutover_Reporting,UI_Excel_Select_Xwalk_Source_Accommodations,facility,*ALL*,QXA4067,2026-09-21 01:07:43.187000
1300,COCLE,L.PCU,PCU,PC,N,NO MATCH,0,COCLE,,,,,N,Y,None,MLT6916,2026-06-19 12:33:12.397000,corpsvcmtxcutoverrpt_sql,2026-04-13 16:43:36.060000,xrdcwddbsuip06,MTX_ACOE_Cutover_Reporting,UI_Excel_Select_Xwalk_Source_Accommodations,facility,*ALL*,QXA4067,2026-09-21 01:07:43.187000
1301,COCLE,L.PCUOVR,PCU OVERFLOW,PO,Y,NO MATCH,4,COCLE,PC,PROGRESSIVE CARE,PC,Y,Y,N,None,IIU7623,2026-06-10 14:27:56.693000,corpsvcmtxcutoverrpt_sql,2026-04-13 16:43:36.060000,xrdcwddbsuip06,MTX_ACOE_Cutover_Reporting,UI_Excel_Select_Xwalk_Source_Accommodations,facility,*ALL*,QXA4067,2026-09-21 01:07:43.187000
1302,COCLE,L.PCUSEMI,PCU SEMI PRIVATE,PV,Y,NO MATCH,0,COCLE,PC,PROGRESSIVE CARE,PC,Y,Y,N,None,MLT6916,2026-06-19 14:53:03.547000,corpsvcmtxcutoverrpt_sql,2026-04-13 16:43:36.060000,xrdcwddbsuip06,MTX_ACOE_Cutover_Reporting,UI_Excel_Select_Xwalk_Source_Accommodations,facility,*ALL*,QXA4067,2026-09-21 01:07:43.187000
1303,COCLE,L.PD,PEDI IN OB ROOM,PD,Y,NO MATCH,0,COCLE,PR,PRIVATE ROOM,PR,Y,Y,N,None,MLT6916,2026-06-19 14:53:03.597000,corpsvcmtxcutoverrpt_sql,2026-04-13 16:43:36.060000,xrdcwddbsuip06,MTX_ACOE_Cutover_Reporting,UI_Excel_Select_Xwalk_Source_Accommodations,facility,*ALL*,QXA4067,2026-09-21 01:07:43.187000
1304,COCLE,L.PED,PEDIATRIC PRIVATE,PE,Y,NO MATCH,0,COCLE,PR,PRIVATE ROOM,PR,Y,Y,N,None,MLT6916,2026-06-19 14:53:03.647000,corpsvcmtxcutoverrpt_sql,2026-04-13 16:43:36.060000,xrdcwddbsuip06,MTX_ACOE_Cutover_Reporting,UI_Excel_Select_Xwalk_Source_Accommodations,facility,*ALL*,QXA4067,2026-09-21 01:07:43.187000
1305,COCLE,L.PP,PROGRESSIVE CARE PRIVATE,PP,Y,NO MATCH,99,COCLE,PCP,PROGRESSIVE CARE PRIVATE,PP,Y,Y,N,None,MLT6916,2026-04-27 10:15:37.673000,corpsvcmtxcutoverrpt_sql,2026-04-13 16:43:36.060000,xrdcwddbsuip06,MTX_ACOE_Cutover_Reporting,UI_Excel_Select_Xwalk_Source_Accommodations,facility,*ALL*,QXA4067,2026-09-21 01:07:43.187000
1306,COCLE,L.PPS,PCU PRIVATE SITTER,1P,Y,NO MATCH,0,COCLE,PC,PROGRESSIVE CARE,PC,Y,Y,N,None,MLT6916,2026-09-16 15:33:53.977000,corpsvcmtxcutoverrpt_sql,2026-04-13 16:43:36.060000,xrdcwddbsuip06,MTX_ACOE_Cutover_Reporting,UI_Excel_Select_Xwalk_Source_Accommodations,facility,*ALL*,QXA4067,2026-09-21 01:07:43.187000
1307,COCLE,L.PS,PROGRESSIVE CARE SEMI-PRIVATE,PS,Y,NO MATCH,0,COCLE,PC,PROGRESSIVE CARE,PC,Y,Y,N,None,MLT6916,2026-04-27 10:15:37.750000,corpsvcmtxcutoverrpt_sql,2026-04-13 16:43:36.060000,xrdcwddbsuip06,MTX_ACOE_Cutover_Reporting,UI_Excel_Select_Xwalk_Source_Accommodations,facility,*ALL*,QXA4067,2026-09-21 01:07:43.187000
1308,COCLE,L.RS,IP REHAB SITTER,RS,Y,NO MATCH,0,COCLE,PR,PRIVATE ROOM,PR,Y,Y,N,None,MLT6916,2026-06-19 14:53:03.753000,corpsvcmtxcutoverrpt_sql,2026-04-13 16:43:36.060000,xrdcwddbsuip06,MTX_ACOE_Cutover_Reporting,UI_Excel_Select_Xwalk_Source_Accommodations,facility,*ALL*,QXA4067,2026-09-21 01:07:43.187000
1309,COCLE,L.SP,SEMIPRIVATE,SP,Y,NO MATCH,1,COCLE,PR,PRIVATE ROOM,PR,Y,Y,N,None,MLT6916,2026-06-19 14:53:03.813000,corpsvcmtxcutoverrpt_sql,2026-04-13 16:43:36.060000,xrdcwddbsuip06,MTX_ACOE_Cutover_Reporting,UI_Excel_Select_Xwalk_Source_Accommodations,facility,*ALL*,QXA4067,2026-09-21 01:07:43.187000
1310,COCLE,L.SUR,SURGICAL ED HOLD,SE,Y,NO MATCH,0,COCLE,PR,PRIVATE ROOM,PR,Y,Y,N,None,MLT6916,2026-06-19 14:53:03.870000,corpsvcmtxcutoverrpt_sql,2026-04-13 16:43:36.060000,xrdcwddbsuip06,MTX_ACOE_Cutover_Reporting,UI_Excel_Select_Xwalk_Source_Accommodations,facility,*ALL*,QXA4067,2026-09-21 01:07:43.187000
1311,COCLE,L.TEL,TELEMETRY,TE,Y,NO MATCH,0,COCLE,TEL,TELEMETRY,TE,Y,Y,N,None,MLT6916,2026-06-19 14:53:03.923000,corpsvcmtxcutoverrpt_sql,2026-05-29 03:00:06.627000,xrdcwddbsuip06,MTX_ACOE_Cutover_Reporting,UI_Excel_Select_Xwalk_Source_Accommodations,facility,*ALL*,QXA4067,2026-09-21 01:07:43.187000
1312,COCLE,L.TELE,TELEMETRY,T,N,NO MATCH,0,COCLE,,,,,N,Y,None,MLT6916,2026-06-19 12:33:12.437000,corpsvcmtxcutoverrpt_sql,2026-04-13 16:43:36.060000,xrdcwddbsuip06,MTX_ACOE_Cutover_Reporting,UI_Excel_Select_Xwalk_Source_Accommodations,facility,*ALL*,QXA4067,2026-09-21 01:07:43.187000
1313,COCLE,L.TP,TELEMETRY PRIVATE,TP,N,NO MATCH,0,COCLE,,,,,N,Y,None,MLT6916,2026-06-19 12:33:12.473000,corpsvcmtxcutoverrpt_sql,2026-04-13 16:43:36.060000,xrdcwddbsuip06,MTX_ACOE_Cutover_Reporting,UI_Excel_Select_Xwalk_Source_Accommodations,facility,*ALL*,QXA4067,2026-09-21 01:07:43.187000
1314,COCLE,L.TRAUMA,INTENSIVE CARE TRAUMA,TR,Y,NO MATCH,2,COCLE,TRIC,TRAUMA INTENSIVE CARE,TI,Y,Y,N,None,MLT6916,2026-06-19 14:53:03.970000,corpsvcmtxcutoverrpt_sql,2026-04-13 16:43:36.060000,xrdcwddbsuip06,MTX_ACOE_Cutover_Reporting,UI_Excel_Select_Xwalk_Source_Accommodations,facility,*ALL*,QXA4067,2026-09-21 01:07:43.187000
1315,COCLE,L.TS,TELEMETRY SEMI PRIVATE,TS,Y,NO MATCH,0,COCLE,TEL,TELEMETRY,TE,Y,Y,N,None,MLT6916,2026-06-19 14:53:04.047000,corpsvcmtxcutoverrpt_sql,2026-06-11 03:00:06.823000,xrdcwddbsuip06,MTX_ACOE_Cutover_Reporting,UI_Excel_Select_Xwalk_Source_Accommodations,facility,*ALL*,QXA4067,2026-09-21 01:07:43.187000
1316,COCLE,L.V,PRIVATE SUITE,V,Y,NO MATCH,3,COCLE,PR,PRIVATE ROOM,PR,Y,Y,N,None,IIU7623,2026-06-10 14:27:56.790000,corpsvcmtxcutoverrpt_sql,2026-04-13 16:43:36.060000,xrdcwddbsuip06,MTX_ACOE_Cutover_Reporting,UI_Excel_Select_Xwalk_Source_Accommodations,facility,*ALL*,QXA4067,2026-09-21 01:07:43.187000
1317,COCLE,L1,NEWBORN LEVEL 1,L1,Y,NO MATCH,28,COCLE,L1,NEWBORN LEVEL I CARE,L1,Y,Y,N,None,MLT6916,2026-04-27 10:15:38.063000,corpsvcmtxcutoverrpt_sql,2026-04-13 16:43:36.060000,xrdcwddbsuip06,MTX_ACOE_Cutover_Reporting,UI_Excel_Select_Xwalk_Source_Accommodations,facility,*ALL*,QXA4067,2026-09-21 01:07:43.187000
1318,COCLE,L2,NEWBORN LEVEL 2,L2,Y,NO MATCH,64,COCLE,L2,NEWBORN LEVEL II CARE,L2,Y,Y,N,None,MLT6916,2026-04-27 10:15:38.097000,corpsvcmtxcutoverrpt_sql,2026-04-13 16:43:36.060000,xrdcwddbsuip06,MTX_ACOE_Cutover_Reporting,UI_Excel_Select_Xwalk_Source_Accommodations,facility,*ALL*,QXA4067,2026-09-21 01:07:43.187000
1319,COCLE,L3,NEWBORN LEVEL 3,L3,Y,NO MATCH,14,COCLE,L3,NEWBORN LEVEL III CARE,L3,Y,Y,N,None,MLT6916,2026-04-27 10:15:38.130000,corpsvcmtxcutoverrpt_sql,2026-04-13 16:43:36.060000,xrdcwddbsuip06,MTX_ACOE_Cutover_Reporting,UI_Excel_Select_Xwalk_Source_Accommodations,facility,*ALL*,QXA4067,2026-09-21 01:07:43.187000
1320,COCLE,L4,NEWBORN LEVEL 4,L4,Y,NO MATCH,0,COCLE,L4,NEWBORN LEVEL IV CARE,L4,Y,Y,N,None,MLT6916,2026-04-27 10:15:38.160000,corpsvcmtxcutoverrpt_sql,2026-04-13 16:43:36.060000,xrdcwddbsuip06,MTX_ACOE_Cutover_Reporting,UI_Excel_Select_Xwalk_Source_Accommodations,facility,*ALL*,QXA4067,2026-09-21 01:07:43.187000
1321,COCLOA,B,NEWBORN,B,N,NO MATCH,0,COCLOA,,,,,N,Y,None,QVO8748,2026-07-17 11:41:35.600000,corpsvcmtxcutoverrpt_sql,2026-06-13 03:00:06.643000,xrdcwddbsuip06,MTX_ACOE_Cutover_Reporting,UI_Excel_Select_Xwalk_Source_Accommodations,facility,*ALL*,QXA4067,2026-09-21 01:07:43.188000
1322,COCLOA,BH,BEHAVIORAL HEALTH,BH,Y,NO MATCH,106,COCLOA,PR,PRIVATE ROOM,PR,N,Y,N,None,QVO8748,2026-07-17 11:41:35.680000,corpsvcmtxcutoverrpt_sql,2026-06-16 14:34:05.613000,xrdcwddbsuip06,MTX_ACOE_Cutover_Reporting,UI_Excel_Select_Xwalk_Source_Accommodations,facility,*ALL*,QXA4067,2026-09-21 01:07:43.188000
1323,COCLOA,EC,ECMO,EC,N,NO MATCH,0,COCLOA,,,,,N,Y,None,QVO8748,2026-07-17 11:41:35.837000,corpsvcmtxcutoverrpt_sql,2026-06-16 14:34:05.613000,xrdcwddbsuip06,MTX_ACOE_Cutover_Reporting,UI_Excel_Select_Xwalk_Source_Accommodations,facility,*ALL*,QXA4067,2026-09-21 01:07:43.188000
1324,COCLOA,EHC,ER HOLDING CRITICAL,H1,N,NO MATCH,0,COCLOA,,,,,N,Y,None,QVO8748,2026-07-17 11:41:35.923000,corpsvcmtxcutoverrpt_sql,2026-06-13 03:00:06.643000,xrdcwddbsuip06,MTX_ACOE_Cutover_Reporting,UI_Excel_Select_Xwalk_Source_Accommodations,facility,*ALL*,QXA4067,2026-09-21 01:07:43.188000
1325,COCLOA,EHM,ER HOLDING MED-SURG,H4,N,NO MATCH,0,COCLOA,,,,,N,Y,None,QVO8748,2026-07-17 11:41:36.007000,corpsvcmtxcutoverrpt_sql,2026-06-13 03:00:06.643000,xrdcwddbsuip06,MTX_ACOE_Cutover_Reporting,UI_Excel_Select_Xwalk_Source_Accommodations,facility,*ALL*,QXA4067,2026-09-21 01:07:43.188000
1326,COCLOA,EHP,ER HOLDING PEDIATRICS,H3,N,NO MATCH,0,COCLOA,,,,,N,Y,None,QVO8748,2026-07-17 11:41:36.090000,corpsvcmtxcutoverrpt_sql,2026-06-13 03:00:06.643000,xrdcwddbsuip06,MTX_ACOE_Cutover_Reporting,UI_Excel_Select_Xwalk_Source_Accommodations,facility,*ALL*,QXA4067,2026-09-21 01:07:43.188000
1327,COCLOA,EHT,ER HOLDING TELEMETRY,H2,N,NO MATCH,0,COCLOA,,,,,N,Y,None,QVO8748,2026-07-17 11:41:36.167000,corpsvcmtxcutoverrpt_sql,2026-06-13 03:00:06.643000,xrdcwddbsuip06,MTX_ACOE_Cutover_Reporting,UI_Excel_Select_Xwalk_Source_Accommodations,facility,*ALL*,QXA4067,2026-09-21 01:07:43.188000
1328,COCLOA,IC,INTENSIVE CARE,IC,N,NO MATCH,0,COCLOA,,,,,N,Y,None,QVO8748,2026-07-17 11:41:36.240000,corpsvcmtxcutoverrpt_sql,2026-06-16 14:34:05.613000,xrdcwddbsuip06,MTX_ACOE_Cutover_Reporting,UI_Excel_Select_Xwalk_Source_Accommodations,facility,*ALL*,QXA4067,2026-09-21 01:07:43.188000
1329,COCLOA,L1,NEWBORN LEVEL I,L1,N,NO MATCH,0,COCLOA,,,,,N,Y,None,QVO8748,2026-07-17 11:41:36.320000,corpsvcmtxcutoverrpt_sql,2026-06-16 14:34:05.613000,xrdcwddbsuip06,MTX_ACOE_Cutover_Reporting,UI_Excel_Select_Xwalk_Source_Accommodations,facility,*ALL*,QXA4067,2026-09-21 01:07:43.188000
1330,COCLOA,L2,NEWBORN LEVEL II,L2,N,NO MATCH,0,COCLOA,,,,,N,Y,None,QVO8748,2026-07-17 11:41:36.390000,corpsvcmtxcutoverrpt_sql,2026-06-16 14:34:05.613000,xrdcwddbsuip06,MTX_ACOE_Cutover_Reporting,UI_Excel_Select_Xwalk_Source_Accommodations,facility,*ALL*,QXA4067,2026-09-21 01:07:43.188000
1331,COCLOA,L3,NEWBORN LEVEL III,L3,N,NO MATCH,0,COCLOA,,,,,N,Y,None,QVO8748,2026-07-17 11:41:36.460000,corpsvcmtxcutoverrpt_sql,2026-06-16 14:34:05.613000,xrdcwddbsuip06,MTX_ACOE_Cutover_Reporting,UI_Excel_Select_Xwalk_Source_Accommodations,facility,*ALL*,QXA4067,2026-09-21 01:07:43.188000
1332,COCLOA,L4,NEWBORN LEVEL IV,L4,N,NO MATCH,0,COCLOA,,,,,N,Y,None,QVO8748,2026-07-17 11:41:36.547000,corpsvcmtxcutoverrpt_sql,2026-06-16 14:34:05.613000,xrdcwddbsuip06,MTX_ACOE_Cutover_Reporting,UI_Excel_Select_Xwalk_Source_Accommodations,facility,*ALL*,QXA4067,2026-09-21 01:07:43.188000
1333,COCLOA,NC,NURSERY INTERMEDIATE,NC,N,NO MATCH,0,COCLOA,,,,,N,Y,None,QVO8748,2026-07-17 11:41:36.630000,corpsvcmtxcutoverrpt_sql,2026-06-16 14:34:05.613000,xrdcwddbsuip06,MTX_ACOE_Cutover_Reporting,UI_Excel_Select_Xwalk_Source_Accommodations,facility,*ALL*,QXA4067,2026-09-21 01:07:43.188000
1334,COCLOA,NI,NEO-NATAL INTENSIVE,NI,N,NO MATCH,0,COCLOA,,,,,N,Y,None,QVO8748,2026-07-17 11:41:36.710000,corpsvcmtxcutoverrpt_sql,2026-06-16 14:34:05.613000,xrdcwddbsuip06,MTX_ACOE_Cutover_Reporting,UI_Excel_Select_Xwalk_Source_Accommodations,facility,*ALL*,QXA4067,2026-09-21 01:07:43.188000
1335,COCLOA,NU,NEWBORN NURSERY,NU,N,NO MATCH,0,COCLOA,,,,,N,Y,None,QVO8748,2026-07-17 11:41:36.783000,corpsvcmtxcutoverrpt_sql,2026-06-16 14:34:05.613000,xrdcwddbsuip06,MTX_ACOE_Cutover_Reporting,UI_Excel_Select_Xwalk_Source_Accommodations,facility,*ALL*,QXA4067,2026-09-21 01:07:43.188000
1336,COCLOA,NV,NURSERY VENT,NV,N,NO MATCH,0,COCLOA,,,,,N,Y,None,QVO8748,2026-07-17 11:41:36.843000,corpsvcmtxcutoverrpt_sql,2026-06-16 14:34:05.613000,xrdcwddbsuip06,MTX_ACOE_Cutover_Reporting,UI_Excel_Select_Xwalk_Source_Accommodations,facility,*ALL*,QXA4067,2026-09-21 01:07:43.188000
1337,COCLOA,OBG,PRIVATE - OB/GYN/PP,OB,N,NO MATCH,0,COCLOA,,,,,N,Y,None,QVO8748,2026-07-17 11:41:36.927000,corpsvcmtxcutoverrpt_sql,2026-06-16 14:34:05.613000,xrdcwddbsuip06,MTX_ACOE_Cutover_Reporting,UI_Excel_Select_Xwalk_Source_Accommodations,facility,*ALL*,QXA4067,2026-09-21 01:07:43.188000
1338,COCLOA,OP,OB - PRIVATE,OP,N,NO MATCH,0,COCLOA,,,,,N,Y,None,QVO8748,2026-07-17 11:41:36.993000,corpsvcmtxcutoverrpt_sql,2026-06-16 14:34:05.613000,xrdcwddbsuip06,MTX_ACOE_Cutover_Reporting,UI_Excel_Select_Xwalk_Source_Accommodations,facility,*ALL*,QXA4067,2026-09-21 01:07:43.188000
1339,COCLOA,P,PRIVATE ROOM,P,Y,NO MATCH,77,COCLOA,PR,PRIVATE ROOM,PR,Y,Y,N,None,QVO8748,2026-07-17 11:41:37.057000,corpsvcmtxcutoverrpt_sql,2026-05-28 03:00:05.110000,xrdcwddbsuip06,MTX_ACOE_Cutover_Reporting,UI_Excel_Select_Xwalk_Source_Accommodations,facility,*ALL*,QXA4067,2026-09-21 01:07:43.188000
1340,COCLOA,PAC,PATIENT ADMISSION CENTER,ZZ,N,NO MATCH,0,COCLOA,,,,,N,Y,None,QVO8748,2026-07-17 11:41:37.123000,corpsvcmtxcutoverrpt_sql,2026-06-13 03:00:06.643000,xrdcwddbsuip06,MTX_ACOE_Cutover_Reporting,UI_Excel_Select_Xwalk_Source_Accommodations,facility,*ALL*,QXA4067,2026-09-21 01:07:43.188000
1341,COCLOA,PC,PROGRESSIVE CARE UNIT,PC,N,NO MATCH,0,COCLOA,,,,,N,Y,None,QVO8748,2026-07-17 11:41:37.197000,corpsvcmtxcutoverrpt_sql,2026-06-16 14:34:05.613000,xrdcwddbsuip06,MTX_ACOE_Cutover_Reporting,UI_Excel_Select_Xwalk_Source_Accommodations,facility,*ALL*,QXA4067,2026-09-21 01:07:43.188000
1342,COCLOA,PDP,PRIVATE PED,P1,N,NO MATCH,0,COCLOA,,,,,N,Y,None,QVO8748,2026-07-17 11:41:37.267000,corpsvcmtxcutoverrpt_sql,2026-06-16 14:34:05.613000,xrdcwddbsuip06,MTX_ACOE_Cutover_Reporting,UI_Excel_Select_Xwalk_Source_Accommodations,facility,*ALL*,QXA4067,2026-09-21 01:07:43.188000
1343,COCLOA,PICU,Pediatric Intensive Care Unit,PI,N,NO MATCH,0,COCLOA,,,,,N,Y,None,QVO8748,2026-07-17 11:41:37.327000,corpsvcmtxcutoverrpt_sql,2026-06-16 14:34:05.613000,xrdcwddbsuip06,MTX_ACOE_Cutover_Reporting,UI_Excel_Select_Xwalk_Source_Accommodations,facility,*ALL*,QXA4067,2026-09-21 01:07:43.188000
1344,COCLOA,RB,REHAB SP,RB,N,NO MATCH,0,COCLOA,,,,,N,Y,None,QVO8748,2026-07-17 11:41:37.403000,corpsvcmtxcutoverrpt_sql,2026-06-16 14:34:05.613000,xrdcwddbsuip06,MTX_ACOE_Cutover_Reporting,UI_Excel_Select_Xwalk_Source_Accommodations,facility,*ALL*,QXA4067,2026-09-21 01:07:43.188000
1345,COCLOA,RH,REHAB PRIVATE,RH,N,NO MATCH,0,COCLOA,,,,,N,Y,None,QVO8748,2026-07-17 11:41:37.480000,corpsvcmtxcutoverrpt_sql,2026-06-16 14:34:05.613000,xrdcwddbsuip06,MTX_ACOE_Cutover_Reporting,UI_Excel_Select_Xwalk_Source_Accommodations,facility,*ALL*,QXA4067,2026-09-21 01:07:43.188000
1346,COCLOA,S,SEMI-PRIVATE ROOM,1,N,NO MATCH,0,COCLOA,,,,,N,Y,None,QVO8748,2026-07-17 11:41:37.550000,corpsvcmtxcutoverrpt_sql,2026-06-13 03:00:06.643000,xrdcwddbsuip06,MTX_ACOE_Cutover_Reporting,UI_Excel_Select_Xwalk_Source_Accommodations,facility,*ALL*,QXA4067,2026-09-21 01:07:43.189000
1347,COCLOA,SP,SEMI-PRIVATE,SP,Y,NO MATCH,49,COCLOA,SP,SEMI PRIVATE ROOM,SP,Y,Y,N,None,QVO8748,2026-07-17 11:41:37.620000,corpsvcmtxcutoverrpt_sql,2026-05-28 03:00:05.110000,xrdcwddbsuip06,MTX_ACOE_Cutover_Reporting,UI_Excel_Select_Xwalk_Source_Accommodations,facility,*ALL*,QXA4067,2026-09-21 01:07:43.189000
1348,COCLOA,TL,TELEMETRY,TL,N,NO MATCH,0,COCLOA,,,,,N,Y,None,QVO8748,2026-07-17 11:41:37.730000,corpsvcmtxcutoverrpt_sql,2026-06-16 14:34:05.613000,xrdcwddbsuip06,MTX_ACOE_Cutover_Reporting,UI_Excel_Select_Xwalk_Source_Accommodations,facility,*ALL*,QXA4067,2026-09-21 01:07:43.189000
1349,COCLOA,TR,Trauma ICU,TR,N,NO MATCH,0,COCLOA,,,,,N,Y,None,QVO8748,2026-07-17 11:41:37.810000,corpsvcmtxcutoverrpt_sql,2026-06-16 14:34:05.613000,xrdcwddbsuip06,MTX_ACOE_Cutover_Reporting,UI_Excel_Select_Xwalk_Source_Accommodations,facility,*ALL*,QXA4067,2026-09-21 01:07:43.189000
1350,COCLOA,TREC,Trauma w/ECMO,TO,N,NO MATCH,0,COCLOA,,,,,N,Y,None,QVO8748,2026-07-17 11:41:37.880000,corpsvcmtxcutoverrpt_sql,2026-06-16 14:34:05.613000,xrdcwddbsuip06,MTX_ACOE_Cutover_Reporting,UI_Excel_Select_Xwalk_Source_Accommodations,facility,*ALL*,QXA4067,2026-09-21 01:07:43.189000
1351,COCLOA,TRP,Trauma Private Room,T1,N,NO MATCH,0,COCLOA,,,,,N,Y,None,QVO8748,2026-07-17 11:41:37.950000,corpsvcmtxcutoverrpt_sql,2026-06-16 14:34:05.613000,xrdcwddbsuip06,MTX_ACOE_Cutover_Reporting,UI_Excel_Select_Xwalk_Source_Accommodations,facility,*ALL*,QXA4067,2026-09-21 01:07:43.189000
1352,COCLOA,TRPI,Trauma PICU,TI,N,NO MATCH,0,COCLOA,,,,,N,Y,None,QVO8748,2026-07-17 11:41:38.030000,corpsvcmtxcutoverrpt_sql,2026-06-16 14:34:05.613000,xrdcwddbsuip06,MTX_ACOE_Cutover_Reporting,UI_Excel_Select_Xwalk_Source_Accommodations,facility,*ALL*,QXA4067,2026-09-21 01:07:43.189000
1353,COCLOA,TRS,Trauma Special Bed,TS,N,NO MATCH,0,COCLOA,,,,,N,Y,None,QVO8748,2026-07-17 11:41:38.097000,corpsvcmtxcutoverrpt_sql,2026-06-16 14:34:05.613000,xrdcwddbsuip06,MTX_ACOE_Cutover_Reporting,UI_Excel_Select_Xwalk_Source_Accommodations,facility,*ALL*,QXA4067,2026-09-21 01:07:43.189000
1354,COCLOA,TRSP,Trauma Semi-Private,TP,N,NO MATCH,0,COCLOA,,,,,N,Y,None,QVO8748,2026-07-17 11:41:38.160000,corpsvcmtxcutoverrpt_sql,2026-06-16 14:34:05.613000,xrdcwddbsuip06,MTX_ACOE_Cutover_Reporting,UI_Excel_Select_Xwalk_Source_Accommodations,facility,*ALL*,QXA4067,2026-09-21 01:07:43.189000
1355,COCMCB,BB.AB,ADVANCED CARE OR BORDER BABY,AB,Y,NO MATCH,0,COCMCB,L1,NEWBORN LEVEL I CARE,L1,N,Y,N,None,KSI8889,2026-06-13 14:38:52.207000,corpsvcmtxcutoverrpt_sql,2026-04-13 16:43:36.060000,xrdcwddbsuip06,MTX_ACOE_Cutover_Reporting,UI_Excel_Select_Xwalk_Source_Accommodations,facility,*ALL*,QXA4067,2026-09-21 01:07:43.189000
1356,COCMCB,BB.ANTE,ANTEPARTUM,AP,Y,NO MATCH,0,COCMCB,PR,PRIVATE ROOM,PR,N,Y,N,None,KSI8889,2026-06-13 14:38:52.237000,corpsvcmtxcutoverrpt_sql,2026-04-13 16:43:36.060000,xrdcwddbsuip06,MTX_ACOE_Cutover_Reporting,UI_Excel_Select_Xwalk_Source_Accommodations,facility,*ALL*,QXA4067,2026-09-21 01:07:43.189000
1357,COCMCB,BB.ASHHLD,ALLIANCE SURGICAL ED HOLD,SH,Y,NO MATCH,0,COCMCB,PR,PRIVATE ROOM,PR,N,Y,N,None,KSI8889,2026-06-13 14:38:52.273000,corpsvcmtxcutoverrpt_sql,2026-04-13 16:43:36.060000,xrdcwddbsuip06,MTX_ACOE_Cutover_Reporting,UI_Excel_Select_Xwalk_Source_Accommodations,facility,*ALL*,QXA4067,2026-09-21 01:07:43.189000
1358,COCMCB,BB.ASHSRG,ALLIANCE SURG HOSP POST SURGIC,AS,Y,NO MATCH,2,COCMCB,PR,PRIVATE ROOM,PR,N,Y,N,None,KSI8889,2026-06-13 14:38:52.303000,corpsvcmtxcutoverrpt_sql,2026-04-13 16:43:36.060000,xrdcwddbsuip06,MTX_ACOE_Cutover_Reporting,UI_Excel_Select_Xwalk_Source_Accommodations,facility,*ALL*,QXA4067,2026-09-21 01:07:43.189000
1359,COCMCB,BB.ECMO,ECMO,EC,Y,NO MATCH,0,COCMCB,EC,ECMO,EC,Y,Y,N,None,KSI8889,2026-06-13 14:38:52.333000,corpsvcmtxcutoverrpt_sql,2026-04-13 16:43:36.060000,xrdcwddbsuip06,MTX_ACOE_Cutover_Reporting,UI_Excel_Select_Xwalk_Source_Accommodations,facility,*ALL*,QXA4067,2026-09-21 01:07:43.189000
1360,COCMCB,BB.ERICU,ER OVERFLOW ICU PATIENT,EI,Y,NO MATCH,1,COCMCB,IC,INTENSIVE CARE,IC,Y,Y,N,None,KSI8889,2026-06-13 14:38:52.360000,corpsvcmtxcutoverrpt_sql,2026-04-13 16:43:36.060000,xrdcwddbsuip06,MTX_ACOE_Cutover_Reporting,UI_Excel_Select_Xwalk_Source_Accommodations,facility,*ALL*,QXA4067,2026-09-21 01:07:43.189000
1361,COCMCB,BB.ERMAS,MEDICAL SURGICAL,MA,Y,NO MATCH,28,COCMCB,MS,MED SURG,MS,N,Y,N,None,KSI8889,2026-06-13 14:38:52.390000,corpsvcmtxcutoverrpt_sql,2026-04-13 16:43:36.060000,xrdcwddbsuip06,MTX_ACOE_Cutover_Reporting,UI_Excel_Select_Xwalk_Source_Accommodations,facility,*ALL*,QXA4067,2026-09-21 01:07:43.189000
1362,COCMCB,BB.ERMST,ER OVERFLOW MED/SGY PATIENT,EM,Y,NO MATCH,10,COCMCB,MS,MED SURG,MS,Y,Y,N,None,KSI8889,2026-06-13 14:38:52.423000,corpsvcmtxcutoverrpt_sql,2026-04-13 16:43:36.060000,xrdcwddbsuip06,MTX_ACOE_Cutover_Reporting,UI_Excel_Select_Xwalk_Source_Accommodations,facility,*ALL*,QXA4067,2026-09-21 01:07:43.189000
1363,COCMCB,BB.ERPCU,ER OVERFLOW PCU PATIENT,EP,Y,NO MATCH,27,COCMCB,PC,PROGRESSIVE CARE,PC,Y,Y,N,None,KSI8889,2026-06-13 14:38:52.460000,corpsvcmtxcutoverrpt_sql,2026-04-13 16:43:36.060000,xrdcwddbsuip06,MTX_ACOE_Cutover_Reporting,UI_Excel_Select_Xwalk_Source_Accommodations,facility,*ALL*,QXA4067,2026-09-21 01:07:43.189000
1364,COCMCB,BB.GYN,GYN WOMEN'S SERVICE,GY,Y,NO MATCH,0,COCMCB,PR,PRIVATE ROOM,PR,Y,Y,N,None,KSI8889,2026-06-13 14:38:52.490000,corpsvcmtxcutoverrpt_sql,2026-04-13 16:43:36.060000,xrdcwddbsuip06,MTX_ACOE_Cutover_Reporting,UI_Excel_Select_Xwalk_Source_Accommodations,facility,*ALL*,QXA4067,2026-09-21 01:07:43.189000
1365,COCMCB,BB.GYNO,OVERFLOW OB/GYN,GO,Y,NO MATCH,0,COCMCB,PR,PRIVATE ROOM,PR,N,Y,N,None,KSI8889,2026-06-13 14:38:52.530000,corpsvcmtxcutoverrpt_sql,2026-04-13 16:43:36.060000,xrdcwddbsuip06,MTX_ACOE_Cutover_Reporting,UI_Excel_Select_Xwalk_Source_Accommodations,facility,*ALL*,QXA4067,2026-09-21 01:07:43.189000
1366,COCMCB,BB.IC,INTENSIVE CARE,IC,Y,NO MATCH,44,COCMCB,IC,INTENSIVE CARE,IC,Y,Y,N,None,KSI8889,2026-06-13 14:38:52.570000,corpsvcmtxcutoverrpt_sql,2026-04-13 16:43:36.060000,xrdcwddbsuip06,MTX_ACOE_Cutover_Reporting,UI_Excel_Select_Xwalk_Source_Accommodations,facility,*ALL*,QXA4067,2026-09-21 01:07:43.189000
1367,COCMCB,BB.ICSP,ICU SEMI PRIVATE,I2,Y,NO MATCH,0,COCMCB,IC,INTENSIVE CARE,IC,Y,Y,N,None,KSI8889,2026-06-13 14:38:52.593000,corpsvcmtxcutoverrpt_sql,2026-04-13 16:43:36.060000,xrdcwddbsuip06,MTX_ACOE_Cutover_Reporting,UI_Excel_Select_Xwalk_Source_Accommodations,facility,*ALL*,QXA4067,2026-09-21 01:07:43.189000
1368,COCMCB,BB.L1,NEWBORN LEVEL I,N1,Y,NO MATCH,0,COCMCB,L1,NEWBORN LEVEL I CARE,L1,N,Y,N,None,KSI8889,2026-06-13 14:38:52.617000,corpsvcmtxcutoverrpt_sql,2026-04-13 16:43:36.060000,xrdcwddbsuip06,MTX_ACOE_Cutover_Reporting,UI_Excel_Select_Xwalk_Source_Accommodations,facility,*ALL*,QXA4067,2026-09-21 01:07:43.189000
1369,COCMCB,BB.L2,NURSEY LEVEL 2,A,Y,NO MATCH,0,COCMCB,L2,NEWBORN LEVEL II CARE,L2,N,Y,N,None,KSI8889,2026-06-13 14:38:52.647000,corpsvcmtxcutoverrpt_sql,2026-04-13 16:43:36.060000,xrdcwddbsuip06,MTX_ACOE_Cutover_Reporting,UI_Excel_Select_Xwalk_Source_Accommodations,facility,*ALL*,QXA4067,2026-09-21 01:07:43.189000
1370,COCMCB,BB.L3,NURSERY LEVEL 3,B,Y,NO MATCH,0,COCMCB,L3,NEWBORN LEVEL III CARE,L3,N,Y,N,None,KSI8889,2026-06-13 14:38:52.673000,corpsvcmtxcutoverrpt_sql,2026-04-13 16:43:36.060000,xrdcwddbsuip06,MTX_ACOE_Cutover_Reporting,UI_Excel_Select_Xwalk_Source_Accommodations,facility,*ALL*,QXA4067,2026-09-21 01:07:43.189000
1371,COCMCB,BB.L4,VIRTUAL NURSERY OVERFLOW,D,Y,NO MATCH,0,COCMCB,L4,NEWBORN LEVEL IV CARE,L4,N,Y,N,None,KSI8889,2026-06-13 14:38:52.700000,corpsvcmtxcutoverrpt_sql,2026-04-13 16:43:36.060000,xrdcwddbsuip06,MTX_ACOE_Cutover_Reporting,UI_Excel_Select_Xwalk_Source_Accommodations,facility,*ALL*,QXA4067,2026-09-21 01:07:43.189000
1372,COCMCB,BB.LD,LABOR AND DELIVERY,LD,Y,NO MATCH,19,COCMCB,LD,LABOR AND DELIVERY,LD,Y,Y,N,None,KSI8889,2026-06-13 14:38:52.720000,corpsvcmtxcutoverrpt_sql,2026-04-13 16:43:36.060000,xrdcwddbsuip06,MTX_ACOE_Cutover_Reporting,UI_Excel_Select_Xwalk_Source_Accommodations,facility,*ALL*,QXA4067,2026-09-21 01:07:43.190000
1373,COCMCB,BB.MAS,MEDICAL SURGICAL,MD,Y,NO MATCH,135,COCMCB,MS,MED SURG,MS,Y,Y,N,None,KSI8889,2026-06-13 14:38:52.757000,corpsvcmtxcutoverrpt_sql,2026-04-13 16:43:36.060000,xrdcwddbsuip06,MTX_ACOE_Cutover_Reporting,UI_Excel_Select_Xwalk_Source_Accommodations,facility,*ALL*,QXA4067,2026-09-21 01:07:43.190000
1374,COCMCB,BB.MASP,MEDICAL SURGICAL PRIVATE,MP,Y,NO MATCH,0,COCMCB,MS,MED SURG,MS,N,Y,N,None,KSI8889,2026-06-13 14:38:52.787000,corpsvcmtxcutoverrpt_sql,2026-04-13 16:43:36.060000,xrdcwddbsuip06,MTX_ACOE_Cutover_Reporting,UI_Excel_Select_Xwalk_Source_Accommodations,facility,*ALL*,QXA4067,2026-09-21 01:07:43.190000
1375,COCMCB,BB.MASSP,MEDICAL SURGICAL SEMI PRIVATE,M2,Y,NO MATCH,0,COCMCB,MS,MED SURG,MS,N,Y,N,None,KSI8889,2026-06-13 14:38:52.803000,corpsvcmtxcutoverrpt_sql,2026-04-13 16:43:36.060000,xrdcwddbsuip06,MTX_ACOE_Cutover_Reporting,UI_Excel_Select_Xwalk_Source_Accommodations,facility,*ALL*,QXA4067,2026-09-21 01:07:43.190000
1376,COCMCB,BB.MST,MEDICAL/SURGICAL/TELEMETRY,MS,Y,NO MATCH,89,COCMCB,TEL,TELEMETRY,TE,Y,Y,N,None,KSI8889,2026-06-13 14:38:52.823000,corpsvcmtxcutoverrpt_sql,2026-04-13 16:43:36.060000,xrdcwddbsuip06,MTX_ACOE_Cutover_Reporting,UI_Excel_Select_Xwalk_Source_Accommodations,facility,*ALL*,QXA4067,2026-09-21 01:07:43.190000
1377,COCMCB,BB.MSTO,OVERFLOW MED/SURG/TELE,MO,Y,NO MATCH,6,COCMCB,TEL,TELEMETRY,TE,N,Y,N,None,KSI8889,2026-06-13 14:38:52.853000,corpsvcmtxcutoverrpt_sql,2026-04-13 16:43:36.060000,xrdcwddbsuip06,MTX_ACOE_Cutover_Reporting,UI_Excel_Select_Xwalk_Source_Accommodations,facility,*ALL*,QXA4067,2026-09-21 01:07:43.190000
1378,COCMCB,BB.MSTSP,MED SURG TELE SEMI PRIVATE,T2,Y,NO MATCH,0,COCMCB,TEL,TELEMETRY,TE,N,Y,N,None,KSI8889,2026-06-13 14:38:52.880000,corpsvcmtxcutoverrpt_sql,2026-04-13 16:43:36.060000,xrdcwddbsuip06,MTX_ACOE_Cutover_Reporting,UI_Excel_Select_Xwalk_Source_Accommodations,facility,*ALL*,QXA4067,2026-09-21 01:07:43.190000
1379,COCMCB,BB.NB,NEWBORN NURSERY,NB,Y,NO MATCH,0,COCMCB,L1,NEWBORN LEVEL I CARE,L1,N,Y,N,None,KSI8889,2026-06-13 14:38:52.910000,corpsvcmtxcutoverrpt_sql,2026-04-13 16:43:36.060000,xrdcwddbsuip06,MTX_ACOE_Cutover_Reporting,UI_Excel_Select_Xwalk_Source_Accommodations,facility,*ALL*,QXA4067,2026-09-21 01:07:43.190000
1380,COCMCB,BB.NIL2,NICU SPECIAL CARE       L2,N2,Y,NO MATCH,0,COCMCB,L2,NEWBORN LEVEL II CARE,L2,N,Y,N,None,KSI8889,2026-06-13 14:38:52.940000,corpsvcmtxcutoverrpt_sql,2026-04-13 16:43:36.060000,xrdcwddbsuip06,MTX_ACOE_Cutover_Reporting,UI_Excel_Select_Xwalk_Source_Accommodations,facility,*ALL*,QXA4067,2026-09-21 01:07:43.190000
1381,COCMCB,BB.NIL3,NICU INTERMEDIATE CARE  L3,N3,Y,NO MATCH,0,COCMCB,L3,NEWBORN LEVEL III CARE,L3,N,Y,N,None,KSI8889,2026-06-13 14:38:53.017000,corpsvcmtxcutoverrpt_sql,2026-04-13 16:43:36.060000,xrdcwddbsuip06,MTX_ACOE_Cutover_Reporting,UI_Excel_Select_Xwalk_Source_Accommodations,facility,*ALL*,QXA4067,2026-09-21 01:07:43.190000
1382,COCMCB,BB.NIL4,NICU INTENSIVE CARE     L4,N4,Y,NO MATCH,0,COCMCB,L4,NEWBORN LEVEL IV CARE,L4,N,Y,N,None,KSI8889,2026-06-13 14:38:53.047000,corpsvcmtxcutoverrpt_sql,2026-04-13 16:43:36.060000,xrdcwddbsuip06,MTX_ACOE_Cutover_Reporting,UI_Excel_Select_Xwalk_Source_Accommodations,facility,*ALL*,QXA4067,2026-09-21 01:07:43.190000
1383,COCMCB,BB.NL2,VIRTUAL NURSERY OVERFLOW,C,Y,NO MATCH,0,COCMCB,L2,NEWBORN LEVEL II CARE,L2,N,Y,N,None,KSI8889,2026-06-13 14:38:53.070000,corpsvcmtxcutoverrpt_sql,2026-04-13 16:43:36.060000,xrdcwddbsuip06,MTX_ACOE_Cutover_Reporting,UI_Excel_Select_Xwalk_Source_Accommodations,facility,*ALL*,QXA4067,2026-09-21 01:07:43.190000
1384,COCMCB,BB.NN,NICU,NN,N,NO MATCH,0,COCMCB,L1,NEWBORN LEVEL I CARE,L1,N,N,Y,None,KSI8889,2026-06-13 14:58:59.183000,corpsvcmtxcutoverrpt_sql,2026-04-13 16:43:36.060000,xrdcwddbsuip06,MTX_ACOE_Cutover_Reporting,UI_Excel_Select_Xwalk_Source_Accommodations,facility,*ALL*,QXA4067,2026-09-21 01:07:43.190000
1385,COCMCB,BB.OBT,TELEMETRY OVERFLOW ON OB,TO,Y,NO MATCH,0,COCMCB,TEL,TELEMETRY,TE,N,Y,N,None,KSI8889,2026-06-13 14:38:53.103000,corpsvcmtxcutoverrpt_sql,2026-04-13 16:43:36.060000,xrdcwddbsuip06,MTX_ACOE_Cutover_Reporting,UI_Excel_Select_Xwalk_Source_Accommodations,facility,*ALL*,QXA4067,2026-09-21 01:07:43.190000
1386,COCMCB,BB.OBTELEO,OB TELEMETRY OVERFLOW,OT,Y,NO MATCH,0,COCMCB,PR,PRIVATE ROOM,PR,N,Y,N,None,KSI8889,2026-06-13 14:38:53.123000,corpsvcmtxcutoverrpt_sql,2026-04-13 16:43:36.060000,xrdcwddbsuip06,MTX_ACOE_Cutover_Reporting,UI_Excel_Select_Xwalk_Source_Accommodations,facility,*ALL*,QXA4067,2026-09-21 01:07:43.190000
1387,COCMCB,BB.P,Private,BB,N,NO MATCH,0,COCMCB,PR,PRIVATE ROOM,PR,N,N,Y,None,KSI8889,2026-06-13 14:58:59.187000,corpsvcmtxcutoverrpt_sql,2026-04-13 16:43:36.060000,xrdcwddbsuip06,MTX_ACOE_Cutover_Reporting,UI_Excel_Select_Xwalk_Source_Accommodations,facility,*ALL*,QXA4067,2026-09-21 01:07:43.190000
1388,COCMCB,BB.PACUHLD,ALLIANCE SURGICAL PACU IP HOLD,PH,Y,NO MATCH,0,COCMCB,PR,PRIVATE ROOM,PR,N,Y,N,None,KSI8889,2026-06-13 14:38:53.150000,corpsvcmtxcutoverrpt_sql,2026-04-13 16:43:36.060000,xrdcwddbsuip06,MTX_ACOE_Cutover_Reporting,UI_Excel_Select_Xwalk_Source_Accommodations,facility,*ALL*,QXA4067,2026-09-21 01:07:43.191000
1389,COCMCB,BB.PCU,PROGRESSIVE CARE,PC,Y,NO MATCH,122,COCMCB,PC,PROGRESSIVE CARE,PC,Y,Y,N,None,KSI8889,2026-06-13 14:38:53.180000,corpsvcmtxcutoverrpt_sql,2026-04-13 16:43:36.060000,xrdcwddbsuip06,MTX_ACOE_Cutover_Reporting,UI_Excel_Select_Xwalk_Source_Accommodations,facility,*ALL*,QXA4067,2026-09-21 01:07:43.191000
1390,COCMCB,BB.PCUO,OVERFLOW PROGRESSIVE CARE,PO,Y,NO MATCH,0,COCMCB,PC,PROGRESSIVE CARE,PC,N,Y,N,None,KSI8889,2026-06-13 14:38:53.220000,corpsvcmtxcutoverrpt_sql,2026-04-13 16:43:36.060000,xrdcwddbsuip06,MTX_ACOE_Cutover_Reporting,UI_Excel_Select_Xwalk_Source_Accommodations,facility,*ALL*,QXA4067,2026-09-21 01:07:43.191000
1391,COCMCB,BB.PCUSP,PCU SEMI PRIVATE,P2,Y,NO MATCH,0,COCMCB,PC,PROGRESSIVE CARE,PC,N,Y,N,None,KSI8889,2026-06-13 14:38:53.247000,corpsvcmtxcutoverrpt_sql,2026-04-13 16:43:36.060000,xrdcwddbsuip06,MTX_ACOE_Cutover_Reporting,UI_Excel_Select_Xwalk_Source_Accommodations,facility,*ALL*,QXA4067,2026-09-21 01:07:43.191000
1392,COCMCB,BB.PP,POST PARTUM SERVICE,PP,Y,NO MATCH,83,COCMCB,PR,PRIVATE ROOM,PR,Y,Y,N,None,KSI8889,2026-06-13 14:38:53.280000,corpsvcmtxcutoverrpt_sql,2026-04-13 16:43:36.060000,xrdcwddbsuip06,MTX_ACOE_Cutover_Reporting,UI_Excel_Select_Xwalk_Source_Accommodations,facility,*ALL*,QXA4067,2026-09-21 01:07:43.191000
1393,COCMCB,BB.TR,ICU TRAUMA PRIVATE,20,Y,NO MATCH,0,COCMCB,TRIC,TRAUMA INTENSIVE CARE,TI,Y,Y,N,None,KSI8889,2026-06-13 14:38:53.310000,corpsvcmtxcutoverrpt_sql,2026-04-13 16:43:36.060000,xrdcwddbsuip06,MTX_ACOE_Cutover_Reporting,UI_Excel_Select_Xwalk_Source_Accommodations,facility,*ALL*,QXA4067,2026-09-21 01:07:43.191000
1394,COCMCB,L1,NEWBORN LEVEL 1,L1,Y,NO MATCH,36,COCMCB,L1,NEWBORN LEVEL I CARE,L1,Y,Y,N,None,KSI8889,2026-06-13 14:38:53.330000,corpsvcmtxcutoverrpt_sql,2026-04-13 16:43:36.060000,xrdcwddbsuip06,MTX_ACOE_Cutover_Reporting,UI_Excel_Select_Xwalk_Source_Accommodations,facility,*ALL*,QXA4067,2026-09-21 01:07:43.191000
1395,COCMCB,L2,NEWBORN LEVEL 2,L2,Y,NO MATCH,44,COCMCB,L2,NEWBORN LEVEL II CARE,L2,Y,Y,N,None,KSI8889,2026-06-13 14:38:53.357000,corpsvcmtxcutoverrpt_sql,2026-04-13 16:43:36.060000,xrdcwddbsuip06,MTX_ACOE_Cutover_Reporting,UI_Excel_Select_Xwalk_Source_Accommodations,facility,*ALL*,QXA4067,2026-09-21 01:07:43.191000
1396,COCMCB,L3,NEWBORN LEVEL 3,L3,Y,NO MATCH,10,COCMCB,L3,NEWBORN LEVEL III CARE,L3,Y,Y,N,None,KSI8889,2026-06-13 14:38:53.390000,corpsvcmtxcutoverrpt_sql,2026-04-13 16:43:36.060000,xrdcwddbsuip06,MTX_ACOE_Cutover_Reporting,UI_Excel_Select_Xwalk_Source_Accommodations,facility,*ALL*,QXA4067,2026-09-21 01:07:43.191000
1397,COCMCB,L4,NEWBORN LEVEL 4,L4,Y,NO MATCH,0,COCMCB,L4,NEWBORN LEVEL IV CARE,L4,Y,Y,N,None,KSI8889,2026-06-13 14:38:53.417000,corpsvcmtxcutoverrpt_sql,2026-04-13 16:43:36.060000,xrdcwddbsuip06,MTX_ACOE_Cutover_Reporting,UI_Excel_Select_Xwalk_Source_Accommodations,facility,*ALL*,QXA4067,2026-09-21 01:07:43.191000
1398,COCMCB,XMU,EXCHANGE CLINICAL DATA CODE,XM,Y,NO MATCH,0,COCMCB,PR,PRIVATE ROOM,PR,N,Y,N,None,KSI8889,2026-06-13 14:38:53.450000,corpsvcmtxcutoverrpt_sql,2026-04-13 16:43:36.060000,xrdcwddbsuip06,MTX_ACOE_Cutover_Reporting,UI_Excel_Select_Xwalk_Source_Accommodations,facility,*ALL*,QXA4067,2026-09-21 01:07:43.191000
1399,COCMCE,BD.ECMO,ECMO,EC,Y,NO MATCH,2,COCMCE,EC,ECMO,EC,Y,Y,N,None,FRE8115,2026-08-03 15:33:05.107000,corpsvcmtxcutoverrpt_sql,2026-07-27 09:12:30.097000,xrdcwddbsuip06,MTX_ACOE_Cutover_Reporting,UI_Excel_Select_Xwalk_Source_Accommodations,facility,*ALL*,QXA4067,2026-09-21 01:07:43.191000
1400,COCMCE,BD.ERICUOF,ER ICU Overflow/Hold,IO,Y,NO MATCH,0,COCMCE,IC,INTENSIVE CARE,IC,Y,Y,N,None,FRE8115,2026-08-03 15:33:05.150000,corpsvcmtxcutoverrpt_sql,2026-07-27 09:12:30.097000,xrdcwddbsuip06,MTX_ACOE_Cutover_Reporting,UI_Excel_Select_Xwalk_Source_Accommodations,facility,*ALL*,QXA4067,2026-09-21 01:07:43.191000
1401,COCMCE,BD.ERMSOF,ER MS Overflow/Hold,EM,Y,NO MATCH,3,COCMCE,PR,PRIVATE ROOM,PR,Y,Y,N,None,FRE8115,2026-08-03 15:33:05.187000,corpsvcmtxcutoverrpt_sql,2026-07-27 09:12:30.097000,xrdcwddbsuip06,MTX_ACOE_Cutover_Reporting,UI_Excel_Select_Xwalk_Source_Accommodations,facility,*ALL*,QXA4067,2026-09-21 01:07:43.192000
1402,COCMCE,BD.EROFHOL,ER Overflow/Hold,EH,N,NO MATCH,0,COCMCE,,,,,N,Y,None,FRE8115,2026-08-03 15:33:05.223000,corpsvcmtxcutoverrpt_sql,2026-07-27 09:12:30.097000,xrdcwddbsuip06,MTX_ACOE_Cutover_Reporting,UI_Excel_Select_Xwalk_Source_Accommodations,facility,*ALL*,QXA4067,2026-09-21 01:07:43.192000
1403,COCMCE,BD.ERPCUOF,ER PCU Overflow/Hold,EV,Y,NO MATCH,4,COCMCE,PCCC,PROGRESSIVE CARE CCU,PC,Y,Y,N,None,FRE8115,2026-08-03 15:33:05.260000,corpsvcmtxcutoverrpt_sql,2026-07-27 09:12:30.097000,xrdcwddbsuip06,MTX_ACOE_Cutover_Reporting,UI_Excel_Select_Xwalk_Source_Accommodations,facility,*ALL*,QXA4067,2026-09-21 01:07:43.192000
1404,COCMCE,BD.ERTELOF,ER Tele Overflow/Hold,ET,Y,NO MATCH,2,COCMCE,TEL,TELEMETRY,TP,Y,Y,N,None,FRE8115,2026-08-03 15:33:05.297000,corpsvcmtxcutoverrpt_sql,2026-07-27 09:12:30.097000,xrdcwddbsuip06,MTX_ACOE_Cutover_Reporting,UI_Excel_Select_Xwalk_Source_Accommodations,facility,*ALL*,QXA4067,2026-09-21 01:07:43.192000
1405,COCMCE,BD.IC,Intensive Care,IC,Y,NO MATCH,36,COCMCE,IC,INTENSIVE CARE,IC,Y,Y,N,None,FRE8115,2026-08-03 15:33:05.330000,corpsvcmtxcutoverrpt_sql,2026-07-27 09:12:30.097000,xrdcwddbsuip06,MTX_ACOE_Cutover_Reporting,UI_Excel_Select_Xwalk_Source_Accommodations,facility,*ALL*,QXA4067,2026-09-21 01:07:43.192000
1406,COCMCE,BD.ICUOVF,ICU OVERFLOW,OF,Y,NO MATCH,0,COCMCE,IC,INTENSIVE CARE,IC,Y,Y,N,None,FRE8115,2026-08-03 15:33:05.367000,corpsvcmtxcutoverrpt_sql,2026-07-27 09:12:30.097000,xrdcwddbsuip06,MTX_ACOE_Cutover_Reporting,UI_Excel_Select_Xwalk_Source_Accommodations,facility,*ALL*,QXA4067,2026-09-21 01:07:43.192000
1407,COCMCE,BD.MAS,Medical and Surgical,ME,N,NO MATCH,0,COCMCE,,,,,N,Y,None,FRE8115,2026-08-03 15:33:05.400000,corpsvcmtxcutoverrpt_sql,2026-07-27 09:12:30.097000,xrdcwddbsuip06,MTX_ACOE_Cutover_Reporting,UI_Excel_Select_Xwalk_Source_Accommodations,facility,*ALL*,QXA4067,2026-09-21 01:07:43.192000
1408,COCMCE,BD.MS,Medical Surgical,MS,N,NO MATCH,0,COCMCE,,,,,N,Y,None,FRE8115,2026-08-03 15:33:05.437000,corpsvcmtxcutoverrpt_sql,2026-07-27 09:12:30.097000,xrdcwddbsuip06,MTX_ACOE_Cutover_Reporting,UI_Excel_Select_Xwalk_Source_Accommodations,facility,*ALL*,QXA4067,2026-09-21 01:07:43.192000
1409,COCMCE,BD.OP,Ortho Private,OP,Y,NO MATCH,11,COCMCE,PR,PRIVATE ROOM,PR,Y,Y,N,None,FRE8115,2026-08-03 15:33:05.473000,corpsvcmtxcutoverrpt_sql,2026-07-27 09:12:30.097000,xrdcwddbsuip06,MTX_ACOE_Cutover_Reporting,UI_Excel_Select_Xwalk_Source_Accommodations,facility,*ALL*,QXA4067,2026-09-21 01:07:43.192000
1410,COCMCE,BD.P,Private,PV,Y,NO MATCH,53,COCMCE,PR,PRIVATE ROOM,PR,Y,Y,N,None,FRE8115,2026-08-03 15:33:05.507000,corpsvcmtxcutoverrpt_sql,2026-07-27 09:12:30.097000,xrdcwddbsuip06,MTX_ACOE_Cutover_Reporting,UI_Excel_Select_Xwalk_Source_Accommodations,facility,*ALL*,QXA4067,2026-09-21 01:07:43.192000
1411,COCMCE,BD.PC,PROGRESSIVE CARE UNIT,PC,Y,NO MATCH,113,COCMCE,PCCC,PROGRESSIVE CARE CCU,PC,Y,Y,N,None,FRE8115,2026-08-03 15:33:05.540000,corpsvcmtxcutoverrpt_sql,2026-07-27 09:12:30.097000,xrdcwddbsuip06,MTX_ACOE_Cutover_Reporting,UI_Excel_Select_Xwalk_Source_Accommodations,facility,*ALL*,QXA4067,2026-09-21 01:07:43.192000
1412,COCMCE,BD.TP,Telemetry/PCU,TP,Y,NO MATCH,68,COCMCE,TEL,TELEMETRY,TP,Y,Y,N,None,FRE8115,2026-08-03 15:33:05.577000,corpsvcmtxcutoverrpt_sql,2026-07-27 09:12:30.097000,xrdcwddbsuip06,MTX_ACOE_Cutover_Reporting,UI_Excel_Select_Xwalk_Source_Accommodations,facility,*ALL*,QXA4067,2026-09-21 01:07:43.192000
1413,COCMCE,BD.VIRTUAL,Virtual Beds,VB,Y,NO MATCH,0,COCMCE,PR,PRIVATE ROOM,PR,Y,Y,N,None,FRE8115,2026-08-03 15:33:05.610000,corpsvcmtxcutoverrpt_sql,2026-07-27 09:12:30.097000,xrdcwddbsuip06,MTX_ACOE_Cutover_Reporting,UI_Excel_Select_Xwalk_Source_Accommodations,facility,*ALL*,QXA4067,2026-09-21 01:07:43.192000
1414,COCMCE,BE.ERPCUOF,ER PCU Overflow/Hold,EP,N,NO MATCH,0,COCMCE,,,,,N,Y,None,FRE8115,2026-08-03 15:33:05.647000,corpsvcmtxcutoverrpt_sql,2026-07-27 09:12:30.097000,xrdcwddbsuip06,MTX_ACOE_Cutover_Reporting,UI_Excel_Select_Xwalk_Source_Accommodations,facility,*ALL*,QXA4067,2026-09-21 01:07:43.192000
1415,COCMCE,XMU,EXCHANGE CLINICAL DATA CODE,XM,Y,NO MATCH,0,COCMCE,PR,PRIVATE ROOM,PR,Y,Y,N,None,FRE8115,2026-08-03 15:33:05.680000,corpsvcmtxcutoverrpt_sql,2026-07-27 09:12:30.097000,xrdcwddbsuip06,MTX_ACOE_Cutover_Reporting,UI_Excel_Select_Xwalk_Source_Accommodations,facility,*ALL*,QXA4067,2026-09-21 01:07:43.192000
1416,COCMCM,EA.A,ADOLESCENT*,A,N,NO MATCH,0,COCMCM,,,,,N,Y,None,KWU2368,2026-08-03 12:51:38.590000,corpsvcmtxcutoverrpt_sql,2026-07-29 12:59:30.507000,xrdcwddbsuip06,MTX_ACOE_Cutover_Reporting,UI_Excel_Select_Xwalk_Source_Accommodations,facility,*ALL*,QXA4067,2026-09-21 01:07:43.192000
1417,COCMCM,EA.ADPSY,ADOLESCENT PSYCHIATRIC,AP,Y,NO MATCH,0,COCMCM,A,ADOLESCENT,COCMCM|AP,Y,Y,N,None,KWU2368,2026-08-03 12:51:38.640000,corpsvcmtxcutoverrpt_sql,2026-07-29 12:59:30.507000,xrdcwddbsuip06,MTX_ACOE_Cutover_Reporting,UI_Excel_Select_Xwalk_Source_Accommodations,facility,*ALL*,QXA4067,2026-09-21 01:07:43.192000
1418,COCMCM,EA.SP,SEMI PRIVATE ROOM,SP,Y,NO MATCH,0,COCMCM,SP,SEMI PRIVATE ROOM,COCMCM|SP,Y,Y,N,None,KWU2368,2026-08-03 12:51:38.687000,corpsvcmtxcutoverrpt_sql,2026-07-29 12:59:30.507000,xrdcwddbsuip06,MTX_ACOE_Cutover_Reporting,UI_Excel_Select_Xwalk_Source_Accommodations,facility,*ALL*,QXA4067,2026-09-21 01:07:43.192000
1419,COCMCM,XMU,EXCHANGE CLINICAL DATA CODE,XM,Y,NO MATCH,0,COCMCM,SP,SEMI PRIVATE ROOM,COCMCM|SP,Y,Y,N,None,KWU2368,2026-08-03 12:51:38.730000,corpsvcmtxcutoverrpt_sql,2026-07-29 12:59:30.507000,xrdcwddbsuip06,MTX_ACOE_Cutover_Reporting,UI_Excel_Select_Xwalk_Source_Accommodations,facility,*ALL*,QXA4067,2026-09-21 01:07:43.192000
1420,COCMCN,RA.ADPSY,ADOLESCENT PSYCHIATRIC SEMI-P,AP,Y,NO MATCH,0,COCMCN,A,ADOLESCENT,A,Y,Y,N,None,KSI8889,2026-04-16 11:39:42.880000,corpsvcmtxcutoverrpt_sql,2026-04-13 16:43:36.060000,xrdcwddbsuip06,MTX_ACOE_Cutover_Reporting,UI_Excel_Select_Xwalk_Source_Accommodations,facility,*ALL*,QXA4067,2026-09-21 01:07:43.192000
1421,COCMCN,RA.G,GERIATRIC,G,Y,NO MATCH,0,COCMCN,G,GERIATRIC,G,Y,Y,N,None,KSI8889,2026-04-16 11:39:42.927000,corpsvcmtxcutoverrpt_sql,2026-04-13 16:43:36.060000,xrdcwddbsuip06,MTX_ACOE_Cutover_Reporting,UI_Excel_Select_Xwalk_Source_Accommodations,facility,*ALL*,QXA4067,2026-09-21 01:07:43.192000
1422,COCMCN,RA.SD,SUBSTANCE DISORDER,SD,Y,NO MATCH,0,COCMCN,SD,SUBSTANCE DISORDER,SD,Y,Y,N,None,KSI8889,2026-05-06 08:12:47.620000,corpsvcmtxcutoverrpt_sql,2026-04-14 12:36:44.497000,xrdcwddbsuip06,MTX_ACOE_Cutover_Reporting,UI_Excel_Select_Xwalk_Source_Accommodations,facility,*ALL*,QXA4067,2026-09-21 01:07:43.192000
1423,COCMCN,RA.SP,SEMI PRIVATE ROOM,SP,Y,NO MATCH,0,COCMCN,SP,SEMI PRIVATE ROOM,SP,Y,Y,N,None,KSI8889,2026-04-16 11:39:42.980000,corpsvcmtxcutoverrpt_sql,2026-04-13 16:43:36.060000,xrdcwddbsuip06,MTX_ACOE_Cutover_Reporting,UI_Excel_Select_Xwalk_Source_Accommodations,facility,*ALL*,QXA4067,2026-09-21 01:07:43.192000
1424,COCMCN,XMU,EXCHANGE CLINICAL DATA CODE,XM,Y,NO MATCH,0,COCMCN,PR,PRIVATE ROOM,PR,N,Y,N,None,KSI8889,2026-06-13 15:02:44.480000,corpsvcmtxcutoverrpt_sql,2026-04-13 16:43:36.060000,xrdcwddbsuip06,MTX_ACOE_Cutover_Reporting,UI_Excel_Select_Xwalk_Source_Accommodations,facility,*ALL*,QXA4067,2026-09-21 01:07:43.192000
1425,COCMCS,AB.A,ADOLESCENT,A,Y,NO MATCH,0,COCMCS,PR,PRIVATE ROOM,PR,Y,Y,N,None,LRL2482,2026-08-09 13:08:54.267000,corpsvcmtxcutoverrpt_sql,2026-07-29 12:59:30.507000,xrdcwddbsuip06,MTX_ACOE_Cutover_Reporting,UI_Excel_Select_Xwalk_Source_Accommodations,facility,*ALL*,QXA4067,2026-09-21 01:07:43.192000
1426,COCMCS,AB.BC,BED HOLD CHARGE,BC,Y,NO MATCH,0,COCMCS,PR,PRIVATE ROOM,PR,Y,Y,N,None,LRL2482,2026-08-09 13:08:54.270000,corpsvcmtxcutoverrpt_sql,2026-07-29 12:59:30.507000,xrdcwddbsuip06,MTX_ACOE_Cutover_Reporting,UI_Excel_Select_Xwalk_Source_Accommodations,facility,*ALL*,QXA4067,2026-09-21 01:07:43.192000
1427,COCMCS,AB.BH,BEHAVIORAL HEALTH,BH,Y,NO MATCH,0,COCMCS,PR,PRIVATE ROOM,PR,Y,Y,N,None,LRL2482,2026-08-09 13:08:54.277000,corpsvcmtxcutoverrpt_sql,2026-07-29 12:59:30.507000,xrdcwddbsuip06,MTX_ACOE_Cutover_Reporting,UI_Excel_Select_Xwalk_Source_Accommodations,facility,*ALL*,QXA4067,2026-09-21 01:07:43.192000
1428,COCMCS,AB.BN,BED HOLD NO CHARGE,BN,Y,NO MATCH,0,COCMCS,PR,PRIVATE ROOM,PR,Y,Y,N,None,LRL2482,2026-08-09 13:08:54.280000,corpsvcmtxcutoverrpt_sql,2026-07-29 12:59:30.507000,xrdcwddbsuip06,MTX_ACOE_Cutover_Reporting,UI_Excel_Select_Xwalk_Source_Accommodations,facility,*ALL*,QXA4067,2026-09-21 01:07:43.192000
1429,COCMCS,AB.BR,BIRTHING ROOM,BR,Y,NO MATCH,0,COCMCS,PR,PRIVATE ROOM,PR,Y,Y,N,None,LRL2482,2026-08-09 13:08:54.283000,corpsvcmtxcutoverrpt_sql,2026-07-29 12:59:30.507000,xrdcwddbsuip06,MTX_ACOE_Cutover_Reporting,UI_Excel_Select_Xwalk_Source_Accommodations,facility,*ALL*,QXA4067,2026-09-21 01:07:43.193000
1430,COCMCS,AB.CC,CORONARY CARE,CC,Y,NO MATCH,0,COCMCS,IC,INTENSIVE CARE,IC,Y,Y,N,None,LRL2482,2026-08-09 13:08:54.287000,corpsvcmtxcutoverrpt_sql,2026-07-29 12:59:30.507000,xrdcwddbsuip06,MTX_ACOE_Cutover_Reporting,UI_Excel_Select_Xwalk_Source_Accommodations,facility,*ALL*,QXA4067,2026-09-21 01:07:43.193000
1431,COCMCS,AB.D,DETOX,D,Y,NO MATCH,0,COCMCS,PR,PRIVATE ROOM,PR,Y,Y,N,None,LRL2482,2026-08-09 13:08:54.290000,corpsvcmtxcutoverrpt_sql,2026-07-29 12:59:30.507000,xrdcwddbsuip06,MTX_ACOE_Cutover_Reporting,UI_Excel_Select_Xwalk_Source_Accommodations,facility,*ALL*,QXA4067,2026-09-21 01:07:43.193000
1432,COCMCS,AB.EC,ECMO,EC,Y,NO MATCH,0,COCMCS,IC,INTENSIVE CARE,IC,Y,Y,N,None,LRL2482,2026-08-09 13:08:54.297000,corpsvcmtxcutoverrpt_sql,2026-07-29 12:59:30.507000,xrdcwddbsuip06,MTX_ACOE_Cutover_Reporting,UI_Excel_Select_Xwalk_Source_Accommodations,facility,*ALL*,QXA4067,2026-09-21 01:07:43.193000
1433,COCMCS,AB.HP,HOSPICE,HP,Y,NO MATCH,0,COCMCS,PR,PRIVATE ROOM,PR,Y,Y,N,None,LRL2482,2026-08-09 13:08:54.300000,corpsvcmtxcutoverrpt_sql,2026-07-29 12:59:30.507000,xrdcwddbsuip06,MTX_ACOE_Cutover_Reporting,UI_Excel_Select_Xwalk_Source_Accommodations,facility,*ALL*,QXA4067,2026-09-21 01:07:43.193000
1434,COCMCS,AB.IC,INTENSIVE CARE,IC,Y,NO MATCH,0,COCMCS,IC,INTENSIVE CARE,IC,Y,Y,N,None,LRL2482,2026-08-09 13:08:54.303000,corpsvcmtxcutoverrpt_sql,2026-07-29 12:59:30.507000,xrdcwddbsuip06,MTX_ACOE_Cutover_Reporting,UI_Excel_Select_Xwalk_Source_Accommodations,facility,*ALL*,QXA4067,2026-09-21 01:07:43.193000
1435,COCMCS,AB.IM,INTERMEDIATE,IM,Y,NO MATCH,0,COCMCS,MS,MED SURG,MS,Y,Y,N,None,LRL2482,2026-08-09 13:09:57.330000,corpsvcmtxcutoverrpt_sql,2026-07-29 12:59:30.507000,xrdcwddbsuip06,MTX_ACOE_Cutover_Reporting,UI_Excel_Select_Xwalk_Source_Accommodations,facility,*ALL*,QXA4067,2026-09-21 01:07:43.193000
1436,COCMCS,AB.IS,ISOLATION,IS,Y,NO MATCH,0,COCMCS,PR,PRIVATE ROOM,PR,Y,Y,N,None,LRL2482,2026-08-09 13:08:54.310000,corpsvcmtxcutoverrpt_sql,2026-07-29 12:59:30.507000,xrdcwddbsuip06,MTX_ACOE_Cutover_Reporting,UI_Excel_Select_Xwalk_Source_Accommodations,facility,*ALL*,QXA4067,2026-09-21 01:07:43.193000
1437,COCMCS,AB.L2,NEWBORN LEVEL II CARE,L2,Y,NO MATCH,0,COCMCS,PR,PRIVATE ROOM,PR,Y,Y,N,None,LRL2482,2026-08-09 13:08:54.317000,corpsvcmtxcutoverrpt_sql,2026-07-29 12:59:30.507000,xrdcwddbsuip06,MTX_ACOE_Cutover_Reporting,UI_Excel_Select_Xwalk_Source_Accommodations,facility,*ALL*,QXA4067,2026-09-21 01:07:43.193000
1438,COCMCS,AB.L3,NEWBORN LEVEL III CARE,L3,Y,NO MATCH,0,COCMCS,PR,PRIVATE ROOM,PR,Y,Y,N,None,LRL2482,2026-08-09 13:08:54.320000,corpsvcmtxcutoverrpt_sql,2026-07-29 12:59:30.507000,xrdcwddbsuip06,MTX_ACOE_Cutover_Reporting,UI_Excel_Select_Xwalk_Source_Accommodations,facility,*ALL*,QXA4067,2026-09-21 01:07:43.193000
1439,COCMCS,AB.L4,NEWBORN LEVEL IV CARE,L4,Y,NO MATCH,0,COCMCS,PR,PRIVATE ROOM,PR,Y,Y,N,None,LRL2482,2026-08-09 13:08:54.323000,corpsvcmtxcutoverrpt_sql,2026-07-29 12:59:30.507000,xrdcwddbsuip06,MTX_ACOE_Cutover_Reporting,UI_Excel_Select_Xwalk_Source_Accommodations,facility,*ALL*,QXA4067,2026-09-21 01:07:43.193000
1440,COCMCS,AB.LD,LABOR AND DELIVERY,LD,Y,NO MATCH,0,COCMCS,PR,PRIVATE ROOM,PR,Y,Y,N,None,LRL2482,2026-08-09 13:08:54.327000,corpsvcmtxcutoverrpt_sql,2026-07-29 12:59:30.507000,xrdcwddbsuip06,MTX_ACOE_Cutover_Reporting,UI_Excel_Select_Xwalk_Source_Accommodations,facility,*ALL*,QXA4067,2026-09-21 01:07:43.193000
1441,COCMCS,AB.M,MEDICAL,M,Y,NO MATCH,3,COCMCS,PR,PRIVATE ROOM,PR,Y,Y,N,None,LRL2482,2026-08-09 13:08:54.330000,corpsvcmtxcutoverrpt_sql,2026-07-29 12:59:30.507000,xrdcwddbsuip06,MTX_ACOE_Cutover_Reporting,UI_Excel_Select_Xwalk_Source_Accommodations,facility,*ALL*,QXA4067,2026-09-21 01:07:43.193000
1442,COCMCS,AB.MP,MEDICAL PRIVATE,MP,Y,NO MATCH,0,COCMCS,PR,PRIVATE ROOM,PR,Y,Y,N,None,LRL2482,2026-08-09 13:08:54.337000,corpsvcmtxcutoverrpt_sql,2026-07-29 12:59:30.507000,xrdcwddbsuip06,MTX_ACOE_Cutover_Reporting,UI_Excel_Select_Xwalk_Source_Accommodations,facility,*ALL*,QXA4067,2026-09-21 01:07:43.193000
1443,COCMCS,AB.MS,MED SURG,MS,Y,NO MATCH,14,COCMCS,PR,PRIVATE ROOM,PR,Y,Y,N,None,LRL2482,2026-08-09 13:08:54.340000,corpsvcmtxcutoverrpt_sql,2026-07-29 12:59:30.507000,xrdcwddbsuip06,MTX_ACOE_Cutover_Reporting,UI_Excel_Select_Xwalk_Source_Accommodations,facility,*ALL*,QXA4067,2026-09-21 01:07:43.193000
1444,COCMCS,AB.NB,NEWBORN BASIC CARE,NB,Y,NO MATCH,0,COCMCS,PR,PRIVATE ROOM,PR,Y,Y,N,None,LRL2482,2026-08-09 13:08:54.343000,corpsvcmtxcutoverrpt_sql,2026-07-29 12:59:30.507000,xrdcwddbsuip06,MTX_ACOE_Cutover_Reporting,UI_Excel_Select_Xwalk_Source_Accommodations,facility,*ALL*,QXA4067,2026-09-21 01:07:43.193000
1445,COCMCS,AB.NI,NEURO ICU,NI,Y,NO MATCH,0,COCMCS,IC,INTENSIVE CARE,IC,Y,Y,N,None,LRL2482,2026-08-09 13:08:54.347000,corpsvcmtxcutoverrpt_sql,2026-07-29 12:59:30.507000,xrdcwddbsuip06,MTX_ACOE_Cutover_Reporting,UI_Excel_Select_Xwalk_Source_Accommodations,facility,*ALL*,QXA4067,2026-09-21 01:07:43.193000
1446,COCMCS,AB.PC,PROGRESSIVE CARE,PC,Y,NO MATCH,0,COCMCS,PC,PROGRESSIVE CARE,PC,Y,Y,N,None,LRL2482,2026-08-09 13:08:54.350000,corpsvcmtxcutoverrpt_sql,2026-07-29 12:59:30.507000,xrdcwddbsuip06,MTX_ACOE_Cutover_Reporting,UI_Excel_Select_Xwalk_Source_Accommodations,facility,*ALL*,QXA4067,2026-09-21 01:07:43.193000
1447,COCMCS,AB.PP,PEDIATRIC PRIVATE,PP,Y,NO MATCH,0,COCMCS,PR,PRIVATE ROOM,PR,Y,Y,N,None,LRL2482,2026-08-09 13:08:54.357000,corpsvcmtxcutoverrpt_sql,2026-07-29 12:59:30.507000,xrdcwddbsuip06,MTX_ACOE_Cutover_Reporting,UI_Excel_Select_Xwalk_Source_Accommodations,facility,*ALL*,QXA4067,2026-09-21 01:07:43.193000
1448,COCMCS,AB.PR,PRIVATE ROOM,PR,Y,NO MATCH,25,COCMCS,PR,PRIVATE ROOM,PR,Y,Y,N,None,LRL2482,2026-08-09 13:08:54.360000,corpsvcmtxcutoverrpt_sql,2026-07-29 12:59:30.507000,xrdcwddbsuip06,MTX_ACOE_Cutover_Reporting,UI_Excel_Select_Xwalk_Source_Accommodations,facility,*ALL*,QXA4067,2026-09-21 01:07:43.193000
1449,COCMCS,AB.R,REHABILITATION,R,Y,NO MATCH,0,COCMCS,PR,PRIVATE ROOM,PR,Y,Y,N,None,LRL2482,2026-08-09 13:08:54.367000,corpsvcmtxcutoverrpt_sql,2026-07-29 12:59:30.507000,xrdcwddbsuip06,MTX_ACOE_Cutover_Reporting,UI_Excel_Select_Xwalk_Source_Accommodations,facility,*ALL*,QXA4067,2026-09-21 01:07:43.193000
1450,COCMCS,AB.RP,REHAB PRIVATE,RP,Y,NO MATCH,0,COCMCS,PR,PRIVATE ROOM,PR,Y,Y,N,None,LRL2482,2026-08-09 13:08:54.370000,corpsvcmtxcutoverrpt_sql,2026-07-29 12:59:30.507000,xrdcwddbsuip06,MTX_ACOE_Cutover_Reporting,UI_Excel_Select_Xwalk_Source_Accommodations,facility,*ALL*,QXA4067,2026-09-21 01:07:43.193000
1451,COCMCS,AB.SP,SEMI PRIVATE ROOM,SP,Y,NO MATCH,0,COCMCS,PR,PRIVATE ROOM,PR,Y,Y,N,None,LRL2482,2026-08-09 13:08:54.373000,corpsvcmtxcutoverrpt_sql,2026-07-29 12:59:30.507000,xrdcwddbsuip06,MTX_ACOE_Cutover_Reporting,UI_Excel_Select_Xwalk_Source_Accommodations,facility,*ALL*,QXA4067,2026-09-21 01:07:43.193000
1452,COCMCS,AB.TEL,TELEMETRY,TL,Y,NO MATCH,30,COCMCS,TEL,TELEMETRY,TE,Y,Y,N,None,LRL2482,2026-08-09 13:08:54.380000,corpsvcmtxcutoverrpt_sql,2026-07-29 12:59:30.507000,xrdcwddbsuip06,MTX_ACOE_Cutover_Reporting,UI_Excel_Select_Xwalk_Source_Accommodations,facility,*ALL*,QXA4067,2026-09-21 01:07:43.193000
1453,COCMCS,AB.TR,TRAUMA,TR,Y,NO MATCH,0,COCMCS,PR,PRIVATE ROOM,PR,Y,Y,N,None,LRL2482,2026-08-09 13:08:54.383000,corpsvcmtxcutoverrpt_sql,2026-07-29 12:59:30.507000,xrdcwddbsuip06,MTX_ACOE_Cutover_Reporting,UI_Excel_Select_Xwalk_Source_Accommodations,facility,*ALL*,QXA4067,2026-09-21 01:07:43.193000
1454,COCMCS,AB.VB,VIRTUAL BED,VB,Y,NO MATCH,0,COCMCS,PR,PRIVATE ROOM,PR,Y,Y,N,None,LRL2482,2026-08-09 13:08:54.387000,corpsvcmtxcutoverrpt_sql,2026-07-29 12:59:30.507000,xrdcwddbsuip06,MTX_ACOE_Cutover_Reporting,UI_Excel_Select_Xwalk_Source_Accommodations,facility,*ALL*,QXA4067,2026-09-21 01:07:43.193000
1455,COCMCS,AB.WARD,WARD,W,Y,NO MATCH,0,COCMCS,PR,PRIVATE ROOM,PR,Y,Y,N,None,LRL2482,2026-08-09 13:08:54.393000,corpsvcmtxcutoverrpt_sql,2026-07-29 12:59:30.507000,xrdcwddbsuip06,MTX_ACOE_Cutover_Reporting,UI_Excel_Select_Xwalk_Source_Accommodations,facility,*ALL*,QXA4067,2026-09-21 01:07:43.194000
1456,COCMCW,BE.2S,2 SOUTH,2S,Y,NO MATCH,0,COCMCW,PR,PRIVATE ROOM,P,Y,Y,N,None,RWM4772,2026-08-10 14:13:01.527000,corpsvcmtxcutoverrpt_sql,2026-04-13 16:43:36.060000,xrdcwddbsuip06,MTX_ACOE_Cutover_Reporting,UI_Excel_Select_Xwalk_Source_Accommodations,facility,*ALL*,QXA4067,2026-09-21 01:07:43.194000
1457,COCMCW,BE.2T,2 TOWER,2T,Y,NO MATCH,56,COCMCW,PR,PRIVATE ROOM,P,Y,Y,N,None,RWM4772,2026-08-10 14:13:01.597000,corpsvcmtxcutoverrpt_sql,2026-04-13 16:43:36.060000,xrdcwddbsuip06,MTX_ACOE_Cutover_Reporting,UI_Excel_Select_Xwalk_Source_Accommodations,facility,*ALL*,QXA4067,2026-09-21 01:07:43.194000
1458,COCMCW,BE.3T,3 TOWER,3T,Y,NO MATCH,52,COCMCW,PR,PRIVATE ROOM,P,Y,Y,N,None,RWM4772,2026-08-10 14:13:01.667000,corpsvcmtxcutoverrpt_sql,2026-04-13 16:43:36.060000,xrdcwddbsuip06,MTX_ACOE_Cutover_Reporting,UI_Excel_Select_Xwalk_Source_Accommodations,facility,*ALL*,QXA4067,2026-09-21 01:07:43.194000
1459,COCMCW,BE.CCU,CCU,CC,N,NO MATCH,0,COCMCW,PR,PRIVATE ROOM,P,N,N,Y,None,RWM4772,2026-08-10 14:13:51.650000,corpsvcmtxcutoverrpt_sql,2026-04-13 16:43:36.060000,xrdcwddbsuip06,MTX_ACOE_Cutover_Reporting,UI_Excel_Select_Xwalk_Source_Accommodations,facility,*ALL*,QXA4067,2026-09-21 01:07:43.194000
1460,COCMCW,BE.ECMO,ECMO,EC,Y,NO MATCH,0,COCMCW,EC,ECMO,EC,Y,Y,N,None,RWM4772,2026-04-21 16:52:21.163000,corpsvcmtxcutoverrpt_sql,2026-04-13 16:43:36.060000,xrdcwddbsuip06,MTX_ACOE_Cutover_Reporting,UI_Excel_Select_Xwalk_Source_Accommodations,facility,*ALL*,QXA4067,2026-09-21 01:07:43.194000
1461,COCMCW,BE.EDICUOF,ER OVERFLOW ICU,EI,Y,NO MATCH,1,COCMCW,IC,INTENSIVE CARE,IC,Y,Y,N,None,RWM4772,2026-04-21 16:52:21.227000,corpsvcmtxcutoverrpt_sql,2026-04-13 16:43:36.060000,xrdcwddbsuip06,MTX_ACOE_Cutover_Reporting,UI_Excel_Select_Xwalk_Source_Accommodations,facility,*ALL*,QXA4067,2026-09-21 01:07:43.194000
1462,COCMCW,BE.EDMS,ED MED/SURG INPATIENT HOLD,PV,N,NO MATCH,0,COCMCW,,,,,N,Y,None,RWM4772,2026-04-21 16:51:25.827000,corpsvcmtxcutoverrpt_sql,2026-04-13 16:43:36.060000,xrdcwddbsuip06,MTX_ACOE_Cutover_Reporting,UI_Excel_Select_Xwalk_Source_Accommodations,facility,*ALL*,QXA4067,2026-09-21 01:07:43.194000
1463,COCMCW,BE.EDMSOF,ER OVERFLOW MED/SURG,EM,Y,NO MATCH,24,COCMCW,MS,MED SURG,MA,Y,Y,N,None,RWM4772,2026-04-21 16:52:21.287000,corpsvcmtxcutoverrpt_sql,2026-04-13 16:43:36.060000,xrdcwddbsuip06,MTX_ACOE_Cutover_Reporting,UI_Excel_Select_Xwalk_Source_Accommodations,facility,*ALL*,QXA4067,2026-09-21 01:07:43.194000
1464,COCMCW,BE.EDPCUOF,ER OVERFLOW PCU,EP,Y,NO MATCH,0,COCMCW,PC,PROGRESSIVE CARE,PC,Y,Y,N,None,RWM4772,2026-04-21 16:52:21.347000,corpsvcmtxcutoverrpt_sql,2026-04-13 16:43:36.060000,xrdcwddbsuip06,MTX_ACOE_Cutover_Reporting,UI_Excel_Select_Xwalk_Source_Accommodations,facility,*ALL*,QXA4067,2026-09-21 01:07:43.194000
1465,COCMCW,BE.EROF,EMERGENCY ROOM OVERFLOW,RO,Y,NO MATCH,0,COCMCW,PR,PRIVATE ROOM,P,Y,Y,N,None,RWM4772,2026-08-10 14:13:01.730000,corpsvcmtxcutoverrpt_sql,2026-04-13 16:43:36.060000,xrdcwddbsuip06,MTX_ACOE_Cutover_Reporting,UI_Excel_Select_Xwalk_Source_Accommodations,facility,*ALL*,QXA4067,2026-09-21 01:07:43.194000
1466,COCMCW,BE.HOLDING,HOLDING,HO,N,NO MATCH,0,COCMCW,,,,,N,Y,None,RWM4772,2026-04-21 16:51:25.997000,corpsvcmtxcutoverrpt_sql,2026-04-13 16:43:36.060000,xrdcwddbsuip06,MTX_ACOE_Cutover_Reporting,UI_Excel_Select_Xwalk_Source_Accommodations,facility,*ALL*,QXA4067,2026-09-21 01:07:43.194000
1467,COCMCW,BE.ICU,ICU,IC,Y,NO MATCH,27,COCMCW,IC,INTENSIVE CARE,IC,Y,Y,N,None,RWM4772,2026-04-21 16:52:21.407000,corpsvcmtxcutoverrpt_sql,2026-04-13 16:43:36.060000,xrdcwddbsuip06,MTX_ACOE_Cutover_Reporting,UI_Excel_Select_Xwalk_Source_Accommodations,facility,*ALL*,QXA4067,2026-09-21 01:07:43.194000
1468,COCMCW,BE.L2,NEWBORN L2,N2,Y,NO MATCH,0,COCMCW,L2,NEWBORN LEVEL II CARE,L2,Y,Y,N,None,RWM4772,2026-04-21 16:52:21.463000,corpsvcmtxcutoverrpt_sql,2026-04-13 16:43:36.060000,xrdcwddbsuip06,MTX_ACOE_Cutover_Reporting,UI_Excel_Select_Xwalk_Source_Accommodations,facility,*ALL*,QXA4067,2026-09-21 01:07:43.194000
1469,COCMCW,BE.L3,NEWBORN L3,N3,Y,NO MATCH,0,COCMCW,L3,NEWBORN LEVEL III CARE,L3,Y,Y,N,None,RWM4772,2026-04-21 16:52:21.520000,corpsvcmtxcutoverrpt_sql,2026-04-13 16:43:36.060000,xrdcwddbsuip06,MTX_ACOE_Cutover_Reporting,UI_Excel_Select_Xwalk_Source_Accommodations,facility,*ALL*,QXA4067,2026-09-21 01:07:43.194000
1470,COCMCW,BE.MS,MED SURG,MA,Y,NO MATCH,20,COCMCW,MS,MED SURG,MA,Y,Y,N,None,RWM4772,2026-04-21 16:52:21.580000,corpsvcmtxcutoverrpt_sql,2026-04-13 16:43:36.060000,xrdcwddbsuip06,MTX_ACOE_Cutover_Reporting,UI_Excel_Select_Xwalk_Source_Accommodations,facility,*ALL*,QXA4067,2026-09-21 01:07:43.194000
1471,COCMCW,BE.MSOF,CCU Overflow MS,MO,Y,NO MATCH,0,COCMCW,PR,PRIVATE ROOM,P,Y,Y,N,None,RWM4772,2026-08-10 14:13:30.267000,corpsvcmtxcutoverrpt_sql,2026-04-13 16:43:36.060000,xrdcwddbsuip06,MTX_ACOE_Cutover_Reporting,UI_Excel_Select_Xwalk_Source_Accommodations,facility,*ALL*,QXA4067,2026-09-21 01:07:43.194000
1472,COCMCW,BE.NSY,NURSERY,NB,Y,NO MATCH,1,COCMCW,L1,NEWBORN LEVEL I CARE,L1,Y,Y,N,None,RWM4772,2026-06-08 17:42:35.940000,corpsvcmtxcutoverrpt_sql,2026-04-13 16:43:36.060000,xrdcwddbsuip06,MTX_ACOE_Cutover_Reporting,UI_Excel_Select_Xwalk_Source_Accommodations,facility,*ALL*,QXA4067,2026-09-21 01:07:43.194000
1473,COCMCW,BE.NSYB,NURSERY BOARDER,BB,Y,NO MATCH,0,COCMCW,L1,NEWBORN LEVEL I CARE,L1,Y,Y,N,None,RWM4772,2026-06-08 17:42:35.997000,corpsvcmtxcutoverrpt_sql,2026-04-13 16:43:36.060000,xrdcwddbsuip06,MTX_ACOE_Cutover_Reporting,UI_Excel_Select_Xwalk_Source_Accommodations,facility,*ALL*,QXA4067,2026-09-21 01:07:43.194000
1474,COCMCW,BE.OUT,OUTPATIENT,OP,Y,NO MATCH,0,COCMCW,PR,PRIVATE ROOM,P,Y,Y,N,None,RWM4772,2026-08-10 14:13:30.333000,corpsvcmtxcutoverrpt_sql,2026-04-13 16:43:36.060000,xrdcwddbsuip06,MTX_ACOE_Cutover_Reporting,UI_Excel_Select_Xwalk_Source_Accommodations,facility,*ALL*,QXA4067,2026-09-21 01:07:43.194000
1475,COCMCW,BE.OVER,OVERFLOW,OV,Y,NO MATCH,0,COCMCW,MS,MED SURG,MA,Y,Y,N,None,RWM4772,2026-04-21 16:52:21.643000,corpsvcmtxcutoverrpt_sql,2026-04-13 16:43:36.060000,xrdcwddbsuip06,MTX_ACOE_Cutover_Reporting,UI_Excel_Select_Xwalk_Source_Accommodations,facility,*ALL*,QXA4067,2026-09-21 01:07:43.194000
1476,COCMCW,BE.P,PRIVATE,P,Y,NO MATCH,150,COCMCW,PR,PRIVATE ROOM,P,Y,Y,N,None,RWM4772,2026-08-10 14:13:01.917000,corpsvcmtxcutoverrpt_sql,2026-04-13 16:43:36.060000,xrdcwddbsuip06,MTX_ACOE_Cutover_Reporting,UI_Excel_Select_Xwalk_Source_Accommodations,facility,*ALL*,QXA4067,2026-09-21 01:07:43.194000
1477,COCMCW,BE.PCU,PROGRESSIVE CARE,PC,Y,NO MATCH,50,COCMCW,PC,PROGRESSIVE CARE,PC,Y,Y,N,None,RWM4772,2026-04-21 16:52:21.760000,corpsvcmtxcutoverrpt_sql,2026-04-13 16:43:36.060000,xrdcwddbsuip06,MTX_ACOE_Cutover_Reporting,UI_Excel_Select_Xwalk_Source_Accommodations,facility,*ALL*,QXA4067,2026-09-21 01:07:43.194000
1478,COCMCW,BE.SP,SEMI PRIVATE,SP,Y,NO MATCH,16,COCMCW,PR,PRIVATE ROOM,P,Y,Y,N,None,RWM4772,2026-08-10 14:13:01.980000,corpsvcmtxcutoverrpt_sql,2026-04-13 16:43:36.060000,xrdcwddbsuip06,MTX_ACOE_Cutover_Reporting,UI_Excel_Select_Xwalk_Source_Accommodations,facility,*ALL*,QXA4067,2026-09-21 01:07:43.194000
1479,COCMCW,BE.TR,TRAUMA,TR,Y,NO MATCH,0,COCMCW,TR,TRAUMA,TR,Y,Y,N,None,RWM4772,2026-08-28 15:49:03.813000,corpsvcmtxcutoverrpt_sql,2026-04-13 16:43:36.060000,xrdcwddbsuip06,MTX_ACOE_Cutover_Reporting,UI_Excel_Select_Xwalk_Source_Accommodations,facility,*ALL*,QXA4067,2026-09-21 01:07:43.194000
1480,COCMCW,L1,NEWBORN LEVEL 1,L1,Y,NO MATCH,8,COCMCW,L1,NEWBORN LEVEL I CARE,L1,Y,Y,N,None,RWM4772,2026-04-21 16:52:21.820000,corpsvcmtxcutoverrpt_sql,2026-04-13 16:43:36.060000,xrdcwddbsuip06,MTX_ACOE_Cutover_Reporting,UI_Excel_Select_Xwalk_Source_Accommodations,facility,*ALL*,QXA4067,2026-09-21 01:07:43.194000
1481,COCMCW,L2,NEWBORN LEVEL 2,L2,Y,NO MATCH,23,COCMCW,L2,NEWBORN LEVEL II CARE,L2,Y,Y,N,None,RWM4772,2026-04-21 16:52:21.880000,corpsvcmtxcutoverrpt_sql,2026-04-13 16:43:36.060000,xrdcwddbsuip06,MTX_ACOE_Cutover_Reporting,UI_Excel_Select_Xwalk_Source_Accommodations,facility,*ALL*,QXA4067,2026-09-21 01:07:43.194000
1482,COCMCW,L3,NEWBORN LEVEL 3,L3,Y,NO MATCH,0,COCMCW,L3,NEWBORN LEVEL III CARE,L3,Y,Y,N,None,RWM4772,2026-04-21 16:52:21.940000,corpsvcmtxcutoverrpt_sql,2026-04-13 16:43:36.060000,xrdcwddbsuip06,MTX_ACOE_Cutover_Reporting,UI_Excel_Select_Xwalk_Source_Accommodations,facility,*ALL*,QXA4067,2026-09-21 01:07:43.194000
1483,COCMCW,L4,NEWBORN LEVEL 4,L4,Y,NO MATCH,0,COCMCW,L4,NEWBORN LEVEL IV CARE,L4,Y,Y,N,None,RWM4772,2026-04-21 16:52:22,corpsvcmtxcutoverrpt_sql,2026-04-13 16:43:36.060000,xrdcwddbsuip06,MTX_ACOE_Cutover_Reporting,UI_Excel_Select_Xwalk_Source_Accommodations,facility,*ALL*,QXA4067,2026-09-21 01:07:43.194000
1484,COCMHB,___N/A___20260630124209,Net New Expanse Service--no MT56 data,,,"TEST (2026-09-20),ZCON (2026-09-20),LIVE (2026-09-04)",0,COCMHB,LDHR,LABOR AND DELIVERY HIGH RISK,LR,y,Y,N,None,FRE8115,2026-06-30 12:47:40.250000,HCA\IIU4396,2026-06-30 12:28:18.210000,xrdcwddbsuip06,MTX_ACOE_Cutover_Reporting,UI_Excel_Select_Xwalk_Source_Accommodations,facility,*ALL*,QXA4067,2026-09-21 01:07:43.195000
1485,COCMHB,AP,ADULT PSYCH PRIVATE,AP,N,NO MATCH,0,COCMHB,,,,,N,Y,None,FRE8115,2026-03-26 09:00:39.580000,corpsvcmtxcutoverrpt_sql,2026-01-22 12:53:30.830000,xrdcwddbsuip06,MTX_ACOE_Cutover_Reporting,UI_Excel_Select_Xwalk_Source_Accommodations,facility,*ALL*,QXA4067,2026-09-21 01:07:43.195000
1486,COCMHB,AS,ADULT PSYCH SEMI PVT,AS,N,NO MATCH,0,COCMHB,,,,,N,Y,None,FRE8115,2026-03-26 09:00:39.623000,corpsvcmtxcutoverrpt_sql,2026-01-22 12:53:30.830000,xrdcwddbsuip06,MTX_ACOE_Cutover_Reporting,UI_Excel_Select_Xwalk_Source_Accommodations,facility,*ALL*,QXA4067,2026-09-21 01:07:43.195000
1487,COCMHB,BURN,Burn Intensive Care,BU,N,NO MATCH,0,COCMHB,,,,,N,Y,None,FRE8115,2026-03-26 09:00:39.660000,corpsvcmtxcutoverrpt_sql,2026-01-22 12:53:30.830000,xrdcwddbsuip06,MTX_ACOE_Cutover_Reporting,UI_Excel_Select_Xwalk_Source_Accommodations,facility,*ALL*,QXA4067,2026-09-21 01:07:43.195000
1488,COCMHB,CC,CORONARY CARE,CO,Y,"TEST (2026-09-20),ZCON (2026-09-20),LIVE (2026-09-04)",0,COCMHB,CC,CORONARY CARE,CC,Y,Y,N,None,FRE8115,2026-01-26 09:52:35.933000,corpsvcmtxcutoverrpt_sql,2026-01-22 12:53:30.830000,xrdcwddbsuip06,MTX_ACOE_Cutover_Reporting,UI_Excel_Select_Xwalk_Source_Accommodations,facility,*ALL*,QXA4067,2026-09-21 01:07:43.195000
1489,COCMHB,CV,CVICU,CV,Y,"TEST (2026-09-20),ZCON (2026-09-20),LIVE (2026-09-04)",4,COCMHB,CC,CORONARY CARE,CC,Y,Y,N,None,FRE8115,2026-01-26 09:52:35.980000,corpsvcmtxcutoverrpt_sql,2026-01-22 12:53:30.830000,xrdcwddbsuip06,MTX_ACOE_Cutover_Reporting,UI_Excel_Select_Xwalk_Source_Accommodations,facility,*ALL*,QXA4067,2026-09-21 01:07:43.195000
1490,COCMHB,DX,Detox,DX,N,NO MATCH,0,COCMHB,,,,,N,Y,None,FRE8115,2026-03-26 09:00:39.700000,corpsvcmtxcutoverrpt_sql,2026-01-22 12:53:30.830000,xrdcwddbsuip06,MTX_ACOE_Cutover_Reporting,UI_Excel_Select_Xwalk_Source_Accommodations,facility,*ALL*,QXA4067,2026-09-21 01:07:43.195000
1491,COCMHB,EC,ICU GENERAL W ECMO,EC,Y,"TEST (2026-09-20),ZCON (2026-09-20),LIVE (2026-09-04)",0,COCMHB,EC,ECMO,EC,Y,Y,N,None,FRE8115,2026-01-26 09:52:36.020000,corpsvcmtxcutoverrpt_sql,2026-01-22 12:53:30.830000,xrdcwddbsuip06,MTX_ACOE_Cutover_Reporting,UI_Excel_Select_Xwalk_Source_Accommodations,facility,*ALL*,QXA4067,2026-09-21 01:07:43.195000
1492,COCMHB,GP,GERI PSYCH PRIVATE,GP,N,NO MATCH,0,COCMHB,,,,,N,Y,None,FRE8115,2026-03-26 09:00:39.743000,corpsvcmtxcutoverrpt_sql,2026-01-22 12:53:30.830000,xrdcwddbsuip06,MTX_ACOE_Cutover_Reporting,UI_Excel_Select_Xwalk_Source_Accommodations,facility,*ALL*,QXA4067,2026-09-21 01:07:43.195000
1493,COCMHB,GS,GERI PSYCH SEMI PVT,GS,N,NO MATCH,0,COCMHB,,,,,N,Y,None,FRE8115,2026-03-26 09:00:39.780000,corpsvcmtxcutoverrpt_sql,2026-01-22 12:53:30.830000,xrdcwddbsuip06,MTX_ACOE_Cutover_Reporting,UI_Excel_Select_Xwalk_Source_Accommodations,facility,*ALL*,QXA4067,2026-09-21 01:07:43.195000
1494,COCMHB,IC,Intensive Care,IN,Y,"TEST (2026-09-20),ZCON (2026-09-20),LIVE (2026-09-04)",51,COCMHB,IC,INTENSIVE CARE,IC,Y,Y,N,None,FRE8115,2026-01-26 09:52:36.057000,corpsvcmtxcutoverrpt_sql,2026-01-22 12:53:30.830000,xrdcwddbsuip06,MTX_ACOE_Cutover_Reporting,UI_Excel_Select_Xwalk_Source_Accommodations,facility,*ALL*,QXA4067,2026-09-21 01:07:43.195000
1495,COCMHB,IM,Intermediate Care,IR,Y,"TEST (2026-09-20),ZCON (2026-09-20),LIVE (2026-09-04)",122,COCMHB,PC,PROGRESSIVE CARE,PC,Y,Y,N,None,FRE8115,2026-06-24 12:05:23.343000,corpsvcmtxcutoverrpt_sql,2026-01-22 12:53:30.830000,xrdcwddbsuip06,MTX_ACOE_Cutover_Reporting,UI_Excel_Select_Xwalk_Source_Accommodations,facility,*ALL*,QXA4067,2026-09-21 01:07:43.195000
1496,COCMHB,IMCU,Intermediate Care CCU,CR,Y,"TEST (2026-09-20),ZCON (2026-09-20),LIVE (2026-09-04)",4,COCMHB,PCCC,PROGRESSIVE CARE CCU,PU,Y,Y,N,None,FRE8115,2026-06-24 12:05:23.377000,corpsvcmtxcutoverrpt_sql,2026-01-22 12:53:30.830000,xrdcwddbsuip06,MTX_ACOE_Cutover_Reporting,UI_Excel_Select_Xwalk_Source_Accommodations,facility,*ALL*,QXA4067,2026-09-21 01:07:43.195000
1497,COCMHB,L1,NEWBORN LEVEL I,L1,Y,"TEST (2026-09-20),ZCON (2026-09-20),LIVE (2026-09-04)",160,COCMHB,L1,NEWBORN LEVEL I CARE,L1,Y,Y,N,None,FRE8115,2026-01-26 09:52:36.180000,corpsvcmtxcutoverrpt_sql,2026-01-22 12:53:30.830000,xrdcwddbsuip06,MTX_ACOE_Cutover_Reporting,UI_Excel_Select_Xwalk_Source_Accommodations,facility,*ALL*,QXA4067,2026-09-21 01:07:43.195000
1498,COCMHB,L2,NEWBORN LEVEL II,L2,Y,"TEST (2026-09-20),ZCON (2026-09-20),LIVE (2026-09-04)",21,COCMHB,L2,NEWBORN LEVEL II CARE,L2,Y,Y,N,None,FRE8115,2026-01-26 09:52:36.220000,corpsvcmtxcutoverrpt_sql,2026-01-22 12:53:30.830000,xrdcwddbsuip06,MTX_ACOE_Cutover_Reporting,UI_Excel_Select_Xwalk_Source_Accommodations,facility,*ALL*,QXA4067,2026-09-21 01:07:43.195000
1499,COCMHB,L3,NEWBORN LEVEL III,L3,Y,"TEST (2026-09-20),ZCON (2026-09-20),LIVE (2026-09-04)",10,COCMHB,L3,NEWBORN LEVEL III CARE,L3,Y,Y,N,None,FRE8115,2026-01-26 09:52:36.260000,corpsvcmtxcutoverrpt_sql,2026-01-22 12:53:30.830000,xrdcwddbsuip06,MTX_ACOE_Cutover_Reporting,UI_Excel_Select_Xwalk_Source_Accommodations,facility,*ALL*,QXA4067,2026-09-21 01:07:43.195000
1500,COCMHB,L4,NEWBORN LEVEL IV,L4,Y,"TEST (2026-09-20),ZCON (2026-09-20),LIVE (2026-09-04)",8,COCMHB,L4,NEWBORN LEVEL IV CARE,L4,Y,Y,N,None,FRE8115,2026-01-26 09:52:36.300000,corpsvcmtxcutoverrpt_sql,2026-01-22 12:53:30.830000,xrdcwddbsuip06,MTX_ACOE_Cutover_Reporting,UI_Excel_Select_Xwalk_Source_Accommodations,facility,*ALL*,QXA4067,2026-09-21 01:07:43.195000
1501,COCMHB,LD,LABOR & DELIVERY,LD,Y,"TEST (2026-09-20),ZCON (2026-09-20),LIVE (2026-09-04)",0,COCMHB,LD,LABOR AND DELIVERY,LD,Y,Y,N,None,FRE8115,2026-01-26 09:52:36.340000,corpsvcmtxcutoverrpt_sql,2026-01-22 12:53:30.830000,xrdcwddbsuip06,MTX_ACOE_Cutover_Reporting,UI_Excel_Select_Xwalk_Source_Accommodations,facility,*ALL*,QXA4067,2026-09-21 01:07:43.195000
1502,COCMHB,M,CORONARY CARE,CC,N,NO MATCH,0,COCMHB,,,,,N,Y,None,FRE8115,2026-03-26 09:00:39.820000,corpsvcmtxcutoverrpt_sql,2026-01-22 12:53:30.830000,xrdcwddbsuip06,MTX_ACOE_Cutover_Reporting,UI_Excel_Select_Xwalk_Source_Accommodations,facility,*ALL*,QXA4067,2026-09-21 01:07:43.195000
1503,COCMHB,MA,MED PRI,MA,N,NO MATCH,0,COCMHB,,,,,N,Y,None,FRE8115,2026-03-26 09:00:39.860000,corpsvcmtxcutoverrpt_sql,2026-01-22 12:53:30.830000,xrdcwddbsuip06,MTX_ACOE_Cutover_Reporting,UI_Excel_Select_Xwalk_Source_Accommodations,facility,*ALL*,QXA4067,2026-09-21 01:07:43.195000
1504,COCMHB,MD,MED,M,N,"TEST (2026-09-20),ZCON (2026-09-20),LIVE (2026-09-04)",0,COCMHB,M,MEDICAL,M,Y,Y,N,None,RWM4772,2026-09-01 13:27:32.840000,corpsvcmtxcutoverrpt_sql,2026-01-22 12:53:30.830000,xrdcwddbsuip06,MTX_ACOE_Cutover_Reporting,UI_Excel_Select_Xwalk_Source_Accommodations,facility,*ALL*,QXA4067,2026-09-21 01:07:43.195000
1505,COCMHB,MS,Med Surg,MD,Y,"TEST (2026-09-20),ZCON (2026-09-20),LIVE (2026-09-04)",363,COCMHB,MS,MED SURG,MS,Y,Y,N,None,FRE8115,2026-01-26 09:52:36.380000,corpsvcmtxcutoverrpt_sql,2026-01-22 12:53:30.830000,xrdcwddbsuip06,MTX_ACOE_Cutover_Reporting,UI_Excel_Select_Xwalk_Source_Accommodations,facility,*ALL*,QXA4067,2026-09-21 01:07:43.195000
1506,COCMHB,N1,NICU Level 1,NO,N,NO MATCH,0,COCMHB,,,,,N,Y,None,FRE8115,2026-03-26 09:00:39.963000,corpsvcmtxcutoverrpt_sql,2026-01-22 12:53:30.830000,xrdcwddbsuip06,MTX_ACOE_Cutover_Reporting,UI_Excel_Select_Xwalk_Source_Accommodations,facility,*ALL*,QXA4067,2026-09-21 01:07:43.195000
1507,COCMHB,N2,NICU Level 2,NT,Y,"TEST (2026-09-20),ZCON (2026-09-20),LIVE (2026-09-04)",0,COCMHB,L2,NEWBORN LEVEL II CARE,L2,Y,Y,N,None,FRE8115,2026-01-26 09:52:36.420000,corpsvcmtxcutoverrpt_sql,2026-01-22 12:53:30.830000,xrdcwddbsuip06,MTX_ACOE_Cutover_Reporting,UI_Excel_Select_Xwalk_Source_Accommodations,facility,*ALL*,QXA4067,2026-09-21 01:07:43.195000
1508,COCMHB,N3,NICU Level 3,N3,Y,"TEST (2026-09-20),ZCON (2026-09-20),LIVE (2026-09-04)",0,COCMHB,L3,NEWBORN LEVEL III CARE,L3,Y,Y,N,None,FRE8115,2026-01-26 09:52:36.460000,corpsvcmtxcutoverrpt_sql,2026-01-22 12:53:30.830000,xrdcwddbsuip06,MTX_ACOE_Cutover_Reporting,UI_Excel_Select_Xwalk_Source_Accommodations,facility,*ALL*,QXA4067,2026-09-21 01:07:43.195000
1509,COCMHB,N4,NICU Level 4,N4,Y,"TEST (2026-09-20),ZCON (2026-09-20),LIVE (2026-09-04)",0,COCMHB,L4,NEWBORN LEVEL IV CARE,L4,Y,Y,N,None,FRE8115,2026-01-26 09:52:36.503000,corpsvcmtxcutoverrpt_sql,2026-01-22 12:53:30.830000,xrdcwddbsuip06,MTX_ACOE_Cutover_Reporting,UI_Excel_Select_Xwalk_Source_Accommodations,facility,*ALL*,QXA4067,2026-09-21 01:07:43.195000
1510,COCMHB,NB,Newborn Basic Care,NB,Y,"TEST (2026-09-20),ZCON (2026-09-20),LIVE (2026-09-04)",19,COCMHB,L1,NEWBORN LEVEL I CARE,L1,Y,Y,N,None,FRE8115,2026-01-26 09:52:36.543000,corpsvcmtxcutoverrpt_sql,2026-01-22 12:53:30.830000,xrdcwddbsuip06,MTX_ACOE_Cutover_Reporting,UI_Excel_Select_Xwalk_Source_Accommodations,facility,*ALL*,QXA4067,2026-09-21 01:07:43.195000
1511,COCMHB,NI,SCN ICU,NI,N,NO MATCH,0,COCMHB,,,,,N,Y,None,FRE8115,2026-03-26 09:00:40.007000,corpsvcmtxcutoverrpt_sql,2026-01-22 12:53:30.830000,xrdcwddbsuip06,MTX_ACOE_Cutover_Reporting,UI_Excel_Select_Xwalk_Source_Accommodations,facility,*ALL*,QXA4067,2026-09-21 01:07:43.195000
1512,COCMHB,OB,OB GYN,OB,N,NO MATCH,0,COCMHB,,,,,N,Y,None,FRE8115,2026-03-26 09:00:40.047000,corpsvcmtxcutoverrpt_sql,2026-01-22 12:53:30.830000,xrdcwddbsuip06,MTX_ACOE_Cutover_Reporting,UI_Excel_Select_Xwalk_Source_Accommodations,facility,*ALL*,QXA4067,2026-09-21 01:07:43.196000
1513,COCMHB,OC,Obstetrics,OC,Y,"TEST (2026-09-20),ZCON (2026-09-20),LIVE (2026-09-04)",210,COCMHB,LD,LABOR AND DELIVERY,LD,Y,Y,N,None,FRE8115,2026-01-26 09:52:36.583000,corpsvcmtxcutoverrpt_sql,2026-01-22 12:53:30.830000,xrdcwddbsuip06,MTX_ACOE_Cutover_Reporting,UI_Excel_Select_Xwalk_Source_Accommodations,facility,*ALL*,QXA4067,2026-09-21 01:07:43.196000
1514,COCMHB,PN,Perinatal Unit,PN,Y,"TEST (2026-09-20),ZCON (2026-09-20),LIVE (2026-09-04)",0,COCMHB,AP,ANTEPARTUM,AP,Y,Y,N,None,FRE8115,2026-01-26 09:52:36.623000,corpsvcmtxcutoverrpt_sql,2026-01-22 12:53:30.830000,xrdcwddbsuip06,MTX_ACOE_Cutover_Reporting,UI_Excel_Select_Xwalk_Source_Accommodations,facility,*ALL*,QXA4067,2026-09-21 01:07:43.196000
1515,COCMHB,PP,POST PARTUM,PP,N,NO MATCH,0,COCMHB,,,,,N,Y,None,FRE8115,2026-03-26 09:00:40.087000,corpsvcmtxcutoverrpt_sql,2026-01-22 12:53:30.830000,xrdcwddbsuip06,MTX_ACOE_Cutover_Reporting,UI_Excel_Select_Xwalk_Source_Accommodations,facility,*ALL*,QXA4067,2026-09-21 01:07:43.196000
1516,COCMHB,PSY,Psych,PY,Y,"TEST (2026-09-20),ZCON (2026-09-20),LIVE (2026-09-04)",0,COCMHB,MS,MED SURG,MS,Y,Y,N,None,FRE8115,2026-03-27 09:10:39.617000,corpsvcmtxcutoverrpt_sql,2026-01-22 12:53:30.830000,xrdcwddbsuip06,MTX_ACOE_Cutover_Reporting,UI_Excel_Select_Xwalk_Source_Accommodations,facility,*ALL*,QXA4067,2026-09-21 01:07:43.196000
1517,COCMHB,RE,REHAB CRU,RE,N,NO MATCH,0,COCMHB,,,,,N,Y,None,FRE8115,2026-03-26 09:00:40.130000,corpsvcmtxcutoverrpt_sql,2026-01-22 12:53:30.830000,xrdcwddbsuip06,MTX_ACOE_Cutover_Reporting,UI_Excel_Select_Xwalk_Source_Accommodations,facility,*ALL*,QXA4067,2026-09-21 01:07:43.196000
1518,COCMHB,RH,Rehabilitation,RH,Y,"TEST (2026-09-20),ZCON (2026-09-20),LIVE (2026-09-04)",84,COCMHB,R,REHABILITATION,R,Y,Y,N,None,FRE8115,2026-01-26 09:52:36.667000,corpsvcmtxcutoverrpt_sql,2026-01-22 12:53:30.830000,xrdcwddbsuip06,MTX_ACOE_Cutover_Reporting,UI_Excel_Select_Xwalk_Source_Accommodations,facility,*ALL*,QXA4067,2026-09-21 01:07:43.196000
1519,COCMHB,SB,SWING BED,SB,Y,"TEST (2026-09-20),ZCON (2026-09-20),LIVE (2026-09-04)",0,COCMHB,SW,SWING BED,SW,Y,Y,N,None,FRE8115,2026-01-26 09:52:36.707000,corpsvcmtxcutoverrpt_sql,2026-01-22 12:53:30.830000,xrdcwddbsuip06,MTX_ACOE_Cutover_Reporting,UI_Excel_Select_Xwalk_Source_Accommodations,facility,*ALL*,QXA4067,2026-09-21 01:07:43.196000
1520,COCMHB,SP,SUR PP,SP,N,NO MATCH,0,COCMHB,,,,,N,Y,None,FRE8115,2026-03-26 09:00:40.170000,corpsvcmtxcutoverrpt_sql,2026-01-22 12:53:30.830000,xrdcwddbsuip06,MTX_ACOE_Cutover_Reporting,UI_Excel_Select_Xwalk_Source_Accommodations,facility,*ALL*,QXA4067,2026-09-21 01:07:43.196000
1521,COCMHB,T,TELEMETRY,T,Y,"TEST (2026-09-20),ZCON (2026-09-20),LIVE (2026-09-04)",250,COCMHB,TEL,TELEMETRY,TE,Y,Y,N,None,FRE8115,2026-01-26 09:52:36.750000,corpsvcmtxcutoverrpt_sql,2026-01-22 12:53:30.830000,xrdcwddbsuip06,MTX_ACOE_Cutover_Reporting,UI_Excel_Select_Xwalk_Source_Accommodations,facility,*ALL*,QXA4067,2026-09-21 01:07:43.196000
1522,COCMHB,TR,Trauma Intensive Care,TR,N,NO MATCH,0,COCMHB,,,,,N,Y,None,FRE8115,2026-03-26 09:00:40.210000,corpsvcmtxcutoverrpt_sql,2026-01-22 12:53:30.830000,xrdcwddbsuip06,MTX_ACOE_Cutover_Reporting,UI_Excel_Select_Xwalk_Source_Accommodations,facility,*ALL*,QXA4067,2026-09-21 01:07:43.196000
1523,COCMHB,VIP,VIP Room,VI,N,NO MATCH,0,COCMHB,,,,,N,Y,None,FRE8115,2026-03-26 09:00:40.250000,corpsvcmtxcutoverrpt_sql,2026-01-22 12:53:30.830000,xrdcwddbsuip06,MTX_ACOE_Cutover_Reporting,UI_Excel_Select_Xwalk_Source_Accommodations,facility,*ALL*,QXA4067,2026-09-21 01:07:43.196000
1524,COCMHL,B,NEWBORN,B,N,NO MATCH,0,COCMHL,,,,,N,N,None,,,corpsvcmtxcutoverrpt_sql,2026-09-17 18:45:52.730000,xrdcwddbsuip06,MTX_ACOE_Cutover_Reporting,UI_Excel_Select_Xwalk_Source_Accommodations,facility,*ALL*,QXA4067,2026-09-21 01:07:43.196000
1525,COCMHL,DX,DETOX,DX,Y,NO MATCH,0,COCMHL,,,,,N,N,None,,,corpsvcmtxcutoverrpt_sql,2026-09-17 18:45:52.730000,xrdcwddbsuip06,MTX_ACOE_Cutover_Reporting,UI_Excel_Select_Xwalk_Source_Accommodations,facility,*ALL*,QXA4067,2026-09-21 01:07:43.196000
1526,COCMHL,EC,ECMO,EC,Y,NO MATCH,0,COCMHL,,,,,N,N,None,,,corpsvcmtxcutoverrpt_sql,2026-09-17 18:45:52.730000,xrdcwddbsuip06,MTX_ACOE_Cutover_Reporting,UI_Excel_Select_Xwalk_Source_Accommodations,facility,*ALL*,QXA4067,2026-09-21 01:07:43.196000
1527,COCMHL,HOLD,HOLD PATIENTS,H,Y,NO MATCH,0,COCMHL,,,,,N,N,None,,,corpsvcmtxcutoverrpt_sql,2026-09-17 18:45:52.730000,xrdcwddbsuip06,MTX_ACOE_Cutover_Reporting,UI_Excel_Select_Xwalk_Source_Accommodations,facility,*ALL*,QXA4067,2026-09-21 01:07:43.196000
1528,COCMHL,I,INTENSIVE CARE,IC,Y,NO MATCH,0,COCMHL,,,,,N,N,None,,,corpsvcmtxcutoverrpt_sql,2026-09-17 18:45:52.730000,xrdcwddbsuip06,MTX_ACOE_Cutover_Reporting,UI_Excel_Select_Xwalk_Source_Accommodations,facility,*ALL*,QXA4067,2026-09-21 01:07:43.196000
1529,COCMHL,J,PRIVATE - MEDICALLY JUSTIFIED,J,Y,NO MATCH,0,COCMHL,,,,,N,N,None,,,corpsvcmtxcutoverrpt_sql,2026-09-17 18:45:52.730000,xrdcwddbsuip06,MTX_ACOE_Cutover_Reporting,UI_Excel_Select_Xwalk_Source_Accommodations,facility,*ALL*,QXA4067,2026-09-21 01:07:43.196000
1530,COCMHL,L2,NEWBORN LEVEL II,L2,Y,NO MATCH,0,COCMHL,,,,,N,N,None,,,corpsvcmtxcutoverrpt_sql,2026-09-17 18:45:52.730000,xrdcwddbsuip06,MTX_ACOE_Cutover_Reporting,UI_Excel_Select_Xwalk_Source_Accommodations,facility,*ALL*,QXA4067,2026-09-21 01:07:43.196000
1531,COCMHL,L3,NEWBORN LEVEL III,L3,Y,NO MATCH,0,COCMHL,,,,,N,N,None,,,corpsvcmtxcutoverrpt_sql,2026-09-17 18:45:52.730000,xrdcwddbsuip06,MTX_ACOE_Cutover_Reporting,UI_Excel_Select_Xwalk_Source_Accommodations,facility,*ALL*,QXA4067,2026-09-21 01:07:43.196000
1532,COCMHL,L4,NEWBORN LEVEL IV,L4,Y,NO MATCH,0,COCMHL,,,,,N,N,None,,,corpsvcmtxcutoverrpt_sql,2026-09-17 18:45:52.730000,xrdcwddbsuip06,MTX_ACOE_Cutover_Reporting,UI_Excel_Select_Xwalk_Source_Accommodations,facility,*ALL*,QXA4067,2026-09-21 01:07:43.196000
1533,COCMHL,MSO,MED SURG OVERFLOW,MS,Y,NO MATCH,0,COCMHL,,,,,N,N,None,,,corpsvcmtxcutoverrpt_sql,2026-09-17 18:45:52.730000,xrdcwddbsuip06,MTX_ACOE_Cutover_Reporting,UI_Excel_Select_Xwalk_Source_Accommodations,facility,*ALL*,QXA4067,2026-09-21 01:07:43.196000
1534,COCMHL,NB,NEWBORN BASIC CARE,NB,N,NO MATCH,0,COCMHL,,,,,N,N,None,,,corpsvcmtxcutoverrpt_sql,2026-09-17 18:45:52.730000,xrdcwddbsuip06,MTX_ACOE_Cutover_Reporting,UI_Excel_Select_Xwalk_Source_Accommodations,facility,*ALL*,QXA4067,2026-09-21 01:07:43.196000
1535,COCMHL,P,PRIVATE  ROOM,P,Y,NO MATCH,0,COCMHL,,,,,N,N,None,,,corpsvcmtxcutoverrpt_sql,2026-09-17 18:45:52.730000,xrdcwddbsuip06,MTX_ACOE_Cutover_Reporting,UI_Excel_Select_Xwalk_Source_Accommodations,facility,*ALL*,QXA4067,2026-09-21 01:07:43.196000
1536,COCMHL,PS,PSYCHIATRIC,PS,Y,NO MATCH,0,COCMHL,,,,,N,N,None,,,corpsvcmtxcutoverrpt_sql,2026-09-17 18:45:52.730000,xrdcwddbsuip06,MTX_ACOE_Cutover_Reporting,UI_Excel_Select_Xwalk_Source_Accommodations,facility,*ALL*,QXA4067,2026-09-21 01:07:43.196000
1537,COCMHL,S,SEMI-PRIVATE ROOM,S,Y,NO MATCH,0,COCMHL,,,,,N,N,None,,,corpsvcmtxcutoverrpt_sql,2026-09-17 18:45:52.730000,xrdcwddbsuip06,MTX_ACOE_Cutover_Reporting,UI_Excel_Select_Xwalk_Source_Accommodations,facility,*ALL*,QXA4067,2026-09-21 01:07:43.196000
1538,COCMHL,SB,SWING BED SEMI-PRIVATE,SB,Y,NO MATCH,0,COCMHL,,,,,N,N,None,,,corpsvcmtxcutoverrpt_sql,2026-09-17 18:45:52.730000,xrdcwddbsuip06,MTX_ACOE_Cutover_Reporting,UI_Excel_Select_Xwalk_Source_Accommodations,facility,*ALL*,QXA4067,2026-09-21 01:07:43.196000
1539,COCMHL,ST,TELEMETRY SEMI-PRIVATE,ST,N,NO MATCH,0,COCMHL,,,,,N,N,None,,,corpsvcmtxcutoverrpt_sql,2026-09-17 18:45:52.730000,xrdcwddbsuip06,MTX_ACOE_Cutover_Reporting,UI_Excel_Select_Xwalk_Source_Accommodations,facility,*ALL*,QXA4067,2026-09-21 01:07:43.196000
1540,COCMHL,SW,SWING BED PRIVATE,SW,N,NO MATCH,0,COCMHL,,,,,N,N,None,,,corpsvcmtxcutoverrpt_sql,2026-09-17 18:45:52.730000,xrdcwddbsuip06,MTX_ACOE_Cutover_Reporting,UI_Excel_Select_Xwalk_Source_Accommodations,facility,*ALL*,QXA4067,2026-09-21 01:07:43.196000
1541,COCMHL,T,TELEMETRY,TL,Y,NO MATCH,0,COCMHL,,,,,N,N,None,,,corpsvcmtxcutoverrpt_sql,2026-09-17 18:45:52.730000,xrdcwddbsuip06,MTX_ACOE_Cutover_Reporting,UI_Excel_Select_Xwalk_Source_Accommodations,facility,*ALL*,QXA4067,2026-09-21 01:07:43.196000
1542,COCMHL,TM,SUITE MEDICAL DELUXE ROOM,TM,Y,NO MATCH,0,COCMHL,,,,,N,N,None,,,corpsvcmtxcutoverrpt_sql,2026-09-17 18:45:52.730000,xrdcwddbsuip06,MTX_ACOE_Cutover_Reporting,UI_Excel_Select_Xwalk_Source_Accommodations,facility,*ALL*,QXA4067,2026-09-21 01:07:43.196000
1543,COCMHL,TR,TRAUMA,TR,Y,NO MATCH,0,COCMHL,,,,,N,N,None,,,corpsvcmtxcutoverrpt_sql,2026-09-17 18:45:52.730000,xrdcwddbsuip06,MTX_ACOE_Cutover_Reporting,UI_Excel_Select_Xwalk_Source_Accommodations,facility,*ALL*,QXA4067,2026-09-21 01:07:43.197000
1544,COCMK,L1,NEWBORN LEVEL 1,L1,Y,NO MATCH,95,COCMK,L1,NEWBORN LEVEL I CARE,L1,Y,Y,N,None,JKB0282,2026-08-17 13:44:38.680000,corpsvcmtxcutoverrpt_sql,2026-07-27 09:12:30.097000,xrdcwddbsuip06,MTX_ACOE_Cutover_Reporting,UI_Excel_Select_Xwalk_Source_Accommodations,facility,*ALL*,QXA4067,2026-09-21 01:07:43.197000
1545,COCMK,L2,NEWBORN LEVEL 2,L2,Y,NO MATCH,42,COCMK,L2,NEWBORN LEVEL 2 CARE,L2,Y,Y,N,None,JKB0282,2026-08-17 13:44:38.693000,corpsvcmtxcutoverrpt_sql,2026-07-27 09:12:30.097000,xrdcwddbsuip06,MTX_ACOE_Cutover_Reporting,UI_Excel_Select_Xwalk_Source_Accommodations,facility,*ALL*,QXA4067,2026-09-21 01:07:43.197000
1546,COCMK,L3,NEWBORN LEVEL 3,L3,Y,NO MATCH,32,COCMK,L3,NEWBORN LEVEL 3 CARE,L3,Y,Y,N,None,JKB0282,2026-08-17 13:44:38.700000,corpsvcmtxcutoverrpt_sql,2026-07-27 09:12:30.097000,xrdcwddbsuip06,MTX_ACOE_Cutover_Reporting,UI_Excel_Select_Xwalk_Source_Accommodations,facility,*ALL*,QXA4067,2026-09-21 01:07:43.197000
1547,COCMK,L4,NEWBORN LEVEL 4,L4,Y,NO MATCH,2,COCMK,L4,NEWBORN LEVEL 4 CARE,L4,Y,Y,N,None,JKB0282,2026-08-17 13:44:38.707000,corpsvcmtxcutoverrpt_sql,2026-07-27 09:12:30.097000,xrdcwddbsuip06,MTX_ACOE_Cutover_Reporting,UI_Excel_Select_Xwalk_Source_Accommodations,facility,*ALL*,QXA4067,2026-09-21 01:07:43.197000
1548,COCMK,MK.TEST,MK TEST,Y,Y,NO MATCH,0,COCMK,PR,PRIVATE ROOM,PR,Y,Y,N,None,JKB0282,2026-09-02 09:08:37.907000,corpsvcmtxcutoverrpt_sql,2026-07-27 09:12:30.097000,xrdcwddbsuip06,MTX_ACOE_Cutover_Reporting,UI_Excel_Select_Xwalk_Source_Accommodations,facility,*ALL*,QXA4067,2026-09-21 01:07:43.197000
1549,COCMK,Q.ADPSY,ADULT PSYCHIATRIC,AP,N,NO MATCH,0,COCMK,,,,,N,Y,None,JKB0282,2026-09-04 11:42:31.177000,corpsvcmtxcutoverrpt_sql,2026-07-27 09:12:30.097000,xrdcwddbsuip06,MTX_ACOE_Cutover_Reporting,UI_Excel_Select_Xwalk_Source_Accommodations,facility,*ALL*,QXA4067,2026-09-21 01:07:43.197000
1550,COCMK,Q.CD,CD ADULT PRIVATE,CD,N,NO MATCH,0,COCMK,,,,,N,Y,None,JKB0282,2026-09-04 11:42:31.280000,corpsvcmtxcutoverrpt_sql,2026-07-27 09:12:30.097000,xrdcwddbsuip06,MTX_ACOE_Cutover_Reporting,UI_Excel_Select_Xwalk_Source_Accommodations,facility,*ALL*,QXA4067,2026-09-21 01:07:43.197000
1551,COCMK,Q.CDU,CDU,DU,Y,NO MATCH,0,COCMK,PR,PRIVATE ROOM,PR,Y,Y,N,None,JKB0282,2026-09-02 09:08:38.027000,corpsvcmtxcutoverrpt_sql,2026-07-27 09:12:30.097000,xrdcwddbsuip06,MTX_ACOE_Cutover_Reporting,UI_Excel_Select_Xwalk_Source_Accommodations,facility,*ALL*,QXA4067,2026-09-21 01:07:43.197000
1552,COCMK,Q.CLIN,OUTPATIENT CLINICAL,OC,Y,NO MATCH,0,COCMK,PR,PRIVATE ROOM,PR,Y,Y,N,None,JKB0282,2026-09-02 09:08:38.147000,corpsvcmtxcutoverrpt_sql,2026-07-27 09:12:30.097000,xrdcwddbsuip06,MTX_ACOE_Cutover_Reporting,UI_Excel_Select_Xwalk_Source_Accommodations,facility,*ALL*,QXA4067,2026-09-21 01:07:43.197000
1553,COCMK,Q.DETOX,DETOX ADULT PRIVATE,D,Y,NO MATCH,0,COCMK,,,,,N,N,None,,,corpsvcmtxcutoverrpt_sql,2026-07-27 09:12:30.097000,xrdcwddbsuip06,MTX_ACOE_Cutover_Reporting,UI_Excel_Select_Xwalk_Source_Accommodations,facility,*ALL*,QXA4067,2026-09-21 01:07:43.197000
1554,COCMK,Q.ECMO,ECMO,EC,Y,NO MATCH,0,COCMK,EC,ECMO,EC,Y,Y,N,None,JKB0282,2026-08-17 13:44:38.720000,corpsvcmtxcutoverrpt_sql,2026-07-27 09:12:30.097000,xrdcwddbsuip06,MTX_ACOE_Cutover_Reporting,UI_Excel_Select_Xwalk_Source_Accommodations,facility,*ALL*,QXA4067,2026-09-21 01:07:43.197000
1555,COCMK,Q.ER,EMERGENCY ROOM,E,Y,NO MATCH,0,COCMK,PR,PRIVATE ROOM,PR,Y,Y,N,None,JKB0282,2026-09-02 09:08:38.260000,corpsvcmtxcutoverrpt_sql,2026-07-27 09:12:30.097000,xrdcwddbsuip06,MTX_ACOE_Cutover_Reporting,UI_Excel_Select_Xwalk_Source_Accommodations,facility,*ALL*,QXA4067,2026-09-21 01:07:43.197000
1556,COCMK,Q.GPS,GERIPSYCH SEMI-PRIVATE,GS,Y,NO MATCH,28,COCMK,BH,BEHVIORIAL HEALTH,BH,Y,Y,N,None,JKB0282,2026-08-17 13:44:38.723000,corpsvcmtxcutoverrpt_sql,2026-07-27 09:12:30.097000,xrdcwddbsuip06,MTX_ACOE_Cutover_Reporting,UI_Excel_Select_Xwalk_Source_Accommodations,facility,*ALL*,QXA4067,2026-09-21 01:07:43.197000
1557,COCMK,Q.GYN,GYN SEMI PVT,GY,Y,NO MATCH,0,COCMK,PR,PRIVATE ROOM,PR,Y,Y,N,None,JKB0282,2026-09-02 09:08:38.360000,corpsvcmtxcutoverrpt_sql,2026-07-27 09:12:30.097000,xrdcwddbsuip06,MTX_ACOE_Cutover_Reporting,UI_Excel_Select_Xwalk_Source_Accommodations,facility,*ALL*,QXA4067,2026-09-21 01:07:43.198000
1558,COCMK,Q.ICU,INTENSIVE CARE UNIT,IC,Y,NO MATCH,64,COCMK,IC,INTENSIVE CARE,IC,Y,Y,N,None,JKB0282,2026-08-17 13:44:38.730000,corpsvcmtxcutoverrpt_sql,2026-07-27 09:12:30.097000,xrdcwddbsuip06,MTX_ACOE_Cutover_Reporting,UI_Excel_Select_Xwalk_Source_Accommodations,facility,*ALL*,QXA4067,2026-09-21 01:07:43.198000
1559,COCMK,Q.IS,ISOLATION,IS,Y,NO MATCH,0,COCMK,PR,PRIVATE ROOM,PR,Y,Y,N,None,JKB0282,2026-09-02 09:08:38.450000,corpsvcmtxcutoverrpt_sql,2026-07-27 09:12:30.097000,xrdcwddbsuip06,MTX_ACOE_Cutover_Reporting,UI_Excel_Select_Xwalk_Source_Accommodations,facility,*ALL*,QXA4067,2026-09-21 01:07:43.198000
1560,COCMK,Q.IT,ISOLATION W/ TELE,IT,Y,NO MATCH,0,COCMK,PR,PRIVATE ROOM,PR,Y,Y,N,None,JKB0282,2026-09-02 09:08:38.537000,corpsvcmtxcutoverrpt_sql,2026-07-27 09:12:30.097000,xrdcwddbsuip06,MTX_ACOE_Cutover_Reporting,UI_Excel_Select_Xwalk_Source_Accommodations,facility,*ALL*,QXA4067,2026-09-21 01:07:43.198000
1561,COCMK,Q.L1,NEWBORN LEVEL I,N1,Y,NO MATCH,0,COCMK,L1,NEWBORN LEVEL I CARE,L1,Y,Y,N,None,JKB0282,2026-09-02 09:22:59.533000,corpsvcmtxcutoverrpt_sql,2026-07-27 09:12:30.097000,xrdcwddbsuip06,MTX_ACOE_Cutover_Reporting,UI_Excel_Select_Xwalk_Source_Accommodations,facility,*ALL*,QXA4067,2026-09-21 01:07:43.198000
1562,COCMK,Q.LDO,L&D OUTPATIENT,LO,Y,NO MATCH,1,COCMK,PR,PRIVATE ROOM,PR,Y,Y,N,None,JKB0282,2026-09-02 09:08:38.627000,corpsvcmtxcutoverrpt_sql,2026-07-27 09:12:30.097000,xrdcwddbsuip06,MTX_ACOE_Cutover_Reporting,UI_Excel_Select_Xwalk_Source_Accommodations,facility,*ALL*,QXA4067,2026-09-21 01:07:43.198000
1563,COCMK,Q.MED,MEDICAL,ME,N,NO MATCH,0,COCMK,,,,,N,Y,None,JKB0282,2026-09-04 11:42:31.370000,corpsvcmtxcutoverrpt_sql,2026-07-27 09:12:30.097000,xrdcwddbsuip06,MTX_ACOE_Cutover_Reporting,UI_Excel_Select_Xwalk_Source_Accommodations,facility,*ALL*,QXA4067,2026-09-21 01:07:43.198000
1564,COCMK,Q.MSSO,M/S OVERFLOW IN OBG SEMI,MO,Y,NO MATCH,0,COCMK,PR,PRIVATE ROOM,PR,Y,Y,N,None,JKB0282,2026-09-02 09:08:38.710000,corpsvcmtxcutoverrpt_sql,2026-07-27 09:12:30.097000,xrdcwddbsuip06,MTX_ACOE_Cutover_Reporting,UI_Excel_Select_Xwalk_Source_Accommodations,facility,*ALL*,QXA4067,2026-09-21 01:07:43.198000
1565,COCMK,Q.MSSTO,M/S OVERFLW IN OBG SEMI W/TELE,MT,Y,NO MATCH,0,COCMK,PR,PRIVATE ROOM,PR,Y,Y,N,None,JKB0282,2026-09-02 09:08:38.800000,corpsvcmtxcutoverrpt_sql,2026-07-27 09:12:30.097000,xrdcwddbsuip06,MTX_ACOE_Cutover_Reporting,UI_Excel_Select_Xwalk_Source_Accommodations,facility,*ALL*,QXA4067,2026-09-21 01:07:43.198000
1566,COCMK,Q.NEUMAS,NEURO MED SURG,NM,Y,NO MATCH,0,COCMK,PC,PROGRESSIVE CARE,PC,Y,Y,N,None,JKB0282,2026-09-02 09:22:59.657000,corpsvcmtxcutoverrpt_sql,2026-07-27 09:12:30.097000,xrdcwddbsuip06,MTX_ACOE_Cutover_Reporting,UI_Excel_Select_Xwalk_Source_Accommodations,facility,*ALL*,QXA4067,2026-09-21 01:07:43.198000
1567,COCMK,Q.NEUPCU,NEURO PCU,PN,Y,NO MATCH,0,COCMK,PC,PROGRESSIVE CARE,,Y,Y,N,None,JKB0282,2026-09-02 09:22:59.747000,corpsvcmtxcutoverrpt_sql,2026-07-27 09:12:30.097000,xrdcwddbsuip06,MTX_ACOE_Cutover_Reporting,UI_Excel_Select_Xwalk_Source_Accommodations,facility,*ALL*,QXA4067,2026-09-21 01:07:43.198000
1568,COCMK,Q.NI,NURSERY ISOLATION,NI,Y,NO MATCH,0,COCMK,L1,NEWBORN LEVEL I CARE,L1,Y,Y,N,None,JKB0282,2026-09-02 09:22:59.850000,corpsvcmtxcutoverrpt_sql,2026-07-27 09:12:30.097000,xrdcwddbsuip06,MTX_ACOE_Cutover_Reporting,UI_Excel_Select_Xwalk_Source_Accommodations,facility,*ALL*,QXA4067,2026-09-21 01:07:43.198000
1569,COCMK,Q.NICU,NEONATAL ICU,NN,N,NO MATCH,0,COCMK,,,,,N,Y,None,JKB0282,2026-09-04 11:42:31.463000,corpsvcmtxcutoverrpt_sql,2026-07-27 09:12:30.097000,xrdcwddbsuip06,MTX_ACOE_Cutover_Reporting,UI_Excel_Select_Xwalk_Source_Accommodations,facility,*ALL*,QXA4067,2026-09-21 01:07:43.198000
1570,COCMK,Q.NICU2,NEWBORN LEVEL II,N2,Y,NO MATCH,0,COCMK,L2,,,Y,Y,N,None,JKB0282,2026-09-02 09:13:48.490000,corpsvcmtxcutoverrpt_sql,2026-07-27 09:12:30.097000,xrdcwddbsuip06,MTX_ACOE_Cutover_Reporting,UI_Excel_Select_Xwalk_Source_Accommodations,facility,*ALL*,QXA4067,2026-09-21 01:07:43.198000
1571,COCMK,Q.NICU3,NEWBORN LEVEL III,N3,Y,NO MATCH,0,COCMK,L3,,,Y,Y,N,None,JKB0282,2026-09-02 09:13:48.577000,corpsvcmtxcutoverrpt_sql,2026-07-27 09:12:30.097000,xrdcwddbsuip06,MTX_ACOE_Cutover_Reporting,UI_Excel_Select_Xwalk_Source_Accommodations,facility,*ALL*,QXA4067,2026-09-21 01:07:43.198000
1572,COCMK,Q.NICU4,NEWBORN LEVEL IV,N4,Y,NO MATCH,0,COCMK,L4,,,Y,Y,N,None,JKB0282,2026-09-02 09:13:48.663000,corpsvcmtxcutoverrpt_sql,2026-07-27 09:12:30.097000,xrdcwddbsuip06,MTX_ACOE_Cutover_Reporting,UI_Excel_Select_Xwalk_Source_Accommodations,facility,*ALL*,QXA4067,2026-09-21 01:07:43.198000
1573,COCMK,Q.NICUI,NICU LVL3 ISOLATION,3I,N,NO MATCH,0,COCMK,,,,,N,Y,None,JKB0282,2026-09-04 11:42:31.563000,corpsvcmtxcutoverrpt_sql,2026-07-27 09:12:30.097000,xrdcwddbsuip06,MTX_ACOE_Cutover_Reporting,UI_Excel_Select_Xwalk_Source_Accommodations,facility,*ALL*,QXA4067,2026-09-21 01:07:43.198000
1574,COCMK,Q.NN,NEONATAL ICU,NE,N,NO MATCH,0,COCMK,,,,,N,Y,None,JKB0282,2026-09-04 11:42:31.657000,corpsvcmtxcutoverrpt_sql,2026-07-27 09:12:30.097000,xrdcwddbsuip06,MTX_ACOE_Cutover_Reporting,UI_Excel_Select_Xwalk_Source_Accommodations,facility,*ALL*,QXA4067,2026-09-21 01:07:43.198000
1575,COCMK,Q.NT,NURSERY INTERMEDIATE,NT,N,NO MATCH,0,COCMK,,,,,N,Y,None,JKB0282,2026-09-04 11:42:31.753000,corpsvcmtxcutoverrpt_sql,2026-07-27 09:12:30.097000,xrdcwddbsuip06,MTX_ACOE_Cutover_Reporting,UI_Excel_Select_Xwalk_Source_Accommodations,facility,*ALL*,QXA4067,2026-09-21 01:07:43.198000
1576,COCMK,Q.NTI,NEONATE INTERMEDIATE ISOLATION,II,N,NO MATCH,0,COCMK,,,,,N,Y,None,JKB0282,2026-09-04 11:42:31.847000,corpsvcmtxcutoverrpt_sql,2026-07-27 09:12:30.097000,xrdcwddbsuip06,MTX_ACOE_Cutover_Reporting,UI_Excel_Select_Xwalk_Source_Accommodations,facility,*ALL*,QXA4067,2026-09-21 01:07:43.198000
1577,COCMK,Q.NUR,NURSERY,02,Y,NO MATCH,1,COCMK,L1,NEWBORN LEVEL I CARE,L1,Y,Y,N,None,JKB0282,2026-09-02 09:22:59.953000,corpsvcmtxcutoverrpt_sql,2026-07-27 09:12:30.097000,xrdcwddbsuip06,MTX_ACOE_Cutover_Reporting,UI_Excel_Select_Xwalk_Source_Accommodations,facility,*ALL*,QXA4067,2026-09-21 01:07:43.198000
1578,COCMK,Q.NURPED,NURSERY NOT NEWBORN,NP,Y,NO MATCH,0,COCMK,PR,PRIVATE ROOM,PR,Y,Y,N,None,JKB0282,2026-09-02 09:08:38.893000,corpsvcmtxcutoverrpt_sql,2026-07-27 09:12:30.097000,xrdcwddbsuip06,MTX_ACOE_Cutover_Reporting,UI_Excel_Select_Xwalk_Source_Accommodations,facility,*ALL*,QXA4067,2026-09-21 01:07:43.198000
1579,COCMK,Q.OBG,OBSTETRICS/GYNECOLOGY,OB,N,NO MATCH,0,COCMK,,,,,N,Y,None,JKB0282,2026-09-04 11:42:31.937000,corpsvcmtxcutoverrpt_sql,2026-07-27 09:12:30.097000,xrdcwddbsuip06,MTX_ACOE_Cutover_Reporting,UI_Excel_Select_Xwalk_Source_Accommodations,facility,*ALL*,QXA4067,2026-09-21 01:07:43.198000
1580,COCMK,Q.OBS,OBSERVATION,OS,Y,NO MATCH,0,COCMK,PR,PRIVATE ROOM,PR,Y,Y,N,None,JKB0282,2026-09-02 09:08:38.980000,corpsvcmtxcutoverrpt_sql,2026-07-27 09:12:30.097000,xrdcwddbsuip06,MTX_ACOE_Cutover_Reporting,UI_Excel_Select_Xwalk_Source_Accommodations,facility,*ALL*,QXA4067,2026-09-21 01:07:43.198000
1581,COCMK,Q.OBSO,OBG SEMI M/S OVERFLOW,MK,N,NO MATCH,0,COCMK,,,,,N,Y,None,JKB0282,2026-09-04 11:42:32.027000,corpsvcmtxcutoverrpt_sql,2026-07-27 09:12:30.097000,xrdcwddbsuip06,MTX_ACOE_Cutover_Reporting,UI_Excel_Select_Xwalk_Source_Accommodations,facility,*ALL*,QXA4067,2026-09-21 01:07:43.198000
1582,COCMK,Q.OBSTOM,OBG SEMI W/ TELE M/S OVERFLOW,10,N,NO MATCH,0,COCMK,,,,,N,Y,None,JKB0282,2026-09-04 11:42:32.120000,corpsvcmtxcutoverrpt_sql,2026-07-27 09:12:30.097000,xrdcwddbsuip06,MTX_ACOE_Cutover_Reporting,UI_Excel_Select_Xwalk_Source_Accommodations,facility,*ALL*,QXA4067,2026-09-21 01:07:43.198000
1583,COCMK,Q.OFC,OFFICE,OF,N,NO MATCH,0,COCMK,,,,,N,Y,None,JKB0282,2026-09-04 11:42:32.213000,corpsvcmtxcutoverrpt_sql,2026-07-27 09:12:30.097000,xrdcwddbsuip06,MTX_ACOE_Cutover_Reporting,UI_Excel_Select_Xwalk_Source_Accommodations,facility,*ALL*,QXA4067,2026-09-21 01:07:43.198000
1584,COCMK,Q.OPC,ORDER OF PROTECTIVE CUSTODY,PC,N,NO MATCH,0,COCMK,,,,,N,Y,None,JKB0282,2026-09-04 11:42:32.303000,corpsvcmtxcutoverrpt_sql,2026-07-27 09:12:30.097000,xrdcwddbsuip06,MTX_ACOE_Cutover_Reporting,UI_Excel_Select_Xwalk_Source_Accommodations,facility,*ALL*,QXA4067,2026-09-21 01:07:43.198000
1585,COCMK,Q.PCU,PCU SEMI PVT,PU,Y,NO MATCH,226,COCMK,PC,PROGRESSIVE CARE,PC,Y,Y,N,None,JKB0282,2026-08-17 13:44:38.737000,corpsvcmtxcutoverrpt_sql,2026-07-27 09:12:30.097000,xrdcwddbsuip06,MTX_ACOE_Cutover_Reporting,UI_Excel_Select_Xwalk_Source_Accommodations,facility,*ALL*,QXA4067,2026-09-21 01:07:43.198000
1586,COCMK,Q.PED,PEDIATRICS,PE,N,NO MATCH,0,COCMK,,,,,N,Y,None,JKB0282,2026-09-04 11:42:32.393000,corpsvcmtxcutoverrpt_sql,2026-07-27 09:12:30.097000,xrdcwddbsuip06,MTX_ACOE_Cutover_Reporting,UI_Excel_Select_Xwalk_Source_Accommodations,facility,*ALL*,QXA4067,2026-09-21 01:07:43.198000
1587,COCMK,Q.PO,OVERFLOW PRIVATE,PO,N,NO MATCH,0,COCMK,,,,,N,Y,None,JKB0282,2026-09-04 11:42:32.480000,corpsvcmtxcutoverrpt_sql,2026-07-27 09:12:30.097000,xrdcwddbsuip06,MTX_ACOE_Cutover_Reporting,UI_Excel_Select_Xwalk_Source_Accommodations,facility,*ALL*,QXA4067,2026-09-21 01:07:43.199000
1588,COCMK,Q.PSY,PSYCHIATRIC SEMI-PRIVATE,PS,Y,NO MATCH,88,COCMK,BH,BEHVIORIAL HEALTH,BH,Y,Y,N,None,JKB0282,2026-09-02 09:08:39.080000,corpsvcmtxcutoverrpt_sql,2026-07-27 09:12:30.097000,xrdcwddbsuip06,MTX_ACOE_Cutover_Reporting,UI_Excel_Select_Xwalk_Source_Accommodations,facility,*ALL*,QXA4067,2026-09-21 01:07:43.199000
1589,COCMK,Q.PSYP,PSYCHIATRIC PRIVATE,PP,Y,NO MATCH,0,COCMK,BH,BEHVIORIAL HEALTH,BH,Y,Y,N,None,JKB0282,2026-09-02 09:08:39.163000,corpsvcmtxcutoverrpt_sql,2026-07-27 09:12:30.097000,xrdcwddbsuip06,MTX_ACOE_Cutover_Reporting,UI_Excel_Select_Xwalk_Source_Accommodations,facility,*ALL*,QXA4067,2026-09-21 01:07:43.199000
1590,COCMK,Q.RHB,REHAB,RH,Y,NO MATCH,52,COCMK,RP,REHAB PRIVATE,RP,Y,Y,N,None,JKB0282,2026-08-17 13:44:38.770000,corpsvcmtxcutoverrpt_sql,2026-07-27 09:12:30.097000,xrdcwddbsuip06,MTX_ACOE_Cutover_Reporting,UI_Excel_Select_Xwalk_Source_Accommodations,facility,*ALL*,QXA4067,2026-09-21 01:07:43.199000
1591,COCMK,Q.SO,OVERFLOW SEMI PVT,SO,N,NO MATCH,0,COCMK,,,,,N,Y,None,JKB0282,2026-09-04 11:42:32.570000,corpsvcmtxcutoverrpt_sql,2026-07-27 09:12:30.097000,xrdcwddbsuip06,MTX_ACOE_Cutover_Reporting,UI_Excel_Select_Xwalk_Source_Accommodations,facility,*ALL*,QXA4067,2026-09-21 01:07:43.199000
1592,COCMK,Q.SOT,OVERFLOW SEMI W/TELE,OT,Y,NO MATCH,0,COCMK,PR,PRIVATE ROOM,PR,Y,Y,N,None,JKB0282,2026-09-02 09:08:39.247000,corpsvcmtxcutoverrpt_sql,2026-07-27 09:12:30.097000,xrdcwddbsuip06,MTX_ACOE_Cutover_Reporting,UI_Excel_Select_Xwalk_Source_Accommodations,facility,*ALL*,QXA4067,2026-09-21 01:07:43.199000
1593,COCMK,Q.SP,SEMI PRIVATE,SP,Y,NO MATCH,271,COCMK,SP,SEMI PRIVATE,SP,Y,Y,N,None,JKB0282,2026-08-17 13:44:38.780000,corpsvcmtxcutoverrpt_sql,2026-07-27 09:12:30.097000,xrdcwddbsuip06,MTX_ACOE_Cutover_Reporting,UI_Excel_Select_Xwalk_Source_Accommodations,facility,*ALL*,QXA4067,2026-09-21 01:07:43.199000
1594,COCMK,Q.SPT,SEMI-PRIVATE W/ TELE,PD,Y,NO MATCH,11,COCMK,SP,SEMI PRIVATE,SP,Y,Y,N,None,JKB0282,2026-08-17 13:44:38.787000,corpsvcmtxcutoverrpt_sql,2026-07-27 09:12:30.097000,xrdcwddbsuip06,MTX_ACOE_Cutover_Reporting,UI_Excel_Select_Xwalk_Source_Accommodations,facility,*ALL*,QXA4067,2026-09-21 01:07:43.199000
1595,COCMK,Q.SUITE,SUITE,ST,Y,NO MATCH,140,COCMK,PR,PRIVATE ROOM,PR,Y,Y,N,None,JKB0282,2026-09-02 09:08:39.333000,corpsvcmtxcutoverrpt_sql,2026-07-27 09:12:30.097000,xrdcwddbsuip06,MTX_ACOE_Cutover_Reporting,UI_Excel_Select_Xwalk_Source_Accommodations,facility,*ALL*,QXA4067,2026-09-21 01:07:43.199000
1596,COCMK,Q.SUITETEL,SUITE W/TELE,TT,Y,NO MATCH,242,COCMK,PR,PRIVATE ROOM,PR,Y,Y,N,None,JKB0282,2026-09-02 09:08:39.420000,corpsvcmtxcutoverrpt_sql,2026-07-27 09:12:30.097000,xrdcwddbsuip06,MTX_ACOE_Cutover_Reporting,UI_Excel_Select_Xwalk_Source_Accommodations,facility,*ALL*,QXA4067,2026-09-21 01:07:43.199000
1597,COCMK,Q.SURG,SURGICAL,SU,Y,NO MATCH,1,COCMK,PR,PRIVATE ROOM,PR,Y,Y,N,None,JKB0282,2026-09-02 09:08:39.503000,corpsvcmtxcutoverrpt_sql,2026-07-27 09:12:30.097000,xrdcwddbsuip06,MTX_ACOE_Cutover_Reporting,UI_Excel_Select_Xwalk_Source_Accommodations,facility,*ALL*,QXA4067,2026-09-21 01:07:43.199000
1598,COCMK,Q.TELM,TELEMETRY,TL,N,NO MATCH,0,COCMK,,,,,N,Y,None,JKB0282,2026-09-04 11:42:32.670000,corpsvcmtxcutoverrpt_sql,2026-07-27 09:12:30.097000,xrdcwddbsuip06,MTX_ACOE_Cutover_Reporting,UI_Excel_Select_Xwalk_Source_Accommodations,facility,*ALL*,QXA4067,2026-09-21 01:07:43.199000
1599,COCMK,Q.TICU,TRAUMA CRITICAL CARE UNIT,T,Y,NO MATCH,2,COCMK,TRIC,TRAUMA INTENSIVE CARE,TI,Y,Y,N,None,JKB0282,2026-08-17 13:44:38.820000,corpsvcmtxcutoverrpt_sql,2026-07-27 09:12:30.097000,xrdcwddbsuip06,MTX_ACOE_Cutover_Reporting,UI_Excel_Select_Xwalk_Source_Accommodations,facility,*ALL*,QXA4067,2026-09-21 01:07:43.199000
1600,COCMK,Q.TRAIN,TRAINING ROOM,1,N,NO MATCH,0,COCMK,,,,,N,Y,None,JKB0282,2026-09-04 11:42:32.760000,corpsvcmtxcutoverrpt_sql,2026-07-27 09:12:30.097000,xrdcwddbsuip06,MTX_ACOE_Cutover_Reporting,UI_Excel_Select_Xwalk_Source_Accommodations,facility,*ALL*,QXA4067,2026-09-21 01:07:43.199000
1601,COCMK,Q.WS,WOMEN'S SERVICES SEMI,WS,Y,NO MATCH,72,COCMK,PR,PRIVATE ROOM,PR,Y,Y,N,None,JKB0282,2026-09-02 09:08:39.587000,corpsvcmtxcutoverrpt_sql,2026-07-27 09:12:30.097000,xrdcwddbsuip06,MTX_ACOE_Cutover_Reporting,UI_Excel_Select_Xwalk_Source_Accommodations,facility,*ALL*,QXA4067,2026-09-21 01:07:43.199000
1602,COCMN,CVP,CV PRIVATE,CP,Y,"TEST (2026-08-12),ZCON (2026-08-12),LIVE (2026-08-11)",0,COCMN,PR,PRIVATE ROOM,PR,Y,Y,N,None,FAK3017,2026-02-03 15:58:33.850000,corpsvcmtxcutoverrpt_sql,2025-09-09 14:47:33.733000,xrdcwddbsuip06,MTX_ACOE_Cutover_Reporting,UI_Excel_Select_Xwalk_Source_Accommodations,facility,*ALL*,QXA4067,2026-09-21 01:07:43.199000
1603,COCMN,CVS,CV SEMI PRIVATE,CS,Y,"TEST (2026-08-12),ZCON (2026-08-12),LIVE (2026-08-11)",0,COCMN,PR,PRIVATE ROOM,PR,Y,Y,N,None,FAK3017,2026-02-03 15:58:33.893000,corpsvcmtxcutoverrpt_sql,2025-09-09 14:47:33.733000,xrdcwddbsuip06,MTX_ACOE_Cutover_Reporting,UI_Excel_Select_Xwalk_Source_Accommodations,facility,*ALL*,QXA4067,2026-09-21 01:07:43.199000
1604,COCMN,H,HOSPICE,H,Y,"TEST (2026-08-12),ZCON (2026-08-12),LIVE (2026-08-11)",0,COCMN,PR,PRIVATE ROOM,PR,Y,Y,N,None,FAK3017,2026-02-03 15:58:33.927000,corpsvcmtxcutoverrpt_sql,2025-09-09 14:47:33.733000,xrdcwddbsuip06,MTX_ACOE_Cutover_Reporting,UI_Excel_Select_Xwalk_Source_Accommodations,facility,*ALL*,QXA4067,2026-09-21 01:07:43.199000
1605,COCMN,I,INTENSIVE CARE,IC,Y,"TEST (2026-08-12),ZCON (2026-08-12),LIVE (2026-08-11)",0,COCMN,IC,INTENSIVE CARE,IC,Y,Y,N,None,FAK3017,2025-11-19 16:51:56.720000,corpsvcmtxcutoverrpt_sql,2025-09-09 14:47:33.733000,xrdcwddbsuip06,MTX_ACOE_Cutover_Reporting,UI_Excel_Select_Xwalk_Source_Accommodations,facility,*ALL*,QXA4067,2026-09-21 01:07:43.199000
1606,COCMN,IC,INTERMEDIATE NURSERY - NSY2,NB,Y,"TEST (2026-08-12),ZCON (2026-08-12),LIVE (2026-08-11)",0,COCMN,PR,PRIVATE ROOM,PR,Y,Y,N,None,FAK3017,2026-02-03 15:58:33.960000,corpsvcmtxcutoverrpt_sql,2025-09-09 14:47:33.733000,xrdcwddbsuip06,MTX_ACOE_Cutover_Reporting,UI_Excel_Select_Xwalk_Source_Accommodations,facility,*ALL*,QXA4067,2026-09-21 01:07:43.199000
1607,COCMN,ICT,INTENSIVE CARE - TRAUMA,IT,Y,"TEST (2026-08-12),ZCON (2026-08-12),LIVE (2026-08-11)",0,COCMN,TRIC,TRAUMA INTENSIVE CARE,TI,Y,Y,N,None,FAK3017,2026-04-30 16:13:53.243000,corpsvcmtxcutoverrpt_sql,2025-09-09 14:47:33.733000,xrdcwddbsuip06,MTX_ACOE_Cutover_Reporting,UI_Excel_Select_Xwalk_Source_Accommodations,facility,*ALL*,QXA4067,2026-09-21 01:07:43.199000
1608,COCMN,IS,ISOLATION,IS,Y,"TEST (2026-08-12),ZCON (2026-08-12),LIVE (2026-08-11)",0,COCMN,PR,PRIVATE ROOM,PR,Y,Y,N,None,FAK3017,2026-02-03 15:58:33.993000,corpsvcmtxcutoverrpt_sql,2025-09-09 14:47:33.733000,xrdcwddbsuip06,MTX_ACOE_Cutover_Reporting,UI_Excel_Select_Xwalk_Source_Accommodations,facility,*ALL*,QXA4067,2026-09-21 01:07:43.199000
1609,COCMN,MS,MEDICAL SURGICAL,MS,Y,"TEST (2026-08-12),ZCON (2026-08-12),LIVE (2026-08-11)",0,COCMN,PR,PRIVATE ROOM,PR,Y,Y,N,None,FAK3017,2026-02-03 15:58:34.030000,corpsvcmtxcutoverrpt_sql,2025-11-20 03:00:05.060000,xrdcwddbsuip06,MTX_ACOE_Cutover_Reporting,UI_Excel_Select_Xwalk_Source_Accommodations,facility,*ALL*,QXA4067,2026-09-21 01:07:43.199000
1610,COCMN,N,INTERMEDIATE,IM,Y,"TEST (2026-08-12),ZCON (2026-08-12),LIVE (2026-08-11)",0,COCMN,PC,PROGRESSIVE CARE,PC,Y,Y,N,None,FAK3017,2025-11-19 16:51:56.850000,corpsvcmtxcutoverrpt_sql,2025-09-09 14:47:33.733000,xrdcwddbsuip06,MTX_ACOE_Cutover_Reporting,UI_Excel_Select_Xwalk_Source_Accommodations,facility,*ALL*,QXA4067,2026-09-21 01:07:43.199000
1611,COCMN,NU,NURSERY,NU,Y,"TEST (2026-08-12),ZCON (2026-08-12),LIVE (2026-08-11)",0,COCMN,PR,PRIVATE ROOM,PR,Y,Y,N,None,FAK3017,2026-02-03 15:58:34.063000,corpsvcmtxcutoverrpt_sql,2025-09-09 14:47:33.733000,xrdcwddbsuip06,MTX_ACOE_Cutover_Reporting,UI_Excel_Select_Xwalk_Source_Accommodations,facility,*ALL*,QXA4067,2026-09-21 01:07:43.199000
1612,COCMN,P,PRIVATE ROOM,PR,Y,"TEST (2026-08-12),ZCON (2026-08-12),LIVE (2026-08-11)",0,COCMN,PR,PRIVATE ROOM,PR,Y,Y,N,None,FAK3017,2025-11-19 16:51:56.910000,corpsvcmtxcutoverrpt_sql,2025-09-09 14:47:33.733000,xrdcwddbsuip06,MTX_ACOE_Cutover_Reporting,UI_Excel_Select_Xwalk_Source_Accommodations,facility,*ALL*,QXA4067,2026-09-21 01:07:43.199000
1613,COCMN,PCU,PROGRESSIVE CARE UNIT,PC,Y,"TEST (2026-08-12),ZCON (2026-08-12),LIVE (2026-08-11)",0,COCMN,PC,PROGRESSIVE CARE,PC,Y,Y,N,None,FAK3017,2025-11-26 09:50:51.217000,corpsvcmtxcutoverrpt_sql,2025-11-20 03:00:05.060000,xrdcwddbsuip06,MTX_ACOE_Cutover_Reporting,UI_Excel_Select_Xwalk_Source_Accommodations,facility,*ALL*,QXA4067,2026-09-21 01:07:43.199000
1614,COCMN,PR,PRIVATE ROOM - PATIENT REQUEST,PT,N,NO MATCH,0,COCMN,,,,,N,Y,None,FAK3017,2025-11-19 16:28:50.313000,corpsvcmtxcutoverrpt_sql,2025-09-09 14:47:33.733000,xrdcwddbsuip06,MTX_ACOE_Cutover_Reporting,UI_Excel_Select_Xwalk_Source_Accommodations,facility,*ALL*,QXA4067,2026-09-21 01:07:43.199000
1615,COCMN,PS,SURGERY PRIVATE,PS,N,NO MATCH,0,COCMN,,,,,N,Y,None,FAK3017,2025-11-19 16:28:50.347000,corpsvcmtxcutoverrpt_sql,2025-09-09 14:47:33.733000,xrdcwddbsuip06,MTX_ACOE_Cutover_Reporting,UI_Excel_Select_Xwalk_Source_Accommodations,facility,*ALL*,QXA4067,2026-09-21 01:07:43.200000
1616,COCMN,RHB,REHAB,PA,Y,"TEST (2026-08-12),ZCON (2026-08-12),LIVE (2026-08-11)",0,COCMN,PR,PRIVATE ROOM,PR,Y,Y,N,None,FAK3017,2026-02-03 15:58:34.097000,corpsvcmtxcutoverrpt_sql,2025-09-09 14:47:33.733000,xrdcwddbsuip06,MTX_ACOE_Cutover_Reporting,UI_Excel_Select_Xwalk_Source_Accommodations,facility,*ALL*,QXA4067,2026-09-21 01:07:43.200000
1617,COCMN,RHBP,PRIVATE REHABILITATION,RP,Y,"TEST (2026-08-12),ZCON (2026-08-12),LIVE (2026-08-11)",0,COCMN,PR,PRIVATE ROOM,PR,Y,Y,N,None,FAK3017,2026-02-03 15:58:34.130000,corpsvcmtxcutoverrpt_sql,2025-09-09 14:47:33.733000,xrdcwddbsuip06,MTX_ACOE_Cutover_Reporting,UI_Excel_Select_Xwalk_Source_Accommodations,facility,*ALL*,QXA4067,2026-09-21 01:07:43.200000
1618,COCMN,RHBS,SEMI-PRIVATE REHABILITATION,RS,Y,"TEST (2026-08-12),ZCON (2026-08-12),LIVE (2026-08-11)",0,COCMN,PR,PRIVATE ROOM,PR,Y,Y,N,None,FAK3017,2026-02-03 15:58:34.163000,corpsvcmtxcutoverrpt_sql,2025-09-09 14:47:33.733000,xrdcwddbsuip06,MTX_ACOE_Cutover_Reporting,UI_Excel_Select_Xwalk_Source_Accommodations,facility,*ALL*,QXA4067,2026-09-21 01:07:43.200000
1619,COCMN,S,SEMI-PRIVATE ROOM,SP,Y,"TEST (2026-08-12),ZCON (2026-08-12),LIVE (2026-08-11)",0,COCMN,SP,SEMI PRIVATE ROOM,SP,Y,Y,N,None,FAK3017,2025-11-19 16:51:57.043000,corpsvcmtxcutoverrpt_sql,2025-09-09 14:47:33.733000,xrdcwddbsuip06,MTX_ACOE_Cutover_Reporting,UI_Excel_Select_Xwalk_Source_Accommodations,facility,*ALL*,QXA4067,2026-09-21 01:07:43.200000
1620,COCMN,SL,SEMI-PRIVATE ROOM LOCKED,SL,Y,"TEST (2026-08-12),ZCON (2026-08-12),LIVE (2026-08-11)",0,COCMN,PR,PRIVATE ROOM,PR,Y,Y,N,None,FAK3017,2026-02-03 15:58:34.197000,corpsvcmtxcutoverrpt_sql,2025-09-09 14:47:33.733000,xrdcwddbsuip06,MTX_ACOE_Cutover_Reporting,UI_Excel_Select_Xwalk_Source_Accommodations,facility,*ALL*,QXA4067,2026-09-21 01:07:43.200000
1621,COCMN,SNF,SKILLED NURSING FACILITY,AP,Y,"TEST (2026-08-12),ZCON (2026-08-12),LIVE (2026-08-11)",0,COCMN,PR,PRIVATE ROOM,PR,Y,Y,N,None,FAK3017,2026-02-05 09:18:36.053000,corpsvcmtxcutoverrpt_sql,2025-09-09 14:47:33.733000,xrdcwddbsuip06,MTX_ACOE_Cutover_Reporting,UI_Excel_Select_Xwalk_Source_Accommodations,facility,*ALL*,QXA4067,2026-09-21 01:07:43.200000
1622,COCMN,SS,SURGERY SEMI-PRIVATE,SS,Y,"TEST (2026-08-12),ZCON (2026-08-12),LIVE (2026-08-11)",0,COCMN,PR,PRIVATE ROOM,PR,Y,Y,N,None,FAK3017,2026-02-05 09:18:36.103000,corpsvcmtxcutoverrpt_sql,2025-09-09 14:47:33.733000,xrdcwddbsuip06,MTX_ACOE_Cutover_Reporting,UI_Excel_Select_Xwalk_Source_Accommodations,facility,*ALL*,QXA4067,2026-09-21 01:07:43.200000
1623,COCMN,TE,TELEMETRY,TE,Y,"TEST (2026-08-12),ZCON (2026-08-12),LIVE (2026-08-11)",0,COCMN,TEL,TELEMETRY,TE,Y,Y,N,None,FAK3017,2025-11-19 16:51:57.193000,corpsvcmtxcutoverrpt_sql,2025-09-09 14:47:33.733000,xrdcwddbsuip06,MTX_ACOE_Cutover_Reporting,UI_Excel_Select_Xwalk_Source_Accommodations,facility,*ALL*,QXA4067,2026-09-21 01:07:43.200000
1624,COCMN,W,WARD,WD,Y,"TEST (2026-08-12),ZCON (2026-08-12),LIVE (2026-08-11)",0,COCMN,PR,PRIVATE ROOM,PR,Y,Y,N,None,FAK3017,2026-02-05 09:18:36.140000,corpsvcmtxcutoverrpt_sql,2025-09-09 14:47:33.733000,xrdcwddbsuip06,MTX_ACOE_Cutover_Reporting,UI_Excel_Select_Xwalk_Source_Accommodations,facility,*ALL*,QXA4067,2026-09-21 01:07:43.200000
1625,COCMSO,B,NEWBORN,B,N,NO MATCH,0,COCMSO,,,,,N,N,None,,,corpsvcmtxcutoverrpt_sql,2026-09-17 18:45:52.730000,xrdcwddbsuip06,MTX_ACOE_Cutover_Reporting,UI_Excel_Select_Xwalk_Source_Accommodations,facility,*ALL*,QXA4067,2026-09-21 01:07:43.200000
1626,COCMSO,BB,BOARDER BABY,BB,N,NO MATCH,0,COCMSO,,,,,N,N,None,,,corpsvcmtxcutoverrpt_sql,2026-09-17 18:45:52.730000,xrdcwddbsuip06,MTX_ACOE_Cutover_Reporting,UI_Excel_Select_Xwalk_Source_Accommodations,facility,*ALL*,QXA4067,2026-09-21 01:07:43.200000
1627,COCMSO,CC,CORONARY CARE,CC,Y,NO MATCH,0,COCMSO,,,,,N,N,None,,,corpsvcmtxcutoverrpt_sql,2026-09-17 18:45:52.730000,xrdcwddbsuip06,MTX_ACOE_Cutover_Reporting,UI_Excel_Select_Xwalk_Source_Accommodations,facility,*ALL*,QXA4067,2026-09-21 01:07:43.200000
1628,COCMSO,DX,DETOX,DX,Y,NO MATCH,0,COCMSO,,,,,N,N,None,,,corpsvcmtxcutoverrpt_sql,2026-09-17 18:45:52.730000,xrdcwddbsuip06,MTX_ACOE_Cutover_Reporting,UI_Excel_Select_Xwalk_Source_Accommodations,facility,*ALL*,QXA4067,2026-09-21 01:07:43.200000
1629,COCMSO,EC,ECMO,EC,Y,NO MATCH,0,COCMSO,,,,,N,N,None,,,corpsvcmtxcutoverrpt_sql,2026-09-17 18:45:52.730000,xrdcwddbsuip06,MTX_ACOE_Cutover_Reporting,UI_Excel_Select_Xwalk_Source_Accommodations,facility,*ALL*,QXA4067,2026-09-21 01:07:43.200000
1630,COCMSO,HOLD,HOLD PATIENTS,H,Y,NO MATCH,0,COCMSO,,,,,N,N,None,,,corpsvcmtxcutoverrpt_sql,2026-09-17 18:45:52.730000,xrdcwddbsuip06,MTX_ACOE_Cutover_Reporting,UI_Excel_Select_Xwalk_Source_Accommodations,facility,*ALL*,QXA4067,2026-09-21 01:07:43.200000
1631,COCMSO,I,INTENSIVE CARE,IC,Y,NO MATCH,0,COCMSO,,,,,N,N,None,,,corpsvcmtxcutoverrpt_sql,2026-09-17 18:45:52.730000,xrdcwddbsuip06,MTX_ACOE_Cutover_Reporting,UI_Excel_Select_Xwalk_Source_Accommodations,facility,*ALL*,QXA4067,2026-09-21 01:07:43.200000
1632,COCMSO,L1,NEWBORN,L1,Y,NO MATCH,0,COCMSO,,,,,N,N,None,,,corpsvcmtxcutoverrpt_sql,2026-09-17 18:45:52.730000,xrdcwddbsuip06,MTX_ACOE_Cutover_Reporting,UI_Excel_Select_Xwalk_Source_Accommodations,facility,*ALL*,QXA4067,2026-09-21 01:07:43.200000
1633,COCMSO,L2,NEWBORN LEVEL II,L2,Y,NO MATCH,0,COCMSO,,,,,N,N,None,,,corpsvcmtxcutoverrpt_sql,2026-09-17 18:45:52.730000,xrdcwddbsuip06,MTX_ACOE_Cutover_Reporting,UI_Excel_Select_Xwalk_Source_Accommodations,facility,*ALL*,QXA4067,2026-09-21 01:07:43.200000
1634,COCMSO,L3,NEWBORN LEVEL III,L3,Y,NO MATCH,0,COCMSO,,,,,N,N,None,,,corpsvcmtxcutoverrpt_sql,2026-09-17 18:45:52.730000,xrdcwddbsuip06,MTX_ACOE_Cutover_Reporting,UI_Excel_Select_Xwalk_Source_Accommodations,facility,*ALL*,QXA4067,2026-09-21 01:07:43.200000
1635,COCMSO,L4,NEWBORN LEVEL IV,L4,Y,NO MATCH,0,COCMSO,,,,,N,N,None,,,corpsvcmtxcutoverrpt_sql,2026-09-17 18:45:52.730000,xrdcwddbsuip06,MTX_ACOE_Cutover_Reporting,UI_Excel_Select_Xwalk_Source_Accommodations,facility,*ALL*,QXA4067,2026-09-21 01:07:43.200000
1636,COCMSO,LD,LABOR AND DELIVERY,LD,Y,NO MATCH,0,COCMSO,,,,,N,N,None,,,corpsvcmtxcutoverrpt_sql,2026-09-17 18:45:52.730000,xrdcwddbsuip06,MTX_ACOE_Cutover_Reporting,UI_Excel_Select_Xwalk_Source_Accommodations,facility,*ALL*,QXA4067,2026-09-21 01:07:43.200000
1637,COCMSO,MBC,MOTHER BABY CARE,MB,Y,NO MATCH,0,COCMSO,,,,,N,N,None,,,corpsvcmtxcutoverrpt_sql,2026-09-17 18:45:52.730000,xrdcwddbsuip06,MTX_ACOE_Cutover_Reporting,UI_Excel_Select_Xwalk_Source_Accommodations,facility,*ALL*,QXA4067,2026-09-21 01:07:43.200000
1638,COCMSO,MSO,MED SURG OVERFLOW,MS,Y,NO MATCH,0,COCMSO,,,,,N,N,None,,,corpsvcmtxcutoverrpt_sql,2026-09-17 18:45:52.730000,xrdcwddbsuip06,MTX_ACOE_Cutover_Reporting,UI_Excel_Select_Xwalk_Source_Accommodations,facility,*ALL*,QXA4067,2026-09-21 01:07:43.200000
1639,COCMSO,N1,NICU LEVEL I,N1,N,NO MATCH,0,COCMSO,,,,,N,N,None,,,corpsvcmtxcutoverrpt_sql,2026-09-17 18:45:52.730000,xrdcwddbsuip06,MTX_ACOE_Cutover_Reporting,UI_Excel_Select_Xwalk_Source_Accommodations,facility,*ALL*,QXA4067,2026-09-21 01:07:43.200000
1640,COCMSO,N2,NICU LEVEL II,N2,N,NO MATCH,0,COCMSO,,,,,N,N,None,,,corpsvcmtxcutoverrpt_sql,2026-09-17 18:45:52.730000,xrdcwddbsuip06,MTX_ACOE_Cutover_Reporting,UI_Excel_Select_Xwalk_Source_Accommodations,facility,*ALL*,QXA4067,2026-09-21 01:07:43.200000
1641,COCMSO,N3,NICU LEVEL III,N3,N,NO MATCH,0,COCMSO,,,,,N,N,None,,,corpsvcmtxcutoverrpt_sql,2026-09-17 18:45:52.730000,xrdcwddbsuip06,MTX_ACOE_Cutover_Reporting,UI_Excel_Select_Xwalk_Source_Accommodations,facility,*ALL*,QXA4067,2026-09-21 01:07:43.200000
1642,COCMSO,N4,NICU LEVEL IV,N4,N,NO MATCH,0,COCMSO,,,,,N,N,None,,,corpsvcmtxcutoverrpt_sql,2026-09-17 18:45:52.730000,xrdcwddbsuip06,MTX_ACOE_Cutover_Reporting,UI_Excel_Select_Xwalk_Source_Accommodations,facility,*ALL*,QXA4067,2026-09-21 01:07:43.201000
1643,COCMSO,NB,NEWBORN BASIC CARE,NB,N,NO MATCH,0,COCMSO,,,,,N,N,None,,,corpsvcmtxcutoverrpt_sql,2026-09-17 18:45:52.730000,xrdcwddbsuip06,MTX_ACOE_Cutover_Reporting,UI_Excel_Select_Xwalk_Source_Accommodations,facility,*ALL*,QXA4067,2026-09-21 01:07:43.201000
1644,COCMSO,P,PRIVATE  ROOM,P,Y,NO MATCH,0,COCMSO,,,,,N,N,None,,,corpsvcmtxcutoverrpt_sql,2026-09-17 18:45:52.730000,xrdcwddbsuip06,MTX_ACOE_Cutover_Reporting,UI_Excel_Select_Xwalk_Source_Accommodations,facility,*ALL*,QXA4067,2026-09-21 01:07:43.201000
1645,COCMSO,PCU,PROGRESSIVE CARE,PU,Y,NO MATCH,0,COCMSO,,,,,N,N,None,,,corpsvcmtxcutoverrpt_sql,2026-09-17 18:45:52.730000,xrdcwddbsuip06,MTX_ACOE_Cutover_Reporting,UI_Excel_Select_Xwalk_Source_Accommodations,facility,*ALL*,QXA4067,2026-09-21 01:07:43.201000
1646,COCMSO,PS,PSYCHIATRIC,PS,Y,NO MATCH,0,COCMSO,,,,,N,N,None,,,corpsvcmtxcutoverrpt_sql,2026-09-17 18:45:52.730000,xrdcwddbsuip06,MTX_ACOE_Cutover_Reporting,UI_Excel_Select_Xwalk_Source_Accommodations,facility,*ALL*,QXA4067,2026-09-21 01:07:43.201000
1647,COCMSO,S,SEMI-PRIVATE ROOM,S,Y,NO MATCH,0,COCMSO,,,,,N,N,None,,,corpsvcmtxcutoverrpt_sql,2026-09-17 18:45:52.730000,xrdcwddbsuip06,MTX_ACOE_Cutover_Reporting,UI_Excel_Select_Xwalk_Source_Accommodations,facility,*ALL*,QXA4067,2026-09-21 01:07:43.201000
1648,COCMSO,T,TELEMETRY,TL,Y,NO MATCH,0,COCMSO,,,,,N,N,None,,,corpsvcmtxcutoverrpt_sql,2026-09-17 18:45:52.730000,xrdcwddbsuip06,MTX_ACOE_Cutover_Reporting,UI_Excel_Select_Xwalk_Source_Accommodations,facility,*ALL*,QXA4067,2026-09-21 01:07:43.201000
1649,COCMSO,TM,SUITE MEDICAL DELUXE ROOM,TM,Y,NO MATCH,0,COCMSO,,,,,N,N,None,,,corpsvcmtxcutoverrpt_sql,2026-09-17 18:45:52.730000,xrdcwddbsuip06,MTX_ACOE_Cutover_Reporting,UI_Excel_Select_Xwalk_Source_Accommodations,facility,*ALL*,QXA4067,2026-09-21 01:07:43.201000
1650,COCMSO,TR,TRAUMA,TR,Y,NO MATCH,0,COCMSO,,,,,N,N,None,,,corpsvcmtxcutoverrpt_sql,2026-09-17 18:45:52.730000,xrdcwddbsuip06,MTX_ACOE_Cutover_Reporting,UI_Excel_Select_Xwalk_Source_Accommodations,facility,*ALL*,QXA4067,2026-09-21 01:07:43.201000
1651,COCMSO,WS,WOMEN'S SERVICES,WS,N,NO MATCH,0,COCMSO,,,,,N,N,None,,,corpsvcmtxcutoverrpt_sql,2026-09-17 18:45:52.730000,xrdcwddbsuip06,MTX_ACOE_Cutover_Reporting,UI_Excel_Select_Xwalk_Source_Accommodations,facility,*ALL*,QXA4067,2026-09-21 01:07:43.201000
1652,COCMT,1,NICU LEVEL 1,NI,N,NO MATCH,0,COCMT,,,,,N,N,None,,,corpsvcmtxcutoverrpt_sql,2026-09-17 18:45:52.730000,xrdcwddbsuip06,MTX_ACOE_Cutover_Reporting,UI_Excel_Select_Xwalk_Source_Accommodations,facility,*ALL*,QXA4067,2026-09-21 01:07:43.201000
1653,COCMT,B,NEWBORN,B,N,NO MATCH,0,COCMT,,,,,N,N,None,,,corpsvcmtxcutoverrpt_sql,2026-09-17 18:45:52.730000,xrdcwddbsuip06,MTX_ACOE_Cutover_Reporting,UI_Excel_Select_Xwalk_Source_Accommodations,facility,*ALL*,QXA4067,2026-09-21 01:07:43.201000
1654,COCMT,BB,BOARDER BABY,BB,N,NO MATCH,0,COCMT,,,,,N,N,None,,,corpsvcmtxcutoverrpt_sql,2026-09-17 18:45:52.730000,xrdcwddbsuip06,MTX_ACOE_Cutover_Reporting,UI_Excel_Select_Xwalk_Source_Accommodations,facility,*ALL*,QXA4067,2026-09-21 01:07:43.201000
1655,COCMT,DX,DETOX,DX,Y,NO MATCH,0,COCMT,,,,,N,N,None,,,corpsvcmtxcutoverrpt_sql,2026-09-17 18:45:52.730000,xrdcwddbsuip06,MTX_ACOE_Cutover_Reporting,UI_Excel_Select_Xwalk_Source_Accommodations,facility,*ALL*,QXA4067,2026-09-21 01:07:43.201000
1656,COCMT,EC,ECMO,EC,Y,NO MATCH,0,COCMT,,,,,N,N,None,,,corpsvcmtxcutoverrpt_sql,2026-09-17 18:45:52.730000,xrdcwddbsuip06,MTX_ACOE_Cutover_Reporting,UI_Excel_Select_Xwalk_Source_Accommodations,facility,*ALL*,QXA4067,2026-09-21 01:07:43.201000
1657,COCMT,HOLD,HOLD PATIENTS,H,Y,NO MATCH,0,COCMT,,,,,N,N,None,,,corpsvcmtxcutoverrpt_sql,2026-09-17 18:45:52.730000,xrdcwddbsuip06,MTX_ACOE_Cutover_Reporting,UI_Excel_Select_Xwalk_Source_Accommodations,facility,*ALL*,QXA4067,2026-09-21 01:07:43.201000
1658,COCMT,I,INTENSIVE CARE,IC,Y,NO MATCH,0,COCMT,,,,,N,N,None,,,corpsvcmtxcutoverrpt_sql,2026-09-17 18:45:52.730000,xrdcwddbsuip06,MTX_ACOE_Cutover_Reporting,UI_Excel_Select_Xwalk_Source_Accommodations,facility,*ALL*,QXA4067,2026-09-21 01:07:43.201000
1659,COCMT,J,PRIVATE - MEDICALLY JUSTIFIED,J,Y,NO MATCH,0,COCMT,,,,,N,N,None,,,corpsvcmtxcutoverrpt_sql,2026-09-17 18:45:52.730000,xrdcwddbsuip06,MTX_ACOE_Cutover_Reporting,UI_Excel_Select_Xwalk_Source_Accommodations,facility,*ALL*,QXA4067,2026-09-21 01:07:43.201000
1660,COCMT,L,LABOR & DELIVERY INTERMEDIATE,L,Y,NO MATCH,0,COCMT,,,,,N,N,None,,,corpsvcmtxcutoverrpt_sql,2026-09-17 18:45:52.730000,xrdcwddbsuip06,MTX_ACOE_Cutover_Reporting,UI_Excel_Select_Xwalk_Source_Accommodations,facility,*ALL*,QXA4067,2026-09-21 01:07:43.201000
1661,COCMT,L1,NEWBORN,L1,Y,NO MATCH,0,COCMT,,,,,N,N,None,,,corpsvcmtxcutoverrpt_sql,2026-09-17 18:45:52.730000,xrdcwddbsuip06,MTX_ACOE_Cutover_Reporting,UI_Excel_Select_Xwalk_Source_Accommodations,facility,*ALL*,QXA4067,2026-09-21 01:07:43.201000
1662,COCMT,L2,NEWBORN LEVEL II,L2,Y,NO MATCH,0,COCMT,,,,,N,N,None,,,corpsvcmtxcutoverrpt_sql,2026-09-17 18:45:52.730000,xrdcwddbsuip06,MTX_ACOE_Cutover_Reporting,UI_Excel_Select_Xwalk_Source_Accommodations,facility,*ALL*,QXA4067,2026-09-21 01:07:43.201000
1663,COCMT,L3,NEWBORN LEVEL III,L3,Y,NO MATCH,0,COCMT,,,,,N,N,None,,,corpsvcmtxcutoverrpt_sql,2026-09-17 18:45:52.730000,xrdcwddbsuip06,MTX_ACOE_Cutover_Reporting,UI_Excel_Select_Xwalk_Source_Accommodations,facility,*ALL*,QXA4067,2026-09-21 01:07:43.201000
1664,COCMT,L4,NEWBORN LEVEL IV,L4,Y,NO MATCH,0,COCMT,,,,,N,N,None,,,corpsvcmtxcutoverrpt_sql,2026-09-17 18:45:52.730000,xrdcwddbsuip06,MTX_ACOE_Cutover_Reporting,UI_Excel_Select_Xwalk_Source_Accommodations,facility,*ALL*,QXA4067,2026-09-21 01:07:43.201000
1665,COCMT,M,CORONARY CARE,CC,Y,NO MATCH,0,COCMT,,,,,N,N,None,,,corpsvcmtxcutoverrpt_sql,2026-09-17 18:45:52.730000,xrdcwddbsuip06,MTX_ACOE_Cutover_Reporting,UI_Excel_Select_Xwalk_Source_Accommodations,facility,*ALL*,QXA4067,2026-09-21 01:07:43.201000
1666,COCMT,MSO,MED SURG OVERFLOW,MS,Y,NO MATCH,0,COCMT,,,,,N,N,None,,,corpsvcmtxcutoverrpt_sql,2026-09-17 18:45:52.730000,xrdcwddbsuip06,MTX_ACOE_Cutover_Reporting,UI_Excel_Select_Xwalk_Source_Accommodations,facility,*ALL*,QXA4067,2026-09-21 01:07:43.201000
1667,COCMT,N1,NICU LEVEL I,N1,N,NO MATCH,0,COCMT,,,,,N,N,None,,,corpsvcmtxcutoverrpt_sql,2026-09-17 18:45:52.730000,xrdcwddbsuip06,MTX_ACOE_Cutover_Reporting,UI_Excel_Select_Xwalk_Source_Accommodations,facility,*ALL*,QXA4067,2026-09-21 01:07:43.201000
1668,COCMT,N2,NICU LEVEL II,N2,N,NO MATCH,0,COCMT,,,,,N,N,None,,,corpsvcmtxcutoverrpt_sql,2026-09-17 18:45:52.730000,xrdcwddbsuip06,MTX_ACOE_Cutover_Reporting,UI_Excel_Select_Xwalk_Source_Accommodations,facility,*ALL*,QXA4067,2026-09-21 01:07:43.201000
1669,COCMT,N3,NICU LEVEL III,N3,N,NO MATCH,0,COCMT,,,,,N,N,None,,,corpsvcmtxcutoverrpt_sql,2026-09-17 18:45:52.730000,xrdcwddbsuip06,MTX_ACOE_Cutover_Reporting,UI_Excel_Select_Xwalk_Source_Accommodations,facility,*ALL*,QXA4067,2026-09-21 01:07:43.202000
1670,COCMT,N4,NICU LEVEL IV,N4,N,NO MATCH,0,COCMT,,,,,N,N,None,,,corpsvcmtxcutoverrpt_sql,2026-09-17 18:45:52.730000,xrdcwddbsuip06,MTX_ACOE_Cutover_Reporting,UI_Excel_Select_Xwalk_Source_Accommodations,facility,*ALL*,QXA4067,2026-09-21 01:07:43.202000
1671,COCMT,NB,NEWBORN BASIC CARE,NB,N,NO MATCH,0,COCMT,,,,,N,N,None,,,corpsvcmtxcutoverrpt_sql,2026-09-17 18:45:52.730000,xrdcwddbsuip06,MTX_ACOE_Cutover_Reporting,UI_Excel_Select_Xwalk_Source_Accommodations,facility,*ALL*,QXA4067,2026-09-21 01:07:43.202000
1672,COCMT,P,PRIVATE  ROOM,P,Y,NO MATCH,0,COCMT,,,,,N,N,None,,,corpsvcmtxcutoverrpt_sql,2026-09-17 18:45:52.730000,xrdcwddbsuip06,MTX_ACOE_Cutover_Reporting,UI_Excel_Select_Xwalk_Source_Accommodations,facility,*ALL*,QXA4067,2026-09-21 01:07:43.202000
1673,COCMT,PS,PSYCHIATRIC,PS,Y,NO MATCH,0,COCMT,,,,,N,N,None,,,corpsvcmtxcutoverrpt_sql,2026-09-17 18:45:52.730000,xrdcwddbsuip06,MTX_ACOE_Cutover_Reporting,UI_Excel_Select_Xwalk_Source_Accommodations,facility,*ALL*,QXA4067,2026-09-21 01:07:43.202000
1674,COCMT,S,SEMI-PRIVATE ROOM,S,Y,NO MATCH,0,COCMT,,,,,N,N,None,,,corpsvcmtxcutoverrpt_sql,2026-09-17 18:45:52.730000,xrdcwddbsuip06,MTX_ACOE_Cutover_Reporting,UI_Excel_Select_Xwalk_Source_Accommodations,facility,*ALL*,QXA4067,2026-09-21 01:07:43.202000
1675,COCMT,T,TELEMETRY,TL,Y,NO MATCH,0,COCMT,,,,,N,N,None,,,corpsvcmtxcutoverrpt_sql,2026-09-17 18:45:52.730000,xrdcwddbsuip06,MTX_ACOE_Cutover_Reporting,UI_Excel_Select_Xwalk_Source_Accommodations,facility,*ALL*,QXA4067,2026-09-21 01:07:43.202000
1676,COCMT,TR,TRAUMA,TR,Y,NO MATCH,0,COCMT,,,,,N,N,None,,,corpsvcmtxcutoverrpt_sql,2026-09-17 18:45:52.730000,xrdcwddbsuip06,MTX_ACOE_Cutover_Reporting,UI_Excel_Select_Xwalk_Source_Accommodations,facility,*ALL*,QXA4067,2026-09-21 01:07:43.202000
1677,COCMT,W,WARD,W,N,NO MATCH,0,COCMT,,,,,N,N,None,,,corpsvcmtxcutoverrpt_sql,2026-09-17 18:45:52.730000,xrdcwddbsuip06,MTX_ACOE_Cutover_Reporting,UI_Excel_Select_Xwalk_Source_Accommodations,facility,*ALL*,QXA4067,2026-09-21 01:07:43.202000
1678,COCMTA,DX,DETOX,DX,Y,NO MATCH,0,COCMTA,,,,,N,N,None,,,corpsvcmtxcutoverrpt_sql,2026-09-17 18:45:52.730000,xrdcwddbsuip06,MTX_ACOE_Cutover_Reporting,UI_Excel_Select_Xwalk_Source_Accommodations,facility,*ALL*,QXA4067,2026-09-21 01:07:43.202000
1679,COCMTA,EC,ECMO,EC,Y,NO MATCH,0,COCMTA,,,,,N,N,None,,,corpsvcmtxcutoverrpt_sql,2026-09-17 18:45:52.730000,xrdcwddbsuip06,MTX_ACOE_Cutover_Reporting,UI_Excel_Select_Xwalk_Source_Accommodations,facility,*ALL*,QXA4067,2026-09-21 01:07:43.202000
1680,COCMTA,HOLD,HOLD PATIENTS,H,Y,NO MATCH,0,COCMTA,,,,,N,N,None,,,corpsvcmtxcutoverrpt_sql,2026-09-17 18:45:52.730000,xrdcwddbsuip06,MTX_ACOE_Cutover_Reporting,UI_Excel_Select_Xwalk_Source_Accommodations,facility,*ALL*,QXA4067,2026-09-21 01:07:43.202000
1681,COCMTA,I,INTENSIVE CARE,IC,Y,NO MATCH,0,COCMTA,,,,,N,N,None,,,corpsvcmtxcutoverrpt_sql,2026-09-17 18:45:52.730000,xrdcwddbsuip06,MTX_ACOE_Cutover_Reporting,UI_Excel_Select_Xwalk_Source_Accommodations,facility,*ALL*,QXA4067,2026-09-21 01:07:43.202000
1682,COCMTA,J,PRIVATE - MEDICALLY JUSTIFIED,J,Y,NO MATCH,0,COCMTA,,,,,N,N,None,,,corpsvcmtxcutoverrpt_sql,2026-09-17 18:45:52.730000,xrdcwddbsuip06,MTX_ACOE_Cutover_Reporting,UI_Excel_Select_Xwalk_Source_Accommodations,facility,*ALL*,QXA4067,2026-09-21 01:07:43.202000
1683,COCMTA,MSO,MED SURG OVERFLOW,MS,Y,NO MATCH,0,COCMTA,,,,,N,N,None,,,corpsvcmtxcutoverrpt_sql,2026-09-17 18:45:52.730000,xrdcwddbsuip06,MTX_ACOE_Cutover_Reporting,UI_Excel_Select_Xwalk_Source_Accommodations,facility,*ALL*,QXA4067,2026-09-21 01:07:43.202000
1684,COCMTA,P,PRIVATE  ROOM,P,Y,NO MATCH,0,COCMTA,,,,,N,N,None,,,corpsvcmtxcutoverrpt_sql,2026-09-17 18:45:52.730000,xrdcwddbsuip06,MTX_ACOE_Cutover_Reporting,UI_Excel_Select_Xwalk_Source_Accommodations,facility,*ALL*,QXA4067,2026-09-21 01:07:43.202000
1685,COCMTA,PCU,PROGRESSIVE CARE,PU,Y,NO MATCH,0,COCMTA,,,,,N,N,None,,,corpsvcmtxcutoverrpt_sql,2026-09-17 18:45:52.730000,xrdcwddbsuip06,MTX_ACOE_Cutover_Reporting,UI_Excel_Select_Xwalk_Source_Accommodations,facility,*ALL*,QXA4067,2026-09-21 01:07:43.202000
1686,COCMTA,PS,PSYCHIATRIC,PS,Y,NO MATCH,0,COCMTA,,,,,N,N,None,,,corpsvcmtxcutoverrpt_sql,2026-09-17 18:45:52.730000,xrdcwddbsuip06,MTX_ACOE_Cutover_Reporting,UI_Excel_Select_Xwalk_Source_Accommodations,facility,*ALL*,QXA4067,2026-09-21 01:07:43.202000
1687,COCMTA,S,SEMI-PRIVATE ROOM,S,Y,NO MATCH,0,COCMTA,,,,,N,N,None,,,corpsvcmtxcutoverrpt_sql,2026-09-17 18:45:52.730000,xrdcwddbsuip06,MTX_ACOE_Cutover_Reporting,UI_Excel_Select_Xwalk_Source_Accommodations,facility,*ALL*,QXA4067,2026-09-21 01:07:43.202000
1688,COCMTA,T,TELEMETRY,TL,Y,NO MATCH,0,COCMTA,,,,,N,N,None,,,corpsvcmtxcutoverrpt_sql,2026-09-17 18:45:52.730000,xrdcwddbsuip06,MTX_ACOE_Cutover_Reporting,UI_Excel_Select_Xwalk_Source_Accommodations,facility,*ALL*,QXA4067,2026-09-21 01:07:43.202000
1689,COCMTA,TR,TRAUMA,TR,Y,NO MATCH,0,COCMTA,,,,,N,N,None,,,corpsvcmtxcutoverrpt_sql,2026-09-17 18:45:52.730000,xrdcwddbsuip06,MTX_ACOE_Cutover_Reporting,UI_Excel_Select_Xwalk_Source_Accommodations,facility,*ALL*,QXA4067,2026-09-21 01:07:43.202000
1690,COCNC,EC,ECMO,EC,Y,"TEST (2026-09-20),LIVE (2026-09-04)",0,COCNC,EC,ECMO,EC,Y,Y,N,None,RWM4772,2026-04-08 08:21:59.047000,corpsvcmtxcutoverrpt_sql,2025-11-18 03:00:05.163000,xrdcwddbsuip06,MTX_ACOE_Cutover_Reporting,UI_Excel_Select_Xwalk_Source_Accommodations,facility,*ALL*,QXA4067,2026-09-21 01:07:43.202000
1691,COCNC,IC,INTENSIVE CARE,IC,Y,"TEST (2026-09-20),ZCON (2026-09-20),LIVE (2026-09-04)",0,COCNC,IC,INTENSIVE CARE,IC,Y,Y,N,None,IIU4396,2025-09-30 00:03:26.323000,HCA\IIU4396,2024-10-15 11:46:47.723000,xrdcwddbsuip06,MTX_ACOE_Cutover_Reporting,UI_Excel_Select_Xwalk_Source_Accommodations,facility,*ALL*,QXA4067,2026-09-21 01:07:43.202000
1692,COCNC,IM,INTERMEDIATE CARE,IM,Y,"TEST (2026-09-20),ZCON (2026-09-20),LIVE (2026-09-04)",0,COCNC,PR,PRIVATE ROOM,P,Y,Y,N,None,RWM4772,2025-12-29 12:31:36.303000,HCA\IIU4396,2024-10-15 11:46:47.723000,xrdcwddbsuip06,MTX_ACOE_Cutover_Reporting,UI_Excel_Select_Xwalk_Source_Accommodations,facility,*ALL*,QXA4067,2026-09-21 01:07:43.202000
1693,COCNC,ME,MEDICAL UNIT,ME,Y,"TEST (2026-09-20),ZCON (2026-09-20),LIVE (2026-09-04)",0,COCNC,PR,PRIVATE ROOM,P,Y,Y,N,None,RWM4772,2025-12-29 12:31:36.363000,HCA\IIU4396,2024-10-15 11:46:47.723000,xrdcwddbsuip06,MTX_ACOE_Cutover_Reporting,UI_Excel_Select_Xwalk_Source_Accommodations,facility,*ALL*,QXA4067,2026-09-21 01:07:43.202000
1694,COCNC,MI,MEDICAL INTERMEDIATE,MI,Y,"TEST (2026-09-20),ZCON (2026-09-20),LIVE (2026-09-04)",0,COCNC,PC,PROGRESSIVE CARE,MI,Y,Y,N,None,IIU4396,2025-09-30 00:03:26.440000,HCA\IIU4396,2024-10-15 11:46:47.723000,xrdcwddbsuip06,MTX_ACOE_Cutover_Reporting,UI_Excel_Select_Xwalk_Source_Accommodations,facility,*ALL*,QXA4067,2026-09-21 01:07:43.202000
1695,COCNC,MS,MEDICAL SURGICAL,MS,Y,"TEST (2026-09-20),ZCON (2026-09-20),LIVE (2026-09-04)",0,COCNC,MS,MED SURG,MS,Y,Y,N,None,IIU4396,2025-09-30 00:03:26.483000,HCA\IIU4396,2024-10-15 11:46:47.723000,xrdcwddbsuip06,MTX_ACOE_Cutover_Reporting,UI_Excel_Select_Xwalk_Source_Accommodations,facility,*ALL*,QXA4067,2026-09-21 01:07:43.202000
1696,COCNC,P,PRIVATE ROOM,P,Y,"TEST (2026-09-20),ZCON (2026-09-20),LIVE (2026-09-04)",0,COCNC,PR,PRIVATE ROOM,P,Y,Y,N,None,IIU4396,2025-09-30 00:03:26.520000,HCA\IIU4396,2024-10-15 11:46:47.723000,xrdcwddbsuip06,MTX_ACOE_Cutover_Reporting,UI_Excel_Select_Xwalk_Source_Accommodations,facility,*ALL*,QXA4067,2026-09-21 01:07:43.202000
1697,COCNC,PE,PEDIATRICS,PE,Y,"TEST (2026-09-20),ZCON (2026-09-20),LIVE (2026-09-04)",0,COCNC,PP,PEDIATRIC PRIVATE,PD,Y,Y,N,None,IIU4396,2025-09-30 00:03:26.557000,HCA\IIU4396,2024-10-15 11:46:47.723000,xrdcwddbsuip06,MTX_ACOE_Cutover_Reporting,UI_Excel_Select_Xwalk_Source_Accommodations,facility,*ALL*,QXA4067,2026-09-21 01:07:43.203000
1698,COCNC,PED,PEDIATRICS,PD,Y,"TEST (2026-09-20),ZCON (2026-09-20),LIVE (2026-09-04)",0,COCNC,PP,PEDIATRIC PRIVATE,PD,Y,Y,N,None,IIU4396,2025-09-30 00:03:26.593000,HCA\IIU4396,2024-10-15 11:46:47.723000,xrdcwddbsuip06,MTX_ACOE_Cutover_Reporting,UI_Excel_Select_Xwalk_Source_Accommodations,facility,*ALL*,QXA4067,2026-09-21 01:07:43.203000
1699,COCNC,S,SEMI-PRIVATE ROOM,SP,Y,"TEST (2026-09-20),ZCON (2026-09-20),LIVE (2026-09-04)",0,COCNC,SP,SEMI-PRIVATE ROOM,SP,Y,Y,N,None,IIU4396,2025-09-30 00:03:26.630000,HCA\IIU4396,2024-10-15 11:46:47.723000,xrdcwddbsuip06,MTX_ACOE_Cutover_Reporting,UI_Excel_Select_Xwalk_Source_Accommodations,facility,*ALL*,QXA4067,2026-09-21 01:07:43.203000
1700,COCNC,TE,TELEMETRY,TE,Y,"TEST (2026-09-20),ZCON (2026-09-20),LIVE (2026-09-04)",0,COCNC,TEL,TELEMETRY,TE,Y,Y,N,None,IIU4396,2025-09-30 00:03:26.670000,HCA\IIU4396,2024-10-15 11:46:47.723000,xrdcwddbsuip06,MTX_ACOE_Cutover_Reporting,UI_Excel_Select_Xwalk_Source_Accommodations,facility,*ALL*,QXA4067,2026-09-21 01:07:43.203000
1701,COCNC,TR,TRAUMA,TR,Y,"TEST (2026-09-20),LIVE (2026-09-04)",0,COCNC,TR,TRAUMA,TR,Y,Y,N,None,RWM4772,2026-04-08 08:22:32,corpsvcmtxcutoverrpt_sql,2026-03-26 03:00:04.073000,xrdcwddbsuip06,MTX_ACOE_Cutover_Reporting,UI_Excel_Select_Xwalk_Source_Accommodations,facility,*ALL*,QXA4067,2026-09-21 01:07:43.203000
1702,cocnh,___N/A___20260911150815,Net New Expanse Accommodation--no MT56 data,___,N,NO MATCH,0,cocnh,TEL,TELEMETRY,TE,,Y,N,None,FRE8115,2026-09-11 15:12:29.270000,HCA\fre8115,2026-09-11 15:08:15.730000,xrdcwddbsuip06,MTX_ACOE_Cutover_Reporting,UI_Excel_Select_Xwalk_Source_Accommodations,facility,*ALL*,QXA4067,2026-09-21 01:07:43.203000
1703,COCNH,I,INTENSIVE CARE,,N,NO MATCH,0,COCNH,,,,,N,Y,None,IIU7623,2026-04-14 09:47:47.073000,corpsvcmtxcutoverrpt_sql,2026-04-13 16:43:36.060000,xrdcwddbsuip06,MTX_ACOE_Cutover_Reporting,UI_Excel_Select_Xwalk_Source_Accommodations,facility,*ALL*,QXA4067,2026-09-21 01:07:43.203000
1704,COCNH,N.CC,CARDIOVASCULAR CARE UNIT,CC,Y,NO MATCH,17,COCNH,CC,CORONARY CARE,CC,,Y,N,None,IIU7623,2026-04-14 09:57:46.213000,corpsvcmtxcutoverrpt_sql,2026-04-13 16:43:36.060000,xrdcwddbsuip06,MTX_ACOE_Cutover_Reporting,UI_Excel_Select_Xwalk_Source_Accommodations,facility,*ALL*,QXA4067,2026-09-21 01:07:43.203000
1705,COCNH,N.CI,CARDIOVASCULAR ICU,CI,N,NO MATCH,0,COCNH,,,,,N,Y,None,IIU7623,2026-04-14 09:47:47.110000,corpsvcmtxcutoverrpt_sql,2026-04-13 16:43:36.060000,xrdcwddbsuip06,MTX_ACOE_Cutover_Reporting,UI_Excel_Select_Xwalk_Source_Accommodations,facility,*ALL*,QXA4067,2026-09-21 01:07:43.203000
1706,COCNH,N.CO,CARDIOVASCULAR SPECIALTY OVRFL,CO,N,NO MATCH,0,COCNH,,,,,N,Y,None,IIU7623,2026-04-14 09:47:47.140000,corpsvcmtxcutoverrpt_sql,2026-04-13 16:43:36.060000,xrdcwddbsuip06,MTX_ACOE_Cutover_Reporting,UI_Excel_Select_Xwalk_Source_Accommodations,facility,*ALL*,QXA4067,2026-09-21 01:07:43.203000
1707,COCNH,N.CP,CARDIOVASCULAR PCU,CP,N,NO MATCH,0,COCNH,,,,,N,Y,None,IIU7623,2026-04-14 09:47:47.177000,corpsvcmtxcutoverrpt_sql,2026-04-13 16:43:36.060000,xrdcwddbsuip06,MTX_ACOE_Cutover_Reporting,UI_Excel_Select_Xwalk_Source_Accommodations,facility,*ALL*,QXA4067,2026-09-21 01:07:43.203000
1708,COCNH,N.CS,CARDIOVASCULAR SPECIALTY UNIT,CS,Y,NO MATCH,93,COCNH,CC,CORONARY CARE,CC,,Y,N,None,IIU7623,2026-04-14 09:57:46.250000,corpsvcmtxcutoverrpt_sql,2026-04-13 16:43:36.060000,xrdcwddbsuip06,MTX_ACOE_Cutover_Reporting,UI_Excel_Select_Xwalk_Source_Accommodations,facility,*ALL*,QXA4067,2026-09-21 01:07:43.203000
1709,COCNH,N.ECMO,ECMO,CM,Y,NO MATCH,0,COCNH,EC,ECMO,EC,,Y,N,None,IIU7623,2026-04-14 09:57:46.280000,corpsvcmtxcutoverrpt_sql,2026-04-13 16:43:36.060000,xrdcwddbsuip06,MTX_ACOE_Cutover_Reporting,UI_Excel_Select_Xwalk_Source_Accommodations,facility,*ALL*,QXA4067,2026-09-21 01:07:43.203000
1710,COCNH,N.EGPSY,ER OVERFLOW GERI PSYCH PATIENT,EG,Y,NO MATCH,0,COCNH,PR,PRIVATE ROOM,PR,,Y,N,None,IIU7623,2026-06-08 17:06:55.757000,corpsvcmtxcutoverrpt_sql,2026-04-13 16:43:36.060000,xrdcwddbsuip06,MTX_ACOE_Cutover_Reporting,UI_Excel_Select_Xwalk_Source_Accommodations,facility,*ALL*,QXA4067,2026-09-21 01:07:43.203000
1711,COCNH,N.ERCCU,ER CARDIOVASCULAR CARE UNIT,EC,Y,NO MATCH,0,COCNH,CC,CORONARY CARE,CC,,Y,N,None,IIU7623,2026-06-08 17:06:55.820000,corpsvcmtxcutoverrpt_sql,2026-04-13 16:43:36.060000,xrdcwddbsuip06,MTX_ACOE_Cutover_Reporting,UI_Excel_Select_Xwalk_Source_Accommodations,facility,*ALL*,QXA4067,2026-09-21 01:07:43.203000
1712,COCNH,N.ERCSU,ER CARDIOVASCULAR PCU,ES,Y,NO MATCH,0,COCNH,PCCC,PROGRESSIVE CARE CCU,ES,,Y,N,None,IIU7623,2026-04-14 09:57:46.377000,corpsvcmtxcutoverrpt_sql,2026-04-13 16:43:36.060000,xrdcwddbsuip06,MTX_ACOE_Cutover_Reporting,UI_Excel_Select_Xwalk_Source_Accommodations,facility,*ALL*,QXA4067,2026-09-21 01:07:43.203000
1713,COCNH,N.ERICU,ER OVERFLOW ICU PATIENT,EI,Y,NO MATCH,3,COCNH,IC,INTENSIVE CARE,IC,,Y,N,None,IIU7623,2026-04-14 09:57:46.407000,corpsvcmtxcutoverrpt_sql,2026-04-13 16:43:36.060000,xrdcwddbsuip06,MTX_ACOE_Cutover_Reporting,UI_Excel_Select_Xwalk_Source_Accommodations,facility,*ALL*,QXA4067,2026-09-21 01:07:43.203000
1714,COCNH,N.ERMAS,ER OVERFLOW  MED/SURG PATIENT,EM,Y,NO MATCH,64,COCNH,MS,MED SURG,MS,,Y,N,None,IIU7623,2026-04-14 09:57:46.437000,corpsvcmtxcutoverrpt_sql,2026-04-13 16:43:36.060000,xrdcwddbsuip06,MTX_ACOE_Cutover_Reporting,UI_Excel_Select_Xwalk_Source_Accommodations,facility,*ALL*,QXA4067,2026-09-21 01:07:43.203000
1715,COCNH,N.ERPCU,ER OVERFLOW PCU PATIENT,EP,Y,NO MATCH,9,COCNH,PC,PROGRESSIVE CARE,PC,,Y,N,None,IIU7623,2026-04-14 09:57:46.470000,corpsvcmtxcutoverrpt_sql,2026-04-13 16:43:36.060000,xrdcwddbsuip06,MTX_ACOE_Cutover_Reporting,UI_Excel_Select_Xwalk_Source_Accommodations,facility,*ALL*,QXA4067,2026-09-21 01:07:43.203000
1716,COCNH,N.GPSYP,GERI PSY PRIVATE,GP,N,NO MATCH,0,COCNH,,,,,N,Y,None,IIU7623,2026-04-14 09:47:47.207000,corpsvcmtxcutoverrpt_sql,2026-04-13 16:43:36.060000,xrdcwddbsuip06,MTX_ACOE_Cutover_Reporting,UI_Excel_Select_Xwalk_Source_Accommodations,facility,*ALL*,QXA4067,2026-09-21 01:07:43.203000
1717,COCNH,N.GPSYS,GERI PSY SEMI PRIVATE,GS,Y,NO MATCH,0,COCNH,SP,SEMI PRIVATE,SP,,Y,N,None,IIU7623,2026-06-08 17:06:55.870000,corpsvcmtxcutoverrpt_sql,2026-04-13 16:43:36.060000,xrdcwddbsuip06,MTX_ACOE_Cutover_Reporting,UI_Excel_Select_Xwalk_Source_Accommodations,facility,*ALL*,QXA4067,2026-09-21 01:07:43.203000
1718,COCNH,N.GYN,GYN   5TH FLOOR,NH,N,NO MATCH,0,COCNH,,,,,N,Y,None,IIU7623,2026-04-14 09:47:47.237000,corpsvcmtxcutoverrpt_sql,2026-04-13 16:43:36.060000,xrdcwddbsuip06,MTX_ACOE_Cutover_Reporting,UI_Excel_Select_Xwalk_Source_Accommodations,facility,*ALL*,QXA4067,2026-09-21 01:07:43.203000
1719,COCNH,N.IC,INTENSIVE CARE UNIT,IC,Y,NO MATCH,29,COCNH,IC,INTENSIVE CARE,IC,,Y,N,None,IIU7623,2026-04-14 09:57:46.530000,corpsvcmtxcutoverrpt_sql,2026-04-13 16:43:36.060000,xrdcwddbsuip06,MTX_ACOE_Cutover_Reporting,UI_Excel_Select_Xwalk_Source_Accommodations,facility,*ALL*,QXA4067,2026-09-21 01:07:43.203000
1720,COCNH,N.IPR,INPATIENT REHAB,RP,Y,NO MATCH,0,COCNH,PR,PRIVATE ROOM,PR,,Y,N,None,FRE8115,2026-09-15 09:14:26.167000,corpsvcmtxcutoverrpt_sql,2026-08-04 03:00:08.947000,xrdcwddbsuip06,MTX_ACOE_Cutover_Reporting,UI_Excel_Select_Xwalk_Source_Accommodations,facility,*ALL*,QXA4067,2026-09-21 01:07:43.203000
1721,COCNH,N.IPR Isol,INPATIENT REHAB ISOLATION,RI,Y,NO MATCH,0,COCNH,PR,PRIVATE ROOM,PR,,Y,N,None,FRE8115,2026-09-15 09:14:26.210000,corpsvcmtxcutoverrpt_sql,2026-09-02 03:00:04.973000,xrdcwddbsuip06,MTX_ACOE_Cutover_Reporting,UI_Excel_Select_Xwalk_Source_Accommodations,facility,*ALL*,QXA4067,2026-09-21 01:07:43.203000
1722,COCNH,N.IPR Tele,Private Rehab Monitored,RT,Y,NO MATCH,0,COCNH,PR,PRIVATE ROOM,PR,,Y,N,None,FRE8115,2026-09-15 09:14:26.253000,corpsvcmtxcutoverrpt_sql,2026-09-02 03:00:04.973000,xrdcwddbsuip06,MTX_ACOE_Cutover_Reporting,UI_Excel_Select_Xwalk_Source_Accommodations,facility,*ALL*,QXA4067,2026-09-21 01:07:43.203000
1723,COCNH,N.MPO,MED-SURG  PRIVATE  OVERFLOW,MP,Y,NO MATCH,294,COCNH,PR,PRIVATE ROOM,PR,,Y,N,None,IIU7623,2026-04-14 09:57:46.560000,corpsvcmtxcutoverrpt_sql,2026-04-13 16:43:36.060000,xrdcwddbsuip06,MTX_ACOE_Cutover_Reporting,UI_Excel_Select_Xwalk_Source_Accommodations,facility,*ALL*,QXA4067,2026-09-21 01:07:43.203000
1724,COCNH,N.MSO,MED-SURG SEMI-PRIVATE OVERFLOW,MS,Y,NO MATCH,24,COCNH,SP,SEMI PRIVATE ROOM,SP,,Y,N,None,IIU7623,2026-04-14 09:57:46.593000,corpsvcmtxcutoverrpt_sql,2026-04-13 16:43:36.060000,xrdcwddbsuip06,MTX_ACOE_Cutover_Reporting,UI_Excel_Select_Xwalk_Source_Accommodations,facility,*ALL*,QXA4067,2026-09-21 01:07:43.203000
1725,COCNH,N.NB,NURSERY NEWBORN ROUTINE,NB,N,NO MATCH,0,COCNH,,,,,N,Y,None,IIU7623,2026-04-14 09:47:47.263000,corpsvcmtxcutoverrpt_sql,2026-04-13 16:43:36.060000,xrdcwddbsuip06,MTX_ACOE_Cutover_Reporting,UI_Excel_Select_Xwalk_Source_Accommodations,facility,*ALL*,QXA4067,2026-09-21 01:07:43.204000
1726,COCNH,N.NI,NURSERY INTENSIVE CARE,NI,N,NO MATCH,0,COCNH,,,,,N,Y,None,IIU7623,2026-04-14 09:47:47.293000,corpsvcmtxcutoverrpt_sql,2026-04-13 16:43:36.060000,xrdcwddbsuip06,MTX_ACOE_Cutover_Reporting,UI_Excel_Select_Xwalk_Source_Accommodations,facility,*ALL*,QXA4067,2026-09-21 01:07:43.204000
1727,COCNH,N.NP,NURSERY INTERMEDIATE NB,NP,N,NO MATCH,0,COCNH,,,,,N,Y,None,IIU7623,2026-04-14 09:47:47.323000,corpsvcmtxcutoverrpt_sql,2026-04-13 16:43:36.060000,xrdcwddbsuip06,MTX_ACOE_Cutover_Reporting,UI_Excel_Select_Xwalk_Source_Accommodations,facility,*ALL*,QXA4067,2026-09-21 01:07:43.204000
1728,COCNH,N.OBO,OBSTETRICS OVERFLOW  6TH FLOOR,OB,N,NO MATCH,0,COCNH,,,,,N,Y,None,IIU7623,2026-04-14 09:47:47.353000,corpsvcmtxcutoverrpt_sql,2026-04-13 16:43:36.060000,xrdcwddbsuip06,MTX_ACOE_Cutover_Reporting,UI_Excel_Select_Xwalk_Source_Accommodations,facility,*ALL*,QXA4067,2026-09-21 01:07:43.204000
1729,COCNH,N.OP,OUTPATIENT,OP,N,NO MATCH,0,COCNH,,,,,N,Y,None,IIU7623,2026-04-14 09:47:47.383000,corpsvcmtxcutoverrpt_sql,2026-04-13 16:43:36.060000,xrdcwddbsuip06,MTX_ACOE_Cutover_Reporting,UI_Excel_Select_Xwalk_Source_Accommodations,facility,*ALL*,QXA4067,2026-09-21 01:07:43.204000
1730,COCNH,N.P,PRIVATE ROOM,P,Y,NO MATCH,30,COCNH,PR,PRIVATE ROOM,PR,,Y,N,None,IIU7623,2026-06-08 17:06:55.920000,corpsvcmtxcutoverrpt_sql,2026-04-13 16:43:36.060000,xrdcwddbsuip06,MTX_ACOE_Cutover_Reporting,UI_Excel_Select_Xwalk_Source_Accommodations,facility,*ALL*,QXA4067,2026-09-21 01:07:43.204000
1731,COCNH,N.PC,PCU PRIVATE,PC,Y,NO MATCH,4,COCNH,PC,PROGRESSIVE CARE,PC,,Y,N,None,IIU7623,2026-06-08 17:06:55.997000,corpsvcmtxcutoverrpt_sql,2026-04-13 16:43:36.060000,xrdcwddbsuip06,MTX_ACOE_Cutover_Reporting,UI_Excel_Select_Xwalk_Source_Accommodations,facility,*ALL*,QXA4067,2026-09-21 01:07:43.204000
1732,COCNH,N.PCP,PROGRESSIVE CARE SEMI-PRIVATE,PP,N,NO MATCH,0,COCNH,,,,,N,Y,None,IIU7623,2026-04-14 09:47:47.413000,corpsvcmtxcutoverrpt_sql,2026-04-13 16:43:36.060000,xrdcwddbsuip06,MTX_ACOE_Cutover_Reporting,UI_Excel_Select_Xwalk_Source_Accommodations,facility,*ALL*,QXA4067,2026-09-21 01:07:43.204000
1733,COCNH,N.PCS,PCU SEMI-PRIVATE,PS,Y,NO MATCH,2,COCNH,PC,PROGRESSIVE CARE,PC,,Y,N,None,IIU7623,2026-06-08 17:06:56.063000,corpsvcmtxcutoverrpt_sql,2026-04-13 16:43:36.060000,xrdcwddbsuip06,MTX_ACOE_Cutover_Reporting,UI_Excel_Select_Xwalk_Source_Accommodations,facility,*ALL*,QXA4067,2026-09-21 01:07:43.204000
1734,COCNH,N.PE,PRIVATE EXTENDED CARE,PE,N,NO MATCH,0,COCNH,,,,,N,Y,None,IIU7623,2026-04-14 09:47:47.443000,corpsvcmtxcutoverrpt_sql,2026-04-13 16:43:36.060000,xrdcwddbsuip06,MTX_ACOE_Cutover_Reporting,UI_Excel_Select_Xwalk_Source_Accommodations,facility,*ALL*,QXA4067,2026-09-21 01:07:43.204000
1735,COCNH,N.PO,PRIVATE OVERFLOW,PO,N,NO MATCH,0,COCNH,,,,,N,Y,None,IIU7623,2026-04-14 09:47:47.470000,corpsvcmtxcutoverrpt_sql,2026-04-13 16:43:36.060000,xrdcwddbsuip06,MTX_ACOE_Cutover_Reporting,UI_Excel_Select_Xwalk_Source_Accommodations,facility,*ALL*,QXA4067,2026-09-21 01:07:43.204000
1736,COCNH,N.PR,PRIVATE,PR,N,NO MATCH,0,COCNH,,,,,N,Y,None,IIU7623,2026-04-14 09:47:47.500000,corpsvcmtxcutoverrpt_sql,2026-04-13 16:43:36.060000,xrdcwddbsuip06,MTX_ACOE_Cutover_Reporting,UI_Excel_Select_Xwalk_Source_Accommodations,facility,*ALL*,QXA4067,2026-09-21 01:07:43.204000
1737,COCNH,N.SE,SEMI-PRIVATE EXTENDED CARE,SE,N,NO MATCH,0,COCNH,,,,,N,Y,None,IIU7623,2026-04-14 09:47:47.530000,corpsvcmtxcutoverrpt_sql,2026-04-13 16:43:36.060000,xrdcwddbsuip06,MTX_ACOE_Cutover_Reporting,UI_Excel_Select_Xwalk_Source_Accommodations,facility,*ALL*,QXA4067,2026-09-21 01:07:43.204000
1738,COCNH,N.SO,SEMI-PRIVATE OVERFLOW,SO,N,NO MATCH,1,COCNH,,,,,N,Y,None,IIU7623,2026-04-14 09:47:47.563000,corpsvcmtxcutoverrpt_sql,2026-04-13 16:43:36.060000,xrdcwddbsuip06,MTX_ACOE_Cutover_Reporting,UI_Excel_Select_Xwalk_Source_Accommodations,facility,*ALL*,QXA4067,2026-09-21 01:07:43.204000
1739,COCNH,N.SP,SEMI-PRIVATE,SP,Y,NO MATCH,2,COCNH,SP,SEMI PRIVATE,SP,,Y,N,None,IIU7623,2026-04-14 09:57:46.713000,corpsvcmtxcutoverrpt_sql,2026-04-13 16:43:36.060000,xrdcwddbsuip06,MTX_ACOE_Cutover_Reporting,UI_Excel_Select_Xwalk_Source_Accommodations,facility,*ALL*,QXA4067,2026-09-21 01:07:43.204000
1740,COCNH,N.TR,TRAUMA INTENSIVE CARE,TR,Y,NO MATCH,0,COCNH,TRIC,TRAUMA INTENSIVE CARE,TR,,Y,N,None,IIU7623,2026-04-14 09:57:46.743000,corpsvcmtxcutoverrpt_sql,2026-04-13 16:43:36.060000,xrdcwddbsuip06,MTX_ACOE_Cutover_Reporting,UI_Excel_Select_Xwalk_Source_Accommodations,facility,*ALL*,QXA4067,2026-09-21 01:07:43.204000
1741,COCNH,XMU,EXCHANGE CLINICAL DATA CODE,XM,Y,NO MATCH,0,COCNH,PR,PRIVATE ROOM,PR,,Y,N,None,IIU7623,2026-06-08 17:06:56.137000,corpsvcmtxcutoverrpt_sql,2026-04-13 16:43:36.060000,xrdcwddbsuip06,MTX_ACOE_Cutover_Reporting,UI_Excel_Select_Xwalk_Source_Accommodations,facility,*ALL*,QXA4067,2026-09-21 01:07:43.204000
1742,COCNV,BM,BURN CARE MEDICAL,BM,Y,"TEST (2025-12-11),ZCON (2026-04-21),LIVE (2026-02-12)",0,COCNV,BM,BURN MEDICAL,BM,Y,Y,N,None,HGE3782,2025-10-01 11:06:19.680000,corpsvcmtxcutoverrpt_sql,2025-09-04 08:38:18.993000,xrdcwddbsuip06,MTX_ACOE_Cutover_Reporting,UI_Excel_Select_Xwalk_Source_Accommodations,facility,*ALL*,QXA4067,2026-09-21 01:07:43.204000
1743,COCNV,BP,BURN CARE PCU,BP,Y,"TEST (2025-12-11),ZCON (2026-04-21),LIVE (2026-02-12)",0,COCNV,BPC,BURN PCU,BP,Y,Y,N,None,HGE3782,2025-10-01 11:06:19.697000,corpsvcmtxcutoverrpt_sql,2025-09-04 08:38:18.993000,xrdcwddbsuip06,MTX_ACOE_Cutover_Reporting,UI_Excel_Select_Xwalk_Source_Accommodations,facility,*ALL*,QXA4067,2026-09-21 01:07:43.204000
1744,COCNV,BU,BURN CARE ICU,BU,Y,"TEST (2025-12-11),ZCON (2026-04-21),LIVE (2026-02-12)",0,COCNV,BIC,BURN INTENSIVE CARE,BU,Y,Y,N,None,HGE3782,2025-10-01 11:06:19.703000,corpsvcmtxcutoverrpt_sql,2025-09-04 08:38:18.993000,xrdcwddbsuip06,MTX_ACOE_Cutover_Reporting,UI_Excel_Select_Xwalk_Source_Accommodations,facility,*ALL*,QXA4067,2026-09-21 01:07:43.204000
1745,COCNV,G.SLB,SLEEP STUDY LAB,SL,N,NO MATCH,0,COCNV,,,,,N,Y,None,BMB1734,2025-10-03 15:01:04.210000,corpsvcmtxcutoverrpt_sql,2025-09-04 08:38:18.993000,xrdcwddbsuip06,MTX_ACOE_Cutover_Reporting,UI_Excel_Select_Xwalk_Source_Accommodations,facility,*ALL*,QXA4067,2026-09-21 01:07:43.204000
1746,COCNV,I,INTENSIVE CARE,IC,Y,"TEST (2025-12-11),ZCON (2026-04-21),LIVE (2026-02-12)",0,COCNV,IC,INTENSIVE CARE,I,Y,Y,N,None,HGE3782,2025-10-01 11:06:19.723000,corpsvcmtxcutoverrpt_sql,2025-09-04 08:38:18.993000,xrdcwddbsuip06,MTX_ACOE_Cutover_Reporting,UI_Excel_Select_Xwalk_Source_Accommodations,facility,*ALL*,QXA4067,2026-09-21 01:07:43.204000
1747,COCNV,MS,MED SURG PRIVATE,MS,Y,"TEST (2025-12-11),ZCON (2026-04-21),LIVE (2026-02-12)",0,COCNV,MS,MED SURG,MS,Y,Y,N,None,HGE3782,2025-10-01 11:06:19.733000,corpsvcmtxcutoverrpt_sql,2025-09-04 08:38:18.993000,xrdcwddbsuip06,MTX_ACOE_Cutover_Reporting,UI_Excel_Select_Xwalk_Source_Accommodations,facility,*ALL*,QXA4067,2026-09-21 01:07:43.204000
1748,COCNV,PC,PROGRESSIVE CARE UNIT,PC,Y,"TEST (2025-12-11),ZCON (2026-04-21),LIVE (2026-02-12)",0,COCNV,PC,PROGRESSIVE CARE,PC,Y,Y,N,None,BMB1734,2025-11-03 16:36:17.660000,corpsvcmtxcutoverrpt_sql,2025-09-04 08:38:18.993000,xrdcwddbsuip06,MTX_ACOE_Cutover_Reporting,UI_Excel_Select_Xwalk_Source_Accommodations,facility,*ALL*,QXA4067,2026-09-21 01:07:43.204000
1749,COCNV,RP,REHAB PRIVATE,RP,Y,"TEST (2025-12-11),ZCON (2026-04-21),LIVE (2026-02-12)",0,COCNV,RP,REHAB PRIVATE,RP,Y,Y,N,None,HGE3782,2025-10-01 11:06:19.753000,corpsvcmtxcutoverrpt_sql,2025-09-04 08:38:18.993000,xrdcwddbsuip06,MTX_ACOE_Cutover_Reporting,UI_Excel_Select_Xwalk_Source_Accommodations,facility,*ALL*,QXA4067,2026-09-21 01:07:43.204000
1750,COCNV,RS,REHAB SEMI PRIVATE,RS,Y,"TEST (2025-12-11),ZCON (2026-04-21),LIVE (2026-02-12)",0,COCNV,RP,REHABILITATION,RS,Y,Y,N,None,HGE3782,2025-10-01 11:06:19.763000,corpsvcmtxcutoverrpt_sql,2025-09-04 08:38:18.993000,xrdcwddbsuip06,MTX_ACOE_Cutover_Reporting,UI_Excel_Select_Xwalk_Source_Accommodations,facility,*ALL*,QXA4067,2026-09-21 01:07:43.204000
1751,COCNV,TR,TRAUMA MS/PCU,TR,Y,"TEST (2025-12-11),ZCON (2026-04-21),LIVE (2026-02-12)",0,COCNV,TR,TRAUMA,TR,Y,Y,N,None,HGE3782,2025-10-01 11:06:19.770000,corpsvcmtxcutoverrpt_sql,2025-09-04 08:38:18.993000,xrdcwddbsuip06,MTX_ACOE_Cutover_Reporting,UI_Excel_Select_Xwalk_Source_Accommodations,facility,*ALL*,QXA4067,2026-09-21 01:07:43.204000
1752,COCNV,TRI,TRAUMA INTENSIVE CARE,TI,Y,"TEST (2025-12-11),ZCON (2026-04-21),LIVE (2026-02-12)",0,COCNV,TRIC,TRAUMA INTENSIVE CARE,TRI,Y,Y,N,None,HGE3782,2025-10-01 11:06:19.780000,corpsvcmtxcutoverrpt_sql,2025-09-04 08:38:18.993000,xrdcwddbsuip06,MTX_ACOE_Cutover_Reporting,UI_Excel_Select_Xwalk_Source_Accommodations,facility,*ALL*,QXA4067,2026-09-21 01:07:43.204000
1753,COCNV,V,VIP ROOM,V,N,NO MATCH,0,COCNV,,,,,N,Y,None,BMB1734,2025-10-03 15:01:04.290000,corpsvcmtxcutoverrpt_sql,2025-09-04 08:38:18.993000,xrdcwddbsuip06,MTX_ACOE_Cutover_Reporting,UI_Excel_Select_Xwalk_Source_Accommodations,facility,*ALL*,QXA4067,2026-09-21 01:07:43.204000
1754,COCNW,___N/A___20260604092707,Net New Expanse Accommodation--no MT56 data,___,N,"TEST (2026-09-20),ZCON (2026-09-20),LIVE (2026-09-04)",0,COCNW,AP,ANTEPARTUM,AP,Y,Y,N,None,BMB1734,2026-06-04 09:28:04.510000,HCA\BMB1734,2026-06-04 09:27:07.847000,xrdcwddbsuip06,MTX_ACOE_Cutover_Reporting,UI_Excel_Select_Xwalk_Source_Accommodations,facility,*ALL*,QXA4067,2026-09-21 01:07:43.205000
1755,COCNW,___N/A___20260604092829,Net New Expanse Accommodation--no MT56 data,___,N,"TEST (2026-09-20),ZCON (2026-09-20),LIVE (2026-09-04)",0,COCNW,LDHR,LABOR AND DELIVERY HIGH RISK,LR,Y,Y,N,None,BMB1734,2026-08-21 12:01:44.730000,HCA\BMB1734,2026-06-04 09:28:29.660000,xrdcwddbsuip06,MTX_ACOE_Cutover_Reporting,UI_Excel_Select_Xwalk_Source_Accommodations,facility,*ALL*,QXA4067,2026-09-21 01:07:43.205000
1756,COCNW,___N/A___20260604093018,Net New Expanse Accommodation--no MT56 data,___,N,"TEST (2026-09-20),ZCON (2026-09-20),LIVE (2026-09-04)",0,COCNW,LDHR,,,,N,Y,None,BMB1734,2026-06-04 09:31:10.603000,HCA\BMB1734,2026-06-04 09:30:18.467000,xrdcwddbsuip06,MTX_ACOE_Cutover_Reporting,UI_Excel_Select_Xwalk_Source_Accommodations,facility,*ALL*,QXA4067,2026-09-21 01:07:43.205000
1757,COCNW,B1,NU SCN ICU ISO,W1,N,NO MATCH,0,COCNW,,,,,N,Y,None,BMB1734,2026-03-02 16:21:21.100000,corpsvcmtxcutoverrpt_sql,2026-01-22 12:53:30.830000,xrdcwddbsuip06,MTX_ACOE_Cutover_Reporting,UI_Excel_Select_Xwalk_Source_Accommodations,facility,*ALL*,QXA4067,2026-09-21 01:07:43.205000
1758,COCNW,B2,NU SCN PCU ISO,W2,N,NO MATCH,0,COCNW,,,,,N,Y,None,BMB1734,2026-03-02 16:21:21.180000,corpsvcmtxcutoverrpt_sql,2026-01-22 12:53:30.830000,xrdcwddbsuip06,MTX_ACOE_Cutover_Reporting,UI_Excel_Select_Xwalk_Source_Accommodations,facility,*ALL*,QXA4067,2026-09-21 01:07:43.205000
1759,COCNW,BI,NU ICU,WI,N,NO MATCH,0,COCNW,,,,,N,Y,None,BMB1734,2026-03-02 16:21:21.250000,corpsvcmtxcutoverrpt_sql,2026-01-22 12:53:30.830000,xrdcwddbsuip06,MTX_ACOE_Cutover_Reporting,UI_Excel_Select_Xwalk_Source_Accommodations,facility,*ALL*,QXA4067,2026-09-21 01:07:43.205000
1760,COCNW,BURN,Burn Intensive Care,BU,N,NO MATCH,0,COCNW,,,,,N,Y,None,BMB1734,2026-03-02 16:21:21.323000,corpsvcmtxcutoverrpt_sql,2026-01-22 12:53:30.830000,xrdcwddbsuip06,MTX_ACOE_Cutover_Reporting,UI_Excel_Select_Xwalk_Source_Accommodations,facility,*ALL*,QXA4067,2026-09-21 01:07:43.205000
1761,COCNW,CA,PED PRIVATE,CA,N,NO MATCH,0,COCNW,,,,,N,Y,None,BMB1734,2026-03-02 16:21:21.393000,corpsvcmtxcutoverrpt_sql,2026-01-22 12:53:30.830000,xrdcwddbsuip06,MTX_ACOE_Cutover_Reporting,UI_Excel_Select_Xwalk_Source_Accommodations,facility,*ALL*,QXA4067,2026-09-21 01:07:43.205000
1762,COCNW,CM,PED MED,CM,N,NO MATCH,0,COCNW,,,,,N,Y,None,BMB1734,2026-03-02 16:21:21.467000,corpsvcmtxcutoverrpt_sql,2026-01-22 12:53:30.830000,xrdcwddbsuip06,MTX_ACOE_Cutover_Reporting,UI_Excel_Select_Xwalk_Source_Accommodations,facility,*ALL*,QXA4067,2026-09-21 01:07:43.205000
1763,COCNW,CP,PED PP,CP,N,NO MATCH,0,COCNW,,,,,N,Y,None,BMB1734,2026-03-02 16:21:21.537000,corpsvcmtxcutoverrpt_sql,2026-01-22 12:53:30.830000,xrdcwddbsuip06,MTX_ACOE_Cutover_Reporting,UI_Excel_Select_Xwalk_Source_Accommodations,facility,*ALL*,QXA4067,2026-09-21 01:07:43.205000
1764,COCNW,CS,PED SUR,CS,N,NO MATCH,0,COCNW,,,,,N,Y,None,BMB1734,2026-03-02 16:21:21.607000,corpsvcmtxcutoverrpt_sql,2026-01-22 12:53:30.830000,xrdcwddbsuip06,MTX_ACOE_Cutover_Reporting,UI_Excel_Select_Xwalk_Source_Accommodations,facility,*ALL*,QXA4067,2026-09-21 01:07:43.205000
1765,COCNW,CU,PICU,CU,N,NO MATCH,0,COCNW,,,,,N,Y,None,BMB1734,2026-03-02 16:21:21.677000,corpsvcmtxcutoverrpt_sql,2026-01-22 12:53:30.830000,xrdcwddbsuip06,MTX_ACOE_Cutover_Reporting,UI_Excel_Select_Xwalk_Source_Accommodations,facility,*ALL*,QXA4067,2026-09-21 01:07:43.205000
1766,COCNW,CV,CVICU,CV,Y,"TEST (2026-09-20),ZCON (2026-09-20),LIVE (2026-09-04)",19,COCNW,CC,CORONARY CARE,CC,Y,Y,N,None,BMB1734,2026-03-02 16:21:21.750000,corpsvcmtxcutoverrpt_sql,2026-01-22 12:53:30.830000,xrdcwddbsuip06,MTX_ACOE_Cutover_Reporting,UI_Excel_Select_Xwalk_Source_Accommodations,facility,*ALL*,QXA4067,2026-09-21 01:07:43.205000
1767,COCNW,DX,Detox,DX,N,NO MATCH,0,COCNW,,,,,N,Y,None,BMB1734,2026-03-02 16:21:21.820000,corpsvcmtxcutoverrpt_sql,2026-01-22 12:53:30.830000,xrdcwddbsuip06,MTX_ACOE_Cutover_Reporting,UI_Excel_Select_Xwalk_Source_Accommodations,facility,*ALL*,QXA4067,2026-09-21 01:07:43.205000
1768,COCNW,EC,ICU GENERAL W ECMO,EC,Y,"TEST (2026-09-20),ZCON (2026-09-20),LIVE (2026-09-04)",0,COCNW,EC,ECMO,EC,Y,Y,N,None,BMB1734,2026-03-02 16:21:21.890000,corpsvcmtxcutoverrpt_sql,2026-01-22 12:53:30.830000,xrdcwddbsuip06,MTX_ACOE_Cutover_Reporting,UI_Excel_Select_Xwalk_Source_Accommodations,facility,*ALL*,QXA4067,2026-09-21 01:07:43.205000
1769,COCNW,ECBR,ICU BURN W ECMO,EB,Y,"TEST (2026-09-20),ZCON (2026-09-20),LIVE (2026-09-04)",0,COCNW,M,MEDICAL,M,Y,Y,N,None,BMB1734,2026-07-14 13:46:32.937000,corpsvcmtxcutoverrpt_sql,2026-01-22 12:53:30.830000,xrdcwddbsuip06,MTX_ACOE_Cutover_Reporting,UI_Excel_Select_Xwalk_Source_Accommodations,facility,*ALL*,QXA4067,2026-09-21 01:07:43.205000
1770,COCNW,ECTR,ICU TRAUMA W ECMO,ET,Y,"TEST (2026-09-20),ZCON (2026-09-20),LIVE (2026-09-04)",0,COCNW,M,MEDICAL,M,Y,Y,N,None,BMB1734,2026-07-14 13:46:33.003000,corpsvcmtxcutoverrpt_sql,2026-01-22 12:53:30.830000,xrdcwddbsuip06,MTX_ACOE_Cutover_Reporting,UI_Excel_Select_Xwalk_Source_Accommodations,facility,*ALL*,QXA4067,2026-09-21 01:07:43.205000
1771,COCNW,F,SNU SEMI-PRIVATE,F,N,NO MATCH,0,COCNW,,,,,N,Y,None,BMB1734,2026-03-02 16:21:21.960000,corpsvcmtxcutoverrpt_sql,2026-01-22 12:53:30.830000,xrdcwddbsuip06,MTX_ACOE_Cutover_Reporting,UI_Excel_Select_Xwalk_Source_Accommodations,facility,*ALL*,QXA4067,2026-09-21 01:07:43.205000
1772,COCNW,FI,SNU ISOLATION,FI,N,NO MATCH,0,COCNW,,,,,N,Y,None,BMB1734,2026-03-02 16:21:22.033000,corpsvcmtxcutoverrpt_sql,2026-01-22 12:53:30.830000,xrdcwddbsuip06,MTX_ACOE_Cutover_Reporting,UI_Excel_Select_Xwalk_Source_Accommodations,facility,*ALL*,QXA4067,2026-09-21 01:07:43.205000
1773,COCNW,FP,SNU PRIVATE,FP,N,NO MATCH,0,COCNW,,,,,N,Y,None,BMB1734,2026-03-02 16:21:22.147000,corpsvcmtxcutoverrpt_sql,2026-01-22 12:53:30.830000,xrdcwddbsuip06,MTX_ACOE_Cutover_Reporting,UI_Excel_Select_Xwalk_Source_Accommodations,facility,*ALL*,QXA4067,2026-09-21 01:07:43.205000
1774,COCNW,HI,HOLD ICU,HI,N,NO MATCH,0,COCNW,,,,,N,Y,None,BMB1734,2026-03-02 16:21:22.217000,corpsvcmtxcutoverrpt_sql,2026-01-22 12:53:30.830000,xrdcwddbsuip06,MTX_ACOE_Cutover_Reporting,UI_Excel_Select_Xwalk_Source_Accommodations,facility,*ALL*,QXA4067,2026-09-21 01:07:43.205000
1775,COCNW,HM,HOLD MED,HM,N,NO MATCH,0,COCNW,,,,,N,Y,None,BMB1734,2026-03-02 16:21:22.293000,corpsvcmtxcutoverrpt_sql,2026-01-22 12:53:30.830000,xrdcwddbsuip06,MTX_ACOE_Cutover_Reporting,UI_Excel_Select_Xwalk_Source_Accommodations,facility,*ALL*,QXA4067,2026-09-21 01:07:43.205000
1776,COCNW,HS,HOLD SUR,HS,N,NO MATCH,0,COCNW,,,,,N,Y,None,BMB1734,2026-03-02 16:21:22.363000,corpsvcmtxcutoverrpt_sql,2026-01-22 12:53:30.830000,xrdcwddbsuip06,MTX_ACOE_Cutover_Reporting,UI_Excel_Select_Xwalk_Source_Accommodations,facility,*ALL*,QXA4067,2026-09-21 01:07:43.205000
1777,COCNW,HT,HLD TEL,HT,N,NO MATCH,0,COCNW,,,,,N,Y,None,BMB1734,2026-03-02 16:21:22.433000,corpsvcmtxcutoverrpt_sql,2026-01-22 12:53:30.830000,xrdcwddbsuip06,MTX_ACOE_Cutover_Reporting,UI_Excel_Select_Xwalk_Source_Accommodations,facility,*ALL*,QXA4067,2026-09-21 01:07:43.205000
1778,COCNW,IA,ICU PRI,IA,N,NO MATCH,0,COCNW,,,,,N,Y,None,BMB1734,2026-03-02 16:21:22.507000,corpsvcmtxcutoverrpt_sql,2026-01-22 12:53:30.830000,xrdcwddbsuip06,MTX_ACOE_Cutover_Reporting,UI_Excel_Select_Xwalk_Source_Accommodations,facility,*ALL*,QXA4067,2026-09-21 01:07:43.205000
1779,COCNW,IC,Intensive Care,IN,Y,"TEST (2026-09-20),ZCON (2026-09-20),LIVE (2026-09-04)",43,COCNW,IC,INTENSIVE CARE,IC,Y,Y,N,None,BMB1734,2026-03-25 14:21:50.693000,corpsvcmtxcutoverrpt_sql,2026-01-22 12:53:30.830000,xrdcwddbsuip06,MTX_ACOE_Cutover_Reporting,UI_Excel_Select_Xwalk_Source_Accommodations,facility,*ALL*,QXA4067,2026-09-21 01:07:43.205000
1780,COCNW,IM,Intermediate Care,IR,Y,"TEST (2026-09-20),ZCON (2026-09-20),LIVE (2026-09-04)",0,COCNW,PC,PROGRESSIVE CARE,PC,Y,Y,N,None,BMB1734,2026-08-21 12:01:44.803000,corpsvcmtxcutoverrpt_sql,2026-01-22 12:53:30.830000,xrdcwddbsuip06,MTX_ACOE_Cutover_Reporting,UI_Excel_Select_Xwalk_Source_Accommodations,facility,*ALL*,QXA4067,2026-09-21 01:07:43.205000
1781,COCNW,IMCU,Intermediate Care CCU,CR,Y,"TEST (2026-09-20),ZCON (2026-09-20),LIVE (2026-09-04)",107,COCNW,PCCC,PROGRESSIVE CARE CCU,PU,Y,Y,N,None,BMB1734,2026-03-02 16:21:22.720000,corpsvcmtxcutoverrpt_sql,2026-01-22 12:53:30.830000,xrdcwddbsuip06,MTX_ACOE_Cutover_Reporting,UI_Excel_Select_Xwalk_Source_Accommodations,facility,*ALL*,QXA4067,2026-09-21 01:07:43.205000
1782,COCNW,IP,ICU PP,IP,N,NO MATCH,0,COCNW,,,,,N,Y,None,BMB1734,2026-03-02 16:21:22.790000,corpsvcmtxcutoverrpt_sql,2026-01-22 12:53:30.830000,xrdcwddbsuip06,MTX_ACOE_Cutover_Reporting,UI_Excel_Select_Xwalk_Source_Accommodations,facility,*ALL*,QXA4067,2026-09-21 01:07:43.205000
1783,COCNW,IS,ICU SUR,IS,N,NO MATCH,0,COCNW,,,,,N,Y,None,BMB1734,2026-03-02 16:21:22.863000,corpsvcmtxcutoverrpt_sql,2026-01-22 12:53:30.830000,xrdcwddbsuip06,MTX_ACOE_Cutover_Reporting,UI_Excel_Select_Xwalk_Source_Accommodations,facility,*ALL*,QXA4067,2026-09-21 01:07:43.206000
1784,COCNW,IT,ICU TEL,IT,N,NO MATCH,0,COCNW,,,,,N,Y,None,BMB1734,2026-03-02 16:21:22.933000,corpsvcmtxcutoverrpt_sql,2026-01-22 12:53:30.830000,xrdcwddbsuip06,MTX_ACOE_Cutover_Reporting,UI_Excel_Select_Xwalk_Source_Accommodations,facility,*ALL*,QXA4067,2026-09-21 01:07:43.206000
1785,COCNW,L1,NEWBORN LEVEL I,L1,Y,"TEST (2026-09-20),ZCON (2026-09-20),LIVE (2026-09-04)",30,COCNW,L1,NEWBORN LEVEL I CARE,L1,Y,Y,N,None,BMB1734,2026-03-25 14:21:50.767000,corpsvcmtxcutoverrpt_sql,2026-01-22 12:53:30.830000,xrdcwddbsuip06,MTX_ACOE_Cutover_Reporting,UI_Excel_Select_Xwalk_Source_Accommodations,facility,*ALL*,QXA4067,2026-09-21 01:07:43.206000
1786,COCNW,L2,NEWBORN LEVEL II,L2,Y,"TEST (2026-09-20),ZCON (2026-09-20),LIVE (2026-09-04)",42,COCNW,L2,NEWBORN LEVEL II CARE,L2,Y,Y,N,None,BMB1734,2026-03-02 16:21:23.127000,corpsvcmtxcutoverrpt_sql,2026-01-22 12:53:30.830000,xrdcwddbsuip06,MTX_ACOE_Cutover_Reporting,UI_Excel_Select_Xwalk_Source_Accommodations,facility,*ALL*,QXA4067,2026-09-21 01:07:43.206000
1787,COCNW,L3,NEWBORN LEVEL III,L3,Y,"TEST (2026-09-20),ZCON (2026-09-20),LIVE (2026-09-04)",20,COCNW,L3,NEWBORN LEVEL III CARE,L3,Y,Y,N,None,BMB1734,2026-03-02 16:21:23.210000,corpsvcmtxcutoverrpt_sql,2026-01-22 12:53:30.830000,xrdcwddbsuip06,MTX_ACOE_Cutover_Reporting,UI_Excel_Select_Xwalk_Source_Accommodations,facility,*ALL*,QXA4067,2026-09-21 01:07:43.206000
1788,COCNW,L4,NEWBORN LEVEL IV,L4,Y,"TEST (2026-09-20),ZCON (2026-09-20),LIVE (2026-09-04)",6,COCNW,L4,NEWBORN LEVEL IV CARE,L4,Y,Y,N,None,BMB1734,2026-08-27 12:44:54.843000,corpsvcmtxcutoverrpt_sql,2026-01-22 12:53:30.830000,xrdcwddbsuip06,MTX_ACOE_Cutover_Reporting,UI_Excel_Select_Xwalk_Source_Accommodations,facility,*ALL*,QXA4067,2026-09-21 01:07:43.206000
1789,COCNW,LD,LABOR & DELIVERY,LD,Y,"TEST (2026-09-20),ZCON (2026-09-20),LIVE (2026-09-04)",18,COCNW,LD,LABOR AND DELIVERY,LD,Y,Y,N,None,BMB1734,2026-03-02 16:21:23.353000,corpsvcmtxcutoverrpt_sql,2026-01-22 12:53:30.830000,xrdcwddbsuip06,MTX_ACOE_Cutover_Reporting,UI_Excel_Select_Xwalk_Source_Accommodations,facility,*ALL*,QXA4067,2026-09-21 01:07:43.206000
1790,COCNW,MC,MED PED,MC,N,NO MATCH,0,COCNW,,,,,N,Y,None,BMB1734,2026-03-02 16:21:23.427000,corpsvcmtxcutoverrpt_sql,2026-01-22 12:53:30.830000,xrdcwddbsuip06,MTX_ACOE_Cutover_Reporting,UI_Excel_Select_Xwalk_Source_Accommodations,facility,*ALL*,QXA4067,2026-09-21 01:07:43.206000
1791,COCNW,MI,MED ICU,MI,N,NO MATCH,0,COCNW,,,,,N,Y,None,BMB1734,2026-03-02 16:21:23.497000,corpsvcmtxcutoverrpt_sql,2026-01-22 12:53:30.830000,xrdcwddbsuip06,MTX_ACOE_Cutover_Reporting,UI_Excel_Select_Xwalk_Source_Accommodations,facility,*ALL*,QXA4067,2026-09-21 01:07:43.206000
1792,COCNW,MP,MED PP,MP,N,NO MATCH,0,COCNW,,,,,N,Y,None,BMB1734,2026-03-02 16:21:23.567000,corpsvcmtxcutoverrpt_sql,2026-01-22 12:53:30.830000,xrdcwddbsuip06,MTX_ACOE_Cutover_Reporting,UI_Excel_Select_Xwalk_Source_Accommodations,facility,*ALL*,QXA4067,2026-09-21 01:07:43.206000
1793,COCNW,MS,Med Surg,MD,Y,"TEST (2026-09-20),ZCON (2026-09-20),LIVE (2026-09-04)",507,COCNW,MS,MED SURG,MS,Y,Y,N,None,BMB1734,2026-03-02 16:21:23.640000,corpsvcmtxcutoverrpt_sql,2026-01-22 12:53:30.830000,xrdcwddbsuip06,MTX_ACOE_Cutover_Reporting,UI_Excel_Select_Xwalk_Source_Accommodations,facility,*ALL*,QXA4067,2026-09-21 01:07:43.206000
1794,COCNW,MT,MED TEL,MT,N,NO MATCH,0,COCNW,,,,,N,Y,None,BMB1734,2026-03-02 16:21:23.710000,corpsvcmtxcutoverrpt_sql,2026-01-22 12:53:30.830000,xrdcwddbsuip06,MTX_ACOE_Cutover_Reporting,UI_Excel_Select_Xwalk_Source_Accommodations,facility,*ALL*,QXA4067,2026-09-21 01:07:43.206000
1795,COCNW,N1,NICU Level 1,NO,N,NO MATCH,0,COCNW,,,,,N,Y,None,BMB1734,2026-03-02 16:21:23.780000,corpsvcmtxcutoverrpt_sql,2026-01-22 12:53:30.830000,xrdcwddbsuip06,MTX_ACOE_Cutover_Reporting,UI_Excel_Select_Xwalk_Source_Accommodations,facility,*ALL*,QXA4067,2026-09-21 01:07:43.206000
1796,COCNW,N2,NICU Level 2,NT,Y,"TEST (2026-09-20),ZCON (2026-09-20),LIVE (2026-09-04)",0,COCNW,L2,NEWBORN LEVEL II CARE,L2,Y,Y,N,None,BMB1734,2026-03-25 14:21:50.837000,corpsvcmtxcutoverrpt_sql,2026-01-22 12:53:30.830000,xrdcwddbsuip06,MTX_ACOE_Cutover_Reporting,UI_Excel_Select_Xwalk_Source_Accommodations,facility,*ALL*,QXA4067,2026-09-21 01:07:43.206000
1797,COCNW,N3,NICU Level 3,N3,Y,"TEST (2026-09-20),ZCON (2026-09-20),LIVE (2026-09-04)",0,COCNW,L3,NEWBORN LEVEL III CARE,L3,Y,Y,N,None,BMB1734,2026-03-25 14:21:50.910000,corpsvcmtxcutoverrpt_sql,2026-01-22 12:53:30.830000,xrdcwddbsuip06,MTX_ACOE_Cutover_Reporting,UI_Excel_Select_Xwalk_Source_Accommodations,facility,*ALL*,QXA4067,2026-09-21 01:07:43.206000
1798,COCNW,N4,NICU Level 4,N4,Y,"TEST (2026-09-20),ZCON (2026-09-20),LIVE (2026-09-04)",0,COCNW,L4,NEWBORN LEVEL IV CARE,L4,Y,Y,N,None,BMB1734,2026-08-27 12:44:54.917000,corpsvcmtxcutoverrpt_sql,2026-01-22 12:53:30.830000,xrdcwddbsuip06,MTX_ACOE_Cutover_Reporting,UI_Excel_Select_Xwalk_Source_Accommodations,facility,*ALL*,QXA4067,2026-09-21 01:07:43.206000
1799,COCNW,NB,Newborn Basic Care,NB,Y,"TEST (2026-09-20),ZCON (2026-09-20),LIVE (2026-09-04)",0,COCNW,L1,NEWBORN LEVEL I CARE,L1,Y,Y,N,None,BMB1734,2026-03-25 14:21:51.103000,corpsvcmtxcutoverrpt_sql,2026-01-22 12:53:30.830000,xrdcwddbsuip06,MTX_ACOE_Cutover_Reporting,UI_Excel_Select_Xwalk_Source_Accommodations,facility,*ALL*,QXA4067,2026-09-21 01:07:43.206000
1800,COCNW,NE,SCN ISOL,NE,N,NO MATCH,0,COCNW,,,,,N,Y,None,BMB1734,2026-03-02 16:21:23.857000,corpsvcmtxcutoverrpt_sql,2026-01-22 12:53:30.830000,xrdcwddbsuip06,MTX_ACOE_Cutover_Reporting,UI_Excel_Select_Xwalk_Source_Accommodations,facility,*ALL*,QXA4067,2026-09-21 01:07:43.206000
1801,COCNW,NP,SCN PCU,NP,N,NO MATCH,0,COCNW,,,,,N,Y,None,BMB1734,2026-03-02 16:21:23.963000,corpsvcmtxcutoverrpt_sql,2026-01-22 12:53:30.830000,xrdcwddbsuip06,MTX_ACOE_Cutover_Reporting,UI_Excel_Select_Xwalk_Source_Accommodations,facility,*ALL*,QXA4067,2026-09-21 01:07:43.206000
1802,COCNW,OC,Obstetrics,OC,Y,"TEST (2026-09-20),ZCON (2026-09-20),LIVE (2026-09-04)",70,COCNW,M,MEDICAL,M,Y,Y,N,None,BMB1734,2026-03-25 14:21:51.177000,corpsvcmtxcutoverrpt_sql,2026-01-22 12:53:30.830000,xrdcwddbsuip06,MTX_ACOE_Cutover_Reporting,UI_Excel_Select_Xwalk_Source_Accommodations,facility,*ALL*,QXA4067,2026-09-21 01:07:43.206000
1803,COCNW,PA,PP PRIVATE,PA,N,NO MATCH,0,COCNW,,,,,N,Y,None,BMB1734,2026-03-02 16:21:24.223000,corpsvcmtxcutoverrpt_sql,2026-01-22 12:53:30.830000,xrdcwddbsuip06,MTX_ACOE_Cutover_Reporting,UI_Excel_Select_Xwalk_Source_Accommodations,facility,*ALL*,QXA4067,2026-09-21 01:07:43.206000
1804,COCNW,PC,PP PED,PC,N,NO MATCH,0,COCNW,,,,,N,Y,None,BMB1734,2026-03-02 16:21:24.330000,corpsvcmtxcutoverrpt_sql,2026-01-22 12:53:30.830000,xrdcwddbsuip06,MTX_ACOE_Cutover_Reporting,UI_Excel_Select_Xwalk_Source_Accommodations,facility,*ALL*,QXA4067,2026-09-21 01:07:43.206000
1805,COCNW,PEDS,Pediatrics,PE,Y,"TEST (2026-09-20),ZCON (2026-09-20),LIVE (2026-09-04)",0,COCNW,M,MEDICAL,M,Y,Y,N,None,BMB1734,2026-08-31 11:56:20.730000,corpsvcmtxcutoverrpt_sql,2026-01-22 12:53:30.830000,xrdcwddbsuip06,MTX_ACOE_Cutover_Reporting,UI_Excel_Select_Xwalk_Source_Accommodations,facility,*ALL*,QXA4067,2026-09-21 01:07:43.206000
1806,COCNW,PI,PP ICU,PI,N,NO MATCH,0,COCNW,,,,,N,Y,None,BMB1734,2026-03-02 16:21:24.473000,corpsvcmtxcutoverrpt_sql,2026-01-22 12:53:30.830000,xrdcwddbsuip06,MTX_ACOE_Cutover_Reporting,UI_Excel_Select_Xwalk_Source_Accommodations,facility,*ALL*,QXA4067,2026-09-21 01:07:43.206000
1807,COCNW,PM,PP MED,PM,N,NO MATCH,0,COCNW,,,,,N,Y,None,BMB1734,2026-03-02 16:21:24.547000,corpsvcmtxcutoverrpt_sql,2026-01-22 12:53:30.830000,xrdcwddbsuip06,MTX_ACOE_Cutover_Reporting,UI_Excel_Select_Xwalk_Source_Accommodations,facility,*ALL*,QXA4067,2026-09-21 01:07:43.206000
1808,COCNW,PN,Perinatal Unit,PN,Y,"TEST (2026-09-20),ZCON (2026-09-20),LIVE (2026-09-04)",6,COCNW,LD,LABOR AND DELIVERY,LD,Y,Y,N,None,BMB1734,2026-03-25 14:21:51.250000,corpsvcmtxcutoverrpt_sql,2026-01-22 12:53:30.830000,xrdcwddbsuip06,MTX_ACOE_Cutover_Reporting,UI_Excel_Select_Xwalk_Source_Accommodations,facility,*ALL*,QXA4067,2026-09-21 01:07:43.206000
1809,COCNW,PS,PP SUR,PS,N,NO MATCH,0,COCNW,,,,,N,Y,None,BMB1734,2026-03-02 16:21:24.617000,corpsvcmtxcutoverrpt_sql,2026-01-22 12:53:30.830000,xrdcwddbsuip06,MTX_ACOE_Cutover_Reporting,UI_Excel_Select_Xwalk_Source_Accommodations,facility,*ALL*,QXA4067,2026-09-21 01:07:43.206000
1810,COCNW,PT,PP TEL,PT,N,NO MATCH,0,COCNW,,,,,N,Y,None,BMB1734,2026-03-02 16:21:24.690000,corpsvcmtxcutoverrpt_sql,2026-01-22 12:53:30.830000,xrdcwddbsuip06,MTX_ACOE_Cutover_Reporting,UI_Excel_Select_Xwalk_Source_Accommodations,facility,*ALL*,QXA4067,2026-09-21 01:07:43.206000
1811,COCNW,SA,SUR PRI,SA,N,NO MATCH,0,COCNW,,,,,N,Y,None,BMB1734,2026-03-02 16:21:24.760000,corpsvcmtxcutoverrpt_sql,2026-01-22 12:53:30.830000,xrdcwddbsuip06,MTX_ACOE_Cutover_Reporting,UI_Excel_Select_Xwalk_Source_Accommodations,facility,*ALL*,QXA4067,2026-09-21 01:07:43.206000
1812,COCNW,SB,SWING BED,SB,Y,"TEST (2026-09-20),ZCON (2026-09-20),LIVE (2026-09-04)",0,COCNW,MS,MED SURG,MS,Y,Y,N,None,BMB1734,2026-03-25 14:21:51.320000,corpsvcmtxcutoverrpt_sql,2026-01-22 12:53:30.830000,xrdcwddbsuip06,MTX_ACOE_Cutover_Reporting,UI_Excel_Select_Xwalk_Source_Accommodations,facility,*ALL*,QXA4067,2026-09-21 01:07:43.207000
1813,COCNW,SC,SUR PED,SC,N,NO MATCH,0,COCNW,,,,,N,Y,None,BMB1734,2026-03-02 16:21:24.830000,corpsvcmtxcutoverrpt_sql,2026-01-22 12:53:30.830000,xrdcwddbsuip06,MTX_ACOE_Cutover_Reporting,UI_Excel_Select_Xwalk_Source_Accommodations,facility,*ALL*,QXA4067,2026-09-21 01:07:43.207000
1814,COCNW,SE,SUR ISOL,SE,N,NO MATCH,0,COCNW,,,,,N,Y,None,BMB1734,2026-03-02 16:21:24.903000,corpsvcmtxcutoverrpt_sql,2026-01-22 12:53:30.830000,xrdcwddbsuip06,MTX_ACOE_Cutover_Reporting,UI_Excel_Select_Xwalk_Source_Accommodations,facility,*ALL*,QXA4067,2026-09-21 01:07:43.207000
1815,COCNW,SI,SUR ICU,SI,N,NO MATCH,0,COCNW,,,,,N,Y,None,BMB1734,2026-03-02 16:21:24.973000,corpsvcmtxcutoverrpt_sql,2026-01-22 12:53:30.830000,xrdcwddbsuip06,MTX_ACOE_Cutover_Reporting,UI_Excel_Select_Xwalk_Source_Accommodations,facility,*ALL*,QXA4067,2026-09-21 01:07:43.207000
1816,COCNW,SM,SUR MED,SM,N,NO MATCH,0,COCNW,,,,,N,Y,None,BMB1734,2026-03-02 16:21:25.090000,corpsvcmtxcutoverrpt_sql,2026-01-22 12:53:30.830000,xrdcwddbsuip06,MTX_ACOE_Cutover_Reporting,UI_Excel_Select_Xwalk_Source_Accommodations,facility,*ALL*,QXA4067,2026-09-21 01:07:43.207000
1817,COCNW,ST,SUR TEL,ST,N,NO MATCH,0,COCNW,,,,,N,Y,None,BMB1734,2026-03-02 16:21:25.180000,corpsvcmtxcutoverrpt_sql,2026-01-22 12:53:30.830000,xrdcwddbsuip06,MTX_ACOE_Cutover_Reporting,UI_Excel_Select_Xwalk_Source_Accommodations,facility,*ALL*,QXA4067,2026-09-21 01:07:43.207000
1818,COCNW,SU,SUR,S,N,NO MATCH,0,COCNW,,,,,N,Y,None,BMB1734,2026-03-02 16:21:25.270000,corpsvcmtxcutoverrpt_sql,2026-01-22 12:53:30.830000,xrdcwddbsuip06,MTX_ACOE_Cutover_Reporting,UI_Excel_Select_Xwalk_Source_Accommodations,facility,*ALL*,QXA4067,2026-09-21 01:07:43.207000
1819,COCNW,T,TELEMETRY,T,Y,"TEST (2026-09-20),ZCON (2026-09-20),LIVE (2026-09-04)",128,COCNW,TEL,TELEMETRY,T,Y,Y,N,None,BMB1734,2026-08-21 12:01:44.870000,corpsvcmtxcutoverrpt_sql,2026-01-22 12:53:30.830000,xrdcwddbsuip06,MTX_ACOE_Cutover_Reporting,UI_Excel_Select_Xwalk_Source_Accommodations,facility,*ALL*,QXA4067,2026-09-21 01:07:43.207000
1820,COCNW,TA,TEL PRIVATE,TA,N,NO MATCH,0,COCNW,,,,,N,Y,None,BMB1734,2026-03-02 16:21:25.443000,corpsvcmtxcutoverrpt_sql,2026-01-22 12:53:30.830000,xrdcwddbsuip06,MTX_ACOE_Cutover_Reporting,UI_Excel_Select_Xwalk_Source_Accommodations,facility,*ALL*,QXA4067,2026-09-21 01:07:43.207000
1821,COCNW,TC,TEL PED,TC,N,NO MATCH,0,COCNW,,,,,N,Y,None,BMB1734,2026-03-02 16:21:25.527000,corpsvcmtxcutoverrpt_sql,2026-01-22 12:53:30.830000,xrdcwddbsuip06,MTX_ACOE_Cutover_Reporting,UI_Excel_Select_Xwalk_Source_Accommodations,facility,*ALL*,QXA4067,2026-09-21 01:07:43.207000
1822,COCNW,TI,TEL ICU,TI,N,NO MATCH,0,COCNW,,,,,N,Y,None,BMB1734,2026-03-02 16:21:25.597000,corpsvcmtxcutoverrpt_sql,2026-01-22 12:53:30.830000,xrdcwddbsuip06,MTX_ACOE_Cutover_Reporting,UI_Excel_Select_Xwalk_Source_Accommodations,facility,*ALL*,QXA4067,2026-09-21 01:07:43.207000
1823,COCNW,TM,TEL MED,TM,N,NO MATCH,0,COCNW,,,,,N,Y,None,BMB1734,2026-03-02 16:21:25.677000,corpsvcmtxcutoverrpt_sql,2026-01-22 12:53:30.830000,xrdcwddbsuip06,MTX_ACOE_Cutover_Reporting,UI_Excel_Select_Xwalk_Source_Accommodations,facility,*ALL*,QXA4067,2026-09-21 01:07:43.207000
1824,COCNW,TP,TEL PP,TP,N,NO MATCH,0,COCNW,,,,,N,Y,None,BMB1734,2026-03-02 16:21:25.757000,corpsvcmtxcutoverrpt_sql,2026-01-22 12:53:30.830000,xrdcwddbsuip06,MTX_ACOE_Cutover_Reporting,UI_Excel_Select_Xwalk_Source_Accommodations,facility,*ALL*,QXA4067,2026-09-21 01:07:43.207000
1825,COCNW,TR,Trauma Intensive Care,TR,N,NO MATCH,0,COCNW,,,,,N,Y,None,BMB1734,2026-03-02 16:21:25.847000,corpsvcmtxcutoverrpt_sql,2026-01-22 12:53:30.830000,xrdcwddbsuip06,MTX_ACOE_Cutover_Reporting,UI_Excel_Select_Xwalk_Source_Accommodations,facility,*ALL*,QXA4067,2026-09-21 01:07:43.207000
1826,COCNW,VIP,VIP Room,VI,N,NO MATCH,0,COCNW,,,,,N,Y,None,BMB1734,2026-03-02 16:21:25.957000,corpsvcmtxcutoverrpt_sql,2026-01-22 12:53:30.830000,xrdcwddbsuip06,MTX_ACOE_Cutover_Reporting,UI_Excel_Select_Xwalk_Source_Accommodations,facility,*ALL*,QXA4067,2026-09-21 01:07:43.207000
1827,COCOMC,B,NEWBORN,B,Y,"TEST (2026-08-13),ZCON (2026-08-13),LIVE (2026-08-11)",0,COCOMC,L1,NEWBORN LEVEL I CARE,L1,Y,Y,N,None,QVO8748,2026-07-29 13:46:59.477000,corpsvcmtxcutoverrpt_sql,2025-09-09 14:47:33.733000,xrdcwddbsuip06,MTX_ACOE_Cutover_Reporting,UI_Excel_Select_Xwalk_Source_Accommodations,facility,*ALL*,QXA4067,2026-09-21 01:07:43.207000
1828,COCOMC,I,INTENSIVE CARE,IC,Y,"TEST (2026-08-13),ZCON (2026-08-13),LIVE (2026-08-11)",0,COCOMC,IC,INTENSIVE CARE,IC,Y,Y,N,None,FDO8801,2025-11-25 13:55:36.600000,corpsvcmtxcutoverrpt_sql,2025-09-09 14:47:33.733000,xrdcwddbsuip06,MTX_ACOE_Cutover_Reporting,UI_Excel_Select_Xwalk_Source_Accommodations,facility,*ALL*,QXA4067,2026-09-21 01:07:43.207000
1829,COCOMC,IS,ISOLATION,IS,Y,"TEST (2026-08-13),ZCON (2026-08-13),LIVE (2026-08-11)",0,COCOMC,IS,ISOLATION,IS,Y,Y,N,None,FDO8801,2025-11-25 13:55:36.697000,corpsvcmtxcutoverrpt_sql,2025-09-09 14:47:33.733000,xrdcwddbsuip06,MTX_ACOE_Cutover_Reporting,UI_Excel_Select_Xwalk_Source_Accommodations,facility,*ALL*,QXA4067,2026-09-21 01:07:43.207000
1830,COCOMC,L1,NEWBORN LEVEL I,L1,Y,"TEST (2026-08-13),ZCON (2026-08-13),LIVE (2026-08-11)",0,COCOMC,L1,NEWBORN LEVEL I CARE,L1,Y,Y,N,None,FDO8801,2025-11-25 13:55:36.800000,corpsvcmtxcutoverrpt_sql,2025-09-09 14:47:33.733000,xrdcwddbsuip06,MTX_ACOE_Cutover_Reporting,UI_Excel_Select_Xwalk_Source_Accommodations,facility,*ALL*,QXA4067,2026-09-21 01:07:43.207000
1831,COCOMC,L2,NEWBORN LEVEL II,L2,Y,"TEST (2026-08-13),ZCON (2026-08-13),LIVE (2026-08-11)",0,COCOMC,L2,NEWBORN LEVEL II CARE,L2,Y,Y,N,None,FDO8801,2025-11-25 13:55:36.890000,corpsvcmtxcutoverrpt_sql,2025-09-09 14:47:33.733000,xrdcwddbsuip06,MTX_ACOE_Cutover_Reporting,UI_Excel_Select_Xwalk_Source_Accommodations,facility,*ALL*,QXA4067,2026-09-21 01:07:43.207000
1832,COCOMC,L3,NEWBORN LEVEL III,L3,Y,"TEST (2026-08-13),ZCON (2026-08-13),LIVE (2026-08-11)",0,COCOMC,L3,NEWBORN LEVEL III CARE,L3,Y,Y,N,None,FDO8801,2025-11-25 13:55:36.993000,corpsvcmtxcutoverrpt_sql,2025-09-09 14:47:33.733000,xrdcwddbsuip06,MTX_ACOE_Cutover_Reporting,UI_Excel_Select_Xwalk_Source_Accommodations,facility,*ALL*,QXA4067,2026-09-21 01:07:43.207000
1833,COCOMC,L4,NEWBORN LEVEL IV,L4,Y,"TEST (2026-08-13),ZCON (2026-08-13),LIVE (2026-08-11)",0,COCOMC,L4,NEWBORN LEVEL IV CARE,L4,Y,Y,N,None,FDO8801,2025-11-25 13:55:37.160000,corpsvcmtxcutoverrpt_sql,2025-09-09 14:47:33.733000,xrdcwddbsuip06,MTX_ACOE_Cutover_Reporting,UI_Excel_Select_Xwalk_Source_Accommodations,facility,*ALL*,QXA4067,2026-09-21 01:07:43.207000
1834,COCOMC,M,CORONARY CARE,M,Y,"TEST (2026-08-13),ZCON (2026-08-13),LIVE (2026-08-11)",0,COCOMC,IC,INTENSIVE CARE,IC,Y,Y,N,None,QVO8748,2026-07-29 13:46:59.500000,corpsvcmtxcutoverrpt_sql,2025-09-09 14:47:33.733000,xrdcwddbsuip06,MTX_ACOE_Cutover_Reporting,UI_Excel_Select_Xwalk_Source_Accommodations,facility,*ALL*,QXA4067,2026-09-21 01:07:43.207000
1835,COCOMC,NI,NSY ISOLATION OR BORDER,NI,Y,NO MATCH,0,COCOMC,,,,,N,Y,None,FDO8801,2025-11-25 13:55:37.417000,corpsvcmtxcutoverrpt_sql,2025-09-09 14:47:33.733000,xrdcwddbsuip06,MTX_ACOE_Cutover_Reporting,UI_Excel_Select_Xwalk_Source_Accommodations,facility,*ALL*,QXA4067,2026-09-21 01:07:43.207000
1836,COCOMC,P,PRIVATE ROOM,P,Y,"TEST (2026-08-13),ZCON (2026-08-13),LIVE (2026-08-11)",0,COCOMC,PR,PRIVATE ROOM,P,Y,Y,N,None,FDO8801,2025-11-25 13:55:37.507000,corpsvcmtxcutoverrpt_sql,2025-09-09 14:47:33.733000,xrdcwddbsuip06,MTX_ACOE_Cutover_Reporting,UI_Excel_Select_Xwalk_Source_Accommodations,facility,*ALL*,QXA4067,2026-09-21 01:07:43.207000
1837,COCOMC,PC,PROGRESSIVE CARE UNIT,PC,Y,"TEST (2026-08-13),ZCON (2026-08-13),LIVE (2026-08-11)",0,COCOMC,PC,PROGRESSIVE CARE,PC,Y,Y,N,None,FDO8801,2025-11-25 13:55:37.597000,corpsvcmtxcutoverrpt_sql,2025-09-09 14:47:33.733000,xrdcwddbsuip06,MTX_ACOE_Cutover_Reporting,UI_Excel_Select_Xwalk_Source_Accommodations,facility,*ALL*,QXA4067,2026-09-21 01:07:43.207000
1838,COCOMC,PP,POST PARTUM,PP,Y,"TEST (2026-08-13),ZCON (2026-08-13),LIVE (2026-08-11)",0,COCOMC,LD,LABOR AND DELIVERY,LD,Y,Y,N,None,FDO8801,2025-11-25 13:55:37.687000,corpsvcmtxcutoverrpt_sql,2025-09-09 14:47:33.733000,xrdcwddbsuip06,MTX_ACOE_Cutover_Reporting,UI_Excel_Select_Xwalk_Source_Accommodations,facility,*ALL*,QXA4067,2026-09-21 01:07:43.207000
1839,COCOMC,S,SEMI-PRIVATE ROOM,S,Y,"TEST (2026-08-13),ZCON (2026-08-13),LIVE (2026-08-11)",0,COCOMC,PR,PRIVATE ROOM,P,Y,Y,N,None,QVO8748,2026-07-29 13:46:59.523000,corpsvcmtxcutoverrpt_sql,2025-09-09 14:47:33.733000,xrdcwddbsuip06,MTX_ACOE_Cutover_Reporting,UI_Excel_Select_Xwalk_Source_Accommodations,facility,*ALL*,QXA4067,2026-09-21 01:07:43.207000
1840,COCOMC,SP,SEMI-PRIVATE,SP,N,NO MATCH,0,COCOMC,,,,,N,Y,None,FDO8801,2025-11-25 13:55:37.850000,corpsvcmtxcutoverrpt_sql,2025-09-09 14:47:33.733000,xrdcwddbsuip06,MTX_ACOE_Cutover_Reporting,UI_Excel_Select_Xwalk_Source_Accommodations,facility,*ALL*,QXA4067,2026-09-21 01:07:43.207000
1841,COCOMC,T,TELEMETRY,T,Y,"TEST (2026-08-13),ZCON (2026-08-13),LIVE (2026-08-11)",0,COCOMC,TEL,TELEMETRY,TE,Y,Y,N,None,FDO8801,2025-11-25 13:55:37.940000,corpsvcmtxcutoverrpt_sql,2025-09-09 14:47:33.733000,xrdcwddbsuip06,MTX_ACOE_Cutover_Reporting,UI_Excel_Select_Xwalk_Source_Accommodations,facility,*ALL*,QXA4067,2026-09-21 01:07:43.208000
1842,COCOS,B,NEWBORN,B,Y,"TEST (2026-08-13),ZCON (2026-08-13),LIVE (2026-08-11)",0,COCOS,L1,NEWBORN LEVEL I CARE,L1,Y,Y,N,None,MLT6916,2026-06-22 09:07:03.123000,corpsvcmtxcutoverrpt_sql,2025-09-09 14:47:33.733000,xrdcwddbsuip06,MTX_ACOE_Cutover_Reporting,UI_Excel_Select_Xwalk_Source_Accommodations,facility,*ALL*,QXA4067,2026-09-21 01:07:43.208000
1843,COCOS,E,ECMO,E,N,NO MATCH,0,COCOS,,,,,N,Y,None,MLT6916,2026-06-22 09:07:03.167000,corpsvcmtxcutoverrpt_sql,2025-09-09 14:47:33.733000,xrdcwddbsuip06,MTX_ACOE_Cutover_Reporting,UI_Excel_Select_Xwalk_Source_Accommodations,facility,*ALL*,QXA4067,2026-09-21 01:07:43.208000
1844,COCOS,EC,CCU W/ ECMO,EC,Y,"TEST (2026-08-13),ZCON (2026-08-13),LIVE (2026-08-11)",0,COCOS,EC,ECMO,EC,Y,Y,N,None,MLT6916,2026-06-22 09:07:03.203000,corpsvcmtxcutoverrpt_sql,2025-09-09 14:47:33.733000,xrdcwddbsuip06,MTX_ACOE_Cutover_Reporting,UI_Excel_Select_Xwalk_Source_Accommodations,facility,*ALL*,QXA4067,2026-09-21 01:07:43.208000
1845,COCOS,ET,TRAUMA ICU W/ECMO,ET,Y,"TEST (2026-08-13),ZCON (2026-08-13),LIVE (2026-08-11)",0,COCOS,TREC,TRAUMA WITH ECMO,ET,Y,Y,N,None,MLT6916,2026-06-22 09:07:03.240000,corpsvcmtxcutoverrpt_sql,2025-09-09 14:47:33.733000,xrdcwddbsuip06,MTX_ACOE_Cutover_Reporting,UI_Excel_Select_Xwalk_Source_Accommodations,facility,*ALL*,QXA4067,2026-09-21 01:07:43.208000
1846,COCOS,HP,MED/SURG ED HOLD,HP,Y,"TEST (2026-08-13),ZCON (2026-08-13),LIVE (2026-08-11)",0,COCOS,PR,PRIVATE ROOM,PR,Y,Y,N,None,MLT6916,2026-06-22 09:07:03.277000,corpsvcmtxcutoverrpt_sql,2025-09-09 14:47:33.733000,xrdcwddbsuip06,MTX_ACOE_Cutover_Reporting,UI_Excel_Select_Xwalk_Source_Accommodations,facility,*ALL*,QXA4067,2026-09-21 01:07:43.208000
1847,COCOS,HT,TELEMETRY ED HOLD,HT,Y,"TEST (2026-08-13),ZCON (2026-08-13),LIVE (2026-08-11)",0,COCOS,TEL,TELEMETRY,TE,Y,Y,N,None,MLT6916,2026-06-22 09:07:03.310000,corpsvcmtxcutoverrpt_sql,2025-09-09 14:47:33.733000,xrdcwddbsuip06,MTX_ACOE_Cutover_Reporting,UI_Excel_Select_Xwalk_Source_Accommodations,facility,*ALL*,QXA4067,2026-09-21 01:07:43.208000
1848,COCOS,I,INTENSIVE CARE,IC,Y,"TEST (2026-08-13),ZCON (2026-08-13),LIVE (2026-08-11)",0,COCOS,IC,INTENSIVE CARE,IC,Y,Y,N,None,MLT6916,2026-06-22 09:07:03.343000,corpsvcmtxcutoverrpt_sql,2025-09-09 14:47:33.733000,xrdcwddbsuip06,MTX_ACOE_Cutover_Reporting,UI_Excel_Select_Xwalk_Source_Accommodations,facility,*ALL*,QXA4067,2026-09-21 01:07:43.208000
1849,COCOS,IS,ISOLATION,IS,Y,"TEST (2026-08-13),ZCON (2026-08-13),LIVE (2026-08-11)",0,COCOS,PR,PRIVATE ROOM,PR,Y,Y,N,None,MLT6916,2026-06-22 09:07:03.380000,corpsvcmtxcutoverrpt_sql,2025-09-09 14:47:33.733000,xrdcwddbsuip06,MTX_ACOE_Cutover_Reporting,UI_Excel_Select_Xwalk_Source_Accommodations,facility,*ALL*,QXA4067,2026-09-21 01:07:43.208000
1850,COCOS,J,"PRIVATE, MEDICALLY JUSTIFIED",J,Y,"TEST (2026-08-13),ZCON (2026-08-13),LIVE (2026-08-11)",0,COCOS,PR,PRIVATE ROOM,PR,Y,Y,N,None,MLT6916,2026-06-22 09:07:03.413000,corpsvcmtxcutoverrpt_sql,2025-09-09 14:47:33.733000,xrdcwddbsuip06,MTX_ACOE_Cutover_Reporting,UI_Excel_Select_Xwalk_Source_Accommodations,facility,*ALL*,QXA4067,2026-09-21 01:07:43.208000
1851,COCOS,L1,NEWBORN LEVEL I,L1,Y,"TEST (2026-08-13),ZCON (2026-08-13),LIVE (2026-08-11)",0,COCOS,L1,NEWBORN LEVEL I CARE,L1,Y,Y,N,None,MLT6916,2026-06-22 09:07:03.453000,corpsvcmtxcutoverrpt_sql,2025-09-09 14:47:33.733000,xrdcwddbsuip06,MTX_ACOE_Cutover_Reporting,UI_Excel_Select_Xwalk_Source_Accommodations,facility,*ALL*,QXA4067,2026-09-21 01:07:43.208000
1852,COCOS,L2,NEWBORN LEVEL II,L2,Y,"TEST (2026-08-13),ZCON (2026-08-13),LIVE (2026-08-11)",0,COCOS,L2,NEWBORN LEVEL II CARE,L2,Y,Y,N,None,MLT6916,2026-06-22 09:07:03.490000,corpsvcmtxcutoverrpt_sql,2025-09-09 14:47:33.733000,xrdcwddbsuip06,MTX_ACOE_Cutover_Reporting,UI_Excel_Select_Xwalk_Source_Accommodations,facility,*ALL*,QXA4067,2026-09-21 01:07:43.208000
1853,COCOS,L3,NEWBORN LEVEL III,L3,Y,"TEST (2026-08-13),ZCON (2026-08-13),LIVE (2026-08-11)",0,COCOS,L3,NEWBORN LEVEL III CARE,L3,Y,Y,N,None,MLT6916,2026-06-22 09:07:03.523000,corpsvcmtxcutoverrpt_sql,2025-09-09 14:47:33.733000,xrdcwddbsuip06,MTX_ACOE_Cutover_Reporting,UI_Excel_Select_Xwalk_Source_Accommodations,facility,*ALL*,QXA4067,2026-09-21 01:07:43.208000
1854,COCOS,L4,NEWBORN LEVEL IV,L4,Y,"TEST (2026-08-13),ZCON (2026-08-13),LIVE (2026-08-11)",0,COCOS,L4,NEWBORN LEVEL IV CARE,L4,Y,Y,N,None,MLT6916,2026-06-22 09:07:03.557000,corpsvcmtxcutoverrpt_sql,2025-09-09 14:47:33.733000,xrdcwddbsuip06,MTX_ACOE_Cutover_Reporting,UI_Excel_Select_Xwalk_Source_Accommodations,facility,*ALL*,QXA4067,2026-09-21 01:07:43.208000
1855,COCOS,M,CORONARY CARE,CC,Y,"TEST (2026-08-13),ZCON (2026-08-13),LIVE (2026-08-11)",0,COCOS,IC,INTENSIVE CARE,IC,Y,Y,N,None,MLT6916,2026-06-22 09:07:03.600000,corpsvcmtxcutoverrpt_sql,2025-09-09 14:47:33.733000,xrdcwddbsuip06,MTX_ACOE_Cutover_Reporting,UI_Excel_Select_Xwalk_Source_Accommodations,facility,*ALL*,QXA4067,2026-09-21 01:07:43.208000
1856,COCOS,MP,PSYCHIATRIC PRIVATE,MP,Y,"TEST (2026-08-13),ZCON (2026-08-13),LIVE (2026-08-11)",0,COCOS,PR,PRIVATE ROOM,PR,Y,Y,N,None,MLT6916,2026-06-22 09:07:03.633000,corpsvcmtxcutoverrpt_sql,2025-09-09 14:47:33.733000,xrdcwddbsuip06,MTX_ACOE_Cutover_Reporting,UI_Excel_Select_Xwalk_Source_Accommodations,facility,*ALL*,QXA4067,2026-09-21 01:07:43.208000
1857,COCOS,N1,NICU Level 1,N1,Y,"TEST (2026-08-13),ZCON (2026-08-13),LIVE (2026-08-11)",0,COCOS,L1,NEWBORN LEVEL I CARE,L1,Y,Y,N,None,MLT6916,2026-06-22 09:07:03.667000,corpsvcmtxcutoverrpt_sql,2025-09-09 14:47:33.733000,xrdcwddbsuip06,MTX_ACOE_Cutover_Reporting,UI_Excel_Select_Xwalk_Source_Accommodations,facility,*ALL*,QXA4067,2026-09-21 01:07:43.208000
1858,COCOS,N2,NICU Level 2,N2,Y,"TEST (2026-08-13),ZCON (2026-08-13),LIVE (2026-08-11)",0,COCOS,L2,NEWBORN LEVEL II CARE,L2,Y,Y,N,None,MLT6916,2026-06-22 09:07:03.703000,corpsvcmtxcutoverrpt_sql,2025-09-09 14:47:33.733000,xrdcwddbsuip06,MTX_ACOE_Cutover_Reporting,UI_Excel_Select_Xwalk_Source_Accommodations,facility,*ALL*,QXA4067,2026-09-21 01:07:43.208000
1859,COCOS,N3,NICU Level 3,N3,Y,"TEST (2026-08-13),ZCON (2026-08-13),LIVE (2026-08-11)",0,COCOS,L3,NEWBORN LEVEL III CARE,L3,Y,Y,N,None,MLT6916,2026-06-22 09:07:03.737000,corpsvcmtxcutoverrpt_sql,2025-09-09 14:47:33.733000,xrdcwddbsuip06,MTX_ACOE_Cutover_Reporting,UI_Excel_Select_Xwalk_Source_Accommodations,facility,*ALL*,QXA4067,2026-09-21 01:07:43.208000
1860,COCOS,NI,NSY ISOLATION OR BORDER,NI,Y,"TEST (2026-08-13),ZCON (2026-08-13),LIVE (2026-08-11)",0,COCOS,L1,NEWBORN LEVEL I CARE,L1,Y,Y,N,None,MLT6916,2026-06-22 09:07:03.770000,corpsvcmtxcutoverrpt_sql,2025-09-09 14:47:33.733000,xrdcwddbsuip06,MTX_ACOE_Cutover_Reporting,UI_Excel_Select_Xwalk_Source_Accommodations,facility,*ALL*,QXA4067,2026-09-21 01:07:43.208000
1861,COCOS,NS,NURSERY ICU,NS,Y,"TEST (2026-08-13),ZCON (2026-08-13),LIVE (2026-08-11)",0,COCOS,L1,NEWBORN LEVEL I CARE,L1,Y,Y,N,None,MLT6916,2026-06-22 09:07:03.807000,corpsvcmtxcutoverrpt_sql,2025-09-09 14:47:33.733000,xrdcwddbsuip06,MTX_ACOE_Cutover_Reporting,UI_Excel_Select_Xwalk_Source_Accommodations,facility,*ALL*,QXA4067,2026-09-21 01:07:43.208000
1862,COCOS,NSC,SPECIAL CARE NURSERY,SC,Y,"TEST (2026-08-13),ZCON (2026-08-13),LIVE (2026-08-11)",0,COCOS,L2,NEWBORN LEVEL II CARE,L2,Y,Y,N,None,MLT6916,2026-06-22 09:07:03.840000,corpsvcmtxcutoverrpt_sql,2025-09-09 14:47:33.733000,xrdcwddbsuip06,MTX_ACOE_Cutover_Reporting,UI_Excel_Select_Xwalk_Source_Accommodations,facility,*ALL*,QXA4067,2026-09-21 01:07:43.208000
1863,COCOS,P,PRIVATE ROOM,P,Y,"TEST (2026-08-13),ZCON (2026-08-13),LIVE (2026-08-11)",0,COCOS,PR,PRIVATE ROOM,PR,Y,Y,N,None,MLT6916,2026-06-22 09:07:03.880000,corpsvcmtxcutoverrpt_sql,2025-09-09 14:47:33.733000,xrdcwddbsuip06,MTX_ACOE_Cutover_Reporting,UI_Excel_Select_Xwalk_Source_Accommodations,facility,*ALL*,QXA4067,2026-09-21 01:07:43.208000
1864,COCOS,PC,PROGRESSIVE CARE UNIT,PC,Y,"TEST (2026-08-13),ZCON (2026-08-13),LIVE (2026-08-11)",0,COCOS,PC,PROGRESSIVE CARE,PC,Y,Y,N,None,MLT6916,2026-06-22 09:07:03.923000,corpsvcmtxcutoverrpt_sql,2025-09-09 14:47:33.733000,xrdcwddbsuip06,MTX_ACOE_Cutover_Reporting,UI_Excel_Select_Xwalk_Source_Accommodations,facility,*ALL*,QXA4067,2026-09-21 01:07:43.208000
1865,COCOS,PED,PEDIATRICS,PE,Y,"TEST (2026-08-13),ZCON (2026-08-13),LIVE (2026-08-11)",0,COCOS,PR,PRIVATE ROOM,PR,Y,Y,N,None,MLT6916,2026-06-22 09:07:03.960000,corpsvcmtxcutoverrpt_sql,2025-09-09 14:47:33.733000,xrdcwddbsuip06,MTX_ACOE_Cutover_Reporting,UI_Excel_Select_Xwalk_Source_Accommodations,facility,*ALL*,QXA4067,2026-09-21 01:07:43.208000
1866,COCOS,PP,POST PARTUM,PP,Y,"TEST (2026-08-13),ZCON (2026-08-13),LIVE (2026-08-11)",0,COCOS,PR,PRIVATE ROOM,PR,Y,Y,N,None,MLT6916,2026-06-22 09:07:03.993000,corpsvcmtxcutoverrpt_sql,2025-09-09 14:47:33.733000,xrdcwddbsuip06,MTX_ACOE_Cutover_Reporting,UI_Excel_Select_Xwalk_Source_Accommodations,facility,*ALL*,QXA4067,2026-09-21 01:07:43.208000
1867,COCOS,PS,PSYCHIATRIC SEMI PRIVATE,PS,Y,"TEST (2026-08-13),ZCON (2026-08-13),LIVE (2026-08-11)",0,COCOS,PR,PRIVATE ROOM,PR,Y,Y,N,None,MLT6916,2026-06-22 09:07:04.027000,corpsvcmtxcutoverrpt_sql,2025-09-09 14:47:33.733000,xrdcwddbsuip06,MTX_ACOE_Cutover_Reporting,UI_Excel_Select_Xwalk_Source_Accommodations,facility,*ALL*,QXA4067,2026-09-21 01:07:43.209000
1868,COCOS,RP,REHAB PRIVATE,RP,Y,"TEST (2026-08-13),ZCON (2026-08-13),LIVE (2026-08-11)",0,COCOS,RP,REHAB PRIVATE,RP,Y,Y,N,None,MLT6916,2026-06-22 09:07:04.070000,corpsvcmtxcutoverrpt_sql,2025-09-09 14:47:33.733000,xrdcwddbsuip06,MTX_ACOE_Cutover_Reporting,UI_Excel_Select_Xwalk_Source_Accommodations,facility,*ALL*,QXA4067,2026-09-21 01:07:43.209000
1869,COCOS,S,SEMI-PRIVATE ROOM,S,Y,"TEST (2026-08-13),ZCON (2026-08-13),LIVE (2026-08-11)",0,COCOS,SP,SEMI PRIVATE ROOM,SP,Y,Y,N,None,MLT6916,2026-06-22 09:07:04.100000,corpsvcmtxcutoverrpt_sql,2025-09-09 14:47:33.733000,xrdcwddbsuip06,MTX_ACOE_Cutover_Reporting,UI_Excel_Select_Xwalk_Source_Accommodations,facility,*ALL*,QXA4067,2026-09-21 01:07:43.209000
1870,COCOS,T,TELEMETRY,T,Y,"TEST (2026-08-13),ZCON (2026-08-13),LIVE (2026-08-11)",0,COCOS,TEL,TELEMETRY,TE,Y,Y,N,None,MLT6916,2026-06-22 09:07:04.143000,corpsvcmtxcutoverrpt_sql,2025-09-09 14:47:33.733000,xrdcwddbsuip06,MTX_ACOE_Cutover_Reporting,UI_Excel_Select_Xwalk_Source_Accommodations,facility,*ALL*,QXA4067,2026-09-21 01:07:43.209000
1871,COCOS,TR,TRAUMA ICU,TR,Y,"TEST (2026-08-13),ZCON (2026-08-13),LIVE (2026-08-11)",0,COCOS,TRIC,TRAUMA INTENSIVE CARE,TI,Y,Y,N,None,MLT6916,2026-06-22 09:07:04.177000,corpsvcmtxcutoverrpt_sql,2025-09-09 14:47:33.733000,xrdcwddbsuip06,MTX_ACOE_Cutover_Reporting,UI_Excel_Select_Xwalk_Source_Accommodations,facility,*ALL*,QXA4067,2026-09-21 01:07:43.209000
1872,COCOS,W,WARD,W,Y,"TEST (2026-08-13),ZCON (2026-08-13),LIVE (2026-08-11)",0,COCOS,PR,PRIVATE ROOM,PR,Y,Y,N,None,MLT6916,2026-06-22 09:07:04.210000,corpsvcmtxcutoverrpt_sql,2025-09-09 14:47:33.733000,xrdcwddbsuip06,MTX_ACOE_Cutover_Reporting,UI_Excel_Select_Xwalk_Source_Accommodations,facility,*ALL*,QXA4067,2026-09-21 01:07:43.209000
1873,COCPA,ACP,ACUTE CARE PSYCH,AP,N,NO MATCH,0,COCPA,,,,,N,Y,None,JKB0282,2025-04-29 15:47:12.007000,HCA\IIU4396,2024-10-15 11:46:47.723000,xrdcwddbsuip06,MTX_ACOE_Cutover_Reporting,UI_Excel_Select_Xwalk_Source_Accommodations,facility,*ALL*,QXA4067,2026-09-21 01:07:43.209000
1874,COCPA,ADP,ADULT CARE PSYCH,DP,N,NO MATCH,0,COCPA,,,,,N,Y,None,JKB0282,2025-04-29 15:47:12.103000,HCA\IIU4396,2024-10-15 11:46:47.723000,xrdcwddbsuip06,MTX_ACOE_Cutover_Reporting,UI_Excel_Select_Xwalk_Source_Accommodations,facility,*ALL*,QXA4067,2026-09-21 01:07:43.209000
1875,COCPA,BB,BOARDER BABY,BB,N,NO MATCH,0,COCPA,,,,,N,Y,None,JKB0282,2025-04-29 15:47:12.213000,HCA\IIU4396,2024-10-15 11:46:47.723000,xrdcwddbsuip06,MTX_ACOE_Cutover_Reporting,UI_Excel_Select_Xwalk_Source_Accommodations,facility,*ALL*,QXA4067,2026-09-21 01:07:43.209000
1876,COCPA,BURN,Burn Intensive Care,BU,N,NO MATCH,0,COCPA,,,,,N,Y,None,JKB0282,2025-04-29 15:47:12.327000,HCA\IIU4396,2024-10-15 11:46:47.723000,xrdcwddbsuip06,MTX_ACOE_Cutover_Reporting,UI_Excel_Select_Xwalk_Source_Accommodations,facility,*ALL*,QXA4067,2026-09-21 01:07:43.209000
1877,COCPA,CC,Coronary Care,CO,N,NO MATCH,0,COCPA,,,,,N,Y,None,JKB0282,2025-04-29 15:47:12.423000,HCA\IIU4396,2024-10-15 11:46:47.723000,xrdcwddbsuip06,MTX_ACOE_Cutover_Reporting,UI_Excel_Select_Xwalk_Source_Accommodations,facility,*ALL*,QXA4067,2026-09-21 01:07:43.209000
1878,COCPA,CHP,CHILD PSYCH,CP,N,NO MATCH,0,COCPA,,,,,N,Y,None,JKB0282,2025-04-29 15:47:12.523000,HCA\IIU4396,2024-10-15 11:46:47.723000,xrdcwddbsuip06,MTX_ACOE_Cutover_Reporting,UI_Excel_Select_Xwalk_Source_Accommodations,facility,*ALL*,QXA4067,2026-09-21 01:07:43.209000
1879,COCPA,CICU,CARDIAC INTENSIVE CARE UNIT,CC,N,NO MATCH,0,COCPA,,,,,N,Y,None,JKB0282,2025-04-29 15:47:12.620000,HCA\IIU4396,2024-10-15 11:46:47.723000,xrdcwddbsuip06,MTX_ACOE_Cutover_Reporting,UI_Excel_Select_Xwalk_Source_Accommodations,facility,*ALL*,QXA4067,2026-09-21 01:07:43.209000
1880,COCPA,DX,Detox,DX,N,NO MATCH,0,COCPA,,,,,N,Y,None,JKB0282,2025-04-29 15:47:12.717000,HCA\IIU4396,2024-10-15 11:46:47.723000,xrdcwddbsuip06,MTX_ACOE_Cutover_Reporting,UI_Excel_Select_Xwalk_Source_Accommodations,facility,*ALL*,QXA4067,2026-09-21 01:07:43.209000
1881,COCPA,IC,INTENSIVE CARE UNIT,IN,Y,NO MATCH,0,COCPA,IC,INTENSIVE CARE,IC,Y,Y,N,None,JKB0282,2025-04-14 11:28:48.243000,HCA\IIU4396,2024-10-15 11:46:47.723000,xrdcwddbsuip06,MTX_ACOE_Cutover_Reporting,UI_Excel_Select_Xwalk_Source_Accommodations,facility,*ALL*,QXA4067,2026-09-21 01:07:43.209000
1882,COCPA,IM,INTERMEDIATE CARE,IR,Y,NO MATCH,0,COCPA,PC,PROGRESSIVE CARE,PC,Y,Y,N,None,JKB0282,2025-04-14 11:28:48.350000,HCA\IIU4396,2024-10-15 11:46:47.723000,xrdcwddbsuip06,MTX_ACOE_Cutover_Reporting,UI_Excel_Select_Xwalk_Source_Accommodations,facility,*ALL*,QXA4067,2026-09-21 01:07:43.209000
1883,COCPA,J,MEDICALLY JUSTIFIED,J,N,NO MATCH,0,COCPA,,,,,N,Y,None,JKB0282,2025-04-29 15:47:12.820000,HCA\IIU4396,2024-10-15 11:46:47.723000,xrdcwddbsuip06,MTX_ACOE_Cutover_Reporting,UI_Excel_Select_Xwalk_Source_Accommodations,facility,*ALL*,QXA4067,2026-09-21 01:07:43.209000
1884,COCPA,MS,Med Surg,MD,Y,NO MATCH,0,COCPA,MS,MED SURG,MS,Y,Y,N,None,JKB0282,2025-04-14 11:28:48.443000,HCA\IIU4396,2024-10-15 11:46:47.723000,xrdcwddbsuip06,MTX_ACOE_Cutover_Reporting,UI_Excel_Select_Xwalk_Source_Accommodations,facility,*ALL*,QXA4067,2026-09-21 01:07:43.209000
1885,COCPA,N1,NICU Level 1,NO,N,NO MATCH,0,COCPA,,,,,N,Y,None,JKB0282,2025-04-29 15:47:12.917000,HCA\IIU4396,2024-10-15 11:46:47.723000,xrdcwddbsuip06,MTX_ACOE_Cutover_Reporting,UI_Excel_Select_Xwalk_Source_Accommodations,facility,*ALL*,QXA4067,2026-09-21 01:07:43.209000
1886,COCPA,NU,NEWBORN NURSERY,B,N,NO MATCH,0,COCPA,,,,,N,Y,None,JKB0282,2025-04-29 15:47:13.020000,HCA\IIU4396,2024-10-15 11:46:47.723000,xrdcwddbsuip06,MTX_ACOE_Cutover_Reporting,UI_Excel_Select_Xwalk_Source_Accommodations,facility,*ALL*,QXA4067,2026-09-21 01:07:43.209000
1887,COCPA,OB,OBSTETRICS,OB,N,NO MATCH,0,COCPA,,,,,N,Y,None,JKB0282,2025-04-29 15:47:13.113000,HCA\IIU4396,2024-10-15 11:46:47.723000,xrdcwddbsuip06,MTX_ACOE_Cutover_Reporting,UI_Excel_Select_Xwalk_Source_Accommodations,facility,*ALL*,QXA4067,2026-09-21 01:07:43.209000
1888,COCPA,P,PRIVATE,P,N,NO MATCH,0,COCPA,,,,,N,Y,None,JKB0282,2025-04-29 15:47:13.213000,HCA\IIU4396,2024-10-15 11:46:47.723000,xrdcwddbsuip06,MTX_ACOE_Cutover_Reporting,UI_Excel_Select_Xwalk_Source_Accommodations,facility,*ALL*,QXA4067,2026-09-21 01:07:43.209000
1889,COCPA,PMJ,PRIVATE MEDICALLY JUSTIFIED,PJ,N,NO MATCH,0,COCPA,,,,,N,Y,None,JKB0282,2025-04-29 15:47:13.313000,HCA\IIU4396,2024-10-15 11:46:47.723000,xrdcwddbsuip06,MTX_ACOE_Cutover_Reporting,UI_Excel_Select_Xwalk_Source_Accommodations,facility,*ALL*,QXA4067,2026-09-21 01:07:43.209000
1890,COCPA,PSY,Psych,PY,Y,NO MATCH,0,COCPA,BH,BEHAVORIAL HEALTH,BH,Y,Y,N,None,JKB0282,2025-04-14 11:28:48.530000,HCA\IIU4396,2024-10-15 11:46:47.723000,xrdcwddbsuip06,MTX_ACOE_Cutover_Reporting,UI_Excel_Select_Xwalk_Source_Accommodations,facility,*ALL*,QXA4067,2026-09-21 01:07:43.209000
1891,COCPA,SB,SWING BED,SB,N,NO MATCH,0,COCPA,,,,,N,Y,None,JKB0282,2025-04-29 15:47:13.410000,HCA\CORPSVCACOESSISPROXY,2025-01-14 04:14:05.397000,xrdcwddbsuip06,MTX_ACOE_Cutover_Reporting,UI_Excel_Select_Xwalk_Source_Accommodations,facility,*ALL*,QXA4067,2026-09-21 01:07:43.209000
1892,COCPA,SP,SEMI-PRIVATE,SP,N,NO MATCH,0,COCPA,,,,,N,Y,None,JKB0282,2025-04-29 15:47:13.510000,HCA\IIU4396,2024-10-15 11:46:47.723000,xrdcwddbsuip06,MTX_ACOE_Cutover_Reporting,UI_Excel_Select_Xwalk_Source_Accommodations,facility,*ALL*,QXA4067,2026-09-21 01:07:43.209000
1893,COCPA,SRP,SENIOR CARE PSYCH,SC,N,NO MATCH,0,COCPA,,,,,N,Y,None,JKB0282,2025-04-29 15:47:13.610000,HCA\IIU4396,2024-10-15 11:46:47.723000,xrdcwddbsuip06,MTX_ACOE_Cutover_Reporting,UI_Excel_Select_Xwalk_Source_Accommodations,facility,*ALL*,QXA4067,2026-09-21 01:07:43.209000
1894,COCPA,T,Tele,T,Y,NO MATCH,0,COCPA,TEL,TELEMETRY,TE,Y,Y,N,None,JKB0282,2025-04-14 11:28:48.613000,HCA\IIU4396,2024-10-15 11:46:47.723000,xrdcwddbsuip06,MTX_ACOE_Cutover_Reporting,UI_Excel_Select_Xwalk_Source_Accommodations,facility,*ALL*,QXA4067,2026-09-21 01:07:43.209000
1895,COCPA,TLP,TELEMETRY PRIVATE,TP,N,NO MATCH,0,COCPA,,,,,N,Y,None,JKB0282,2025-04-29 15:47:13.707000,HCA\IIU4396,2024-10-15 11:46:47.723000,xrdcwddbsuip06,MTX_ACOE_Cutover_Reporting,UI_Excel_Select_Xwalk_Source_Accommodations,facility,*ALL*,QXA4067,2026-09-21 01:07:43.209000
1896,COCPA,TLS,TELEMETRY SEMI,TS,N,NO MATCH,0,COCPA,,,,,N,Y,None,JKB0282,2025-04-29 15:47:13.803000,HCA\IIU4396,2024-10-15 11:46:47.723000,xrdcwddbsuip06,MTX_ACOE_Cutover_Reporting,UI_Excel_Select_Xwalk_Source_Accommodations,facility,*ALL*,QXA4067,2026-09-21 01:07:43.209000
1897,COCPA,TR,Trauma Intensive Care,TR,N,NO MATCH,0,COCPA,,,,,N,Y,None,JKB0282,2025-04-29 15:47:13.900000,HCA\IIU4396,2024-10-15 11:46:47.723000,xrdcwddbsuip06,MTX_ACOE_Cutover_Reporting,UI_Excel_Select_Xwalk_Source_Accommodations,facility,*ALL*,QXA4067,2026-09-21 01:07:43.209000
1898,COCPA,VIP,PRIVATE SUITE,VI,N,NO MATCH,0,COCPA,,,,,N,Y,None,JKB0282,2025-04-29 15:47:13.997000,HCA\IIU4396,2024-10-15 11:46:47.723000,xrdcwddbsuip06,MTX_ACOE_Cutover_Reporting,UI_Excel_Select_Xwalk_Source_Accommodations,facility,*ALL*,QXA4067,2026-09-21 01:07:43.209000
1899,COCPA,W,WARD,W,N,NO MATCH,0,COCPA,,,,,N,Y,None,JKB0282,2025-04-29 15:47:14.093000,HCA\IIU4396,2024-10-15 11:46:47.723000,xrdcwddbsuip06,MTX_ACOE_Cutover_Reporting,UI_Excel_Select_Xwalk_Source_Accommodations,facility,*ALL*,QXA4067,2026-09-21 01:07:43.209000
1900,COCPD,3C,MED CRITICAL (3W),3C,N,NO MATCH,0,COCPD,,,,,N,N,None,,,corpsvcmtxcutoverrpt_sql,2026-06-16 14:34:05.613000,xrdcwddbsuip06,MTX_ACOE_Cutover_Reporting,UI_Excel_Select_Xwalk_Source_Accommodations,facility,*ALL*,QXA4067,2026-09-21 01:07:43.209000
1901,COCPD,3E,MED SEMI-PRIVATE (3W),3E,N,NO MATCH,0,COCPD,,,,,N,N,None,,,corpsvcmtxcutoverrpt_sql,2026-06-16 14:34:05.613000,xrdcwddbsuip06,MTX_ACOE_Cutover_Reporting,UI_Excel_Select_Xwalk_Source_Accommodations,facility,*ALL*,QXA4067,2026-09-21 01:07:43.209000
1902,COCPD,3P,MED PERINATAL (3W),3P,N,NO MATCH,0,COCPD,,,,,N,N,None,,,corpsvcmtxcutoverrpt_sql,2026-06-16 14:34:05.613000,xrdcwddbsuip06,MTX_ACOE_Cutover_Reporting,UI_Excel_Select_Xwalk_Source_Accommodations,facility,*ALL*,QXA4067,2026-09-21 01:07:43.209000
1903,COCPD,3R,MED REHAB (3W),3R,N,NO MATCH,0,COCPD,,,,,N,N,None,,,corpsvcmtxcutoverrpt_sql,2026-06-16 14:34:05.613000,xrdcwddbsuip06,MTX_ACOE_Cutover_Reporting,UI_Excel_Select_Xwalk_Source_Accommodations,facility,*ALL*,QXA4067,2026-09-21 01:07:43.209000
1904,COCPD,3S,MED SURGICAL (3W),3S,N,NO MATCH,0,COCPD,,,,,N,N,None,,,corpsvcmtxcutoverrpt_sql,2026-06-16 14:34:05.613000,xrdcwddbsuip06,MTX_ACOE_Cutover_Reporting,UI_Excel_Select_Xwalk_Source_Accommodations,facility,*ALL*,QXA4067,2026-09-21 01:07:43.210000
1905,COCPD,4A,MED PRIVATE (4W),4A,N,NO MATCH,0,COCPD,,,,,N,N,None,,,corpsvcmtxcutoverrpt_sql,2026-06-16 14:34:05.613000,xrdcwddbsuip06,MTX_ACOE_Cutover_Reporting,UI_Excel_Select_Xwalk_Source_Accommodations,facility,*ALL*,QXA4067,2026-09-21 01:07:43.210000
1906,COCPD,4C,MED CRITICAL (4W),4C,N,NO MATCH,0,COCPD,,,,,N,N,None,,,corpsvcmtxcutoverrpt_sql,2026-06-16 14:34:05.613000,xrdcwddbsuip06,MTX_ACOE_Cutover_Reporting,UI_Excel_Select_Xwalk_Source_Accommodations,facility,*ALL*,QXA4067,2026-09-21 01:07:43.210000
1907,COCPD,4E,MED SEMI-PRIVATE (4W),4E,N,NO MATCH,0,COCPD,,,,,N,N,None,,,corpsvcmtxcutoverrpt_sql,2026-06-16 14:34:05.613000,xrdcwddbsuip06,MTX_ACOE_Cutover_Reporting,UI_Excel_Select_Xwalk_Source_Accommodations,facility,*ALL*,QXA4067,2026-09-21 01:07:43.210000
1908,COCPD,4P,MED PERINATAL (4W),4P,N,NO MATCH,0,COCPD,,,,,N,N,None,,,corpsvcmtxcutoverrpt_sql,2026-06-16 14:34:05.613000,xrdcwddbsuip06,MTX_ACOE_Cutover_Reporting,UI_Excel_Select_Xwalk_Source_Accommodations,facility,*ALL*,QXA4067,2026-09-21 01:07:43.210000
1909,COCPD,4R,MED REHAB (4W),4R,N,NO MATCH,0,COCPD,,,,,N,N,None,,,corpsvcmtxcutoverrpt_sql,2026-06-16 14:34:05.613000,xrdcwddbsuip06,MTX_ACOE_Cutover_Reporting,UI_Excel_Select_Xwalk_Source_Accommodations,facility,*ALL*,QXA4067,2026-09-21 01:07:43.210000
1910,COCPD,4S,MED SURGICAL (4W),4S,N,NO MATCH,0,COCPD,,,,,N,N,None,,,corpsvcmtxcutoverrpt_sql,2026-06-16 14:34:05.613000,xrdcwddbsuip06,MTX_ACOE_Cutover_Reporting,UI_Excel_Select_Xwalk_Source_Accommodations,facility,*ALL*,QXA4067,2026-09-21 01:07:43.210000
1911,COCPD,6A,MED PRIVATE (6W),6A,N,NO MATCH,0,COCPD,,,,,N,N,None,,,corpsvcmtxcutoverrpt_sql,2026-06-16 14:34:05.613000,xrdcwddbsuip06,MTX_ACOE_Cutover_Reporting,UI_Excel_Select_Xwalk_Source_Accommodations,facility,*ALL*,QXA4067,2026-09-21 01:07:43.210000
1912,COCPD,6C,MED CRITICAL (6W),6C,N,NO MATCH,0,COCPD,,,,,N,N,None,,,corpsvcmtxcutoverrpt_sql,2026-06-16 14:34:05.613000,xrdcwddbsuip06,MTX_ACOE_Cutover_Reporting,UI_Excel_Select_Xwalk_Source_Accommodations,facility,*ALL*,QXA4067,2026-09-21 01:07:43.210000
1913,COCPD,6E,MED SEMI-PRIVATE (6W),6E,N,NO MATCH,0,COCPD,,,,,N,N,None,,,corpsvcmtxcutoverrpt_sql,2026-06-16 14:34:05.613000,xrdcwddbsuip06,MTX_ACOE_Cutover_Reporting,UI_Excel_Select_Xwalk_Source_Accommodations,facility,*ALL*,QXA4067,2026-09-21 01:07:43.210000
1914,COCPD,6P,MED PERINATAL (6W),6P,N,NO MATCH,0,COCPD,,,,,N,N,None,,,corpsvcmtxcutoverrpt_sql,2026-06-16 14:34:05.613000,xrdcwddbsuip06,MTX_ACOE_Cutover_Reporting,UI_Excel_Select_Xwalk_Source_Accommodations,facility,*ALL*,QXA4067,2026-09-21 01:07:43.210000
1915,COCPD,6R,MED REHAB (6W),6R,N,NO MATCH,0,COCPD,,,,,N,N,None,,,corpsvcmtxcutoverrpt_sql,2026-06-16 14:34:05.613000,xrdcwddbsuip06,MTX_ACOE_Cutover_Reporting,UI_Excel_Select_Xwalk_Source_Accommodations,facility,*ALL*,QXA4067,2026-09-21 01:07:43.210000
1916,COCPD,6S,MED SURGICAL (6W),6S,N,NO MATCH,0,COCPD,,,,,N,N,None,,,corpsvcmtxcutoverrpt_sql,2026-06-16 14:34:05.613000,xrdcwddbsuip06,MTX_ACOE_Cutover_Reporting,UI_Excel_Select_Xwalk_Source_Accommodations,facility,*ALL*,QXA4067,2026-09-21 01:07:43.210000
1917,COCPD,6X,MED PRIVATE PLUS (6W),6X,N,NO MATCH,0,COCPD,,,,,N,N,None,,,corpsvcmtxcutoverrpt_sql,2026-06-16 14:34:05.613000,xrdcwddbsuip06,MTX_ACOE_Cutover_Reporting,UI_Excel_Select_Xwalk_Source_Accommodations,facility,*ALL*,QXA4067,2026-09-21 01:07:43.210000
1918,COCPD,BB,BORDER BABY,BB,N,NO MATCH,0,COCPD,PR,PRIVATE ROOM,P,Y,N,N,None,IIU4396,2025-05-15 12:27:50.427000,corpsvcmtxcutoverrpt_sql,2026-06-16 14:34:05.613000,xrdcwddbsuip06,MTX_ACOE_Cutover_Reporting,UI_Excel_Select_Xwalk_Source_Accommodations,facility,*ALL*,QXA4067,2026-09-21 01:07:43.210000
1919,COCPD,CC,CORONARY CARE,CC,N,NO MATCH,0,COCPD,CC,CORONARY CARE,CC,Y,N,N,None,IIU4396,2025-05-15 12:27:50.467000,corpsvcmtxcutoverrpt_sql,2026-06-16 14:34:05.613000,xrdcwddbsuip06,MTX_ACOE_Cutover_Reporting,UI_Excel_Select_Xwalk_Source_Accommodations,facility,*ALL*,QXA4067,2026-09-21 01:07:43.210000
1920,COCPD,CI,HEART TRANSPLANT WAITING,CI,N,NO MATCH,0,COCPD,,,,,N,Y,None,FRE8115,2025-05-30 16:01:25.613000,corpsvcmtxcutoverrpt_sql,2025-03-01 04:14:03.220000,xrdcwddbsuip06,MTX_ACOE_Cutover_Reporting,UI_Excel_Select_Xwalk_Source_Accommodations,facility,*ALL*,QXA4067,2026-09-21 01:07:43.210000
1921,COCPD,CM,CRI MEDICAL (CC1 & CC3),CM,N,NO MATCH,0,COCPD,,,,,N,N,None,,,corpsvcmtxcutoverrpt_sql,2026-06-16 14:34:05.613000,xrdcwddbsuip06,MTX_ACOE_Cutover_Reporting,UI_Excel_Select_Xwalk_Source_Accommodations,facility,*ALL*,QXA4067,2026-09-21 01:07:43.210000
1922,COCPD,CP,CRI PERINATAL (CC1 & CC3),CP,N,NO MATCH,0,COCPD,,,,,N,Y,None,FRE8115,2025-05-30 16:01:25.657000,corpsvcmtxcutoverrpt_sql,2026-06-16 14:34:05.613000,xrdcwddbsuip06,MTX_ACOE_Cutover_Reporting,UI_Excel_Select_Xwalk_Source_Accommodations,facility,*ALL*,QXA4067,2026-09-21 01:07:43.210000
1923,COCPD,CR,CRI REHAB (CC1 & CC3),CR,N,NO MATCH,0,COCPD,,,,,N,N,None,,,corpsvcmtxcutoverrpt_sql,2026-06-16 14:34:05.613000,xrdcwddbsuip06,MTX_ACOE_Cutover_Reporting,UI_Excel_Select_Xwalk_Source_Accommodations,facility,*ALL*,QXA4067,2026-09-21 01:07:43.210000
1924,COCPD,CS,CRI SURGICAL (CC1 & CC3),CS,N,NO MATCH,0,COCPD,,,,,N,Y,None,FRE8115,2025-05-30 16:01:25.693000,corpsvcmtxcutoverrpt_sql,2026-06-16 14:34:05.613000,xrdcwddbsuip06,MTX_ACOE_Cutover_Reporting,UI_Excel_Select_Xwalk_Source_Accommodations,facility,*ALL*,QXA4067,2026-09-21 01:07:43.210000
1925,COCPD,DA,DTC PRIVATE (4W),DA,N,NO MATCH,0,COCPD,,,,,N,N,None,,,corpsvcmtxcutoverrpt_sql,2026-06-16 14:34:05.613000,xrdcwddbsuip06,MTX_ACOE_Cutover_Reporting,UI_Excel_Select_Xwalk_Source_Accommodations,facility,*ALL*,QXA4067,2026-09-21 01:07:43.210000
1926,COCPD,DE,DTC SEMI-PRIVATE (4W),DE,N,NO MATCH,0,COCPD,,,,,N,N,None,,,corpsvcmtxcutoverrpt_sql,2026-06-16 14:34:05.613000,xrdcwddbsuip06,MTX_ACOE_Cutover_Reporting,UI_Excel_Select_Xwalk_Source_Accommodations,facility,*ALL*,QXA4067,2026-09-21 01:07:43.210000
1927,COCPD,DX,DTC PRIVATE PLUS (4W),DX,N,NO MATCH,0,COCPD,,,,,N,N,None,,,corpsvcmtxcutoverrpt_sql,2026-06-16 14:34:05.613000,xrdcwddbsuip06,MTX_ACOE_Cutover_Reporting,UI_Excel_Select_Xwalk_Source_Accommodations,facility,*ALL*,QXA4067,2026-09-21 01:07:43.210000
1928,COCPD,HOS,HOSPICE,HO,N,NO MATCH,0,COCPD,,,,,N,Y,None,FRE8115,2025-05-30 16:01:25.733000,corpsvcmtxcutoverrpt_sql,2025-03-01 04:14:03.220000,xrdcwddbsuip06,MTX_ACOE_Cutover_Reporting,UI_Excel_Select_Xwalk_Source_Accommodations,facility,*ALL*,QXA4067,2026-09-21 01:07:43.210000
1929,COCPD,IC,INTENSIVE CARE,IC,N,NO MATCH,0,COCPD,IC,INTENSIVE CARE,IC,Y,N,N,None,IIU4396,2025-05-15 12:27:50.503000,corpsvcmtxcutoverrpt_sql,2026-06-16 14:34:05.613000,xrdcwddbsuip06,MTX_ACOE_Cutover_Reporting,UI_Excel_Select_Xwalk_Source_Accommodations,facility,*ALL*,QXA4067,2026-09-21 01:07:43.210000
1930,COCPD,IS,ISOLATION,IS,N,NO MATCH,0,COCPD,PR,PRIVATE ROOM,P,Y,N,N,None,IIU4396,2025-05-15 12:27:50.547000,corpsvcmtxcutoverrpt_sql,2026-06-16 14:34:05.613000,xrdcwddbsuip06,MTX_ACOE_Cutover_Reporting,UI_Excel_Select_Xwalk_Source_Accommodations,facility,*ALL*,QXA4067,2026-09-21 01:07:43.210000
1931,COCPD,ISP,ISOLATION - PRIVATE,IR,N,NO MATCH,0,COCPD,PR,PRIVATE ROOM,P,Y,N,N,None,IIU4396,2025-05-15 12:27:50.580000,corpsvcmtxcutoverrpt_sql,2026-06-16 14:34:05.613000,xrdcwddbsuip06,MTX_ACOE_Cutover_Reporting,UI_Excel_Select_Xwalk_Source_Accommodations,facility,*ALL*,QXA4067,2026-09-21 01:07:43.210000
1932,COCPD,ISS,ISOLATION - SEMIPRIVATE,IL,N,NO MATCH,0,COCPD,PR,PRIVATE ROOM,P,Y,N,N,None,IIU4396,2025-05-15 12:27:50.613000,corpsvcmtxcutoverrpt_sql,2026-06-16 14:34:05.613000,xrdcwddbsuip06,MTX_ACOE_Cutover_Reporting,UI_Excel_Select_Xwalk_Source_Accommodations,facility,*ALL*,QXA4067,2026-09-21 01:07:43.210000
1933,COCPD,IV,LEVEL IV - NICU NURSERY,IV,N,NO MATCH,0,COCPD,PR,PRIVATE ROOM,P,Y,Y,N,None,IIU4396,2025-05-15 12:27:50.650000,corpsvcmtxcutoverrpt_sql,2025-03-01 04:14:03.220000,xrdcwddbsuip06,MTX_ACOE_Cutover_Reporting,UI_Excel_Select_Xwalk_Source_Accommodations,facility,*ALL*,QXA4067,2026-09-21 01:07:43.210000
1934,COCPD,IVU,INTERVENTIONAL CARE UNIT,IU,N,NO MATCH,0,COCPD,PR,PRIVATE ROOM,P,Y,N,N,None,FRE8115,2025-05-30 16:10:37.630000,corpsvcmtxcutoverrpt_sql,2026-06-16 14:34:05.613000,xrdcwddbsuip06,MTX_ACOE_Cutover_Reporting,UI_Excel_Select_Xwalk_Source_Accommodations,facility,*ALL*,QXA4067,2026-09-21 01:07:43.210000
1935,COCPD,J,"PRIVATE, MEDICALLY JUSTIFIED",J,N,NO MATCH,0,COCPD,,,,,N,Y,None,FRE8115,2025-05-30 16:01:25.770000,corpsvcmtxcutoverrpt_sql,2025-03-01 04:14:03.220000,xrdcwddbsuip06,MTX_ACOE_Cutover_Reporting,UI_Excel_Select_Xwalk_Source_Accommodations,facility,*ALL*,QXA4067,2026-09-21 01:07:43.210000
1936,COCPD,JR,JOINT REPLACEMENT,JR,N,NO MATCH,0,COCPD,,,,,N,Y,None,FRE8115,2025-05-30 16:01:25.810000,corpsvcmtxcutoverrpt_sql,2025-03-01 04:14:03.220000,xrdcwddbsuip06,MTX_ACOE_Cutover_Reporting,UI_Excel_Select_Xwalk_Source_Accommodations,facility,*ALL*,QXA4067,2026-09-21 01:07:43.210000
1937,COCPD,L1,NEWBORN,L1,N,NO MATCH,0,COCPD,PR,PRIVATE ROOM,P,Y,N,N,None,FRE8115,2025-05-30 16:10:37.690000,corpsvcmtxcutoverrpt_sql,2026-06-16 14:34:05.613000,xrdcwddbsuip06,MTX_ACOE_Cutover_Reporting,UI_Excel_Select_Xwalk_Source_Accommodations,facility,*ALL*,QXA4067,2026-09-21 01:07:43.210000
1938,COCPD,L2,NEWBORN LEVEL II,L2,N,NO MATCH,0,COCPD,PR,PRIVATE ROOM,P,Y,N,N,None,IIU4396,2025-05-15 12:27:50.683000,corpsvcmtxcutoverrpt_sql,2026-06-16 14:34:05.613000,xrdcwddbsuip06,MTX_ACOE_Cutover_Reporting,UI_Excel_Select_Xwalk_Source_Accommodations,facility,*ALL*,QXA4067,2026-09-21 01:07:43.210000
1939,COCPD,L3,NEWBORN NICU LEVEL III,L3,N,NO MATCH,0,COCPD,PR,PRIVATE ROOM,P,Y,N,N,None,IIU4396,2025-05-15 12:27:50.720000,corpsvcmtxcutoverrpt_sql,2026-06-16 14:34:05.613000,xrdcwddbsuip06,MTX_ACOE_Cutover_Reporting,UI_Excel_Select_Xwalk_Source_Accommodations,facility,*ALL*,QXA4067,2026-09-21 01:07:43.210000
1940,COCPD,L4,NEWBORN NICU LEVEL IV,L4,N,NO MATCH,0,COCPD,PR,PRIVATE ROOM,P,Y,N,N,None,IIU4396,2025-05-15 12:27:50.760000,corpsvcmtxcutoverrpt_sql,2026-06-16 14:34:05.613000,xrdcwddbsuip06,MTX_ACOE_Cutover_Reporting,UI_Excel_Select_Xwalk_Source_Accommodations,facility,*ALL*,QXA4067,2026-09-21 01:07:43.210000
1941,COCPD,LD,LABOR AND DELIVERY,LD,N,NO MATCH,0,COCPD,PR,PRIVATE ROOM,P,Y,N,N,None,IIU4396,2025-05-15 12:27:50.810000,corpsvcmtxcutoverrpt_sql,2026-06-16 14:34:05.613000,xrdcwddbsuip06,MTX_ACOE_Cutover_Reporting,UI_Excel_Select_Xwalk_Source_Accommodations,facility,*ALL*,QXA4067,2026-09-21 01:07:43.210000
1942,COCPD,M,CORONARY CARE,MM,N,NO MATCH,0,COCPD,,,,,N,Y,None,FRE8115,2025-05-30 16:01:25.850000,corpsvcmtxcutoverrpt_sql,2025-03-01 04:14:03.220000,xrdcwddbsuip06,MTX_ACOE_Cutover_Reporting,UI_Excel_Select_Xwalk_Source_Accommodations,facility,*ALL*,QXA4067,2026-09-21 01:07:43.210000
1943,COCPD,MI,MEDICAL ICU,MI,N,NO MATCH,0,COCPD,,,,,N,Y,None,FRE8115,2025-05-30 16:01:25.890000,corpsvcmtxcutoverrpt_sql,2025-03-01 04:14:03.220000,xrdcwddbsuip06,MTX_ACOE_Cutover_Reporting,UI_Excel_Select_Xwalk_Source_Accommodations,facility,*ALL*,QXA4067,2026-09-21 01:07:43.210000
1944,COCPD,N1,NI ICU (NI),N1,N,NO MATCH,0,COCPD,,,,,N,Y,None,FRE8115,2025-05-30 16:01:25.933000,corpsvcmtxcutoverrpt_sql,2026-06-16 14:34:05.613000,xrdcwddbsuip06,MTX_ACOE_Cutover_Reporting,UI_Excel_Select_Xwalk_Source_Accommodations,facility,*ALL*,QXA4067,2026-09-21 01:07:43.210000
1945,COCPD,N2,NI INTERMEDIATE (NI),N2,N,NO MATCH,0,COCPD,,,,,N,Y,None,FRE8115,2025-05-30 16:01:25.973000,corpsvcmtxcutoverrpt_sql,2026-06-16 14:34:05.613000,xrdcwddbsuip06,MTX_ACOE_Cutover_Reporting,UI_Excel_Select_Xwalk_Source_Accommodations,facility,*ALL*,QXA4067,2026-09-21 01:07:43.210000
1946,COCPD,N3,NICU LEVEL 3,N3,N,NO MATCH,0,COCPD,,,,,N,Y,None,FRE8115,2025-05-30 16:01:26.027000,corpsvcmtxcutoverrpt_sql,2025-03-01 04:14:03.220000,xrdcwddbsuip06,MTX_ACOE_Cutover_Reporting,UI_Excel_Select_Xwalk_Source_Accommodations,facility,*ALL*,QXA4067,2026-09-21 01:07:43.210000
1947,COCPD,NB,NEWBORN WELL BABY,NB,N,NO MATCH,0,COCPD,PR,PRIVATE ROOM,P,Y,N,N,None,IIU4396,2025-05-15 12:27:50.847000,corpsvcmtxcutoverrpt_sql,2026-06-16 14:34:05.613000,xrdcwddbsuip06,MTX_ACOE_Cutover_Reporting,UI_Excel_Select_Xwalk_Source_Accommodations,facility,*ALL*,QXA4067,2026-09-21 01:07:43.210000
1948,COCPD,NI,NICU,NI,N,NO MATCH,0,COCPD,,,,,N,Y,None,FRE8115,2025-05-30 16:01:26.073000,corpsvcmtxcutoverrpt_sql,2025-03-01 04:14:03.220000,xrdcwddbsuip06,MTX_ACOE_Cutover_Reporting,UI_Excel_Select_Xwalk_Source_Accommodations,facility,*ALL*,QXA4067,2026-09-21 01:07:43.210000
1949,COCPD,NIH,NICU-NEWBORN,NZ,N,NO MATCH,0,COCPD,,,,,N,Y,None,FRE8115,2025-05-30 16:01:26.117000,corpsvcmtxcutoverrpt_sql,2025-03-01 04:14:03.220000,xrdcwddbsuip06,MTX_ACOE_Cutover_Reporting,UI_Excel_Select_Xwalk_Source_Accommodations,facility,*ALL*,QXA4067,2026-09-21 01:07:43.212000
1950,COCPD,NS,NICU,NS,N,NO MATCH,0,COCPD,,,,,N,Y,None,FRE8115,2025-05-30 16:01:26.157000,corpsvcmtxcutoverrpt_sql,2025-03-01 04:14:03.220000,xrdcwddbsuip06,MTX_ACOE_Cutover_Reporting,UI_Excel_Select_Xwalk_Source_Accommodations,facility,*ALL*,QXA4067,2026-09-21 01:07:43.212000
1951,COCPD,NV,NEUROVASCULAR UNIT,NV,N,NO MATCH,0,COCPD,,,,,N,Y,None,FRE8115,2025-05-30 16:01:26.203000,corpsvcmtxcutoverrpt_sql,2025-03-01 04:14:03.220000,xrdcwddbsuip06,MTX_ACOE_Cutover_Reporting,UI_Excel_Select_Xwalk_Source_Accommodations,facility,*ALL*,QXA4067,2026-09-21 01:07:43.212000
1952,COCPD,OF,OVERFLOW,OF,N,NO MATCH,0,COCPD,,,,,N,Y,None,FRE8115,2025-05-30 16:01:26.243000,corpsvcmtxcutoverrpt_sql,2025-03-01 04:14:03.220000,xrdcwddbsuip06,MTX_ACOE_Cutover_Reporting,UI_Excel_Select_Xwalk_Source_Accommodations,facility,*ALL*,QXA4067,2026-09-21 01:07:43.212000
1953,COCPD,OS,OBSERVATION,OS,N,NO MATCH,0,COCPD,,,,,N,Y,None,FRE8115,2025-05-30 16:01:26.283000,corpsvcmtxcutoverrpt_sql,2025-03-01 04:14:03.220000,xrdcwddbsuip06,MTX_ACOE_Cutover_Reporting,UI_Excel_Select_Xwalk_Source_Accommodations,facility,*ALL*,QXA4067,2026-09-21 01:07:43.212000
1954,COCPD,P,PRIVATE ROOM,P,N,NO MATCH,0,COCPD,PR,PRIVATE ROOM,P,Y,N,N,None,IIU4396,2025-05-15 12:27:50.880000,corpsvcmtxcutoverrpt_sql,2026-06-16 14:34:05.613000,xrdcwddbsuip06,MTX_ACOE_Cutover_Reporting,UI_Excel_Select_Xwalk_Source_Accommodations,facility,*ALL*,QXA4067,2026-09-21 01:07:43.212000
1955,COCPD,PA,PER PRIVATE (1E),PA,N,NO MATCH,0,COCPD,,,,,N,N,None,,,corpsvcmtxcutoverrpt_sql,2026-06-16 14:34:05.613000,xrdcwddbsuip06,MTX_ACOE_Cutover_Reporting,UI_Excel_Select_Xwalk_Source_Accommodations,facility,*ALL*,QXA4067,2026-09-21 01:07:43.212000
1956,COCPD,PC,PROGRESSIVE CARE,PC,N,NO MATCH,0,COCPD,PC,PROGRESSIVE CARE,PC,Y,N,N,None,IIU4396,2025-05-15 12:27:50.920000,corpsvcmtxcutoverrpt_sql,2026-06-16 14:34:05.613000,xrdcwddbsuip06,MTX_ACOE_Cutover_Reporting,UI_Excel_Select_Xwalk_Source_Accommodations,facility,*ALL*,QXA4067,2026-09-21 01:07:43.212000
1957,COCPD,PE,PER SEMI-PRIVATE (1E),PE,N,NO MATCH,0,COCPD,,,,,N,N,None,,,corpsvcmtxcutoverrpt_sql,2026-06-16 14:34:05.613000,xrdcwddbsuip06,MTX_ACOE_Cutover_Reporting,UI_Excel_Select_Xwalk_Source_Accommodations,facility,*ALL*,QXA4067,2026-09-21 01:07:43.212000
1958,COCPD,PM,PROGRESSIVE CARE MED UNIT,PM,N,NO MATCH,0,COCPD,,,,,N,Y,None,FRE8115,2025-05-30 16:01:26.330000,corpsvcmtxcutoverrpt_sql,2025-03-01 04:14:03.220000,xrdcwddbsuip06,MTX_ACOE_Cutover_Reporting,UI_Excel_Select_Xwalk_Source_Accommodations,facility,*ALL*,QXA4067,2026-09-21 01:07:43.212000
1959,COCPD,PNH,PROGRESSIVE NURS HDH,PZ,N,NO MATCH,0,COCPD,,,,,N,Y,None,FRE8115,2025-05-30 16:01:26.370000,corpsvcmtxcutoverrpt_sql,2025-03-01 04:14:03.220000,xrdcwddbsuip06,MTX_ACOE_Cutover_Reporting,UI_Excel_Select_Xwalk_Source_Accommodations,facility,*ALL*,QXA4067,2026-09-21 01:07:43.212000
1960,COCPD,PP,POST PARTUM,PP,N,NO MATCH,0,COCPD,PR,PRIVATE ROOM,P,Y,N,N,None,IIU4396,2025-05-15 12:27:50.963000,corpsvcmtxcutoverrpt_sql,2026-06-16 14:34:05.613000,xrdcwddbsuip06,MTX_ACOE_Cutover_Reporting,UI_Excel_Select_Xwalk_Source_Accommodations,facility,*ALL*,QXA4067,2026-09-21 01:07:43.212000
1961,COCPD,PR,PER REHAB (1E),PR,N,NO MATCH,0,COCPD,,,,,N,Y,None,FRE8115,2025-05-30 16:01:26.413000,corpsvcmtxcutoverrpt_sql,2026-06-16 14:34:05.613000,xrdcwddbsuip06,MTX_ACOE_Cutover_Reporting,UI_Excel_Select_Xwalk_Source_Accommodations,facility,*ALL*,QXA4067,2026-09-21 01:07:43.212000
1962,COCPD,PS,POST SURGICAL CARE UNIT,PS,N,NO MATCH,0,COCPD,PR,PRIVATE ROOM,P,Y,N,N,None,IIU4396,2025-05-15 12:27:51,corpsvcmtxcutoverrpt_sql,2026-06-16 14:34:05.613000,xrdcwddbsuip06,MTX_ACOE_Cutover_Reporting,UI_Excel_Select_Xwalk_Source_Accommodations,facility,*ALL*,QXA4067,2026-09-21 01:07:43.212000
1963,COCPD,PY,PSY (3E),PY,N,NO MATCH,0,COCPD,,,,,N,N,None,,,corpsvcmtxcutoverrpt_sql,2026-06-16 14:34:05.613000,xrdcwddbsuip06,MTX_ACOE_Cutover_Reporting,UI_Excel_Select_Xwalk_Source_Accommodations,facility,*ALL*,QXA4067,2026-09-21 01:07:43.212000
1964,COCPD,RA,REH PRIVATE (5W),RA,N,NO MATCH,0,COCPD,,,,,N,N,None,,,corpsvcmtxcutoverrpt_sql,2026-06-16 14:34:05.613000,xrdcwddbsuip06,MTX_ACOE_Cutover_Reporting,UI_Excel_Select_Xwalk_Source_Accommodations,facility,*ALL*,QXA4067,2026-09-21 01:07:43.212000
1965,COCPD,RB,RENAL CARE INTERMEDIATE,RB,N,NO MATCH,0,COCPD,,,,,N,Y,None,FRE8115,2025-05-30 16:01:26.453000,corpsvcmtxcutoverrpt_sql,2025-03-01 04:14:03.220000,xrdcwddbsuip06,MTX_ACOE_Cutover_Reporting,UI_Excel_Select_Xwalk_Source_Accommodations,facility,*ALL*,QXA4067,2026-09-21 01:07:43.212000
1966,COCPD,RC,REH CRITICAL (5W),RC,N,NO MATCH,0,COCPD,,,,,N,Y,None,FRE8115,2025-05-30 16:01:26.493000,corpsvcmtxcutoverrpt_sql,2026-06-16 14:34:05.613000,xrdcwddbsuip06,MTX_ACOE_Cutover_Reporting,UI_Excel_Select_Xwalk_Source_Accommodations,facility,*ALL*,QXA4067,2026-09-21 01:07:43.212000
1967,COCPD,RE,REH SEMI-PRIVATE (5W),RE,N,NO MATCH,0,COCPD,,,,,N,N,None,,,corpsvcmtxcutoverrpt_sql,2026-06-16 14:34:05.613000,xrdcwddbsuip06,MTX_ACOE_Cutover_Reporting,UI_Excel_Select_Xwalk_Source_Accommodations,facility,*ALL*,QXA4067,2026-09-21 01:07:43.212000
1968,COCPD,RM,REH MEDICAL (5W),RM,N,NO MATCH,0,COCPD,,,,,N,N,None,,,corpsvcmtxcutoverrpt_sql,2026-06-16 14:34:05.613000,xrdcwddbsuip06,MTX_ACOE_Cutover_Reporting,UI_Excel_Select_Xwalk_Source_Accommodations,facility,*ALL*,QXA4067,2026-09-21 01:07:43.212000
1969,COCPD,RP,REH PERINATAL (5W),RP,N,NO MATCH,0,COCPD,,,,,N,Y,None,FRE8115,2025-05-30 16:01:26.550000,corpsvcmtxcutoverrpt_sql,2026-06-16 14:34:05.613000,xrdcwddbsuip06,MTX_ACOE_Cutover_Reporting,UI_Excel_Select_Xwalk_Source_Accommodations,facility,*ALL*,QXA4067,2026-09-21 01:07:43.212000
1970,COCPD,RS,REH SURGICAL (5W),RS,N,NO MATCH,0,COCPD,,,,,N,Y,None,FRE8115,2025-05-30 16:01:26.597000,corpsvcmtxcutoverrpt_sql,2026-06-16 14:34:05.613000,xrdcwddbsuip06,MTX_ACOE_Cutover_Reporting,UI_Excel_Select_Xwalk_Source_Accommodations,facility,*ALL*,QXA4067,2026-09-21 01:07:43.212000
1971,COCPD,S,SEMI-PRIVATE ROOM,S,N,NO MATCH,0,COCPD,SP,SEMI PRIVATE ROOM,S,Y,N,N,None,IIU4396,2025-05-15 12:27:51.047000,corpsvcmtxcutoverrpt_sql,2026-06-16 14:34:05.613000,xrdcwddbsuip06,MTX_ACOE_Cutover_Reporting,UI_Excel_Select_Xwalk_Source_Accommodations,facility,*ALL*,QXA4067,2026-09-21 01:07:43.212000
1972,COCPD,SA,SUR PRIVATE (2N),SA,N,NO MATCH,0,COCPD,,,,,N,N,None,,,corpsvcmtxcutoverrpt_sql,2026-06-16 14:34:05.613000,xrdcwddbsuip06,MTX_ACOE_Cutover_Reporting,UI_Excel_Select_Xwalk_Source_Accommodations,facility,*ALL*,QXA4067,2026-09-21 01:07:43.212000
1973,COCPD,SC,SUR CRITICAL (2N & 7W),SC,N,NO MATCH,0,COCPD,,,,,N,N,None,,,corpsvcmtxcutoverrpt_sql,2026-06-16 14:34:05.613000,xrdcwddbsuip06,MTX_ACOE_Cutover_Reporting,UI_Excel_Select_Xwalk_Source_Accommodations,facility,*ALL*,QXA4067,2026-09-21 01:07:43.212000
1974,COCPD,SE,SUR SEMI-PRIVATE (2N),SE,N,NO MATCH,0,COCPD,,,,,N,N,None,,,corpsvcmtxcutoverrpt_sql,2026-06-16 14:34:05.613000,xrdcwddbsuip06,MTX_ACOE_Cutover_Reporting,UI_Excel_Select_Xwalk_Source_Accommodations,facility,*ALL*,QXA4067,2026-09-21 01:07:43.212000
1975,COCPD,SI,SURGICAL ICU,SI,N,NO MATCH,0,COCPD,PR,PRIVATE ROOM,P,Y,N,N,None,IIU4396,2025-05-15 12:27:51.083000,corpsvcmtxcutoverrpt_sql,2026-06-16 14:34:05.613000,xrdcwddbsuip06,MTX_ACOE_Cutover_Reporting,UI_Excel_Select_Xwalk_Source_Accommodations,facility,*ALL*,QXA4067,2026-09-21 01:07:43.212000
1976,COCPD,SP,SEMI-PRIVATE,SP,N,NO MATCH,0,COCPD,,,,,N,Y,None,FRE8115,2025-05-30 16:01:26.633000,corpsvcmtxcutoverrpt_sql,2025-03-01 04:14:03.220000,xrdcwddbsuip06,MTX_ACOE_Cutover_Reporting,UI_Excel_Select_Xwalk_Source_Accommodations,facility,*ALL*,QXA4067,2026-09-21 01:07:43.212000
1977,COCPD,SPEC,SPECIAL CARE BED,SB,N,NO MATCH,0,COCPD,PR,PRIVATE ROOM,P,Y,N,N,None,IIU4396,2025-05-15 12:27:51.120000,corpsvcmtxcutoverrpt_sql,2026-06-16 14:34:05.613000,xrdcwddbsuip06,MTX_ACOE_Cutover_Reporting,UI_Excel_Select_Xwalk_Source_Accommodations,facility,*ALL*,QXA4067,2026-09-21 01:07:43.212000
1978,COCPD,SPECP,SPECIALITY BED - PRIVATE,BP,N,NO MATCH,0,COCPD,PR,PRIVATE ROOM,P,Y,N,N,None,IIU4396,2025-05-15 12:27:51.153000,corpsvcmtxcutoverrpt_sql,2026-06-16 14:34:05.613000,xrdcwddbsuip06,MTX_ACOE_Cutover_Reporting,UI_Excel_Select_Xwalk_Source_Accommodations,facility,*ALL*,QXA4067,2026-09-21 01:07:43.212000
1979,COCPD,SPECS,SPECIALITY BED - SEMIPRIVATE,BS,N,NO MATCH,0,COCPD,PR,PRIVATE ROOM,P,Y,N,N,None,IIU4396,2025-05-15 12:27:51.190000,corpsvcmtxcutoverrpt_sql,2026-06-16 14:34:05.613000,xrdcwddbsuip06,MTX_ACOE_Cutover_Reporting,UI_Excel_Select_Xwalk_Source_Accommodations,facility,*ALL*,QXA4067,2026-09-21 01:07:43.213000
1980,COCPD,SR,SUR REHAB (2N & 7W),SR,N,NO MATCH,0,COCPD,,,,,N,N,None,,,corpsvcmtxcutoverrpt_sql,2026-06-16 14:34:05.613000,xrdcwddbsuip06,MTX_ACOE_Cutover_Reporting,UI_Excel_Select_Xwalk_Source_Accommodations,facility,*ALL*,QXA4067,2026-09-21 01:07:43.213000
1981,COCPD,SX,SUR PRIVATE PLUS (2N & 7W),SX,N,NO MATCH,0,COCPD,,,,,N,N,None,,,corpsvcmtxcutoverrpt_sql,2026-06-16 14:34:05.613000,xrdcwddbsuip06,MTX_ACOE_Cutover_Reporting,UI_Excel_Select_Xwalk_Source_Accommodations,facility,*ALL*,QXA4067,2026-09-21 01:07:43.213000
1982,COCPD,TEL,STEPDOWN/TEL,TE,N,NO MATCH,0,COCPD,PR,PRIVATE ROOM,P,Y,N,N,None,IIU4396,2025-05-15 12:27:51.227000,corpsvcmtxcutoverrpt_sql,2026-06-16 14:34:05.613000,xrdcwddbsuip06,MTX_ACOE_Cutover_Reporting,UI_Excel_Select_Xwalk_Source_Accommodations,facility,*ALL*,QXA4067,2026-09-21 01:07:43.213000
1983,COCPD,TL,THERAPEUTIC LEAVE,TL,N,NO MATCH,0,COCPD,,,,,N,N,None,,,corpsvcmtxcutoverrpt_sql,2026-06-16 14:34:05.613000,xrdcwddbsuip06,MTX_ACOE_Cutover_Reporting,UI_Excel_Select_Xwalk_Source_Accommodations,facility,*ALL*,QXA4067,2026-09-21 01:07:43.213000
1984,COCPD,TR,TRAUMA,TR,N,NO MATCH,0,COCPD,TR,TRAUMA,P,Y,N,N,None,IIU4396,2025-05-15 12:27:51.263000,corpsvcmtxcutoverrpt_sql,2026-06-16 14:34:05.613000,xrdcwddbsuip06,MTX_ACOE_Cutover_Reporting,UI_Excel_Select_Xwalk_Source_Accommodations,facility,*ALL*,QXA4067,2026-09-21 01:07:43.213000
1985,COCPD,Y1,PED ICU (PED),Y1,N,NO MATCH,0,COCPD,,,,,N,N,None,,,corpsvcmtxcutoverrpt_sql,2026-06-16 14:34:05.613000,xrdcwddbsuip06,MTX_ACOE_Cutover_Reporting,UI_Excel_Select_Xwalk_Source_Accommodations,facility,*ALL*,QXA4067,2026-09-21 01:07:43.213000
1986,COCPD,Y2,PED INTERMEDIATE (PED),Y2,N,NO MATCH,0,COCPD,,,,,N,N,None,,,corpsvcmtxcutoverrpt_sql,2026-06-16 14:34:05.613000,xrdcwddbsuip06,MTX_ACOE_Cutover_Reporting,UI_Excel_Select_Xwalk_Source_Accommodations,facility,*ALL*,QXA4067,2026-09-21 01:07:43.213000
1987,COCPE,CC,CORONARY CARE,CC,Y,"TEST (2026-04-21),ZCON (2026-04-21),LIVE (2026-02-12)",0,COCPE,PR,PRIVATE ROOM,PR,Y,Y,N,None,IIU7623,2025-09-23 15:35:19.147000,corpsvcmtxcutoverrpt_sql,2025-09-04 08:38:18.993000,xrdcwddbsuip06,MTX_ACOE_Cutover_Reporting,UI_Excel_Select_Xwalk_Source_Accommodations,facility,*ALL*,QXA4067,2026-09-21 01:07:43.213000
1988,COCPE,CD,DETOX,CD,Y,"TEST (2026-04-21),ZCON (2026-04-21),LIVE (2026-02-12)",0,COCPE,D,DETOX,CD,Y,Y,N,None,IIU7623,2025-09-23 15:35:19.180000,corpsvcmtxcutoverrpt_sql,2025-09-04 08:38:18.993000,xrdcwddbsuip06,MTX_ACOE_Cutover_Reporting,UI_Excel_Select_Xwalk_Source_Accommodations,facility,*ALL*,QXA4067,2026-09-21 01:07:43.213000
1989,COCPE,ED,EMERGENGY DEPARTMENT INPATIENT,ED,Y,"TEST (2026-04-21),ZCON (2026-04-21),LIVE (2026-02-12)",0,COCPE,PR,PRIVATE ROOM,PR,Y,Y,N,None,IIU7623,2025-09-23 15:35:19.210000,corpsvcmtxcutoverrpt_sql,2025-09-04 08:38:18.993000,xrdcwddbsuip06,MTX_ACOE_Cutover_Reporting,UI_Excel_Select_Xwalk_Source_Accommodations,facility,*ALL*,QXA4067,2026-09-21 01:07:43.213000
1990,COCPE,HC,Hospice Care,HC,Y,"TEST (2026-04-21),ZCON (2026-04-21),LIVE (2026-02-12)",0,COCPE,PR,PRIVATE ROOM,PR,Y,Y,N,None,IIU7623,2025-09-23 15:35:19.240000,corpsvcmtxcutoverrpt_sql,2025-09-04 08:38:18.993000,xrdcwddbsuip06,MTX_ACOE_Cutover_Reporting,UI_Excel_Select_Xwalk_Source_Accommodations,facility,*ALL*,QXA4067,2026-09-21 01:07:43.213000
1991,COCPE,IC,INTENSIVE CARE,IC,Y,"TEST (2026-04-21),ZCON (2026-04-21),LIVE (2026-02-12)",0,COCPE,IC,INTENSIVE CARE,IC,Y,Y,N,None,IIU7623,2025-09-23 15:35:19.267000,corpsvcmtxcutoverrpt_sql,2025-09-04 08:38:18.993000,xrdcwddbsuip06,MTX_ACOE_Cutover_Reporting,UI_Excel_Select_Xwalk_Source_Accommodations,facility,*ALL*,QXA4067,2026-09-21 01:07:43.213000
1992,COCPE,II,INTENSIVE CARE ISOLATION,II,N,NO MATCH,0,COCPE,,,,,N,Y,None,IIU7623,2025-09-07 18:54:44.713000,corpsvcmtxcutoverrpt_sql,2025-09-04 08:38:18.993000,xrdcwddbsuip06,MTX_ACOE_Cutover_Reporting,UI_Excel_Select_Xwalk_Source_Accommodations,facility,*ALL*,QXA4067,2026-09-21 01:07:43.213000
1993,COCPE,IN,INTENSIVE NURSERY,IN,Y,"TEST (2026-04-21),ZCON (2026-04-21),LIVE (2026-02-12)",0,COCPE,PR,PRIVATE ROOM,PR,Y,Y,N,None,IIU7623,2025-09-23 15:35:19.300000,corpsvcmtxcutoverrpt_sql,2025-09-04 08:38:18.993000,xrdcwddbsuip06,MTX_ACOE_Cutover_Reporting,UI_Excel_Select_Xwalk_Source_Accommodations,facility,*ALL*,QXA4067,2026-09-21 01:07:43.213000
1994,COCPE,JP,JUSTIFIED PRIVATE,JP,Y,"TEST (2026-04-21),ZCON (2026-04-21),LIVE (2026-02-12)",0,COCPE,PR,PRIVATE ROOM,PR,Y,Y,N,None,IIU7623,2025-09-23 15:35:19.327000,corpsvcmtxcutoverrpt_sql,2025-09-04 08:38:18.993000,xrdcwddbsuip06,MTX_ACOE_Cutover_Reporting,UI_Excel_Select_Xwalk_Source_Accommodations,facility,*ALL*,QXA4067,2026-09-21 01:07:43.213000
1995,COCPE,MC,MONITORED CARE,MC,Y,"TEST (2026-04-21),ZCON (2026-04-21),LIVE (2026-02-12)",0,COCPE,TEL,TELEMETRY,TE,Y,Y,N,None,QVO8748,2025-11-12 08:10:05.140000,corpsvcmtxcutoverrpt_sql,2025-09-04 08:38:18.993000,xrdcwddbsuip06,MTX_ACOE_Cutover_Reporting,UI_Excel_Select_Xwalk_Source_Accommodations,facility,*ALL*,QXA4067,2026-09-21 01:07:43.213000
1996,COCPE,NA,NURSERY ADMISSION,NA,Y,"TEST (2026-04-21),ZCON (2026-04-21),LIVE (2026-02-12)",0,COCPE,PR,PRIVATE ROOM,PR,Y,Y,N,None,IIU7623,2025-09-23 15:35:19.390000,corpsvcmtxcutoverrpt_sql,2025-09-04 08:38:18.993000,xrdcwddbsuip06,MTX_ACOE_Cutover_Reporting,UI_Excel_Select_Xwalk_Source_Accommodations,facility,*ALL*,QXA4067,2026-09-21 01:07:43.213000
1997,COCPE,NB,NURSERY,NB,Y,"TEST (2026-04-21),ZCON (2026-04-21),LIVE (2026-02-12)",0,COCPE,PR,PRIVATE ROOM,PR,Y,Y,N,None,IIU7623,2025-09-23 15:35:19.420000,corpsvcmtxcutoverrpt_sql,2025-09-04 08:38:18.993000,xrdcwddbsuip06,MTX_ACOE_Cutover_Reporting,UI_Excel_Select_Xwalk_Source_Accommodations,facility,*ALL*,QXA4067,2026-09-21 01:07:43.213000
1998,COCPE,NI,NURSERY ISOLATION,NI,Y,"TEST (2026-04-21),ZCON (2026-04-21),LIVE (2026-02-12)",0,COCPE,PR,PRIVATE ROOM,PR,Y,Y,N,None,IIU7623,2025-09-23 15:35:19.450000,corpsvcmtxcutoverrpt_sql,2025-09-04 08:38:18.993000,xrdcwddbsuip06,MTX_ACOE_Cutover_Reporting,UI_Excel_Select_Xwalk_Source_Accommodations,facility,*ALL*,QXA4067,2026-09-21 01:07:43.213000
1999,COCPE,OB,OBSTETRICS,OB,Y,"TEST (2026-04-21),ZCON (2026-04-21),LIVE (2026-02-12)",0,COCPE,PR,PRIVATE ROOM,PR,Y,Y,N,None,IIU7623,2025-09-23 15:35:19.480000,corpsvcmtxcutoverrpt_sql,2025-09-04 08:38:18.993000,xrdcwddbsuip06,MTX_ACOE_Cutover_Reporting,UI_Excel_Select_Xwalk_Source_Accommodations,facility,*ALL*,QXA4067,2026-09-21 01:07:43.213000
2000,COCPE,OI,OBSTETRIC ISOLATION,OI,Y,"TEST (2026-04-21),ZCON (2026-04-21),LIVE (2026-02-12)",0,COCPE,PR,PRIVATE ROOM,PR,Y,Y,N,None,IIU7623,2025-09-23 15:35:19.510000,corpsvcmtxcutoverrpt_sql,2025-09-04 08:38:18.993000,xrdcwddbsuip06,MTX_ACOE_Cutover_Reporting,UI_Excel_Select_Xwalk_Source_Accommodations,facility,*ALL*,QXA4067,2026-09-21 01:07:43.213000
2001,COCPE,OS,OBSERVATION,OS,Y,"TEST (2026-04-21),ZCON (2026-04-21),LIVE (2026-02-12)",0,COCPE,PR,PRIVATE ROOM,PR,Y,Y,N,None,IIU7623,2025-09-23 15:35:19.540000,corpsvcmtxcutoverrpt_sql,2025-09-04 08:38:18.993000,xrdcwddbsuip06,MTX_ACOE_Cutover_Reporting,UI_Excel_Select_Xwalk_Source_Accommodations,facility,*ALL*,QXA4067,2026-09-21 01:07:43.213000
2002,COCPE,OT,ORTHOPEDICS,OT,Y,"TEST (2026-04-21),ZCON (2026-04-21),LIVE (2026-02-12)",0,COCPE,PR,PRIVATE ROOM,PR,Y,Y,N,None,IIU7623,2025-09-23 15:35:19.570000,corpsvcmtxcutoverrpt_sql,2025-09-04 08:38:18.993000,xrdcwddbsuip06,MTX_ACOE_Cutover_Reporting,UI_Excel_Select_Xwalk_Source_Accommodations,facility,*ALL*,QXA4067,2026-09-21 01:07:43.213000
2003,COCPE,PC,PROGRESSIVE CARE,PC,Y,"TEST (2026-04-21),ZCON (2026-04-21),LIVE (2026-02-12)",0,COCPE,PR,PRIVATE ROOM,PR,Y,Y,N,None,IIU7623,2025-09-23 15:35:19.600000,corpsvcmtxcutoverrpt_sql,2025-09-04 08:38:18.993000,xrdcwddbsuip06,MTX_ACOE_Cutover_Reporting,UI_Excel_Select_Xwalk_Source_Accommodations,facility,*ALL*,QXA4067,2026-09-21 01:07:43.213000
2004,COCPE,PI,PRIVATE ISOLATION,PI,N,NO MATCH,0,COCPE,,,,,N,Y,None,IIU7623,2025-09-07 18:54:44.747000,corpsvcmtxcutoverrpt_sql,2025-09-04 08:38:18.993000,xrdcwddbsuip06,MTX_ACOE_Cutover_Reporting,UI_Excel_Select_Xwalk_Source_Accommodations,facility,*ALL*,QXA4067,2026-09-21 01:07:43.213000
2005,COCPE,PR,PRIVATE ROOM,P,Y,"TEST (2026-04-21),ZCON (2026-04-21),LIVE (2026-02-12)",0,COCPE,PR,PRIVATE ROOM,PR,Y,Y,N,None,IIU7623,2025-09-23 15:35:19.630000,corpsvcmtxcutoverrpt_sql,2025-09-04 08:38:18.993000,xrdcwddbsuip06,MTX_ACOE_Cutover_Reporting,UI_Excel_Select_Xwalk_Source_Accommodations,facility,*ALL*,QXA4067,2026-09-21 01:07:43.214000
2006,COCPE,PS,ADULT PSYCHIATRIC,PS,Y,"TEST (2026-04-21),ZCON (2026-04-21),LIVE (2026-02-12)",0,COCPE,BH,BEHAVIORAL HEALTH,BH,Y,Y,N,None,IIU7623,2025-09-23 15:35:19.660000,corpsvcmtxcutoverrpt_sql,2025-09-04 08:38:18.993000,xrdcwddbsuip06,MTX_ACOE_Cutover_Reporting,UI_Excel_Select_Xwalk_Source_Accommodations,facility,*ALL*,QXA4067,2026-09-21 01:07:43.214000
2007,COCPE,SC,SURGICAL CARE,SC,Y,"TEST (2026-04-21),ZCON (2026-04-21),LIVE (2026-02-12)",0,COCPE,PR,PRIVATE ROOM,PR,Y,Y,N,None,IIU7623,2025-09-23 15:35:19.693000,corpsvcmtxcutoverrpt_sql,2025-09-04 08:38:18.993000,xrdcwddbsuip06,MTX_ACOE_Cutover_Reporting,UI_Excel_Select_Xwalk_Source_Accommodations,facility,*ALL*,QXA4067,2026-09-21 01:07:43.214000
2008,COCPE,SI,SEMI-PRIVATE ISOLATION,SI,N,NO MATCH,0,COCPE,,,,,N,Y,None,IIU7623,2025-09-07 18:54:44.780000,corpsvcmtxcutoverrpt_sql,2025-09-04 08:38:18.993000,xrdcwddbsuip06,MTX_ACOE_Cutover_Reporting,UI_Excel_Select_Xwalk_Source_Accommodations,facility,*ALL*,QXA4067,2026-09-21 01:07:43.214000
2009,COCPE,SKP,SKILLED NURSING PRIVATE,SP,Y,"TEST (2026-04-21),ZCON (2026-04-21),LIVE (2026-02-12)",0,COCPE,PR,PRIVATE ROOM,PR,Y,Y,N,None,IIU7623,2025-09-23 15:35:19.723000,corpsvcmtxcutoverrpt_sql,2025-09-04 08:38:18.993000,xrdcwddbsuip06,MTX_ACOE_Cutover_Reporting,UI_Excel_Select_Xwalk_Source_Accommodations,facility,*ALL*,QXA4067,2026-09-21 01:07:43.214000
2010,COCPE,SKS,SKILLED NURSING SEMI-PRIVATE,SS,Y,"TEST (2026-04-21),ZCON (2026-04-21),LIVE (2026-02-12)",0,COCPE,PR,PRIVATE ROOM,PR,Y,Y,N,None,IIU7623,2025-09-23 15:35:19.753000,corpsvcmtxcutoverrpt_sql,2025-09-04 08:38:18.993000,xrdcwddbsuip06,MTX_ACOE_Cutover_Reporting,UI_Excel_Select_Xwalk_Source_Accommodations,facility,*ALL*,QXA4067,2026-09-21 01:07:43.214000
2011,COCPE,SP,SEMI-PRIVATE ROOM,S,Y,"TEST (2026-04-21),ZCON (2026-04-21),LIVE (2026-02-12)",0,COCPE,SP,SEMI PRIVATE ROOM,SP,Y,Y,N,None,IIU7623,2025-09-23 15:35:19.787000,corpsvcmtxcutoverrpt_sql,2025-09-04 08:38:18.993000,xrdcwddbsuip06,MTX_ACOE_Cutover_Reporting,UI_Excel_Select_Xwalk_Source_Accommodations,facility,*ALL*,QXA4067,2026-09-21 01:07:43.214000
2012,COCPE,SPI,SNF PRIVATE ISOLATION,IP,Y,"TEST (2026-04-21),ZCON (2026-04-21),LIVE (2026-02-12)",0,COCPE,PR,PRIVATE ROOM,PR,Y,Y,N,None,IIU7623,2025-09-23 15:35:19.817000,corpsvcmtxcutoverrpt_sql,2025-09-04 08:38:18.993000,xrdcwddbsuip06,MTX_ACOE_Cutover_Reporting,UI_Excel_Select_Xwalk_Source_Accommodations,facility,*ALL*,QXA4067,2026-09-21 01:07:43.214000
2013,COCPE,SSI,SNF SEMI-PVT ISOLATION,IS,Y,"TEST (2026-04-21),ZCON (2026-04-21),LIVE (2026-02-12)",0,COCPE,PR,PRIVATE ROOM,PR,Y,Y,N,None,IIU7623,2025-09-23 15:35:19.847000,corpsvcmtxcutoverrpt_sql,2025-09-04 08:38:18.993000,xrdcwddbsuip06,MTX_ACOE_Cutover_Reporting,UI_Excel_Select_Xwalk_Source_Accommodations,facility,*ALL*,QXA4067,2026-09-21 01:07:43.214000
2014,COCPF,___N/A___20250403142744,Net New Expanse Location--no MT56 data,,,NO MATCH,0,COCPF,LDHR,LABOR AND DELIVERY HIGH RISK,HR,Y,Y,N,None,FRE8115,2025-04-28 16:10:15.830000,HCA\IIU4396,2025-04-03 17:17:12.783000,xrdcwddbsuip06,MTX_ACOE_Cutover_Reporting,UI_Excel_Select_Xwalk_Source_Accommodations,facility,*ALL*,QXA4067,2026-09-21 01:07:43.214000
2015,COCPF,3ESE,3 EAST SEMI,TE,N,NO MATCH,0,COCPF,,,,,N,Y,None,JKB0282,2025-04-29 15:47:14.190000,HCA\IIU4396,2024-10-15 11:46:47.723000,xrdcwddbsuip06,MTX_ACOE_Cutover_Reporting,UI_Excel_Select_Xwalk_Source_Accommodations,facility,*ALL*,QXA4067,2026-09-21 01:07:43.214000
2016,COCPF,3ETL,3 EAST TELEMETRY,ET,N,NO MATCH,0,COCPF,,,,,N,Y,None,JKB0282,2025-04-29 15:47:14.293000,HCA\IIU4396,2024-10-15 11:46:47.723000,xrdcwddbsuip06,MTX_ACOE_Cutover_Reporting,UI_Excel_Select_Xwalk_Source_Accommodations,facility,*ALL*,QXA4067,2026-09-21 01:07:43.214000
2017,COCPF,BURN,Burn Intensive Care,BU,N,NO MATCH,0,COCPF,,,,,N,Y,None,JKB0282,2025-04-29 15:47:14.393000,HCA\IIU4396,2024-10-15 11:46:47.723000,xrdcwddbsuip06,MTX_ACOE_Cutover_Reporting,UI_Excel_Select_Xwalk_Source_Accommodations,facility,*ALL*,QXA4067,2026-09-21 01:07:43.214000
2018,COCPF,CC,Coronary Care,CO,N,NO MATCH,0,COCPF,,,,,N,Y,None,JKB0282,2025-04-29 15:47:14.493000,HCA\IIU4396,2024-10-15 11:46:47.723000,xrdcwddbsuip06,MTX_ACOE_Cutover_Reporting,UI_Excel_Select_Xwalk_Source_Accommodations,facility,*ALL*,QXA4067,2026-09-21 01:07:43.214000
2019,COCPF,DX,Detox,DX,N,NO MATCH,0,COCPF,,,,,N,Y,None,JKB0282,2025-04-29 15:47:14.597000,HCA\IIU4396,2024-10-15 11:46:47.723000,xrdcwddbsuip06,MTX_ACOE_Cutover_Reporting,UI_Excel_Select_Xwalk_Source_Accommodations,facility,*ALL*,QXA4067,2026-09-21 01:07:43.214000
2020,COCPF,HR,LABOR AND DELIVERY HIGH RISK,HR,Y,NO MATCH,0,COCPF,LDHR,LABOR AND DELIVERY HIGH RISK,HR,Y,Y,N,None,FRE8115,2025-04-28 16:10:16.090000,HCA\CORPSVCACOESSISPROXY,2025-01-30 04:14:04.690000,xrdcwddbsuip06,MTX_ACOE_Cutover_Reporting,UI_Excel_Select_Xwalk_Source_Accommodations,facility,*ALL*,QXA4067,2026-09-21 01:07:43.214000
2021,COCPF,IC,INTENSIVE CARE UNIT,IN,Y,NO MATCH,0,COCPF,IC,INTENSIVE CARE,IN,Y,Y,N,None,FRE8115,2025-04-28 16:10:16.130000,HCA\IIU4396,2024-10-15 11:46:47.723000,xrdcwddbsuip06,MTX_ACOE_Cutover_Reporting,UI_Excel_Select_Xwalk_Source_Accommodations,facility,*ALL*,QXA4067,2026-09-21 01:07:43.214000
2022,COCPF,IM,INTERMEDIATE CARE,IR,Y,NO MATCH,0,COCPF,PC,PROGRESSIVE CARE,IR,Y,Y,N,None,FRE8115,2025-04-28 16:10:16.177000,HCA\IIU4396,2024-10-15 11:46:47.723000,xrdcwddbsuip06,MTX_ACOE_Cutover_Reporting,UI_Excel_Select_Xwalk_Source_Accommodations,facility,*ALL*,QXA4067,2026-09-21 01:07:43.214000
2023,COCPF,IS,ISOLATION-MED/SURG,IS,N,NO MATCH,0,COCPF,,,,,N,Y,None,JKB0282,2025-04-29 15:47:14.697000,HCA\IIU4396,2024-10-15 11:46:47.723000,xrdcwddbsuip06,MTX_ACOE_Cutover_Reporting,UI_Excel_Select_Xwalk_Source_Accommodations,facility,*ALL*,QXA4067,2026-09-21 01:07:43.214000
2024,COCPF,IS-T,ISOLATION TELEMETRY,IT,N,NO MATCH,0,COCPF,,,,,N,Y,None,JKB0282,2025-04-29 15:47:14.797000,HCA\IIU4396,2024-10-15 11:46:47.723000,xrdcwddbsuip06,MTX_ACOE_Cutover_Reporting,UI_Excel_Select_Xwalk_Source_Accommodations,facility,*ALL*,QXA4067,2026-09-21 01:07:43.214000
2025,COCPF,L1,NEWBORN LEVEL I,L1,Y,NO MATCH,0,COCPF,L1,NEWBORN LEVEL I CARE,L1,Y,Y,N,None,FRE8115,2025-04-28 16:10:16.577000,HCA\CORPSVCACOESSISPROXY,2024-11-01 04:14:05.897000,xrdcwddbsuip06,MTX_ACOE_Cutover_Reporting,UI_Excel_Select_Xwalk_Source_Accommodations,facility,*ALL*,QXA4067,2026-09-21 01:07:43.214000
2026,COCPF,L2,NEWBORN LEVEL II,L2,Y,NO MATCH,0,COCPF,L2,NEWBORN LEVEL II CARE,L2,Y,Y,N,None,FRE8115,2025-04-28 16:10:16.627000,HCA\CORPSVCACOESSISPROXY,2024-11-01 04:14:05.897000,xrdcwddbsuip06,MTX_ACOE_Cutover_Reporting,UI_Excel_Select_Xwalk_Source_Accommodations,facility,*ALL*,QXA4067,2026-09-21 01:07:43.214000
2027,COCPF,L3,NEWBORN LEVEL III,L3,Y,NO MATCH,0,COCPF,L3,NEWBORN LEVEL III CARE,L3,Y,Y,N,None,FRE8115,2025-04-28 16:10:16.670000,HCA\CORPSVCACOESSISPROXY,2024-11-01 04:14:05.897000,xrdcwddbsuip06,MTX_ACOE_Cutover_Reporting,UI_Excel_Select_Xwalk_Source_Accommodations,facility,*ALL*,QXA4067,2026-09-21 01:07:43.214000
2028,COCPF,L4,NEWBORN LEVEL IV,L4,Y,NO MATCH,0,COCPF,L4,NEWBORN LEVEL IV CARE,L4,Y,Y,N,None,FRE8115,2025-04-28 16:10:16.713000,HCA\CORPSVCACOESSISPROXY,2024-11-01 04:14:05.897000,xrdcwddbsuip06,MTX_ACOE_Cutover_Reporting,UI_Excel_Select_Xwalk_Source_Accommodations,facility,*ALL*,QXA4067,2026-09-21 01:07:43.214000
2029,COCPF,LD,LABOR & DELIVERY,LD,Y,NO MATCH,0,COCPF,LD,LABOR AND DELIVERY,LD,Y,Y,N,None,FRE8115,2025-04-28 16:10:16.760000,HCA\IIU4396,2024-10-15 11:46:47.723000,xrdcwddbsuip06,MTX_ACOE_Cutover_Reporting,UI_Excel_Select_Xwalk_Source_Accommodations,facility,*ALL*,QXA4067,2026-09-21 01:07:43.214000
2030,COCPF,MS,Med Surg,MD,Y,NO MATCH,0,COCPF,MS,MED SURG,MD,Y,Y,N,None,FRE8115,2025-04-28 16:10:16.800000,HCA\IIU4396,2024-10-15 11:46:47.723000,xrdcwddbsuip06,MTX_ACOE_Cutover_Reporting,UI_Excel_Select_Xwalk_Source_Accommodations,facility,*ALL*,QXA4067,2026-09-21 01:07:43.214000
2031,COCPF,MS-P,MED/SURG PRIV,MP,N,NO MATCH,0,COCPF,,,,,N,Y,None,JKB0282,2025-04-29 15:47:14.897000,HCA\IIU4396,2024-10-15 11:46:47.723000,xrdcwddbsuip06,MTX_ACOE_Cutover_Reporting,UI_Excel_Select_Xwalk_Source_Accommodations,facility,*ALL*,QXA4067,2026-09-21 01:07:43.214000
2032,COCPF,MS-S,MED/SURG SEMI,MS,N,NO MATCH,0,COCPF,,,,,N,Y,None,JKB0282,2025-04-29 15:47:14.993000,HCA\IIU4396,2024-10-15 11:46:47.723000,xrdcwddbsuip06,MTX_ACOE_Cutover_Reporting,UI_Excel_Select_Xwalk_Source_Accommodations,facility,*ALL*,QXA4067,2026-09-21 01:07:43.214000
2033,COCPF,N1,NICU Level 1,NO,N,NO MATCH,0,COCPF,,,,,N,Y,None,JKB0282,2025-04-29 15:47:15.093000,HCA\IIU4396,2024-10-15 11:46:47.723000,xrdcwddbsuip06,MTX_ACOE_Cutover_Reporting,UI_Excel_Select_Xwalk_Source_Accommodations,facility,*ALL*,QXA4067,2026-09-21 01:07:43.214000
2034,COCPF,N2,NICU Level 2,NT,Y,NO MATCH,0,COCPF,,,,,N,Y,None,FRE8115,2025-04-28 16:10:16.970000,HCA\IIU4396,2024-10-15 11:46:47.723000,xrdcwddbsuip06,MTX_ACOE_Cutover_Reporting,UI_Excel_Select_Xwalk_Source_Accommodations,facility,*ALL*,QXA4067,2026-09-21 01:07:43.214000
2035,COCPF,N3,NICU Level 3,N3,Y,NO MATCH,0,COCPF,,,,,N,Y,None,FRE8115,2025-04-28 16:10:17.013000,HCA\IIU4396,2024-10-15 11:46:47.723000,xrdcwddbsuip06,MTX_ACOE_Cutover_Reporting,UI_Excel_Select_Xwalk_Source_Accommodations,facility,*ALL*,QXA4067,2026-09-21 01:07:43.215000
2036,COCPF,N4,NICU Level 4,N4,Y,NO MATCH,0,COCPF,,,,,N,Y,None,FRE8115,2025-04-28 16:10:17.053000,HCA\IIU4396,2024-10-15 11:46:47.723000,xrdcwddbsuip06,MTX_ACOE_Cutover_Reporting,UI_Excel_Select_Xwalk_Source_Accommodations,facility,*ALL*,QXA4067,2026-09-21 01:07:43.215000
2037,COCPF,NB,NEWBORN,NB,Y,NO MATCH,0,COCPF,L1,NEWBORN LEVEL I CARE,L1,Y,Y,N,None,FRE8115,2025-04-28 16:10:17.097000,HCA\IIU4396,2024-10-15 11:46:47.723000,xrdcwddbsuip06,MTX_ACOE_Cutover_Reporting,UI_Excel_Select_Xwalk_Source_Accommodations,facility,*ALL*,QXA4067,2026-09-21 01:07:43.215000
2038,COCPF,NU,NEWBORN NURSERY,B,N,NO MATCH,0,COCPF,,,,,N,Y,None,JKB0282,2025-04-29 15:47:15.190000,HCA\IIU4396,2024-10-15 11:46:47.723000,xrdcwddbsuip06,MTX_ACOE_Cutover_Reporting,UI_Excel_Select_Xwalk_Source_Accommodations,facility,*ALL*,QXA4067,2026-09-21 01:07:43.215000
2039,COCPF,OB,OBSTETRICS,OB,N,NO MATCH,0,COCPF,,,,,N,Y,None,JKB0282,2025-04-29 15:47:15.290000,HCA\IIU4396,2024-10-15 11:46:47.723000,xrdcwddbsuip06,MTX_ACOE_Cutover_Reporting,UI_Excel_Select_Xwalk_Source_Accommodations,facility,*ALL*,QXA4067,2026-09-21 01:07:43.215000
2040,COCPF,OC,Obstetrics,OC,Y,NO MATCH,0,COCPF,PR,PRIVATE ROOM,OC,Y,Y,N,None,FRE8115,2025-04-28 16:10:17.220000,HCA\IIU4396,2024-10-15 11:46:47.723000,xrdcwddbsuip06,MTX_ACOE_Cutover_Reporting,UI_Excel_Select_Xwalk_Source_Accommodations,facility,*ALL*,QXA4067,2026-09-21 01:07:43.215000
2041,COCPF,ONC,ADULT ONCOLOGY,ON,N,NO MATCH,0,COCPF,,,,,N,Y,None,JKB0282,2025-04-29 15:47:15.390000,HCA\IIU4396,2024-10-15 11:46:47.723000,xrdcwddbsuip06,MTX_ACOE_Cutover_Reporting,UI_Excel_Select_Xwalk_Source_Accommodations,facility,*ALL*,QXA4067,2026-09-21 01:07:43.215000
2042,COCPF,PED-P,PEDIATRIC PRIVATE,PP,N,NO MATCH,0,COCPF,,,,,N,Y,None,JKB0282,2025-04-29 15:47:15.490000,HCA\IIU4396,2024-10-15 11:46:47.723000,xrdcwddbsuip06,MTX_ACOE_Cutover_Reporting,UI_Excel_Select_Xwalk_Source_Accommodations,facility,*ALL*,QXA4067,2026-09-21 01:07:43.215000
2043,COCPF,PED-PO,PEDIATRIC PRIVATE ONCOLOGY,PO,N,NO MATCH,0,COCPF,,,,,N,Y,None,JKB0282,2025-04-29 15:47:15.610000,HCA\IIU4396,2024-10-15 11:46:47.723000,xrdcwddbsuip06,MTX_ACOE_Cutover_Reporting,UI_Excel_Select_Xwalk_Source_Accommodations,facility,*ALL*,QXA4067,2026-09-21 01:07:43.215000
2044,COCPF,PED-S,PEDIATRIC SEMI,PS,N,NO MATCH,0,COCPF,,,,,N,Y,None,JKB0282,2025-04-29 15:47:15.710000,HCA\IIU4396,2024-10-15 11:46:47.723000,xrdcwddbsuip06,MTX_ACOE_Cutover_Reporting,UI_Excel_Select_Xwalk_Source_Accommodations,facility,*ALL*,QXA4067,2026-09-21 01:07:43.215000
2045,COCPF,PED-SO,PEDIATRIC SEMI ONCOLOGY,SO,N,NO MATCH,0,COCPF,,,,,N,Y,None,JKB0282,2025-04-29 15:47:15.807000,HCA\IIU4396,2024-10-15 11:46:47.723000,xrdcwddbsuip06,MTX_ACOE_Cutover_Reporting,UI_Excel_Select_Xwalk_Source_Accommodations,facility,*ALL*,QXA4067,2026-09-21 01:07:43.215000
2046,COCPF,PEDS,Pediatrics,PE,Y,NO MATCH,0,COCPF,P,PEDIATRIC,PE,Y,Y,N,None,FRE8115,2025-04-28 16:10:17.513000,HCA\IIU4396,2024-10-15 11:46:47.723000,xrdcwddbsuip06,MTX_ACOE_Cutover_Reporting,UI_Excel_Select_Xwalk_Source_Accommodations,facility,*ALL*,QXA4067,2026-09-21 01:07:43.215000
2047,COCPF,PI,PICU,PI,N,NO MATCH,0,COCPF,,,,,N,Y,None,JKB0282,2025-04-29 15:47:15.903000,HCA\IIU4396,2024-10-15 11:46:47.723000,xrdcwddbsuip06,MTX_ACOE_Cutover_Reporting,UI_Excel_Select_Xwalk_Source_Accommodations,facility,*ALL*,QXA4067,2026-09-21 01:07:43.215000
2048,COCPF,PICU,PICU,PD,Y,NO MATCH,0,COCPF,PIC,PEDIATRIC INTENSIVE CARE,PD,Y,Y,N,None,FRE8115,2025-04-28 16:10:17.597000,HCA\IIU4396,2024-10-15 11:46:47.723000,xrdcwddbsuip06,MTX_ACOE_Cutover_Reporting,UI_Excel_Select_Xwalk_Source_Accommodations,facility,*ALL*,QXA4067,2026-09-21 01:07:43.215000
2049,COCPF,PN,Perinatal Unit,PN,Y,NO MATCH,0,COCPF,PR,PRIVATE ROOM,OC,Y,Y,N,None,FRE8115,2025-04-28 16:10:17.640000,HCA\IIU4396,2024-10-15 11:46:47.723000,xrdcwddbsuip06,MTX_ACOE_Cutover_Reporting,UI_Excel_Select_Xwalk_Source_Accommodations,facility,*ALL*,QXA4067,2026-09-21 01:07:43.215000
2050,COCPF,PRIV,PRIVATE (NOT MEDICALLY NEC),P,N,NO MATCH,0,COCPF,,,,,N,Y,None,JKB0282,2025-04-29 15:47:16,HCA\IIU4396,2024-10-15 11:46:47.723000,xrdcwddbsuip06,MTX_ACOE_Cutover_Reporting,UI_Excel_Select_Xwalk_Source_Accommodations,facility,*ALL*,QXA4067,2026-09-21 01:07:43.215000
2051,COCPF,SB,SWING BED,SB,N,NO MATCH,0,COCPF,,,,,N,Y,None,JKB0282,2025-04-29 15:47:16.100000,HCA\CORPSVCACOESSISPROXY,2025-01-14 04:14:05.397000,xrdcwddbsuip06,MTX_ACOE_Cutover_Reporting,UI_Excel_Select_Xwalk_Source_Accommodations,facility,*ALL*,QXA4067,2026-09-21 01:07:43.215000
2052,COCPF,SEMI,SEMI PRIVATE,S,N,NO MATCH,0,COCPF,,,,,N,Y,None,JKB0282,2025-04-29 15:47:16.200000,HCA\IIU4396,2024-10-15 11:46:47.723000,xrdcwddbsuip06,MTX_ACOE_Cutover_Reporting,UI_Excel_Select_Xwalk_Source_Accommodations,facility,*ALL*,QXA4067,2026-09-21 01:07:43.215000
2053,COCPF,T,Tele,T,Y,NO MATCH,0,COCPF,TEL,TELEMETRY,T,Y,Y,N,None,FRE8115,2025-04-28 16:10:17.813000,HCA\IIU4396,2024-10-15 11:46:47.723000,xrdcwddbsuip06,MTX_ACOE_Cutover_Reporting,UI_Excel_Select_Xwalk_Source_Accommodations,facility,*ALL*,QXA4067,2026-09-21 01:07:43.215000
2054,COCPF,TL,TELEMETRY,TL,N,NO MATCH,0,COCPF,,,,,N,Y,None,JKB0282,2025-04-29 15:47:16.300000,HCA\IIU4396,2024-10-15 11:46:47.723000,xrdcwddbsuip06,MTX_ACOE_Cutover_Reporting,UI_Excel_Select_Xwalk_Source_Accommodations,facility,*ALL*,QXA4067,2026-09-21 01:07:43.215000
2055,COCPF,TLP,TELEMETRY PRIVATE,TP,N,NO MATCH,0,COCPF,,,,,N,Y,None,JKB0282,2025-04-29 15:47:16.397000,HCA\IIU4396,2024-10-15 11:46:47.723000,xrdcwddbsuip06,MTX_ACOE_Cutover_Reporting,UI_Excel_Select_Xwalk_Source_Accommodations,facility,*ALL*,QXA4067,2026-09-21 01:07:43.215000
2056,COCPF,TLS,TELEMETRY SEMI,TS,N,NO MATCH,0,COCPF,,,,,N,Y,None,JKB0282,2025-04-29 15:47:16.497000,HCA\IIU4396,2024-10-15 11:46:47.723000,xrdcwddbsuip06,MTX_ACOE_Cutover_Reporting,UI_Excel_Select_Xwalk_Source_Accommodations,facility,*ALL*,QXA4067,2026-09-21 01:07:43.215000
2057,COCPF,TR,Trauma Intensive Care,TR,N,NO MATCH,0,COCPF,,,,,N,Y,None,JKB0282,2025-04-29 15:47:16.597000,HCA\IIU4396,2024-10-15 11:46:47.723000,xrdcwddbsuip06,MTX_ACOE_Cutover_Reporting,UI_Excel_Select_Xwalk_Source_Accommodations,facility,*ALL*,QXA4067,2026-09-21 01:07:43.215000
2058,COCPF,VIP,PRIVATE SUITE,VI,N,NO MATCH,0,COCPF,,,,,N,Y,None,JKB0282,2025-04-29 15:47:16.693000,HCA\IIU4396,2024-10-15 11:46:47.723000,xrdcwddbsuip06,MTX_ACOE_Cutover_Reporting,UI_Excel_Select_Xwalk_Source_Accommodations,facility,*ALL*,QXA4067,2026-09-21 01:07:43.215000
2059,COCPL,E.AC,ACUTE CARE PEDIATRIC UNIT,AC,Y,NO MATCH,0,COCPL,PR,PRIVATE ROOM,P,Y,Y,N,None,DJU8757,2026-08-11 13:08:59.630000,corpsvcmtxcutoverrpt_sql,2026-07-27 09:12:30.097000,xrdcwddbsuip06,MTX_ACOE_Cutover_Reporting,UI_Excel_Select_Xwalk_Source_Accommodations,facility,*ALL*,QXA4067,2026-09-21 01:07:43.215000
2060,COCPL,E.ANTE,ANTEPARTUM,AN,Y,NO MATCH,0,COCPL,AP,ANTEPARTUM,AP,Y,Y,N,None,DJU8757,2026-08-11 13:08:59.770000,corpsvcmtxcutoverrpt_sql,2026-07-27 09:12:30.097000,xrdcwddbsuip06,MTX_ACOE_Cutover_Reporting,UI_Excel_Select_Xwalk_Source_Accommodations,facility,*ALL*,QXA4067,2026-09-21 01:07:43.215000
2061,COCPL,E.ANTEMON,ANTEPARTUM MONITORED,AM,Y,NO MATCH,8,COCPL,AP,ANTEPARTUM,AP,Y,Y,N,None,DJU8757,2026-08-11 13:08:59.917000,corpsvcmtxcutoverrpt_sql,2026-07-27 09:12:30.097000,xrdcwddbsuip06,MTX_ACOE_Cutover_Reporting,UI_Excel_Select_Xwalk_Source_Accommodations,facility,*ALL*,QXA4067,2026-09-21 01:07:43.215000
2062,COCPL,E.B1,Neonatal ICU Isolation,B1,N,NO MATCH,0,COCPL,,,,,N,Y,None,DJU8757,2026-07-29 07:58:37.593000,corpsvcmtxcutoverrpt_sql,2026-07-27 09:12:30.097000,xrdcwddbsuip06,MTX_ACOE_Cutover_Reporting,UI_Excel_Select_Xwalk_Source_Accommodations,facility,*ALL*,QXA4067,2026-09-21 01:07:43.215000
2063,COCPL,E.B2,Neonatal ICU,B2,Y,NO MATCH,0,COCPL,L4,NEWBORN LEVEL IV CARE,L4,Y,Y,N,None,DJU8757,2026-08-11 13:09:00.110000,corpsvcmtxcutoverrpt_sql,2026-07-27 09:12:30.097000,xrdcwddbsuip06,MTX_ACOE_Cutover_Reporting,UI_Excel_Select_Xwalk_Source_Accommodations,facility,*ALL*,QXA4067,2026-09-21 01:07:43.215000
2064,COCPL,E.B3,Neonatal Acute Isolation,B3,N,NO MATCH,0,COCPL,,,,,N,Y,None,DJU8757,2026-07-29 07:58:37.770000,corpsvcmtxcutoverrpt_sql,2026-07-27 09:12:30.097000,xrdcwddbsuip06,MTX_ACOE_Cutover_Reporting,UI_Excel_Select_Xwalk_Source_Accommodations,facility,*ALL*,QXA4067,2026-09-21 01:07:43.216000
2065,COCPL,E.B4,Neonatal Acute,B4,Y,NO MATCH,0,COCPL,L3,NEWBORN LEVEL III CARE,L3,Y,Y,N,None,DJU8757,2026-08-11 13:09:00.223000,corpsvcmtxcutoverrpt_sql,2026-07-27 09:12:30.097000,xrdcwddbsuip06,MTX_ACOE_Cutover_Reporting,UI_Excel_Select_Xwalk_Source_Accommodations,facility,*ALL*,QXA4067,2026-09-21 01:07:43.216000
2066,COCPL,E.B5,Neonatal Intermediate Isolatio,B5,N,NO MATCH,0,COCPL,,,,,N,Y,None,DJU8757,2026-07-29 07:58:37.923000,corpsvcmtxcutoverrpt_sql,2026-07-27 09:12:30.097000,xrdcwddbsuip06,MTX_ACOE_Cutover_Reporting,UI_Excel_Select_Xwalk_Source_Accommodations,facility,*ALL*,QXA4067,2026-09-21 01:07:43.216000
2067,COCPL,E.B6,Neonatal Intermediate,B6,Y,NO MATCH,0,COCPL,L2,NEWBORN LEVEL II CARE,L2,Y,Y,N,None,DJU8757,2026-08-11 13:09:00.343000,corpsvcmtxcutoverrpt_sql,2026-07-27 09:12:30.097000,xrdcwddbsuip06,MTX_ACOE_Cutover_Reporting,UI_Excel_Select_Xwalk_Source_Accommodations,facility,*ALL*,QXA4067,2026-09-21 01:07:43.216000
2068,COCPL,E.BB,BOARDER BABY,BB,N,NO MATCH,0,COCPL,,,,,N,Y,None,DJU8757,2026-07-29 07:58:38.073000,corpsvcmtxcutoverrpt_sql,2026-07-27 09:12:30.097000,xrdcwddbsuip06,MTX_ACOE_Cutover_Reporting,UI_Excel_Select_Xwalk_Source_Accommodations,facility,*ALL*,QXA4067,2026-09-21 01:07:43.216000
2069,COCPL,E.BR,BURN UNIT,BR,Y,NO MATCH,28,COCPL,BIC,BURN INTENSIVE CARE,BC,Y,Y,N,None,DJU8757,2026-08-11 13:09:00.470000,corpsvcmtxcutoverrpt_sql,2026-07-27 09:12:30.097000,xrdcwddbsuip06,MTX_ACOE_Cutover_Reporting,UI_Excel_Select_Xwalk_Source_Accommodations,facility,*ALL*,QXA4067,2026-09-21 01:07:43.216000
2070,COCPL,E.CATH,CATH LAB FROM ED,CA,Y,NO MATCH,0,COCPL,PR,PRIVATE ROOM,P,Y,Y,N,None,DJU8757,2026-08-11 13:09:00.603000,corpsvcmtxcutoverrpt_sql,2026-07-27 09:12:30.097000,xrdcwddbsuip06,MTX_ACOE_Cutover_Reporting,UI_Excel_Select_Xwalk_Source_Accommodations,facility,*ALL*,QXA4067,2026-09-21 01:07:43.216000
2071,COCPL,E.CC,CCU,CC,Y,NO MATCH,19,COCPL,CC,CORONARY CARE,CC,Y,Y,N,None,DJU8757,2026-08-11 13:09:01.007000,corpsvcmtxcutoverrpt_sql,2026-07-27 09:12:30.097000,xrdcwddbsuip06,MTX_ACOE_Cutover_Reporting,UI_Excel_Select_Xwalk_Source_Accommodations,facility,*ALL*,QXA4067,2026-09-21 01:07:43.216000
2072,COCPL,E.CP,Children Private Overflow,CP,Y,NO MATCH,0,COCPL,PR,PRIVATE ROOM,P,Y,Y,N,None,DJU8757,2026-08-11 13:09:01.133000,corpsvcmtxcutoverrpt_sql,2026-07-27 09:12:30.097000,xrdcwddbsuip06,MTX_ACOE_Cutover_Reporting,UI_Excel_Select_Xwalk_Source_Accommodations,facility,*ALL*,QXA4067,2026-09-21 01:07:43.216000
2073,COCPL,E.CS,Children Semi Private Overflow,CS,Y,NO MATCH,0,COCPL,SP,SEMI PRIVATE ROOM,SP,Y,Y,N,None,DJU8757,2026-08-11 13:09:01.253000,corpsvcmtxcutoverrpt_sql,2026-07-27 09:12:30.097000,xrdcwddbsuip06,MTX_ACOE_Cutover_Reporting,UI_Excel_Select_Xwalk_Source_Accommodations,facility,*ALL*,QXA4067,2026-09-21 01:07:43.216000
2074,COCPL,E.DP,Deluxe Private,DP,Y,NO MATCH,0,COCPL,PR,PRIVATE ROOM,P,Y,Y,N,None,DJU8757,2026-08-11 13:09:01.387000,corpsvcmtxcutoverrpt_sql,2026-07-27 09:12:30.097000,xrdcwddbsuip06,MTX_ACOE_Cutover_Reporting,UI_Excel_Select_Xwalk_Source_Accommodations,facility,*ALL*,QXA4067,2026-09-21 01:07:43.216000
2075,COCPL,E.EDCARD,ED HOLD 7 CARDIAC,EC,Y,NO MATCH,0,COCPL,PR,PRIVATE ROOM,P,Y,Y,N,None,DJU8757,2026-08-11 13:09:01.523000,corpsvcmtxcutoverrpt_sql,2026-07-27 09:12:30.097000,xrdcwddbsuip06,MTX_ACOE_Cutover_Reporting,UI_Excel_Select_Xwalk_Source_Accommodations,facility,*ALL*,QXA4067,2026-09-21 01:07:43.216000
2076,COCPL,E.EDCN1,ED HOLD CCU POD 1,E1,Y,NO MATCH,0,COCPL,PR,PRIVATE ROOM,P,Y,Y,N,None,DJU8757,2026-08-11 13:09:01.657000,corpsvcmtxcutoverrpt_sql,2026-07-27 09:12:30.097000,xrdcwddbsuip06,MTX_ACOE_Cutover_Reporting,UI_Excel_Select_Xwalk_Source_Accommodations,facility,*ALL*,QXA4067,2026-09-21 01:07:43.216000
2077,COCPL,E.EDCN2,ED HOLD CCU POD 2,E2,Y,NO MATCH,0,COCPL,PR,PRIVATE ROOM,P,Y,Y,N,None,DJU8757,2026-08-11 13:09:01.797000,corpsvcmtxcutoverrpt_sql,2026-07-27 09:12:30.097000,xrdcwddbsuip06,MTX_ACOE_Cutover_Reporting,UI_Excel_Select_Xwalk_Source_Accommodations,facility,*ALL*,QXA4067,2026-09-21 01:07:43.216000
2078,COCPL,E.EDCN3,ED HOLD CCU POD 3,E3,Y,NO MATCH,0,COCPL,PR,PRIVATE ROOM,P,Y,Y,N,None,DJU8757,2026-08-11 13:09:01.933000,corpsvcmtxcutoverrpt_sql,2026-07-27 09:12:30.097000,xrdcwddbsuip06,MTX_ACOE_Cutover_Reporting,UI_Excel_Select_Xwalk_Source_Accommodations,facility,*ALL*,QXA4067,2026-09-21 01:07:43.216000
2079,COCPL,E.EDCN4,ED HOLD CCU POD 4,E4,N,NO MATCH,0,COCPL,,,,,N,Y,None,DJU8757,2026-07-29 07:58:39.190000,corpsvcmtxcutoverrpt_sql,2026-07-27 09:12:30.097000,xrdcwddbsuip06,MTX_ACOE_Cutover_Reporting,UI_Excel_Select_Xwalk_Source_Accommodations,facility,*ALL*,QXA4067,2026-09-21 01:07:43.216000
2080,COCPL,E.EDLD,ED HOLD LD/OB,EL,Y,NO MATCH,0,COCPL,LD,LABOR AND DELIVERY,LD,Y,Y,N,None,DJU8757,2026-08-11 13:09:02.100000,corpsvcmtxcutoverrpt_sql,2026-07-27 09:12:30.097000,xrdcwddbsuip06,MTX_ACOE_Cutover_Reporting,UI_Excel_Select_Xwalk_Source_Accommodations,facility,*ALL*,QXA4067,2026-09-21 01:07:43.216000
2081,COCPL,E.EDMS,ED HOLD 4 MED/SURG,E5,Y,NO MATCH,55,COCPL,PR,PRIVATE ROOM,P,Y,Y,N,None,DJU8757,2026-08-11 13:09:02.253000,corpsvcmtxcutoverrpt_sql,2026-07-27 09:12:30.097000,xrdcwddbsuip06,MTX_ACOE_Cutover_Reporting,UI_Excel_Select_Xwalk_Source_Accommodations,facility,*ALL*,QXA4067,2026-09-21 01:07:43.216000
2082,COCPL,E.EDMT,ED HOLD MED TELE,E6,Y,NO MATCH,0,COCPL,TEL,TELEMETRY,TE,Y,Y,N,None,DJU8757,2026-08-11 13:09:02.393000,corpsvcmtxcutoverrpt_sql,2026-07-27 09:12:30.097000,xrdcwddbsuip06,MTX_ACOE_Cutover_Reporting,UI_Excel_Select_Xwalk_Source_Accommodations,facility,*ALL*,QXA4067,2026-09-21 01:07:43.216000
2083,COCPL,E.EDNEURO,ED HOLD 6 NEURO,EN,Y,NO MATCH,3,COCPL,NI,NEURO ICU,NI,Y,Y,N,None,DJU8757,2026-08-11 13:09:02.520000,corpsvcmtxcutoverrpt_sql,2026-07-27 09:12:30.097000,xrdcwddbsuip06,MTX_ACOE_Cutover_Reporting,UI_Excel_Select_Xwalk_Source_Accommodations,facility,*ALL*,QXA4067,2026-09-21 01:07:43.216000
2084,COCPL,E.EDNSI,ED HOLD NEURO ICU,E7,Y,NO MATCH,0,COCPL,NI,NEURO ICU,NI,Y,Y,N,None,DJU8757,2026-08-11 13:09:02.647000,corpsvcmtxcutoverrpt_sql,2026-07-27 09:12:30.097000,xrdcwddbsuip06,MTX_ACOE_Cutover_Reporting,UI_Excel_Select_Xwalk_Source_Accommodations,facility,*ALL*,QXA4067,2026-09-21 01:07:43.216000
2085,COCPL,E.EDNSP,ED HOLD NEURO PCU,E8,Y,NO MATCH,0,COCPL,NI,NEURO ICU,NI,Y,Y,N,None,DJU8757,2026-08-11 13:09:02.773000,corpsvcmtxcutoverrpt_sql,2026-07-27 09:12:30.097000,xrdcwddbsuip06,MTX_ACOE_Cutover_Reporting,UI_Excel_Select_Xwalk_Source_Accommodations,facility,*ALL*,QXA4067,2026-09-21 01:07:43.216000
2086,COCPL,E.EDORT,ED HOLD 5 ORTHO,EO,Y,NO MATCH,8,COCPL,PR,PRIVATE ROOM,P,Y,Y,N,None,DJU8757,2026-08-11 13:09:02.897000,corpsvcmtxcutoverrpt_sql,2026-07-27 09:12:30.097000,xrdcwddbsuip06,MTX_ACOE_Cutover_Reporting,UI_Excel_Select_Xwalk_Source_Accommodations,facility,*ALL*,QXA4067,2026-09-21 01:07:43.216000
2087,COCPL,E.EDPED,ED HOLD 3 PED,EP,N,NO MATCH,0,COCPL,,,,,N,Y,None,DJU8757,2026-07-29 07:58:40.123000,corpsvcmtxcutoverrpt_sql,2026-07-27 09:12:30.097000,xrdcwddbsuip06,MTX_ACOE_Cutover_Reporting,UI_Excel_Select_Xwalk_Source_Accommodations,facility,*ALL*,QXA4067,2026-09-21 01:07:43.216000
2088,COCPL,E.EDWS,ED HOLD 2 WS,EW,Y,NO MATCH,0,COCPL,PR,PRIVATE ROOM,P,Y,Y,N,None,DJU8757,2026-08-11 13:09:03.040000,corpsvcmtxcutoverrpt_sql,2026-07-27 09:12:30.097000,xrdcwddbsuip06,MTX_ACOE_Cutover_Reporting,UI_Excel_Select_Xwalk_Source_Accommodations,facility,*ALL*,QXA4067,2026-09-21 01:07:43.216000
2089,COCPL,E.EMU,EMU INPATIENT BEDS,EM,Y,NO MATCH,0,COCPL,PR,PRIVATE ROOM,P,Y,Y,N,None,DJU8757,2026-08-11 13:09:03.207000,corpsvcmtxcutoverrpt_sql,2026-07-27 09:12:30.097000,xrdcwddbsuip06,MTX_ACOE_Cutover_Reporting,UI_Excel_Select_Xwalk_Source_Accommodations,facility,*ALL*,QXA4067,2026-09-21 01:07:43.216000
2090,COCPL,E.ENDO,ENDO FROM ED,GI,Y,NO MATCH,0,COCPL,PR,PRIVATE ROOM,P,Y,Y,N,None,DJU8757,2026-08-11 13:09:03.340000,corpsvcmtxcutoverrpt_sql,2026-07-27 09:12:30.097000,xrdcwddbsuip06,MTX_ACOE_Cutover_Reporting,UI_Excel_Select_Xwalk_Source_Accommodations,facility,*ALL*,QXA4067,2026-09-21 01:07:43.216000
2091,COCPL,E.IC,INTENSIVE CARE,IC,Y,NO MATCH,30,COCPL,IC,INTENSIVE CARE,IC,Y,Y,N,None,DJU8757,2026-08-11 13:09:03.477000,corpsvcmtxcutoverrpt_sql,2026-07-27 09:12:30.097000,xrdcwddbsuip06,MTX_ACOE_Cutover_Reporting,UI_Excel_Select_Xwalk_Source_Accommodations,facility,*ALL*,QXA4067,2026-09-21 01:07:43.216000
2092,COCPL,E.ICUECMO,ICU W/ECMO PRIVATE,IE,Y,NO MATCH,2,COCPL,EC,ECMO,EC,Y,Y,N,None,DJU8757,2026-08-11 13:09:03.620000,corpsvcmtxcutoverrpt_sql,2026-07-27 09:12:30.097000,xrdcwddbsuip06,MTX_ACOE_Cutover_Reporting,UI_Excel_Select_Xwalk_Source_Accommodations,facility,*ALL*,QXA4067,2026-09-21 01:07:43.216000
2093,COCPL,E.L1,NEWBORN LEVEL I,N1,Y,NO MATCH,0,COCPL,L1,NEWBORN LEVEL I CARE,L1,Y,Y,N,None,DJU8757,2026-08-11 13:09:03.767000,corpsvcmtxcutoverrpt_sql,2026-07-27 09:12:30.097000,xrdcwddbsuip06,MTX_ACOE_Cutover_Reporting,UI_Excel_Select_Xwalk_Source_Accommodations,facility,*ALL*,QXA4067,2026-09-21 01:07:43.217000
2094,COCPL,E.L2,Neonatal Intermediate (L2),N2,N,NO MATCH,0,COCPL,,,,,N,Y,None,DJU8757,2026-07-29 07:58:40.680000,corpsvcmtxcutoverrpt_sql,2026-07-27 09:12:30.097000,xrdcwddbsuip06,MTX_ACOE_Cutover_Reporting,UI_Excel_Select_Xwalk_Source_Accommodations,facility,*ALL*,QXA4067,2026-09-21 01:07:43.217000
2095,COCPL,E.L3,Neonatal Acute (L3),N3,N,NO MATCH,0,COCPL,,,,,N,Y,None,DJU8757,2026-07-29 07:58:40.757000,corpsvcmtxcutoverrpt_sql,2026-07-27 09:12:30.097000,xrdcwddbsuip06,MTX_ACOE_Cutover_Reporting,UI_Excel_Select_Xwalk_Source_Accommodations,facility,*ALL*,QXA4067,2026-09-21 01:07:43.217000
2096,COCPL,E.L4,Neonatal ICU (L4),N4,N,NO MATCH,0,COCPL,,,,,N,Y,None,DJU8757,2026-07-29 07:58:40.837000,corpsvcmtxcutoverrpt_sql,2026-07-27 09:12:30.097000,xrdcwddbsuip06,MTX_ACOE_Cutover_Reporting,UI_Excel_Select_Xwalk_Source_Accommodations,facility,*ALL*,QXA4067,2026-09-21 01:07:43.217000
2097,COCPL,E.LA,LEAVE OF ABSENCE,LA,Y,NO MATCH,0,COCPL,PR,PRIVATE ROOM,P,Y,Y,N,None,DJU8757,2026-08-11 13:09:03.917000,corpsvcmtxcutoverrpt_sql,2026-07-27 09:12:30.097000,xrdcwddbsuip06,MTX_ACOE_Cutover_Reporting,UI_Excel_Select_Xwalk_Source_Accommodations,facility,*ALL*,QXA4067,2026-09-21 01:07:43.217000
2098,COCPL,E.MB,MONITORED BED,MB,Y,NO MATCH,299,COCPL,TEL,TELEMETRY,TE,Y,Y,N,None,DJU8757,2026-08-11 13:09:04.060000,corpsvcmtxcutoverrpt_sql,2026-07-27 09:12:30.097000,xrdcwddbsuip06,MTX_ACOE_Cutover_Reporting,UI_Excel_Select_Xwalk_Source_Accommodations,facility,*ALL*,QXA4067,2026-09-21 01:07:43.217000
2099,COCPL,E.MSOP,MED/SURGE OVERFLOW PVT,MP,Y,NO MATCH,0,COCPL,PR,PRIVATE ROOM,P,Y,Y,N,None,DJU8757,2026-08-11 13:09:04.210000,corpsvcmtxcutoverrpt_sql,2026-07-27 09:12:30.097000,xrdcwddbsuip06,MTX_ACOE_Cutover_Reporting,UI_Excel_Select_Xwalk_Source_Accommodations,facility,*ALL*,QXA4067,2026-09-21 01:07:43.217000
2100,COCPL,E.MSOPT,MED/SURG OVERFLOW PVT TELE,MT,Y,NO MATCH,0,COCPL,PR,PRIVATE ROOM,P,Y,Y,N,None,DJU8757,2026-08-11 13:09:04.350000,corpsvcmtxcutoverrpt_sql,2026-07-27 09:12:30.097000,xrdcwddbsuip06,MTX_ACOE_Cutover_Reporting,UI_Excel_Select_Xwalk_Source_Accommodations,facility,*ALL*,QXA4067,2026-09-21 01:07:43.217000
2101,COCPL,E.NC,NON-CHARGE,NC,Y,NO MATCH,0,COCPL,PR,PRIVATE ROOM,P,Y,Y,N,None,DJU8757,2026-08-11 13:09:04.493000,corpsvcmtxcutoverrpt_sql,2026-07-27 09:12:30.097000,xrdcwddbsuip06,MTX_ACOE_Cutover_Reporting,UI_Excel_Select_Xwalk_Source_Accommodations,facility,*ALL*,QXA4067,2026-09-21 01:07:43.217000
2102,COCPL,E.NS,Nursery CLASS B Intervention,NS,N,NO MATCH,0,COCPL,,,,,N,Y,None,DJU8757,2026-07-29 07:58:41.330000,corpsvcmtxcutoverrpt_sql,2026-07-27 09:12:30.097000,xrdcwddbsuip06,MTX_ACOE_Cutover_Reporting,UI_Excel_Select_Xwalk_Source_Accommodations,facility,*ALL*,QXA4067,2026-09-21 01:07:43.217000
2103,COCPL,E.NSICU,NEURO SCIENCE ICU,NI,Y,NO MATCH,21,COCPL,NI,NEURO ICU,NI,Y,Y,N,None,DJU8757,2026-08-11 13:09:04.643000,corpsvcmtxcutoverrpt_sql,2026-07-27 09:12:30.097000,xrdcwddbsuip06,MTX_ACOE_Cutover_Reporting,UI_Excel_Select_Xwalk_Source_Accommodations,facility,*ALL*,QXA4067,2026-09-21 01:07:43.217000
2104,COCPL,E.NSP,NEURO PRIVATE OVERFLOW,NP,Y,NO MATCH,0,COCPL,PR,PRIVATE ROOM,P,Y,Y,N,None,DJU8757,2026-08-11 13:09:04.777000,corpsvcmtxcutoverrpt_sql,2026-07-27 09:12:30.097000,xrdcwddbsuip06,MTX_ACOE_Cutover_Reporting,UI_Excel_Select_Xwalk_Source_Accommodations,facility,*ALL*,QXA4067,2026-09-21 01:07:43.217000
2105,COCPL,E.NSPCU,NEURO SCIENCE PCU,NT,Y,NO MATCH,65,COCPL,PC,PROGRESSIVE CARE,PC,Y,Y,N,None,DJU8757,2026-08-11 13:09:04.923000,corpsvcmtxcutoverrpt_sql,2026-07-27 09:12:30.097000,xrdcwddbsuip06,MTX_ACOE_Cutover_Reporting,UI_Excel_Select_Xwalk_Source_Accommodations,facility,*ALL*,QXA4067,2026-09-21 01:07:43.217000
2106,COCPL,E.NU,Nursery CLASS A Normal,NU,Y,NO MATCH,1,COCPL,L1,NEWBORN LEVEL I CARE,L1,Y,Y,N,None,DJU8757,2026-08-11 13:09:05.107000,corpsvcmtxcutoverrpt_sql,2026-07-27 09:12:30.097000,xrdcwddbsuip06,MTX_ACOE_Cutover_Reporting,UI_Excel_Select_Xwalk_Source_Accommodations,facility,*ALL*,QXA4067,2026-09-21 01:07:43.217000
2107,COCPL,E.NX,Nursery CLASS A Normal Isol,NX,N,NO MATCH,0,COCPL,,,,,N,Y,None,DJU8757,2026-07-29 07:58:41.730000,corpsvcmtxcutoverrpt_sql,2026-07-27 09:12:30.097000,xrdcwddbsuip06,MTX_ACOE_Cutover_Reporting,UI_Excel_Select_Xwalk_Source_Accommodations,facility,*ALL*,QXA4067,2026-09-21 01:07:43.217000
2108,COCPL,E.OB,OB,OB,Y,NO MATCH,113,COCPL,LD,LABOR AND DELIVERY,LD,Y,Y,N,None,DJU8757,2026-08-11 13:09:05.240000,corpsvcmtxcutoverrpt_sql,2026-07-27 09:12:30.097000,xrdcwddbsuip06,MTX_ACOE_Cutover_Reporting,UI_Excel_Select_Xwalk_Source_Accommodations,facility,*ALL*,QXA4067,2026-09-21 01:07:43.217000
2109,COCPL,E.P,Private,P,Y,NO MATCH,866,COCPL,PR,PRIVATE ROOM,P,Y,Y,N,None,DJU8757,2026-08-11 13:09:05.357000,corpsvcmtxcutoverrpt_sql,2026-07-27 09:12:30.097000,xrdcwddbsuip06,MTX_ACOE_Cutover_Reporting,UI_Excel_Select_Xwalk_Source_Accommodations,facility,*ALL*,QXA4067,2026-09-21 01:07:43.217000
2110,COCPL,E.P3,Pediatric 3-6 Bed Unit,P3,Y,NO MATCH,0,COCPL,PR,PRIVATE ROOM,P,Y,Y,N,None,DJU8757,2026-08-11 13:09:05.490000,corpsvcmtxcutoverrpt_sql,2026-07-27 09:12:30.097000,xrdcwddbsuip06,MTX_ACOE_Cutover_Reporting,UI_Excel_Select_Xwalk_Source_Accommodations,facility,*ALL*,QXA4067,2026-09-21 01:07:43.217000
2111,COCPL,E.PB,PEDIATRIC BURN,PB,Y,NO MATCH,0,COCPL,BIC,BURN INTENSIVE CARE,BC,Y,Y,N,None,DJU8757,2026-08-11 13:09:05.670000,corpsvcmtxcutoverrpt_sql,2026-07-27 09:12:30.097000,xrdcwddbsuip06,MTX_ACOE_Cutover_Reporting,UI_Excel_Select_Xwalk_Source_Accommodations,facility,*ALL*,QXA4067,2026-09-21 01:07:43.217000
2112,COCPL,E.PC,Progressive Care,PC,Y,NO MATCH,94,COCPL,PC,PROGRESSIVE CARE,PC,Y,Y,N,None,DJU8757,2026-08-11 13:09:05.817000,corpsvcmtxcutoverrpt_sql,2026-07-27 09:12:30.097000,xrdcwddbsuip06,MTX_ACOE_Cutover_Reporting,UI_Excel_Select_Xwalk_Source_Accommodations,facility,*ALL*,QXA4067,2026-09-21 01:07:43.217000
2113,COCPL,E.PO,PRIVATE PATIENT ROOM OVERFLOW,PO,Y,NO MATCH,10,COCPL,PR,PRIVATE ROOM,P,Y,Y,N,None,DJU8757,2026-08-11 13:09:05.950000,corpsvcmtxcutoverrpt_sql,2026-07-27 09:12:30.097000,xrdcwddbsuip06,MTX_ACOE_Cutover_Reporting,UI_Excel_Select_Xwalk_Source_Accommodations,facility,*ALL*,QXA4067,2026-09-21 01:07:43.217000
2114,COCPL,E.PS,PEDS SEMI PRIVATE,PS,Y,NO MATCH,0,COCPL,SP,SEMI PRIVATE ROOM,SP,Y,Y,N,None,DJU8757,2026-08-11 13:09:06.097000,corpsvcmtxcutoverrpt_sql,2026-07-27 09:12:30.097000,xrdcwddbsuip06,MTX_ACOE_Cutover_Reporting,UI_Excel_Select_Xwalk_Source_Accommodations,facility,*ALL*,QXA4067,2026-09-21 01:07:43.217000
2115,COCPL,E.S,Suite,S,Y,NO MATCH,0,COCPL,PR,PRIVATE ROOM,P,Y,Y,N,None,DJU8757,2026-08-11 13:09:06.220000,corpsvcmtxcutoverrpt_sql,2026-07-27 09:12:30.097000,xrdcwddbsuip06,MTX_ACOE_Cutover_Reporting,UI_Excel_Select_Xwalk_Source_Accommodations,facility,*ALL*,QXA4067,2026-09-21 01:07:43.217000
2116,COCPL,E.SP,Semi Private,SP,Y,NO MATCH,37,COCPL,SP,SEMI PRIVATE ROOM,SP,Y,Y,N,None,DJU8757,2026-08-11 13:09:06.360000,corpsvcmtxcutoverrpt_sql,2026-07-27 09:12:30.097000,xrdcwddbsuip06,MTX_ACOE_Cutover_Reporting,UI_Excel_Select_Xwalk_Source_Accommodations,facility,*ALL*,QXA4067,2026-09-21 01:07:43.217000
2117,COCPL,E.SPEC,SPECIALS FROM ED,RD,Y,NO MATCH,0,COCPL,PR,PRIVATE ROOM,P,Y,Y,N,None,DJU8757,2026-08-11 13:09:06.490000,corpsvcmtxcutoverrpt_sql,2026-07-27 09:12:30.097000,xrdcwddbsuip06,MTX_ACOE_Cutover_Reporting,UI_Excel_Select_Xwalk_Source_Accommodations,facility,*ALL*,QXA4067,2026-09-21 01:07:43.217000
2118,COCPL,E.SPMB,SEMI PRIVATE MONITOR BED,SB,Y,NO MATCH,0,COCPL,SP,SEMI PRIVATE ROOM,SP,Y,Y,N,None,DJU8757,2026-08-11 13:09:06.637000,corpsvcmtxcutoverrpt_sql,2026-07-27 09:12:30.097000,xrdcwddbsuip06,MTX_ACOE_Cutover_Reporting,UI_Excel_Select_Xwalk_Source_Accommodations,facility,*ALL*,QXA4067,2026-09-21 01:07:43.217000
2119,COCPL,E.SPO,SEMI PRIVATE PT ROOM OVERFLOW,SO,Y,NO MATCH,0,COCPL,SP,SEMI PRIVATE ROOM,SP,Y,Y,N,None,DJU8757,2026-08-11 13:09:06.780000,corpsvcmtxcutoverrpt_sql,2026-07-27 09:12:30.097000,xrdcwddbsuip06,MTX_ACOE_Cutover_Reporting,UI_Excel_Select_Xwalk_Source_Accommodations,facility,*ALL*,QXA4067,2026-09-21 01:07:43.217000
2120,COCPL,E.SUR,SURGERY FROM ED,OR,Y,NO MATCH,0,COCPL,PR,PRIVATE ROOM,P,Y,Y,N,None,DJU8757,2026-08-11 13:09:06.903000,corpsvcmtxcutoverrpt_sql,2026-07-27 09:12:30.097000,xrdcwddbsuip06,MTX_ACOE_Cutover_Reporting,UI_Excel_Select_Xwalk_Source_Accommodations,facility,*ALL*,QXA4067,2026-09-21 01:07:43.218000
2121,COCPL,E.T,Telemetry,T,Y,NO MATCH,10,COCPL,TEL,TELEMETRY,TE,Y,Y,N,None,DJU8757,2026-08-11 13:09:07.030000,corpsvcmtxcutoverrpt_sql,2026-07-27 09:12:30.097000,xrdcwddbsuip06,MTX_ACOE_Cutover_Reporting,UI_Excel_Select_Xwalk_Source_Accommodations,facility,*ALL*,QXA4067,2026-09-21 01:07:43.218000
2122,COCPL,E.TRAUMA,INTENSIVE CARE TRAUMA,TR,Y,NO MATCH,45,COCPL,TRIC,TRAUMA INTENSIVE CARE,TR,Y,Y,N,None,DJU8757,2026-08-11 13:09:07.157000,corpsvcmtxcutoverrpt_sql,2026-07-27 09:12:30.097000,xrdcwddbsuip06,MTX_ACOE_Cutover_Reporting,UI_Excel_Select_Xwalk_Source_Accommodations,facility,*ALL*,QXA4067,2026-09-21 01:07:43.218000
2123,COCPL,L1,NEWBORN LEVEL 1,L1,Y,NO MATCH,55,COCPL,L1,NEWBORN LEVEL I CARE,L1,Y,Y,N,None,DJU8757,2026-08-11 13:09:07.293000,corpsvcmtxcutoverrpt_sql,2026-07-27 09:12:30.097000,xrdcwddbsuip06,MTX_ACOE_Cutover_Reporting,UI_Excel_Select_Xwalk_Source_Accommodations,facility,*ALL*,QXA4067,2026-09-21 01:07:43.218000
2124,COCPL,L2,NEWBORN LEVEL 2,L2,Y,NO MATCH,48,COCPL,L2,NEWBORN LEVEL II CARE,L2,Y,Y,N,None,DJU8757,2026-08-11 13:09:07.417000,corpsvcmtxcutoverrpt_sql,2026-07-27 09:12:30.097000,xrdcwddbsuip06,MTX_ACOE_Cutover_Reporting,UI_Excel_Select_Xwalk_Source_Accommodations,facility,*ALL*,QXA4067,2026-09-21 01:07:43.218000
2125,COCPL,L3,NEWBORN LEVEL 3,L3,Y,NO MATCH,34,COCPL,L3,NEWBORN LEVEL III CARE,L3,Y,Y,N,None,DJU8757,2026-08-11 13:09:07.537000,corpsvcmtxcutoverrpt_sql,2026-07-27 09:12:30.097000,xrdcwddbsuip06,MTX_ACOE_Cutover_Reporting,UI_Excel_Select_Xwalk_Source_Accommodations,facility,*ALL*,QXA4067,2026-09-21 01:07:43.218000
2126,COCPL,L4,NEWBORN LEVEL 4,L4,Y,NO MATCH,6,COCPL,L4,NEWBORN LEVEL IV CARE,L4,Y,Y,N,None,DJU8757,2026-08-11 13:09:07.670000,corpsvcmtxcutoverrpt_sql,2026-07-27 09:12:30.097000,xrdcwddbsuip06,MTX_ACOE_Cutover_Reporting,UI_Excel_Select_Xwalk_Source_Accommodations,facility,*ALL*,QXA4067,2026-09-21 01:07:43.218000
2127,COCPMA,I,INTENSIVE CARE,IC,Y,"TEST (2026-08-13),ZCON (2026-08-13),LIVE (2026-08-11)",0,COCPMA,IC,INTENSIVE CARE,IC,Y,Y,N,None,KSI8889,2025-11-21 07:09:48.303000,corpsvcmtxcutoverrpt_sql,2025-09-09 14:47:33.733000,xrdcwddbsuip06,MTX_ACOE_Cutover_Reporting,UI_Excel_Select_Xwalk_Source_Accommodations,facility,*ALL*,QXA4067,2026-09-21 01:07:43.218000
2128,COCPMA,IS,ISOLATION,IS,Y,"TEST (2026-08-13),ZCON (2026-08-13),LIVE (2026-08-11)",0,COCPMA,IS,ISOLATION,IS,Y,Y,N,None,KSI8889,2025-11-21 07:09:48.567000,corpsvcmtxcutoverrpt_sql,2025-09-09 14:47:33.733000,xrdcwddbsuip06,MTX_ACOE_Cutover_Reporting,UI_Excel_Select_Xwalk_Source_Accommodations,facility,*ALL*,QXA4067,2026-09-21 01:07:43.218000
2129,COCPMA,M,CORONARY CARE,CC,Y,"TEST (2026-08-13),ZCON (2026-08-13),LIVE (2026-08-11)",0,COCPMA,CC,CORONARY CARE,CC,Y,Y,N,None,KSI8889,2025-11-21 07:09:48.280000,corpsvcmtxcutoverrpt_sql,2025-09-09 14:47:33.733000,xrdcwddbsuip06,MTX_ACOE_Cutover_Reporting,UI_Excel_Select_Xwalk_Source_Accommodations,facility,*ALL*,QXA4067,2026-09-21 01:07:43.218000
2130,COCPMA,MS,Med Surg,MS,Y,"TEST (2026-08-13),ZCON (2026-08-13),LIVE (2026-08-11)",0,COCPMA,MS,MED SURG,MS,Y,Y,N,None,KSI8889,2025-11-21 07:09:48.593000,corpsvcmtxcutoverrpt_sql,2025-09-09 14:47:33.733000,xrdcwddbsuip06,MTX_ACOE_Cutover_Reporting,UI_Excel_Select_Xwalk_Source_Accommodations,facility,*ALL*,QXA4067,2026-09-21 01:07:43.218000
2131,COCPMA,P,PRIVATE ROOM,P,Y,"TEST (2026-08-13),ZCON (2026-08-13),LIVE (2026-08-11)",0,COCPMA,PR,PRIVATE ROOM,PR,Y,Y,N,None,KSI8889,2025-11-21 07:09:48.627000,corpsvcmtxcutoverrpt_sql,2025-09-09 14:47:33.733000,xrdcwddbsuip06,MTX_ACOE_Cutover_Reporting,UI_Excel_Select_Xwalk_Source_Accommodations,facility,*ALL*,QXA4067,2026-09-21 01:07:43.218000
2132,COCPMA,PC,PROGRESSIVE CARE UNIT,PC,Y,"TEST (2026-08-13),ZCON (2026-08-13),LIVE (2026-08-11)",0,COCPMA,PC,PROGRESSIVE CARE,PC,Y,Y,N,None,KSI8889,2025-11-21 07:09:48.650000,corpsvcmtxcutoverrpt_sql,2025-09-09 14:47:33.733000,xrdcwddbsuip06,MTX_ACOE_Cutover_Reporting,UI_Excel_Select_Xwalk_Source_Accommodations,facility,*ALL*,QXA4067,2026-09-21 01:07:43.218000
2133,COCPMA,T,TELEMETRY,T,Y,"TEST (2026-08-13),ZCON (2026-08-13),LIVE (2026-08-11)",0,COCPMA,TEL,TELEMETRY,TE,Y,Y,N,None,KSI8889,2025-11-21 07:09:48.677000,corpsvcmtxcutoverrpt_sql,2025-09-09 14:47:33.733000,xrdcwddbsuip06,MTX_ACOE_Cutover_Reporting,UI_Excel_Select_Xwalk_Source_Accommodations,facility,*ALL*,QXA4067,2026-09-21 01:07:43.218000
2134,COCPMC,AP,ANTEPARTUM ROOM,AP,Y,"TEST (2026-08-12),ZCON (2026-08-12),LIVE (2026-08-11)",0,COCPMC,PR,PRIVATE ROOM,PR,Y,Y,N,None,IIU7623,2026-07-30 08:03:17.247000,corpsvcmtxcutoverrpt_sql,2025-09-09 14:47:33.733000,xrdcwddbsuip06,MTX_ACOE_Cutover_Reporting,UI_Excel_Select_Xwalk_Source_Accommodations,facility,*ALL*,QXA4067,2026-09-21 01:07:43.218000
2135,COCPMC,I,INTENSIVE CARE,IC,Y,"TEST (2026-08-12),ZCON (2026-08-12),LIVE (2026-08-11)",0,COCPMC,IC,INTENSIVE CARE,IC,Y,Y,N,None,IIU7623,2026-07-30 08:03:17.307000,corpsvcmtxcutoverrpt_sql,2025-09-09 14:47:33.733000,xrdcwddbsuip06,MTX_ACOE_Cutover_Reporting,UI_Excel_Select_Xwalk_Source_Accommodations,facility,*ALL*,QXA4067,2026-09-21 01:07:43.218000
2136,COCPMC,MED,MEDICAL UNIT,ME,Y,"TEST (2026-08-12),ZCON (2026-08-12),LIVE (2026-08-11)",0,COCPMC,PR,PRIVATE ROOM,PR,Y,N,N,None,QXA4067,2026-08-05 17:48:08.783000,corpsvcmtxcutoverrpt_sql,2026-09-20 14:11:41.060000,xrdcwddbsuip06,MTX_ACOE_Cutover_Reporting,UI_Excel_Select_Xwalk_Source_Accommodations,facility,*ALL*,QXA4067,2026-09-21 01:07:43.218000
2137,COCPMC,N,INTERMEDIATE,IM,Y,"TEST (2026-08-12),ZCON (2026-08-12),LIVE (2026-08-11)",0,COCPMC,PC,PROGRESSIVE CARE,IM,Y,Y,N,None,IIU7623,2026-07-30 08:03:17.423000,corpsvcmtxcutoverrpt_sql,2025-09-09 14:47:33.733000,xrdcwddbsuip06,MTX_ACOE_Cutover_Reporting,UI_Excel_Select_Xwalk_Source_Accommodations,facility,*ALL*,QXA4067,2026-09-21 01:07:43.218000
2138,COCPMC,N1,NURSERY LEVEL 1,N1,Y,"TEST (2026-08-12),ZCON (2026-08-12),LIVE (2026-08-11)",0,COCPMC,PR,PRIVATE ROOM,PR,Y,Y,N,None,IIU7623,2026-07-30 08:03:17.470000,corpsvcmtxcutoverrpt_sql,2025-09-09 14:47:33.733000,xrdcwddbsuip06,MTX_ACOE_Cutover_Reporting,UI_Excel_Select_Xwalk_Source_Accommodations,facility,*ALL*,QXA4067,2026-09-21 01:07:43.218000
2139,COCPMC,N2,NURSERY LEVEL II,N2,Y,"TEST (2026-08-12),ZCON (2026-08-12),LIVE (2026-08-11)",0,COCPMC,PR,PRIVATE ROOM,PR,Y,Y,N,None,IIU7623,2026-07-30 08:03:17.523000,corpsvcmtxcutoverrpt_sql,2025-09-09 14:47:33.733000,xrdcwddbsuip06,MTX_ACOE_Cutover_Reporting,UI_Excel_Select_Xwalk_Source_Accommodations,facility,*ALL*,QXA4067,2026-09-21 01:07:43.218000
2140,COCPMC,NB,NEWBORN,NB,Y,"TEST (2026-08-12),ZCON (2026-08-12),LIVE (2026-08-11)",0,COCPMC,PR,PRIVATE ROOM,PR,Y,Y,N,None,IIU7623,2026-07-30 08:03:17.573000,corpsvcmtxcutoverrpt_sql,2025-09-09 14:47:33.733000,xrdcwddbsuip06,MTX_ACOE_Cutover_Reporting,UI_Excel_Select_Xwalk_Source_Accommodations,facility,*ALL*,QXA4067,2026-09-21 01:07:43.218000
2141,COCPMC,P,PRIVATE ROOM,P,Y,"TEST (2026-08-12),ZCON (2026-08-12),LIVE (2026-08-11)",0,COCPMC,PR,PRIVATE ROOM,PR,Y,Y,N,None,IIU7623,2026-07-30 08:03:17.623000,corpsvcmtxcutoverrpt_sql,2025-09-09 14:47:33.733000,xrdcwddbsuip06,MTX_ACOE_Cutover_Reporting,UI_Excel_Select_Xwalk_Source_Accommodations,facility,*ALL*,QXA4067,2026-09-21 01:07:43.218000
2142,COCPMC,S,SEMI-PRIVATE ROOM,SP,Y,"TEST (2026-08-12),ZCON (2026-08-12),LIVE (2026-08-11)",0,COCPMC,SP,SEMI PRIVATE ROOM,SP,Y,Y,N,None,IIU7623,2026-07-30 08:03:17.703000,corpsvcmtxcutoverrpt_sql,2025-09-09 14:47:33.733000,xrdcwddbsuip06,MTX_ACOE_Cutover_Reporting,UI_Excel_Select_Xwalk_Source_Accommodations,facility,*ALL*,QXA4067,2026-09-21 01:07:43.218000
2143,COCPMC,TE,TELEMETRY,TE,Y,"TEST (2026-08-12),ZCON (2026-08-12),LIVE (2026-08-11)",0,COCPMC,TEL,TELEMETRY,TE,Y,Y,N,None,IIU7623,2026-07-30 08:03:17.753000,corpsvcmtxcutoverrpt_sql,2025-09-09 14:47:33.733000,xrdcwddbsuip06,MTX_ACOE_Cutover_Reporting,UI_Excel_Select_Xwalk_Source_Accommodations,facility,*ALL*,QXA4067,2026-09-21 01:07:43.218000
2144,COCPMC,TS,TELEMETRY SEMI-PRIVATE,TS,Y,"TEST (2026-08-12),ZCON (2026-08-12),LIVE (2026-08-11)",0,COCPMC,PR,PRIVATE ROOM,PR,Y,Y,N,None,IIU7623,2026-07-30 08:03:17.803000,corpsvcmtxcutoverrpt_sql,2025-09-09 14:47:33.733000,xrdcwddbsuip06,MTX_ACOE_Cutover_Reporting,UI_Excel_Select_Xwalk_Source_Accommodations,facility,*ALL*,QXA4067,2026-09-21 01:07:43.218000
2145,COCPPA,I,INTENSIVE CARE,I,Y,"TEST (2025-12-11),ZCON (2025-12-11),LIVE (2025-12-05)",0,COCPPA,IC,INTENSIVE CARE,I,Y,Y,N,None,IIU7623,2025-08-04 15:55:15.943000,HCA\IIU4396,2024-10-15 11:46:47.723000,xrdcwddbsuip06,MTX_ACOE_Cutover_Reporting,UI_Excel_Select_Xwalk_Source_Accommodations,facility,*ALL*,QXA4067,2026-09-21 01:07:43.218000
2146,COCPPA,IC,INTENSIVE CARE,IC,Y,"TEST (2025-12-11),ZCON (2025-12-11),LIVE (2025-12-05)",0,COCPPA,IC,INTENSIVE CARE,I,N,N,Y,None,IIU7623,2025-08-04 15:55:15.977000,HCA\IIU4396,2024-10-15 11:46:47.723000,xrdcwddbsuip06,MTX_ACOE_Cutover_Reporting,UI_Excel_Select_Xwalk_Source_Accommodations,facility,*ALL*,QXA4067,2026-09-21 01:07:43.218000
2147,COCPPA,ICUECMO,ICU W/ECMO,IE,Y,"TEST (2025-12-11),ZCON (2025-12-11),LIVE (2025-12-05)",0,COCPPA,EC,ECMO,EC,Y,Y,N,None,IIU7623,2025-09-18 10:19:09,HCA\IIU4396,2024-10-15 11:46:47.723000,xrdcwddbsuip06,MTX_ACOE_Cutover_Reporting,UI_Excel_Select_Xwalk_Source_Accommodations,facility,*ALL*,QXA4067,2026-09-21 01:07:43.218000
2148,COCPPA,IM,INTERMEDIATE CARE,IM,Y,"TEST (2025-12-11),ZCON (2025-12-11),LIVE (2025-12-05)",0,COCPPA,PC,PROGRESSIVE CARE,IM,Y,Y,N,None,IIU7623,2025-08-04 15:55:16.040000,HCA\IIU4396,2024-10-15 11:46:47.723000,xrdcwddbsuip06,MTX_ACOE_Cutover_Reporting,UI_Excel_Select_Xwalk_Source_Accommodations,facility,*ALL*,QXA4067,2026-09-21 01:07:43.218000
2149,COCPPA,IS,ISOLATION,IS,Y,"TEST (2025-12-11),ZCON (2025-12-11),LIVE (2025-12-05)",0,COCPPA,IS,ISOLATION,IS,Y,Y,N,None,IIU7623,2025-08-04 15:55:16.070000,HCA\IIU4396,2024-10-15 11:46:47.723000,xrdcwddbsuip06,MTX_ACOE_Cutover_Reporting,UI_Excel_Select_Xwalk_Source_Accommodations,facility,*ALL*,QXA4067,2026-09-21 01:07:43.219000
2150,COCPPA,N,INTERMEDIATE,N,Y,"TEST (2025-12-11),ZCON (2025-12-11),LIVE (2025-12-05)",0,COCPPA,PC,PROGRESSIVE CARE,IM,Y,Y,N,None,IIU7623,2025-08-04 15:55:16.100000,HCA\IIU4396,2024-10-15 11:46:47.723000,xrdcwddbsuip06,MTX_ACOE_Cutover_Reporting,UI_Excel_Select_Xwalk_Source_Accommodations,facility,*ALL*,QXA4067,2026-09-21 01:07:43.219000
2151,COCPPA,P,PRIVATE ROOM,P,Y,"TEST (2025-12-11),ZCON (2025-12-11),LIVE (2025-12-05)",0,COCPPA,PR,PRIVATE ROOM,P,Y,Y,N,None,IIU7623,2025-08-04 15:55:16.133000,HCA\IIU4396,2024-10-15 11:46:47.723000,xrdcwddbsuip06,MTX_ACOE_Cutover_Reporting,UI_Excel_Select_Xwalk_Source_Accommodations,facility,*ALL*,QXA4067,2026-09-21 01:07:43.219000
2152,COCPPA,S,SEMI-PRIVATE ROOM,SP,Y,"TEST (2025-12-11),ZCON (2025-12-11),LIVE (2025-12-05)",0,COCPPA,SP,SEMI PRIVATE ROOM,SP,Y,Y,N,None,IIU7623,2025-08-04 15:55:16.163000,HCA\IIU4396,2024-10-15 11:46:47.723000,xrdcwddbsuip06,MTX_ACOE_Cutover_Reporting,UI_Excel_Select_Xwalk_Source_Accommodations,facility,*ALL*,QXA4067,2026-09-21 01:07:43.219000
2153,COCPPA,TE,TELEMETRY,TE,Y,"TEST (2025-12-11),ZCON (2025-12-11),LIVE (2025-12-05)",0,COCPPA,TEL,TELEMETRY,TE,Y,Y,N,None,IIU7623,2025-08-04 15:55:16.197000,HCA\IIU4396,2024-10-15 11:46:47.723000,xrdcwddbsuip06,MTX_ACOE_Cutover_Reporting,UI_Excel_Select_Xwalk_Source_Accommodations,facility,*ALL*,QXA4067,2026-09-21 01:07:43.219000
2154,COCPZ,CM.ERCICU,ER COVID ICU,EU,Y,NO MATCH,0,COCPZ,IC,INTENSIVE CARE,IC,,Y,N,None,DJU8757,2026-06-05 17:11:24.500000,corpsvcmtxcutoverrpt_sql,2026-04-13 16:43:36.060000,xrdcwddbsuip06,MTX_ACOE_Cutover_Reporting,UI_Excel_Select_Xwalk_Source_Accommodations,facility,*ALL*,QXA4067,2026-09-21 01:07:43.219000
2155,COCPZ,CM.ERCMS,ER COVID MS,EO,N,NO MATCH,0,COCPZ,,,,,N,Y,None,DJU8757,2026-04-20 13:29:48.597000,corpsvcmtxcutoverrpt_sql,2026-04-13 16:43:36.060000,xrdcwddbsuip06,MTX_ACOE_Cutover_Reporting,UI_Excel_Select_Xwalk_Source_Accommodations,facility,*ALL*,QXA4067,2026-09-21 01:07:43.219000
2156,COCPZ,CM.ERCONC,ER COVIC ONC,EN,N,NO MATCH,0,COCPZ,,,,,N,Y,None,DJU8757,2026-04-20 13:29:48.643000,corpsvcmtxcutoverrpt_sql,2026-04-13 16:43:36.060000,xrdcwddbsuip06,MTX_ACOE_Cutover_Reporting,UI_Excel_Select_Xwalk_Source_Accommodations,facility,*ALL*,QXA4067,2026-09-21 01:07:43.219000
2157,COCPZ,CM.ERCOVID,ER COVID,EC,N,NO MATCH,0,COCPZ,,,,,N,Y,None,DJU8757,2026-04-20 13:29:48.693000,corpsvcmtxcutoverrpt_sql,2026-04-13 16:43:36.060000,xrdcwddbsuip06,MTX_ACOE_Cutover_Reporting,UI_Excel_Select_Xwalk_Source_Accommodations,facility,*ALL*,QXA4067,2026-09-21 01:07:43.219000
2158,COCPZ,CM.ERCPCU,ER COVID PCU,ED,N,NO MATCH,0,COCPZ,,,,,N,Y,None,DJU8757,2026-04-20 13:29:48.740000,corpsvcmtxcutoverrpt_sql,2026-04-13 16:43:36.060000,xrdcwddbsuip06,MTX_ACOE_Cutover_Reporting,UI_Excel_Select_Xwalk_Source_Accommodations,facility,*ALL*,QXA4067,2026-09-21 01:07:43.219000
2159,COCPZ,ICUECMO,ECMO SURGICAL ICU ROOM,IE,N,NO MATCH,0,COCPZ,,,,,N,Y,None,DJU8757,2026-04-20 13:29:48.790000,corpsvcmtxcutoverrpt_sql,2026-04-13 16:43:36.060000,xrdcwddbsuip06,MTX_ACOE_Cutover_Reporting,UI_Excel_Select_Xwalk_Source_Accommodations,facility,*ALL*,QXA4067,2026-09-21 01:07:43.219000
2160,COCPZ,M.3E REHAB,3E Rehab Unit,RE,Y,NO MATCH,17,COCPZ,R,REHABILITATION,RB,,Y,N,None,DJU8757,2026-06-05 17:11:24.550000,corpsvcmtxcutoverrpt_sql,2026-04-13 16:43:36.060000,xrdcwddbsuip06,MTX_ACOE_Cutover_Reporting,UI_Excel_Select_Xwalk_Source_Accommodations,facility,*ALL*,QXA4067,2026-09-21 01:07:43.219000
2161,COCPZ,M.3W SPCU,3W Surgical PCU,SR,N,NO MATCH,0,COCPZ,,,,,N,Y,None,DJU8757,2026-04-20 13:29:48.887000,corpsvcmtxcutoverrpt_sql,2026-04-13 16:43:36.060000,xrdcwddbsuip06,MTX_ACOE_Cutover_Reporting,UI_Excel_Select_Xwalk_Source_Accommodations,facility,*ALL*,QXA4067,2026-09-21 01:07:43.219000
2162,COCPZ,M.4S PCUOF,4S PCU OVERFLOW,OU,Y,NO MATCH,18,COCPZ,PC,PROGRESSIVE CARE,PC,,Y,N,None,DJU8757,2026-06-05 17:11:24.597000,corpsvcmtxcutoverrpt_sql,2026-04-13 16:43:36.060000,xrdcwddbsuip06,MTX_ACOE_Cutover_Reporting,UI_Excel_Select_Xwalk_Source_Accommodations,facility,*ALL*,QXA4067,2026-09-21 01:07:43.219000
2163,COCPZ,M.4W CVSU,4W CV Speciality Unit,VS,Y,NO MATCH,35,COCPZ,PR,PRIVATE ROOM,PR,,Y,N,None,DJU8757,2026-06-05 17:11:24.640000,corpsvcmtxcutoverrpt_sql,2026-04-13 16:43:36.060000,xrdcwddbsuip06,MTX_ACOE_Cutover_Reporting,UI_Excel_Select_Xwalk_Source_Accommodations,facility,*ALL*,QXA4067,2026-09-21 01:07:43.219000
2164,COCPZ,M.4W CVT,4W CV TRANSITIONAL SERVICES,CT,N,NO MATCH,0,COCPZ,,,,,N,Y,None,DJU8757,2026-04-20 13:29:49.030000,corpsvcmtxcutoverrpt_sql,2026-04-13 16:43:36.060000,xrdcwddbsuip06,MTX_ACOE_Cutover_Reporting,UI_Excel_Select_Xwalk_Source_Accommodations,facility,*ALL*,QXA4067,2026-09-21 01:07:43.219000
2165,COCPZ,M.5E,*5 EAST,5E,N,NO MATCH,0,COCPZ,,,,,N,Y,None,DJU8757,2026-04-20 13:29:49.077000,corpsvcmtxcutoverrpt_sql,2026-04-13 16:43:36.060000,xrdcwddbsuip06,MTX_ACOE_Cutover_Reporting,UI_Excel_Select_Xwalk_Source_Accommodations,facility,*ALL*,QXA4067,2026-09-21 01:07:43.219000
2166,COCPZ,M.5E N/M,5E NEURO/MEDICAL PCU,NE,N,NO MATCH,0,COCPZ,,,,,N,Y,None,DJU8757,2026-04-20 13:29:49.120000,corpsvcmtxcutoverrpt_sql,2026-04-13 16:43:36.060000,xrdcwddbsuip06,MTX_ACOE_Cutover_Reporting,UI_Excel_Select_Xwalk_Source_Accommodations,facility,*ALL*,QXA4067,2026-09-21 01:07:43.219000
2167,COCPZ,M.5E NM,5E Neuro/Medical PCU,UC,Y,NO MATCH,13,COCPZ,PC,PROGRESSIVE CARE,PC,,Y,N,None,DJU8757,2026-06-05 17:11:24.690000,corpsvcmtxcutoverrpt_sql,2026-04-13 16:43:36.060000,xrdcwddbsuip06,MTX_ACOE_Cutover_Reporting,UI_Excel_Select_Xwalk_Source_Accommodations,facility,*ALL*,QXA4067,2026-09-21 01:07:43.219000
2168,COCPZ,M.5W,*5 WEST,5W,N,NO MATCH,0,COCPZ,,,,,N,Y,None,DJU8757,2026-04-20 13:29:49.210000,corpsvcmtxcutoverrpt_sql,2026-04-13 16:43:36.060000,xrdcwddbsuip06,MTX_ACOE_Cutover_Reporting,UI_Excel_Select_Xwalk_Source_Accommodations,facility,*ALL*,QXA4067,2026-09-21 01:07:43.219000
2169,COCPZ,M.5W M/S,5W MEDICAL/SURGICAL,MW,N,NO MATCH,0,COCPZ,,,,,N,Y,None,DJU8757,2026-04-20 13:29:49.253000,corpsvcmtxcutoverrpt_sql,2026-04-13 16:43:36.060000,xrdcwddbsuip06,MTX_ACOE_Cutover_Reporting,UI_Excel_Select_Xwalk_Source_Accommodations,facility,*ALL*,QXA4067,2026-09-21 01:07:43.219000
2170,COCPZ,M.5W MS,5W Medical/surgical,MG,Y,NO MATCH,15,COCPZ,PR,PRIVATE ROOM,PR,,Y,N,None,DJU8757,2026-06-05 17:11:24.737000,corpsvcmtxcutoverrpt_sql,2026-04-13 16:43:36.060000,xrdcwddbsuip06,MTX_ACOE_Cutover_Reporting,UI_Excel_Select_Xwalk_Source_Accommodations,facility,*ALL*,QXA4067,2026-09-21 01:07:43.219000
2171,COCPZ,M.6E,6 EAST,6E,Y,NO MATCH,31,COCPZ,PR,PRIVATE ROOM,PR,,Y,N,None,DJU8757,2026-06-05 17:11:24.783000,corpsvcmtxcutoverrpt_sql,2026-04-13 16:43:36.060000,xrdcwddbsuip06,MTX_ACOE_Cutover_Reporting,UI_Excel_Select_Xwalk_Source_Accommodations,facility,*ALL*,QXA4067,2026-09-21 01:07:43.219000
2172,COCPZ,M.6E SG/ON,6E SURGICAL/ONCOLOGY,OG,N,NO MATCH,0,COCPZ,,,,,N,Y,None,DJU8757,2026-04-20 13:29:49.387000,corpsvcmtxcutoverrpt_sql,2026-04-13 16:43:36.060000,xrdcwddbsuip06,MTX_ACOE_Cutover_Reporting,UI_Excel_Select_Xwalk_Source_Accommodations,facility,*ALL*,QXA4067,2026-09-21 01:07:43.219000
2173,COCPZ,M.6E SGON,6E Surgical/Oncology,SG,N,NO MATCH,0,COCPZ,,,,,N,Y,None,DJU8757,2026-04-20 13:29:49.430000,corpsvcmtxcutoverrpt_sql,2026-04-13 16:43:36.060000,xrdcwddbsuip06,MTX_ACOE_Cutover_Reporting,UI_Excel_Select_Xwalk_Source_Accommodations,facility,*ALL*,QXA4067,2026-09-21 01:07:43.219000
2174,COCPZ,M.6W,6 WEST RENAL PCU,6W,N,NO MATCH,0,COCPZ,,,,,N,Y,None,DJU8757,2026-04-20 13:29:49.477000,corpsvcmtxcutoverrpt_sql,2026-04-13 16:43:36.060000,xrdcwddbsuip06,MTX_ACOE_Cutover_Reporting,UI_Excel_Select_Xwalk_Source_Accommodations,facility,*ALL*,QXA4067,2026-09-21 01:07:43.219000
2175,COCPZ,M.6W RCU,6W Renal Care Unit,RC,N,NO MATCH,0,COCPZ,,,,,N,Y,None,DJU8757,2026-04-20 13:29:49.527000,corpsvcmtxcutoverrpt_sql,2026-04-13 16:43:36.060000,xrdcwddbsuip06,MTX_ACOE_Cutover_Reporting,UI_Excel_Select_Xwalk_Source_Accommodations,facility,*ALL*,QXA4067,2026-09-21 01:07:43.219000
2176,COCPZ,M.6W1,6W-1 Surgical/Oncology,GO,Y,NO MATCH,23,COCPZ,PR,PRIVATE ROOM,PR,,Y,N,None,DJU8757,2026-06-05 17:11:24.830000,corpsvcmtxcutoverrpt_sql,2026-04-13 16:43:36.060000,xrdcwddbsuip06,MTX_ACOE_Cutover_Reporting,UI_Excel_Select_Xwalk_Source_Accommodations,facility,*ALL*,QXA4067,2026-09-21 01:07:43.219000
2177,COCPZ,M.6W2,6W-2 Blood Cancer Unit,BC,Y,NO MATCH,5,COCPZ,PR,PRIVATE ROOM,PR,,Y,N,None,DJU8757,2026-06-05 17:11:24.873000,corpsvcmtxcutoverrpt_sql,2026-04-13 16:43:36.060000,xrdcwddbsuip06,MTX_ACOE_Cutover_Reporting,UI_Excel_Select_Xwalk_Source_Accommodations,facility,*ALL*,QXA4067,2026-09-21 01:07:43.219000
2178,COCPZ,M.7E,*7 EAST,7E,N,NO MATCH,0,COCPZ,,,,,N,Y,None,DJU8757,2026-04-20 13:29:49.667000,corpsvcmtxcutoverrpt_sql,2026-04-13 16:43:36.060000,xrdcwddbsuip06,MTX_ACOE_Cutover_Reporting,UI_Excel_Select_Xwalk_Source_Accommodations,facility,*ALL*,QXA4067,2026-09-21 01:07:43.220000
2179,COCPZ,M.7W,*7 WEST,7W,N,NO MATCH,0,COCPZ,,,,,N,Y,None,DJU8757,2026-04-20 13:29:49.713000,corpsvcmtxcutoverrpt_sql,2026-04-13 16:43:36.060000,xrdcwddbsuip06,MTX_ACOE_Cutover_Reporting,UI_Excel_Select_Xwalk_Source_Accommodations,facility,*ALL*,QXA4067,2026-09-21 01:07:43.220000
2180,COCPZ,M.7W MS,7W Medical/Surgical,7M,Y,NO MATCH,39,COCPZ,PR,PRIVATE ROOM,PR,,Y,N,None,DJU8757,2026-06-05 17:11:24.923000,corpsvcmtxcutoverrpt_sql,2026-04-13 16:43:36.060000,xrdcwddbsuip06,MTX_ACOE_Cutover_Reporting,UI_Excel_Select_Xwalk_Source_Accommodations,facility,*ALL*,QXA4067,2026-09-21 01:07:43.220000
2181,COCPZ,M.BURPBED,BURLESON PBED,BU,N,NO MATCH,0,COCPZ,,,,,N,Y,None,DJU8757,2026-04-20 13:29:49.813000,corpsvcmtxcutoverrpt_sql,2026-04-13 16:43:36.060000,xrdcwddbsuip06,MTX_ACOE_Cutover_Reporting,UI_Excel_Select_Xwalk_Source_Accommodations,facility,*ALL*,QXA4067,2026-09-21 01:07:43.220000
2182,COCPZ,M.CC,CORONARY CARE,CC,N,NO MATCH,0,COCPZ,,,,,N,Y,None,DJU8757,2026-04-20 13:29:49.860000,corpsvcmtxcutoverrpt_sql,2026-04-13 16:43:36.060000,xrdcwddbsuip06,MTX_ACOE_Cutover_Reporting,UI_Excel_Select_Xwalk_Source_Accommodations,facility,*ALL*,QXA4067,2026-09-21 01:07:43.220000
2183,COCPZ,M.CDU,CLINICAL DECISION UNIT,ER,N,NO MATCH,0,COCPZ,,,,,N,Y,None,DJU8757,2026-04-20 13:29:49.907000,corpsvcmtxcutoverrpt_sql,2026-04-13 16:43:36.060000,xrdcwddbsuip06,MTX_ACOE_Cutover_Reporting,UI_Excel_Select_Xwalk_Source_Accommodations,facility,*ALL*,QXA4067,2026-09-21 01:07:43.220000
2184,COCPZ,M.CLOVERFL,Cath Lab Overflow,CF,N,NO MATCH,0,COCPZ,,,,,N,Y,None,DJU8757,2026-04-20 13:29:49.957000,corpsvcmtxcutoverrpt_sql,2026-04-13 16:43:36.060000,xrdcwddbsuip06,MTX_ACOE_Cutover_Reporting,UI_Excel_Select_Xwalk_Source_Accommodations,facility,*ALL*,QXA4067,2026-09-21 01:07:43.220000
2185,COCPZ,M.CPCU,Cardiac PCU,CA,N,NO MATCH,0,COCPZ,,,,,N,Y,None,DJU8757,2026-04-20 13:29:50.003000,corpsvcmtxcutoverrpt_sql,2026-04-13 16:43:36.060000,xrdcwddbsuip06,MTX_ACOE_Cutover_Reporting,UI_Excel_Select_Xwalk_Source_Accommodations,facility,*ALL*,QXA4067,2026-09-21 01:07:43.220000
2186,COCPZ,M.CPCUICOF,Cardiac PCU Priv ICU OF,CU,Y,NO MATCH,0,COCPZ,PC,PROGRESSIVE CARE,PC,,Y,N,None,DJU8757,2026-06-05 17:11:24.967000,corpsvcmtxcutoverrpt_sql,2026-04-13 16:43:36.060000,xrdcwddbsuip06,MTX_ACOE_Cutover_Reporting,UI_Excel_Select_Xwalk_Source_Accommodations,facility,*ALL*,QXA4067,2026-09-21 01:07:43.220000
2187,COCPZ,M.CPCUMSOF,Cardiac PCU Med/Surg OF,CS,Y,NO MATCH,1,COCPZ,PC,PROGRESSIVE CARE,PC,,Y,N,None,DJU8757,2026-06-05 17:11:25.013000,corpsvcmtxcutoverrpt_sql,2026-04-13 16:43:36.060000,xrdcwddbsuip06,MTX_ACOE_Cutover_Reporting,UI_Excel_Select_Xwalk_Source_Accommodations,facility,*ALL*,QXA4067,2026-09-21 01:07:43.220000
2188,COCPZ,M.CV,Cardiovascular Intensive Care,CV,Y,NO MATCH,16,COCPZ,IC,INTENSIVE CARE,IC,,Y,N,None,DJU8757,2026-06-05 17:11:25.060000,corpsvcmtxcutoverrpt_sql,2026-04-13 16:43:36.060000,xrdcwddbsuip06,MTX_ACOE_Cutover_Reporting,UI_Excel_Select_Xwalk_Source_Accommodations,facility,*ALL*,QXA4067,2026-09-21 01:07:43.220000
2189,COCPZ,M.CVICUECM,ECMO CVICU Room,VE,Y,NO MATCH,1,COCPZ,EC,ECMO,EC,,Y,N,None,DJU8757,2026-06-05 17:11:25.103000,corpsvcmtxcutoverrpt_sql,2026-04-13 16:43:36.060000,xrdcwddbsuip06,MTX_ACOE_Cutover_Reporting,UI_Excel_Select_Xwalk_Source_Accommodations,facility,*ALL*,QXA4067,2026-09-21 01:07:43.220000
2190,COCPZ,M.CVOFMS,CVICU Overflow PCU,CM,Y,NO MATCH,0,COCPZ,PC,PROGRESSIVE CARE,PC,,Y,N,None,DJU8757,2026-06-05 17:11:25.150000,corpsvcmtxcutoverrpt_sql,2026-04-13 16:43:36.060000,xrdcwddbsuip06,MTX_ACOE_Cutover_Reporting,UI_Excel_Select_Xwalk_Source_Accommodations,facility,*ALL*,QXA4067,2026-09-21 01:07:43.220000
2191,COCPZ,M.CVOFPCU,CVICU Overflow PCU,CP,Y,NO MATCH,0,COCPZ,PC,PROGRESSIVE CARE,PC,,Y,N,None,DJU8757,2026-06-05 17:11:25.193000,corpsvcmtxcutoverrpt_sql,2026-04-13 16:43:36.060000,xrdcwddbsuip06,MTX_ACOE_Cutover_Reporting,UI_Excel_Select_Xwalk_Source_Accommodations,facility,*ALL*,QXA4067,2026-09-21 01:07:43.220000
2192,COCPZ,M.CVPACUOF,CV PACU Overflow,VF,Y,NO MATCH,0,COCPZ,PC,PROGRESSIVE CARE,PC,,Y,N,None,DJU8757,2026-06-05 17:11:25.240000,corpsvcmtxcutoverrpt_sql,2026-04-13 16:43:36.060000,xrdcwddbsuip06,MTX_ACOE_Cutover_Reporting,UI_Excel_Select_Xwalk_Source_Accommodations,facility,*ALL*,QXA4067,2026-09-21 01:07:43.220000
2193,COCPZ,M.CVSU,Cardiovascular Speciality Unit,VU,Y,NO MATCH,23,COCPZ,PC,PROGRESSIVE CARE,PC,,Y,N,None,DJU8757,2026-06-05 17:11:25.287000,corpsvcmtxcutoverrpt_sql,2026-04-13 16:43:36.060000,xrdcwddbsuip06,MTX_ACOE_Cutover_Reporting,UI_Excel_Select_Xwalk_Source_Accommodations,facility,*ALL*,QXA4067,2026-09-21 01:07:43.220000
2194,COCPZ,M.DC,DAILY CARE,DC,N,NO MATCH,0,COCPZ,,,,,N,Y,None,DJU8757,2026-04-20 13:29:50.463000,corpsvcmtxcutoverrpt_sql,2026-04-13 16:43:36.060000,xrdcwddbsuip06,MTX_ACOE_Cutover_Reporting,UI_Excel_Select_Xwalk_Source_Accommodations,facility,*ALL*,QXA4067,2026-09-21 01:07:43.220000
2195,COCPZ,M.DSOF,Day Surgery Overflow,DF,Y,NO MATCH,0,COCPZ,PC,PROGRESSIVE CARE,PC,,Y,N,None,DJU8757,2026-06-05 17:11:25.330000,corpsvcmtxcutoverrpt_sql,2026-04-13 16:43:36.060000,xrdcwddbsuip06,MTX_ACOE_Cutover_Reporting,UI_Excel_Select_Xwalk_Source_Accommodations,facility,*ALL*,QXA4067,2026-09-21 01:07:43.220000
2196,COCPZ,M.ECMO,ECMO,EE,N,NO MATCH,0,COCPZ,,,,,N,Y,None,DJU8757,2026-04-20 13:29:50.550000,corpsvcmtxcutoverrpt_sql,2026-04-13 16:43:36.060000,xrdcwddbsuip06,MTX_ACOE_Cutover_Reporting,UI_Excel_Select_Xwalk_Source_Accommodations,facility,*ALL*,QXA4067,2026-09-21 01:07:43.220000
2197,COCPZ,M.ENDOOF,Endo Overflow,EF,N,NO MATCH,0,COCPZ,,,,,N,Y,None,DJU8757,2026-04-20 13:29:50.593000,corpsvcmtxcutoverrpt_sql,2026-04-13 16:43:36.060000,xrdcwddbsuip06,MTX_ACOE_Cutover_Reporting,UI_Excel_Select_Xwalk_Source_Accommodations,facility,*ALL*,QXA4067,2026-09-21 01:07:43.220000
2198,COCPZ,M.ER,EMERGENCY ROOM BED,00,N,NO MATCH,0,COCPZ,,,,,N,Y,None,DJU8757,2026-04-20 13:29:50.640000,corpsvcmtxcutoverrpt_sql,2026-04-13 16:43:36.060000,xrdcwddbsuip06,MTX_ACOE_Cutover_Reporting,UI_Excel_Select_Xwalk_Source_Accommodations,facility,*ALL*,QXA4067,2026-09-21 01:07:43.220000
2199,COCPZ,M.ER1 ICU,ER Inpatient ICU,EI,N,NO MATCH,0,COCPZ,,,,,N,Y,None,DJU8757,2026-04-20 13:29:50.683000,corpsvcmtxcutoverrpt_sql,2026-04-13 16:43:36.060000,xrdcwddbsuip06,MTX_ACOE_Cutover_Reporting,UI_Excel_Select_Xwalk_Source_Accommodations,facility,*ALL*,QXA4067,2026-09-21 01:07:43.220000
2200,COCPZ,M.ER1 MS,ER Inpatient MS,MS,N,NO MATCH,0,COCPZ,,,,,N,Y,None,DJU8757,2026-04-20 13:29:50.730000,corpsvcmtxcutoverrpt_sql,2026-04-13 16:43:36.060000,xrdcwddbsuip06,MTX_ACOE_Cutover_Reporting,UI_Excel_Select_Xwalk_Source_Accommodations,facility,*ALL*,QXA4067,2026-09-21 01:07:43.220000
2201,COCPZ,M.ER1 PCU,ER Inpatient PCU,PI,N,NO MATCH,0,COCPZ,,,,,N,Y,None,DJU8757,2026-04-20 13:29:50.773000,corpsvcmtxcutoverrpt_sql,2026-04-13 16:43:36.060000,xrdcwddbsuip06,MTX_ACOE_Cutover_Reporting,UI_Excel_Select_Xwalk_Source_Accommodations,facility,*ALL*,QXA4067,2026-09-21 01:07:43.220000
2202,COCPZ,M.ERICU,ER HOLD ICU ADULT,HI,N,NO MATCH,0,COCPZ,,,,,N,Y,None,DJU8757,2026-04-20 13:29:50.817000,corpsvcmtxcutoverrpt_sql,2026-04-13 16:43:36.060000,xrdcwddbsuip06,MTX_ACOE_Cutover_Reporting,UI_Excel_Select_Xwalk_Source_Accommodations,facility,*ALL*,QXA4067,2026-09-21 01:07:43.220000
2203,COCPZ,M.ERICUOF,ER ICU OVERFLOW,RF,Y,NO MATCH,2,COCPZ,IC,INTENSIVE CARE,IC,,Y,N,None,DJU8757,2026-06-05 17:11:25.377000,corpsvcmtxcutoverrpt_sql,2026-04-13 16:43:36.060000,xrdcwddbsuip06,MTX_ACOE_Cutover_Reporting,UI_Excel_Select_Xwalk_Source_Accommodations,facility,*ALL*,QXA4067,2026-09-21 01:07:43.220000
2204,COCPZ,M.ERMS,ER Hold Med/Surg,HM,N,NO MATCH,0,COCPZ,,,,,N,Y,None,DJU8757,2026-04-20 13:29:50.907000,corpsvcmtxcutoverrpt_sql,2026-04-13 16:43:36.060000,xrdcwddbsuip06,MTX_ACOE_Cutover_Reporting,UI_Excel_Select_Xwalk_Source_Accommodations,facility,*ALL*,QXA4067,2026-09-21 01:07:43.220000
2205,COCPZ,M.ERMSOF,ER MED/SURG OVERFLOW,M0,Y,NO MATCH,47,COCPZ,MS,MED SURG,MS,,Y,N,None,DJU8757,2026-06-05 17:11:25.420000,corpsvcmtxcutoverrpt_sql,2026-04-13 16:43:36.060000,xrdcwddbsuip06,MTX_ACOE_Cutover_Reporting,UI_Excel_Select_Xwalk_Source_Accommodations,facility,*ALL*,QXA4067,2026-09-21 01:07:43.220000
2206,COCPZ,M.EROF,Emergency Room Overflow,RO,Y,NO MATCH,0,COCPZ,SP,SEMI PRIVATE ROOM,SP,,Y,N,None,DJU8757,2026-06-05 17:11:25.467000,corpsvcmtxcutoverrpt_sql,2026-04-13 16:43:36.060000,xrdcwddbsuip06,MTX_ACOE_Cutover_Reporting,UI_Excel_Select_Xwalk_Source_Accommodations,facility,*ALL*,QXA4067,2026-09-21 01:07:43.221000
2207,COCPZ,M.EROFB,Burleson Overflow,BO,N,NO MATCH,0,COCPZ,,,,,N,Y,None,DJU8757,2026-04-20 13:29:51.073000,corpsvcmtxcutoverrpt_sql,2026-04-13 16:43:36.060000,xrdcwddbsuip06,MTX_ACOE_Cutover_Reporting,UI_Excel_Select_Xwalk_Source_Accommodations,facility,*ALL*,QXA4067,2026-09-21 01:07:43.221000
2208,COCPZ,M.ERONC,ER HOLD ONCOLOGY,HC,N,NO MATCH,0,COCPZ,,,,,N,Y,None,DJU8757,2026-04-20 13:29:51.120000,corpsvcmtxcutoverrpt_sql,2026-04-13 16:43:36.060000,xrdcwddbsuip06,MTX_ACOE_Cutover_Reporting,UI_Excel_Select_Xwalk_Source_Accommodations,facility,*ALL*,QXA4067,2026-09-21 01:07:43.221000
2209,COCPZ,M.ERONCOF,ER ONCOLOGY OVERFLOW,NF,N,NO MATCH,0,COCPZ,,,,,N,Y,None,DJU8757,2026-04-20 13:29:51.167000,corpsvcmtxcutoverrpt_sql,2026-04-13 16:43:36.060000,xrdcwddbsuip06,MTX_ACOE_Cutover_Reporting,UI_Excel_Select_Xwalk_Source_Accommodations,facility,*ALL*,QXA4067,2026-09-21 01:07:43.221000
2210,COCPZ,M.ERORTHO,ER HOLD ORTHO 7W,HO,N,NO MATCH,0,COCPZ,,,,,N,Y,None,DJU8757,2026-04-20 13:29:51.213000,corpsvcmtxcutoverrpt_sql,2026-04-13 16:43:36.060000,xrdcwddbsuip06,MTX_ACOE_Cutover_Reporting,UI_Excel_Select_Xwalk_Source_Accommodations,facility,*ALL*,QXA4067,2026-09-21 01:07:43.221000
2211,COCPZ,M.ERPCU,ER Hold PCU,HP,N,NO MATCH,0,COCPZ,,,,,N,Y,None,DJU8757,2026-04-20 13:29:51.263000,corpsvcmtxcutoverrpt_sql,2026-04-13 16:43:36.060000,xrdcwddbsuip06,MTX_ACOE_Cutover_Reporting,UI_Excel_Select_Xwalk_Source_Accommodations,facility,*ALL*,QXA4067,2026-09-21 01:07:43.221000
2212,COCPZ,M.ERPCUOF,ER PCU OVERFLOW,EV,Y,NO MATCH,13,COCPZ,PC,PROGRESSIVE CARE,PC,,Y,N,None,DJU8757,2026-06-05 17:11:25.513000,corpsvcmtxcutoverrpt_sql,2026-04-13 16:43:36.060000,xrdcwddbsuip06,MTX_ACOE_Cutover_Reporting,UI_Excel_Select_Xwalk_Source_Accommodations,facility,*ALL*,QXA4067,2026-09-21 01:07:43.221000
2213,COCPZ,M.ES,PRIVATE DELUXE,ES,N,NO MATCH,0,COCPZ,,,,,N,Y,None,DJU8757,2026-04-20 13:29:51.357000,corpsvcmtxcutoverrpt_sql,2026-04-13 16:43:36.060000,xrdcwddbsuip06,MTX_ACOE_Cutover_Reporting,UI_Excel_Select_Xwalk_Source_Accommodations,facility,*ALL*,QXA4067,2026-09-21 01:07:43.221000
2214,COCPZ,M.GP,GERIO PSYCH,GP,N,NO MATCH,0,COCPZ,,,,,N,Y,None,DJU8757,2026-04-20 13:29:51.407000,corpsvcmtxcutoverrpt_sql,2026-04-13 16:43:36.060000,xrdcwddbsuip06,MTX_ACOE_Cutover_Reporting,UI_Excel_Select_Xwalk_Source_Accommodations,facility,*ALL*,QXA4067,2026-09-21 01:07:43.221000
2215,COCPZ,M.IC,INTENSIVE CARE UNIT,IC,N,NO MATCH,0,COCPZ,,,,,N,Y,None,DJU8757,2026-04-20 13:29:51.457000,corpsvcmtxcutoverrpt_sql,2026-04-13 16:43:36.060000,xrdcwddbsuip06,MTX_ACOE_Cutover_Reporting,UI_Excel_Select_Xwalk_Source_Accommodations,facility,*ALL*,QXA4067,2026-09-21 01:07:43.221000
2216,COCPZ,M.ICEC,Intensive Care ECMO,CE,Y,NO MATCH,2,COCPZ,EC,ECMO,EC,,Y,N,None,DJU8757,2026-06-05 17:11:25.560000,corpsvcmtxcutoverrpt_sql,2026-04-13 16:43:36.060000,xrdcwddbsuip06,MTX_ACOE_Cutover_Reporting,UI_Excel_Select_Xwalk_Source_Accommodations,facility,*ALL*,QXA4067,2026-09-21 01:07:43.221000
2217,COCPZ,M.ICU,Intensive Care Unit,IU,Y,NO MATCH,53,COCPZ,IC,INTENSIVE CARE,IC,,Y,N,None,DJU8757,2026-06-05 17:11:25.603000,corpsvcmtxcutoverrpt_sql,2026-04-13 16:43:36.060000,xrdcwddbsuip06,MTX_ACOE_Cutover_Reporting,UI_Excel_Select_Xwalk_Source_Accommodations,facility,*ALL*,QXA4067,2026-09-21 01:07:43.221000
2218,COCPZ,M.IN,NURSERY - INTER,IN,N,NO MATCH,0,COCPZ,,,,,N,Y,None,DJU8757,2026-04-20 13:29:51.603000,corpsvcmtxcutoverrpt_sql,2026-04-13 16:43:36.060000,xrdcwddbsuip06,MTX_ACOE_Cutover_Reporting,UI_Excel_Select_Xwalk_Source_Accommodations,facility,*ALL*,QXA4067,2026-09-21 01:07:43.221000
2219,COCPZ,M.IS,*ISOLATION,IS,N,NO MATCH,0,COCPZ,,,,,N,Y,None,DJU8757,2026-04-20 13:29:51.650000,corpsvcmtxcutoverrpt_sql,2026-04-13 16:43:36.060000,xrdcwddbsuip06,MTX_ACOE_Cutover_Reporting,UI_Excel_Select_Xwalk_Source_Accommodations,facility,*ALL*,QXA4067,2026-09-21 01:07:43.221000
2220,COCPZ,M.LD,*LABOR/DELIVERY,LD,N,NO MATCH,0,COCPZ,,,,,N,Y,None,DJU8757,2026-04-20 13:29:51.693000,corpsvcmtxcutoverrpt_sql,2026-04-13 16:43:36.060000,xrdcwddbsuip06,MTX_ACOE_Cutover_Reporting,UI_Excel_Select_Xwalk_Source_Accommodations,facility,*ALL*,QXA4067,2026-09-21 01:07:43.221000
2221,COCPZ,M.MAS,Medical and Surgical ICU,MU,N,NO MATCH,0,COCPZ,,,,,N,Y,None,DJU8757,2026-04-20 13:29:51.737000,corpsvcmtxcutoverrpt_sql,2026-04-13 16:43:36.060000,xrdcwddbsuip06,MTX_ACOE_Cutover_Reporting,UI_Excel_Select_Xwalk_Source_Accommodations,facility,*ALL*,QXA4067,2026-09-21 01:07:43.221000
2222,COCPZ,M.MI,Medical Intensive Care,MI,N,NO MATCH,0,COCPZ,,,,,N,Y,None,DJU8757,2026-04-20 13:29:51.780000,corpsvcmtxcutoverrpt_sql,2026-04-13 16:43:36.060000,xrdcwddbsuip06,MTX_ACOE_Cutover_Reporting,UI_Excel_Select_Xwalk_Source_Accommodations,facility,*ALL*,QXA4067,2026-09-21 01:07:43.221000
2223,COCPZ,M.MICUECMO,ECMO MICU ROOM,MM,N,NO MATCH,0,COCPZ,,,,,N,Y,None,DJU8757,2026-04-20 13:29:51.827000,corpsvcmtxcutoverrpt_sql,2026-04-13 16:43:36.060000,xrdcwddbsuip06,MTX_ACOE_Cutover_Reporting,UI_Excel_Select_Xwalk_Source_Accommodations,facility,*ALL*,QXA4067,2026-09-21 01:07:43.221000
2224,COCPZ,M.MICUMSOF,MICU M/S Overflow,MO,N,NO MATCH,0,COCPZ,,,,,N,Y,None,DJU8757,2026-04-20 13:29:51.870000,corpsvcmtxcutoverrpt_sql,2026-04-13 16:43:36.060000,xrdcwddbsuip06,MTX_ACOE_Cutover_Reporting,UI_Excel_Select_Xwalk_Source_Accommodations,facility,*ALL*,QXA4067,2026-09-21 01:07:43.221000
2225,COCPZ,M.MICUPSOF,MICU PCU Overflow,MP,N,NO MATCH,0,COCPZ,,,,,N,Y,None,DJU8757,2026-04-20 13:29:51.913000,corpsvcmtxcutoverrpt_sql,2026-04-13 16:43:36.060000,xrdcwddbsuip06,MTX_ACOE_Cutover_Reporting,UI_Excel_Select_Xwalk_Source_Accommodations,facility,*ALL*,QXA4067,2026-09-21 01:07:43.221000
2226,COCPZ,M.MP,Medical Private,DP,N,NO MATCH,0,COCPZ,,,,,N,Y,None,DJU8757,2026-04-20 13:29:51.957000,corpsvcmtxcutoverrpt_sql,2026-04-13 16:43:36.060000,xrdcwddbsuip06,MTX_ACOE_Cutover_Reporting,UI_Excel_Select_Xwalk_Source_Accommodations,facility,*ALL*,QXA4067,2026-09-21 01:07:43.221000
2227,COCPZ,M.MPCU,Medical PCU,MC,N,NO MATCH,0,COCPZ,,,,,N,Y,None,DJU8757,2026-04-20 13:29:52,corpsvcmtxcutoverrpt_sql,2026-04-13 16:43:36.060000,xrdcwddbsuip06,MTX_ACOE_Cutover_Reporting,UI_Excel_Select_Xwalk_Source_Accommodations,facility,*ALL*,QXA4067,2026-09-21 01:07:43.221000
2228,COCPZ,M.MPCUMSOF,Medical PCU Med Surg OF,UO,Y,NO MATCH,5,COCPZ,MS,MED SURG,MS,,Y,N,None,DJU8757,2026-06-05 17:11:25.650000,corpsvcmtxcutoverrpt_sql,2026-04-13 16:43:36.060000,xrdcwddbsuip06,MTX_ACOE_Cutover_Reporting,UI_Excel_Select_Xwalk_Source_Accommodations,facility,*ALL*,QXA4067,2026-09-21 01:07:43.221000
2229,COCPZ,M.MS,Med/Surg,SU,Y,NO MATCH,317,COCPZ,MS,MED SURG,MS,,Y,N,None,DJU8757,2026-06-05 17:11:25.693000,corpsvcmtxcutoverrpt_sql,2026-04-13 16:43:36.060000,xrdcwddbsuip06,MTX_ACOE_Cutover_Reporting,UI_Excel_Select_Xwalk_Source_Accommodations,facility,*ALL*,QXA4067,2026-09-21 01:07:43.221000
2230,COCPZ,M.MSICU,Medical/Surgical ICU,SC,Y,NO MATCH,22,COCPZ,IC,INTENSIVE CARE,IC,,Y,N,None,DJU8757,2026-06-05 17:11:25.737000,corpsvcmtxcutoverrpt_sql,2026-04-13 16:43:36.060000,xrdcwddbsuip06,MTX_ACOE_Cutover_Reporting,UI_Excel_Select_Xwalk_Source_Accommodations,facility,*ALL*,QXA4067,2026-09-21 01:07:43.221000
2231,COCPZ,M.MSP,Med Surg Private,DG,Y,NO MATCH,51,COCPZ,MS,MED SURG,MS,,Y,N,None,DJU8757,2026-06-05 17:11:25.783000,corpsvcmtxcutoverrpt_sql,2026-04-13 16:43:36.060000,xrdcwddbsuip06,MTX_ACOE_Cutover_Reporting,UI_Excel_Select_Xwalk_Source_Accommodations,facility,*ALL*,QXA4067,2026-09-21 01:07:43.221000
2232,COCPZ,M.MSPCUOF,Med Surg PCU OF,UU,Y,NO MATCH,0,COCPZ,MS,MED SURG,MS,,Y,N,None,DJU8757,2026-06-05 17:11:25.830000,corpsvcmtxcutoverrpt_sql,2026-04-13 16:43:36.060000,xrdcwddbsuip06,MTX_ACOE_Cutover_Reporting,UI_Excel_Select_Xwalk_Source_Accommodations,facility,*ALL*,QXA4067,2026-09-21 01:07:43.221000
2233,COCPZ,M.NB,NURSERY BOARDER,NB,N,NO MATCH,0,COCPZ,,,,,N,Y,None,DJU8757,2026-04-20 13:29:52.287000,corpsvcmtxcutoverrpt_sql,2026-04-13 16:43:36.060000,xrdcwddbsuip06,MTX_ACOE_Cutover_Reporting,UI_Excel_Select_Xwalk_Source_Accommodations,facility,*ALL*,QXA4067,2026-09-21 01:07:43.221000
2234,COCPZ,M.NC,NEURO SURGICAL ICU,NC,N,NO MATCH,0,COCPZ,,,,,N,Y,None,DJU8757,2026-04-20 13:29:52.333000,corpsvcmtxcutoverrpt_sql,2026-04-13 16:43:36.060000,xrdcwddbsuip06,MTX_ACOE_Cutover_Reporting,UI_Excel_Select_Xwalk_Source_Accommodations,facility,*ALL*,QXA4067,2026-09-21 01:07:43.222000
2235,COCPZ,M.NI,NURSERY INTERMEDIATE,NI,N,NO MATCH,0,COCPZ,,,,,N,Y,None,DJU8757,2026-04-20 13:29:52.387000,corpsvcmtxcutoverrpt_sql,2026-04-13 16:43:36.060000,xrdcwddbsuip06,MTX_ACOE_Cutover_Reporting,UI_Excel_Select_Xwalk_Source_Accommodations,facility,*ALL*,QXA4067,2026-09-21 01:07:43.222000
2236,COCPZ,M.NICUMSOF,Neur ICU PCU Overflow,NM,Y,NO MATCH,0,COCPZ,IC,INTENSIVE CARE,IC,,Y,N,None,DJU8757,2026-06-05 17:11:25.873000,corpsvcmtxcutoverrpt_sql,2026-04-13 16:43:36.060000,xrdcwddbsuip06,MTX_ACOE_Cutover_Reporting,UI_Excel_Select_Xwalk_Source_Accommodations,facility,*ALL*,QXA4067,2026-09-21 01:07:43.222000
2237,COCPZ,M.NICUPSOF,Neur ICU M/S Overflow,NO,Y,NO MATCH,0,COCPZ,IC,INTENSIVE CARE,IC,,Y,N,None,DJU8757,2026-06-05 17:11:25.920000,corpsvcmtxcutoverrpt_sql,2026-04-13 16:43:36.060000,xrdcwddbsuip06,MTX_ACOE_Cutover_Reporting,UI_Excel_Select_Xwalk_Source_Accommodations,facility,*ALL*,QXA4067,2026-09-21 01:07:43.222000
2238,COCPZ,M.NM,Neuro/Med Surg,RM,Y,NO MATCH,0,COCPZ,MS,MED SURG,MS,,Y,N,None,DJU8757,2026-06-05 17:11:25.963000,corpsvcmtxcutoverrpt_sql,2026-04-13 16:43:36.060000,xrdcwddbsuip06,MTX_ACOE_Cutover_Reporting,UI_Excel_Select_Xwalk_Source_Accommodations,facility,*ALL*,QXA4067,2026-09-21 01:07:43.222000
2239,COCPZ,M.NN,NEONATAL INTENSIVE,NN,N,NO MATCH,0,COCPZ,,,,,N,Y,None,DJU8757,2026-04-20 13:29:52.593000,corpsvcmtxcutoverrpt_sql,2026-04-13 16:43:36.060000,xrdcwddbsuip06,MTX_ACOE_Cutover_Reporting,UI_Excel_Select_Xwalk_Source_Accommodations,facility,*ALL*,QXA4067,2026-09-21 01:07:43.222000
2240,COCPZ,M.NP,NURSERY PROGRESSIVE,NP,N,NO MATCH,0,COCPZ,,,,,N,Y,None,DJU8757,2026-04-20 13:29:52.640000,corpsvcmtxcutoverrpt_sql,2026-04-13 16:43:36.060000,xrdcwddbsuip06,MTX_ACOE_Cutover_Reporting,UI_Excel_Select_Xwalk_Source_Accommodations,facility,*ALL*,QXA4067,2026-09-21 01:07:43.222000
2241,COCPZ,M.NSICMSOF,NeuroSurg ICU M/S Overflow,ON,N,NO MATCH,0,COCPZ,,,,,N,Y,None,DJU8757,2026-04-20 13:29:52.693000,corpsvcmtxcutoverrpt_sql,2026-04-13 16:43:36.060000,xrdcwddbsuip06,MTX_ACOE_Cutover_Reporting,UI_Excel_Select_Xwalk_Source_Accommodations,facility,*ALL*,QXA4067,2026-09-21 01:07:43.222000
2242,COCPZ,M.NSICPCOF,NeuoSurg ICU PCU Overflow,PU,N,NO MATCH,0,COCPZ,,,,,N,Y,None,DJU8757,2026-04-20 13:29:52.740000,corpsvcmtxcutoverrpt_sql,2026-04-13 16:43:36.060000,xrdcwddbsuip06,MTX_ACOE_Cutover_Reporting,UI_Excel_Select_Xwalk_Source_Accommodations,facility,*ALL*,QXA4067,2026-09-21 01:07:43.222000
2243,COCPZ,M.NSICU,Neuro Surgcial ICU,NS,Y,NO MATCH,9,COCPZ,IC,INTENSIVE CARE,IC,,Y,N,None,DJU8757,2026-06-05 17:11:26.037000,corpsvcmtxcutoverrpt_sql,2026-04-13 16:43:36.060000,xrdcwddbsuip06,MTX_ACOE_Cutover_Reporting,UI_Excel_Select_Xwalk_Source_Accommodations,facility,*ALL*,QXA4067,2026-09-21 01:07:43.222000
2244,COCPZ,M.NSMS,Neuro Surg/Med Surg,MN,Y,NO MATCH,1,COCPZ,MS,MED SURG,MS,,Y,N,None,DJU8757,2026-06-05 17:11:26.090000,corpsvcmtxcutoverrpt_sql,2026-04-13 16:43:36.060000,xrdcwddbsuip06,MTX_ACOE_Cutover_Reporting,UI_Excel_Select_Xwalk_Source_Accommodations,facility,*ALL*,QXA4067,2026-09-21 01:07:43.222000
2245,COCPZ,M.NT,NURSERY TRANSFER PATIENT,NT,N,NO MATCH,0,COCPZ,,,,,N,Y,None,DJU8757,2026-04-20 13:29:52.887000,corpsvcmtxcutoverrpt_sql,2026-04-13 16:43:36.060000,xrdcwddbsuip06,MTX_ACOE_Cutover_Reporting,UI_Excel_Select_Xwalk_Source_Accommodations,facility,*ALL*,QXA4067,2026-09-21 01:07:43.222000
2246,COCPZ,M.NUR,NURSERY,NU,N,NO MATCH,0,COCPZ,,,,,N,Y,None,DJU8757,2026-04-20 13:29:52.940000,corpsvcmtxcutoverrpt_sql,2026-04-13 16:43:36.060000,xrdcwddbsuip06,MTX_ACOE_Cutover_Reporting,UI_Excel_Select_Xwalk_Source_Accommodations,facility,*ALL*,QXA4067,2026-09-21 01:07:43.222000
2247,COCPZ,M.NURICU,*NURSERY - ICU,N,N,NO MATCH,0,COCPZ,,,,,N,Y,None,DJU8757,2026-04-20 13:29:52.983000,corpsvcmtxcutoverrpt_sql,2026-04-13 16:43:36.060000,xrdcwddbsuip06,MTX_ACOE_Cutover_Reporting,UI_Excel_Select_Xwalk_Source_Accommodations,facility,*ALL*,QXA4067,2026-09-21 01:07:43.222000
2248,COCPZ,M.NURIN,*NURSERY - INTERMEDIATE,O,N,NO MATCH,0,COCPZ,,,,,N,Y,None,DJU8757,2026-04-20 13:29:53.027000,corpsvcmtxcutoverrpt_sql,2026-04-13 16:43:36.060000,xrdcwddbsuip06,MTX_ACOE_Cutover_Reporting,UI_Excel_Select_Xwalk_Source_Accommodations,facility,*ALL*,QXA4067,2026-09-21 01:07:43.222000
2249,COCPZ,M.OB,OB/GYN CARE,OB,N,NO MATCH,0,COCPZ,,,,,N,Y,None,DJU8757,2026-04-20 13:29:53.097000,corpsvcmtxcutoverrpt_sql,2026-04-13 16:43:36.060000,xrdcwddbsuip06,MTX_ACOE_Cutover_Reporting,UI_Excel_Select_Xwalk_Source_Accommodations,facility,*ALL*,QXA4067,2026-09-21 01:07:43.222000
2250,COCPZ,M.OBS,*OBSTERTICS/GYN,S,N,NO MATCH,0,COCPZ,,,,,N,Y,None,DJU8757,2026-04-20 13:29:53.140000,corpsvcmtxcutoverrpt_sql,2026-04-13 16:43:36.060000,xrdcwddbsuip06,MTX_ACOE_Cutover_Reporting,UI_Excel_Select_Xwalk_Source_Accommodations,facility,*ALL*,QXA4067,2026-09-21 01:07:43.222000
2251,COCPZ,M.OF,Overflow,OW,Y,NO MATCH,0,COCPZ,SP,SEMI PRIVATE ROOM,SP,,Y,N,None,DJU8757,2026-06-05 17:11:26.133000,corpsvcmtxcutoverrpt_sql,2026-04-13 16:43:36.060000,xrdcwddbsuip06,MTX_ACOE_Cutover_Reporting,UI_Excel_Select_Xwalk_Source_Accommodations,facility,*ALL*,QXA4067,2026-09-21 01:07:43.222000
2252,COCPZ,M.OFICU,Overflow Intensive Care,IO,Y,NO MATCH,0,COCPZ,IC,INTENSIVE CARE,IC,,Y,N,None,DJU8757,2026-06-05 17:11:26.180000,corpsvcmtxcutoverrpt_sql,2026-04-13 16:43:36.060000,xrdcwddbsuip06,MTX_ACOE_Cutover_Reporting,UI_Excel_Select_Xwalk_Source_Accommodations,facility,*ALL*,QXA4067,2026-09-21 01:07:43.222000
2253,COCPZ,M.OFMS,Overflow Medical Surgical,OS,Y,NO MATCH,0,COCPZ,MS,MED SURG,MS,,Y,N,None,DJU8757,2026-06-05 17:11:26.227000,corpsvcmtxcutoverrpt_sql,2026-04-13 16:43:36.060000,xrdcwddbsuip06,MTX_ACOE_Cutover_Reporting,UI_Excel_Select_Xwalk_Source_Accommodations,facility,*ALL*,QXA4067,2026-09-21 01:07:43.222000
2254,COCPZ,M.OFPCU,Overflow PCU,OP,Y,NO MATCH,0,COCPZ,PC,PROGRESSIVE CARE,PC,,Y,N,None,DJU8757,2026-06-05 17:11:26.273000,corpsvcmtxcutoverrpt_sql,2026-04-13 16:43:36.060000,xrdcwddbsuip06,MTX_ACOE_Cutover_Reporting,UI_Excel_Select_Xwalk_Source_Accommodations,facility,*ALL*,QXA4067,2026-09-21 01:07:43.222000
2255,COCPZ,M.OMAS,OVERFLOW MED/SURG BED,EM,Y,NO MATCH,0,COCPZ,MS,MED SURG,MS,,Y,N,None,DJU8757,2026-06-05 17:11:26.333000,corpsvcmtxcutoverrpt_sql,2026-04-13 16:43:36.060000,xrdcwddbsuip06,MTX_ACOE_Cutover_Reporting,UI_Excel_Select_Xwalk_Source_Accommodations,facility,*ALL*,QXA4067,2026-09-21 01:07:43.222000
2256,COCPZ,M.ONMS,Ortho Neuro Med Surg,SN,Y,NO MATCH,54,COCPZ,MS,MED SURG,MS,,Y,N,None,DJU8757,2026-06-05 17:11:26.390000,corpsvcmtxcutoverrpt_sql,2026-04-13 16:43:36.060000,xrdcwddbsuip06,MTX_ACOE_Cutover_Reporting,UI_Excel_Select_Xwalk_Source_Accommodations,facility,*ALL*,QXA4067,2026-09-21 01:07:43.222000
2257,COCPZ,M.OPCU,OVERFLOW PCU 5E,E1,N,NO MATCH,0,COCPZ,,,,,N,Y,None,DJU8757,2026-04-20 13:29:53.463000,corpsvcmtxcutoverrpt_sql,2026-04-13 16:43:36.060000,xrdcwddbsuip06,MTX_ACOE_Cutover_Reporting,UI_Excel_Select_Xwalk_Source_Accommodations,facility,*ALL*,QXA4067,2026-09-21 01:07:43.222000
2258,COCPZ,M.OPINFUSE,Outpatient Infusion Department,OF,N,NO MATCH,0,COCPZ,,,,,N,Y,None,DJU8757,2026-04-20 13:29:53.513000,corpsvcmtxcutoverrpt_sql,2026-04-13 16:43:36.060000,xrdcwddbsuip06,MTX_ACOE_Cutover_Reporting,UI_Excel_Select_Xwalk_Source_Accommodations,facility,*ALL*,QXA4067,2026-09-21 01:07:43.222000
2259,COCPZ,M.OTELE,OVERFLOW ICU STEPDOWN,EP,Y,NO MATCH,0,COCPZ,IC,INTENSIVE CARE,IC,,Y,N,None,DJU8757,2026-06-05 17:11:26.447000,corpsvcmtxcutoverrpt_sql,2026-04-13 16:43:36.060000,xrdcwddbsuip06,MTX_ACOE_Cutover_Reporting,UI_Excel_Select_Xwalk_Source_Accommodations,facility,*ALL*,QXA4067,2026-09-21 01:07:43.223000
2260,COCPZ,M.OV,OBSERVATION,OV,Y,NO MATCH,5,COCPZ,SP,SEMI PRIVATE ROOM,SP,,Y,N,None,DJU8757,2026-06-05 17:11:26.507000,corpsvcmtxcutoverrpt_sql,2026-04-13 16:43:36.060000,xrdcwddbsuip06,MTX_ACOE_Cutover_Reporting,UI_Excel_Select_Xwalk_Source_Accommodations,facility,*ALL*,QXA4067,2026-09-21 01:07:43.223000
2261,COCPZ,M.OVCATH,OVERFLOW CATH LAB,OC,Y,NO MATCH,0,COCPZ,SP,SEMI PRIVATE ROOM,SP,,Y,N,None,DJU8757,2026-06-05 17:11:26.563000,corpsvcmtxcutoverrpt_sql,2026-04-13 16:43:36.060000,xrdcwddbsuip06,MTX_ACOE_Cutover_Reporting,UI_Excel_Select_Xwalk_Source_Accommodations,facility,*ALL*,QXA4067,2026-09-21 01:07:43.223000
2262,COCPZ,M.OVIC,OBSERV HOLD INTEN CARE ADULT,OI,Y,NO MATCH,0,COCPZ,IC,INTENSIVE CARE,IC,,Y,N,None,DJU8757,2026-06-05 17:11:26.617000,corpsvcmtxcutoverrpt_sql,2026-04-13 16:43:36.060000,xrdcwddbsuip06,MTX_ACOE_Cutover_Reporting,UI_Excel_Select_Xwalk_Source_Accommodations,facility,*ALL*,QXA4067,2026-09-21 01:07:43.223000
2263,COCPZ,M.OVMS,OBSERV HOLD MED/SUR,OM,Y,NO MATCH,0,COCPZ,MS,MED SURG,MS,,Y,N,None,DJU8757,2026-06-05 17:11:26.677000,corpsvcmtxcutoverrpt_sql,2026-04-13 16:43:36.060000,xrdcwddbsuip06,MTX_ACOE_Cutover_Reporting,UI_Excel_Select_Xwalk_Source_Accommodations,facility,*ALL*,QXA4067,2026-09-21 01:07:43.223000
2264,COCPZ,M.OVONC,OBSERV HOLD ONCOLOGY 6E,CO,Y,NO MATCH,0,COCPZ,PR,PRIVATE ROOM,PR,,Y,N,None,DJU8757,2026-06-05 17:11:26.740000,corpsvcmtxcutoverrpt_sql,2026-04-13 16:43:36.060000,xrdcwddbsuip06,MTX_ACOE_Cutover_Reporting,UI_Excel_Select_Xwalk_Source_Accommodations,facility,*ALL*,QXA4067,2026-09-21 01:07:43.223000
2265,COCPZ,M.OVORTHO,OBSERV HOLD ORTHO 7W,OL,N,NO MATCH,0,COCPZ,,,,,N,Y,None,DJU8757,2026-04-20 13:29:53.833000,corpsvcmtxcutoverrpt_sql,2026-04-13 16:43:36.060000,xrdcwddbsuip06,MTX_ACOE_Cutover_Reporting,UI_Excel_Select_Xwalk_Source_Accommodations,facility,*ALL*,QXA4067,2026-09-21 01:07:43.223000
2266,COCPZ,M.OVPCU,OBSERV HOLD,OH,Y,NO MATCH,0,COCPZ,PC,PROGRESSIVE CARE,PC,,Y,N,None,DJU8757,2026-06-05 17:11:26.793000,corpsvcmtxcutoverrpt_sql,2026-04-13 16:43:36.060000,xrdcwddbsuip06,MTX_ACOE_Cutover_Reporting,UI_Excel_Select_Xwalk_Source_Accommodations,facility,*ALL*,QXA4067,2026-09-21 01:07:43.223000
2267,COCPZ,M.P,PRIVATE,P,Y,NO MATCH,11,COCPZ,PR,PRIVATE ROOM,PR,,Y,N,None,DJU8757,2026-06-05 17:11:26.850000,corpsvcmtxcutoverrpt_sql,2026-04-13 16:43:36.060000,xrdcwddbsuip06,MTX_ACOE_Cutover_Reporting,UI_Excel_Select_Xwalk_Source_Accommodations,facility,*ALL*,QXA4067,2026-09-21 01:07:43.223000
2268,COCPZ,M.PACUOF,PACU Overflow,PF,Y,NO MATCH,0,COCPZ,SP,SEMI PRIVATE ROOM,SP,,Y,N,None,DJU8757,2026-06-05 17:11:26.910000,corpsvcmtxcutoverrpt_sql,2026-04-13 16:43:36.060000,xrdcwddbsuip06,MTX_ACOE_Cutover_Reporting,UI_Excel_Select_Xwalk_Source_Accommodations,facility,*ALL*,QXA4067,2026-09-21 01:07:43.223000
2269,COCPZ,M.PC,"PCU 4E,4W,5E,5W,6W",PC,N,NO MATCH,0,COCPZ,,,,,N,Y,None,DJU8757,2026-04-20 13:29:54.020000,corpsvcmtxcutoverrpt_sql,2026-04-13 16:43:36.060000,xrdcwddbsuip06,MTX_ACOE_Cutover_Reporting,UI_Excel_Select_Xwalk_Source_Accommodations,facility,*ALL*,QXA4067,2026-09-21 01:07:43.223000
2270,COCPZ,M.PCU,PCU,PO,Y,NO MATCH,204,COCPZ,PC,PROGRESSIVE CARE,PC,,Y,N,None,DJU8757,2026-06-05 17:11:26.970000,corpsvcmtxcutoverrpt_sql,2026-04-13 16:43:36.060000,xrdcwddbsuip06,MTX_ACOE_Cutover_Reporting,UI_Excel_Select_Xwalk_Source_Accommodations,facility,*ALL*,QXA4067,2026-09-21 01:07:43.223000
2271,COCPZ,M.PCUICUOF,PCU ICU OVERFLOW,PV,Y,NO MATCH,0,COCPZ,IC,INTENSIVE CARE,IC,,Y,N,None,DJU8757,2026-06-05 17:11:27.050000,corpsvcmtxcutoverrpt_sql,2026-04-13 16:43:36.060000,xrdcwddbsuip06,MTX_ACOE_Cutover_Reporting,UI_Excel_Select_Xwalk_Source_Accommodations,facility,*ALL*,QXA4067,2026-09-21 01:07:43.223000
2272,COCPZ,M.PCUMCW,PCU Med/Surg Ward,PW,Y,NO MATCH,0,COCPZ,MS,MED SURG,MS,,Y,N,None,DJU8757,2026-06-05 17:11:27.110000,corpsvcmtxcutoverrpt_sql,2026-04-13 16:43:36.060000,xrdcwddbsuip06,MTX_ACOE_Cutover_Reporting,UI_Excel_Select_Xwalk_Source_Accommodations,facility,*ALL*,QXA4067,2026-09-21 01:07:43.223000
2273,COCPZ,M.PCUMSOF,PCU MS OVERFLOW,PM,Y,NO MATCH,0,COCPZ,PC,PROGRESSIVE CARE,PC,,Y,N,None,DJU8757,2026-06-05 17:11:27.167000,corpsvcmtxcutoverrpt_sql,2026-04-13 16:43:36.060000,xrdcwddbsuip06,MTX_ACOE_Cutover_Reporting,UI_Excel_Select_Xwalk_Source_Accommodations,facility,*ALL*,QXA4067,2026-09-21 01:07:43.223000
2274,COCPZ,M.PCUP,PCU PRIVATE,PP,Y,NO MATCH,0,COCPZ,PC,PROGRESSIVE CARE,PC,,Y,N,None,DJU8757,2026-06-05 17:11:27.220000,corpsvcmtxcutoverrpt_sql,2026-04-13 16:43:36.060000,xrdcwddbsuip06,MTX_ACOE_Cutover_Reporting,UI_Excel_Select_Xwalk_Source_Accommodations,facility,*ALL*,QXA4067,2026-09-21 01:07:43.223000
2275,COCPZ,M.PCUSI,PCU Surgical Intensive Care,PS,Y,NO MATCH,0,COCPZ,PC,PROGRESSIVE CARE,PC,,Y,N,None,DJU8757,2026-06-05 17:11:27.273000,corpsvcmtxcutoverrpt_sql,2026-04-13 16:43:36.060000,xrdcwddbsuip06,MTX_ACOE_Cutover_Reporting,UI_Excel_Select_Xwalk_Source_Accommodations,facility,*ALL*,QXA4067,2026-09-21 01:07:43.223000
2276,COCPZ,M.PVT,PRIVATE,99,N,NO MATCH,0,COCPZ,,,,,N,Y,None,DJU8757,2026-04-20 13:29:54.353000,corpsvcmtxcutoverrpt_sql,2026-04-13 16:43:36.060000,xrdcwddbsuip06,MTX_ACOE_Cutover_Reporting,UI_Excel_Select_Xwalk_Source_Accommodations,facility,*ALL*,QXA4067,2026-09-21 01:07:43.223000
2277,COCPZ,M.RH,REHAB,01,N,NO MATCH,0,COCPZ,,,,,N,Y,None,DJU8757,2026-04-20 13:29:54.397000,corpsvcmtxcutoverrpt_sql,2026-04-13 16:43:36.060000,xrdcwddbsuip06,MTX_ACOE_Cutover_Reporting,UI_Excel_Select_Xwalk_Source_Accommodations,facility,*ALL*,QXA4067,2026-09-21 01:07:43.223000
2278,COCPZ,M.RHB,Inpatient Rehab Therapy,RB,Y,NO MATCH,16,COCPZ,R,REHABILITATION,RB,,Y,N,None,DJU8757,2026-06-05 17:11:27.333000,corpsvcmtxcutoverrpt_sql,2026-04-13 16:43:36.060000,xrdcwddbsuip06,MTX_ACOE_Cutover_Reporting,UI_Excel_Select_Xwalk_Source_Accommodations,facility,*ALL*,QXA4067,2026-09-21 01:07:43.223000
2279,COCPZ,M.RHBISO,REHAB ISOLATION,RI,Y,NO MATCH,0,COCPZ,R,REHABILITATION,RB,,Y,N,None,DJU8757,2026-06-05 17:11:27.393000,corpsvcmtxcutoverrpt_sql,2026-04-13 16:43:36.060000,xrdcwddbsuip06,MTX_ACOE_Cutover_Reporting,UI_Excel_Select_Xwalk_Source_Accommodations,facility,*ALL*,QXA4067,2026-09-21 01:07:43.223000
2280,COCPZ,M.RHBT,Inpatient Rehab Therapy,RH,N,NO MATCH,0,COCPZ,,,,,N,Y,None,DJU8757,2026-04-20 13:29:54.530000,corpsvcmtxcutoverrpt_sql,2026-04-13 16:43:36.060000,xrdcwddbsuip06,MTX_ACOE_Cutover_Reporting,UI_Excel_Select_Xwalk_Source_Accommodations,facility,*ALL*,QXA4067,2026-09-21 01:07:43.223000
2281,COCPZ,M.RP,RENAL PCU,RP,N,NO MATCH,0,COCPZ,,,,,N,Y,None,DJU8757,2026-04-20 13:29:54.573000,corpsvcmtxcutoverrpt_sql,2026-04-13 16:43:36.060000,xrdcwddbsuip06,MTX_ACOE_Cutover_Reporting,UI_Excel_Select_Xwalk_Source_Accommodations,facility,*ALL*,QXA4067,2026-09-21 01:07:43.223000
2282,COCPZ,M.S1,STRESS UNIT - PRIVATE,S1,N,NO MATCH,0,COCPZ,,,,,N,Y,None,DJU8757,2026-04-20 13:29:54.617000,corpsvcmtxcutoverrpt_sql,2026-04-13 16:43:36.060000,xrdcwddbsuip06,MTX_ACOE_Cutover_Reporting,UI_Excel_Select_Xwalk_Source_Accommodations,facility,*ALL*,QXA4067,2026-09-21 01:07:43.223000
2283,COCPZ,M.S2,STRESS UNIT - SEMI PRIVATE,S2,N,NO MATCH,0,COCPZ,,,,,N,Y,None,DJU8757,2026-04-20 13:29:54.663000,corpsvcmtxcutoverrpt_sql,2026-04-13 16:43:36.060000,xrdcwddbsuip06,MTX_ACOE_Cutover_Reporting,UI_Excel_Select_Xwalk_Source_Accommodations,facility,*ALL*,QXA4067,2026-09-21 01:07:43.223000
2284,COCPZ,M.SICU,SURGICAL ICU,SI,N,NO MATCH,0,COCPZ,,,,,N,Y,None,DJU8757,2026-04-20 13:29:54.713000,corpsvcmtxcutoverrpt_sql,2026-04-13 16:43:36.060000,xrdcwddbsuip06,MTX_ACOE_Cutover_Reporting,UI_Excel_Select_Xwalk_Source_Accommodations,facility,*ALL*,QXA4067,2026-09-21 01:07:43.223000
2285,COCPZ,M.SICUMSOF,SICU MED/SURG OVERFLOW,SM,N,NO MATCH,0,COCPZ,,,,,N,Y,None,DJU8757,2026-04-20 13:29:54.767000,corpsvcmtxcutoverrpt_sql,2026-04-13 16:43:36.060000,xrdcwddbsuip06,MTX_ACOE_Cutover_Reporting,UI_Excel_Select_Xwalk_Source_Accommodations,facility,*ALL*,QXA4067,2026-09-21 01:07:43.223000
2286,COCPZ,M.SICUPCOF,SICU PCU OVERFLOW,SO,N,NO MATCH,0,COCPZ,,,,,N,Y,None,DJU8757,2026-04-20 13:29:54.813000,corpsvcmtxcutoverrpt_sql,2026-04-13 16:43:36.060000,xrdcwddbsuip06,MTX_ACOE_Cutover_Reporting,UI_Excel_Select_Xwalk_Source_Accommodations,facility,*ALL*,QXA4067,2026-09-21 01:07:43.224000
2287,COCPZ,M.SP,SEMI PRIVATE,SP,Y,NO MATCH,17,COCPZ,SP,SEMI PRIVATE ROOM,SP,,Y,N,None,DJU8757,2026-06-05 17:11:27.447000,corpsvcmtxcutoverrpt_sql,2026-04-13 16:43:36.060000,xrdcwddbsuip06,MTX_ACOE_Cutover_Reporting,UI_Excel_Select_Xwalk_Source_Accommodations,facility,*ALL*,QXA4067,2026-09-21 01:07:43.224000
2288,COCPZ,M.SS,SHORT STAY UNIT,OO,N,NO MATCH,0,COCPZ,,,,,N,Y,None,DJU8757,2026-04-20 13:29:54.910000,corpsvcmtxcutoverrpt_sql,2026-04-13 16:43:36.060000,xrdcwddbsuip06,MTX_ACOE_Cutover_Reporting,UI_Excel_Select_Xwalk_Source_Accommodations,facility,*ALL*,QXA4067,2026-09-21 01:07:43.224000
2289,COCPZ,M.SUITE,Suite,ST,N,NO MATCH,0,COCPZ,,,,,N,Y,None,DJU8757,2026-04-20 13:29:54.957000,corpsvcmtxcutoverrpt_sql,2026-04-13 16:43:36.060000,xrdcwddbsuip06,MTX_ACOE_Cutover_Reporting,UI_Excel_Select_Xwalk_Source_Accommodations,facility,*ALL*,QXA4067,2026-09-21 01:07:43.224000
2290,COCPZ,M.TP,CARDIAC/NEURO 3E PRIVATE,TP,N,NO MATCH,0,COCPZ,,,,,N,Y,None,DJU8757,2026-04-20 13:29:55.007000,corpsvcmtxcutoverrpt_sql,2026-04-13 16:43:36.060000,xrdcwddbsuip06,MTX_ACOE_Cutover_Reporting,UI_Excel_Select_Xwalk_Source_Accommodations,facility,*ALL*,QXA4067,2026-09-21 01:07:43.224000
2291,COCPZ,M.TS,CARDIAC/NEURO 3E SEMI-PRIVATE,TS,N,NO MATCH,0,COCPZ,,,,,N,Y,None,DJU8757,2026-04-20 13:29:55.053000,corpsvcmtxcutoverrpt_sql,2026-04-13 16:43:36.060000,xrdcwddbsuip06,MTX_ACOE_Cutover_Reporting,UI_Excel_Select_Xwalk_Source_Accommodations,facility,*ALL*,QXA4067,2026-09-21 01:07:43.224000
2292,COCPZ,M.WGP,W GERIO PSYCH,,N,NO MATCH,0,COCPZ,,,,,N,Y,None,DJU8757,2026-04-20 13:29:55.103000,corpsvcmtxcutoverrpt_sql,2026-04-13 16:43:36.060000,xrdcwddbsuip06,MTX_ACOE_Cutover_Reporting,UI_Excel_Select_Xwalk_Source_Accommodations,facility,*ALL*,QXA4067,2026-09-21 01:07:43.224000
2293,COCPZ,M.WIC,W INTENSIVE CARE,XX,N,NO MATCH,0,COCPZ,,,,,N,Y,None,DJU8757,2026-04-20 13:29:55.147000,corpsvcmtxcutoverrpt_sql,2026-04-13 16:43:36.060000,xrdcwddbsuip06,MTX_ACOE_Cutover_Reporting,UI_Excel_Select_Xwalk_Source_Accommodations,facility,*ALL*,QXA4067,2026-09-21 01:07:43.224000
2294,COCPZ,M.WIN,W NURSERY - INTERMEDIATE,,N,NO MATCH,0,COCPZ,,,,,N,Y,None,DJU8757,2026-04-20 13:29:55.190000,corpsvcmtxcutoverrpt_sql,2026-04-13 16:43:36.060000,xrdcwddbsuip06,MTX_ACOE_Cutover_Reporting,UI_Excel_Select_Xwalk_Source_Accommodations,facility,*ALL*,QXA4067,2026-09-21 01:07:43.224000
2295,COCPZ,M.WIS,W ISOLOATION,,N,NO MATCH,0,COCPZ,,,,,N,Y,None,DJU8757,2026-04-20 13:29:55.237000,corpsvcmtxcutoverrpt_sql,2026-04-13 16:43:36.060000,xrdcwddbsuip06,MTX_ACOE_Cutover_Reporting,UI_Excel_Select_Xwalk_Source_Accommodations,facility,*ALL*,QXA4067,2026-09-21 01:07:43.224000
2296,COCPZ,M.WNI,W NURSERY - ICU,,N,NO MATCH,0,COCPZ,,,,,N,Y,None,DJU8757,2026-04-20 13:29:55.280000,corpsvcmtxcutoverrpt_sql,2026-04-13 16:43:36.060000,xrdcwddbsuip06,MTX_ACOE_Cutover_Reporting,UI_Excel_Select_Xwalk_Source_Accommodations,facility,*ALL*,QXA4067,2026-09-21 01:07:43.224000
2297,COCPZ,M.WNN,W NEONATAL CARE,,N,NO MATCH,0,COCPZ,,,,,N,Y,None,DJU8757,2026-04-20 13:29:55.323000,corpsvcmtxcutoverrpt_sql,2026-04-13 16:43:36.060000,xrdcwddbsuip06,MTX_ACOE_Cutover_Reporting,UI_Excel_Select_Xwalk_Source_Accommodations,facility,*ALL*,QXA4067,2026-09-21 01:07:43.224000
2298,COCPZ,M.WNP,W NURSERY - PCU,,N,NO MATCH,0,COCPZ,,,,,N,Y,None,DJU8757,2026-04-20 13:29:55.370000,corpsvcmtxcutoverrpt_sql,2026-04-13 16:43:36.060000,xrdcwddbsuip06,MTX_ACOE_Cutover_Reporting,UI_Excel_Select_Xwalk_Source_Accommodations,facility,*ALL*,QXA4067,2026-09-21 01:07:43.224000
2299,COCPZ,M.WNS,W NURSERY,,N,NO MATCH,0,COCPZ,,,,,N,Y,None,DJU8757,2026-04-20 13:29:55.413000,corpsvcmtxcutoverrpt_sql,2026-04-13 16:43:36.060000,xrdcwddbsuip06,MTX_ACOE_Cutover_Reporting,UI_Excel_Select_Xwalk_Source_Accommodations,facility,*ALL*,QXA4067,2026-09-21 01:07:43.224000
2300,COCPZ,M.WOB,W OBSTERTICS/GYN CARE,,N,NO MATCH,0,COCPZ,,,,,N,Y,None,DJU8757,2026-04-20 13:29:55.457000,corpsvcmtxcutoverrpt_sql,2026-04-13 16:43:36.060000,xrdcwddbsuip06,MTX_ACOE_Cutover_Reporting,UI_Excel_Select_Xwalk_Source_Accommodations,facility,*ALL*,QXA4067,2026-09-21 01:07:43.224000
2301,COCPZ,M.WPC,W PROGRESSIVE CARE,PA,N,NO MATCH,0,COCPZ,,,,,N,Y,None,DJU8757,2026-04-20 13:29:55.503000,corpsvcmtxcutoverrpt_sql,2026-04-13 16:43:36.060000,xrdcwddbsuip06,MTX_ACOE_Cutover_Reporting,UI_Excel_Select_Xwalk_Source_Accommodations,facility,*ALL*,QXA4067,2026-09-21 01:07:43.224000
2302,COCPZ,M.WRH,W REHAB,,N,NO MATCH,0,COCPZ,,,,,N,Y,None,DJU8757,2026-04-20 13:29:55.547000,corpsvcmtxcutoverrpt_sql,2026-04-13 16:43:36.060000,xrdcwddbsuip06,MTX_ACOE_Cutover_Reporting,UI_Excel_Select_Xwalk_Source_Accommodations,facility,*ALL*,QXA4067,2026-09-21 01:07:43.224000
2303,COCPZ,M.WS,WOMENS SERVICES,WS,N,NO MATCH,0,COCPZ,,,,,N,Y,None,DJU8757,2026-04-20 13:29:55.597000,corpsvcmtxcutoverrpt_sql,2026-04-13 16:43:36.060000,xrdcwddbsuip06,MTX_ACOE_Cutover_Reporting,UI_Excel_Select_Xwalk_Source_Accommodations,facility,*ALL*,QXA4067,2026-09-21 01:07:43.224000
2304,COCPZ,M.WSEROF,White Settlement Overflow,WO,Y,NO MATCH,0,COCPZ,PR,PRIVATE ROOM,PR,,Y,N,None,DJU8757,2026-06-05 17:11:27.500000,corpsvcmtxcutoverrpt_sql,2026-04-13 16:43:36.060000,xrdcwddbsuip06,MTX_ACOE_Cutover_Reporting,UI_Excel_Select_Xwalk_Source_Accommodations,facility,*ALL*,QXA4067,2026-09-21 01:07:43.224000
2305,COCPZ,M.WSP,W SEMI PRIVATE,,N,NO MATCH,0,COCPZ,,,,,N,Y,None,DJU8757,2026-04-20 13:29:55.687000,corpsvcmtxcutoverrpt_sql,2026-04-13 16:43:36.060000,xrdcwddbsuip06,MTX_ACOE_Cutover_Reporting,UI_Excel_Select_Xwalk_Source_Accommodations,facility,*ALL*,QXA4067,2026-09-21 01:07:43.224000
2306,COCPZ,M.WWS,*W WOMENS SERVICES,,N,NO MATCH,0,COCPZ,,,,,N,Y,None,DJU8757,2026-04-20 13:29:55.730000,corpsvcmtxcutoverrpt_sql,2026-04-13 16:43:36.060000,xrdcwddbsuip06,MTX_ACOE_Cutover_Reporting,UI_Excel_Select_Xwalk_Source_Accommodations,facility,*ALL*,QXA4067,2026-09-21 01:07:43.224000
2307,COCPZ,MICUECMO,ECMO MICU ROOM,ME,N,NO MATCH,0,COCPZ,,,,,N,Y,None,DJU8757,2026-04-20 13:29:55.773000,corpsvcmtxcutoverrpt_sql,2026-04-13 16:43:36.060000,xrdcwddbsuip06,MTX_ACOE_Cutover_Reporting,UI_Excel_Select_Xwalk_Source_Accommodations,facility,*ALL*,QXA4067,2026-09-21 01:07:43.224000
2308,COCQR,BURN,Burn Intensive Care,BU,N,NO MATCH,0,COCQR,,,,,N,Y,None,RWM4772,2026-07-01 11:41:10.720000,corpsvcmtxcutoverrpt_sql,2026-05-22 14:53:33.330000,xrdcwddbsuip06,MTX_ACOE_Cutover_Reporting,UI_Excel_Select_Xwalk_Source_Accommodations,facility,*ALL*,QXA4067,2026-09-21 01:07:43.224000
2309,COCQR,CC,Coronary Care,CO,N,NO MATCH,0,COCQR,,,,,N,Y,None,RWM4772,2026-07-01 11:41:10.780000,corpsvcmtxcutoverrpt_sql,2026-05-22 14:53:33.330000,xrdcwddbsuip06,MTX_ACOE_Cutover_Reporting,UI_Excel_Select_Xwalk_Source_Accommodations,facility,*ALL*,QXA4067,2026-09-21 01:07:43.224000
2310,COCQR,DX,Detox,DX,N,NO MATCH,0,COCQR,,,,,N,Y,None,RWM4772,2026-07-01 11:39:56.403000,corpsvcmtxcutoverrpt_sql,2026-05-22 14:53:33.330000,xrdcwddbsuip06,MTX_ACOE_Cutover_Reporting,UI_Excel_Select_Xwalk_Source_Accommodations,facility,*ALL*,QXA4067,2026-09-21 01:07:43.224000
2311,COCQR,HC,HOSPITAL CONVENIENCE,HC,N,NO MATCH,0,COCQR,,,,,N,Y,None,RWM4772,2026-07-01 11:39:56.473000,corpsvcmtxcutoverrpt_sql,2026-05-22 14:53:33.330000,xrdcwddbsuip06,MTX_ACOE_Cutover_Reporting,UI_Excel_Select_Xwalk_Source_Accommodations,facility,*ALL*,QXA4067,2026-09-21 01:07:43.224000
2312,COCQR,I,INTENSIVE CARE *,IP,N,NO MATCH,0,COCQR,,,,,N,Y,None,RWM4772,2026-07-01 11:39:56.533000,corpsvcmtxcutoverrpt_sql,2026-05-22 14:53:33.330000,xrdcwddbsuip06,MTX_ACOE_Cutover_Reporting,UI_Excel_Select_Xwalk_Source_Accommodations,facility,*ALL*,QXA4067,2026-09-21 01:07:43.224000
2313,COCQR,IC,INTENSIVE CARE,IN,Y,NO MATCH,14,COCQR,IC,INTENSIVE CARE,IC,Y,Y,N,None,RWM4772,2026-07-01 11:39:56.600000,corpsvcmtxcutoverrpt_sql,2026-05-22 14:53:33.330000,xrdcwddbsuip06,MTX_ACOE_Cutover_Reporting,UI_Excel_Select_Xwalk_Source_Accommodations,facility,*ALL*,QXA4067,2026-09-21 01:07:43.224000
2314,COCQR,IM,Intermediate Care,IR,Y,NO MATCH,0,COCQR,PC,PROGRESSIVE CARE,PC,Y,Y,N,None,RWM4772,2026-07-01 11:39:56.677000,corpsvcmtxcutoverrpt_sql,2026-05-22 14:53:33.330000,xrdcwddbsuip06,MTX_ACOE_Cutover_Reporting,UI_Excel_Select_Xwalk_Source_Accommodations,facility,*ALL*,QXA4067,2026-09-21 01:07:43.225000
2315,COCQR,IS,ISOLATION,IS,N,NO MATCH,0,COCQR,,,,,N,Y,None,RWM4772,2026-07-01 11:39:56.753000,corpsvcmtxcutoverrpt_sql,2026-05-22 14:53:33.330000,xrdcwddbsuip06,MTX_ACOE_Cutover_Reporting,UI_Excel_Select_Xwalk_Source_Accommodations,facility,*ALL*,QXA4067,2026-09-21 01:07:43.225000
2316,COCQR,J,"PRIVATE, MEDICALLY JUSTIFIED *",OP,N,NO MATCH,0,COCQR,,,,,N,Y,None,RWM4772,2026-07-01 11:39:56.817000,corpsvcmtxcutoverrpt_sql,2026-05-22 14:53:33.330000,xrdcwddbsuip06,MTX_ACOE_Cutover_Reporting,UI_Excel_Select_Xwalk_Source_Accommodations,facility,*ALL*,QXA4067,2026-09-21 01:07:43.225000
2317,COCQR,MS,MED SURG,MD,Y,NO MATCH,100,COCQR,MS,MED SURG,MS,Y,Y,N,None,RWM4772,2026-07-01 11:39:56.877000,corpsvcmtxcutoverrpt_sql,2026-05-22 14:53:33.330000,xrdcwddbsuip06,MTX_ACOE_Cutover_Reporting,UI_Excel_Select_Xwalk_Source_Accommodations,facility,*ALL*,QXA4067,2026-09-21 01:07:43.225000
2318,COCQR,MT,MED SURG WITH TELE,MT,N,NO MATCH,0,COCQR,,,,,N,Y,None,RWM4772,2026-07-01 11:39:56.940000,corpsvcmtxcutoverrpt_sql,2026-05-22 14:53:33.330000,xrdcwddbsuip06,MTX_ACOE_Cutover_Reporting,UI_Excel_Select_Xwalk_Source_Accommodations,facility,*ALL*,QXA4067,2026-09-21 01:07:43.225000
2319,COCQR,P,PRIVATE ROOM,P,N,NO MATCH,0,COCQR,,,,,N,Y,None,RWM4772,2026-07-01 11:39:56.997000,corpsvcmtxcutoverrpt_sql,2026-05-22 14:53:33.330000,xrdcwddbsuip06,MTX_ACOE_Cutover_Reporting,UI_Excel_Select_Xwalk_Source_Accommodations,facility,*ALL*,QXA4067,2026-09-21 01:07:43.225000
2320,COCQR,SB,SWING BED,SB,N,NO MATCH,0,COCQR,,,,,N,Y,None,RWM4772,2026-07-01 11:39:57.097000,corpsvcmtxcutoverrpt_sql,2026-05-22 14:53:33.330000,xrdcwddbsuip06,MTX_ACOE_Cutover_Reporting,UI_Excel_Select_Xwalk_Source_Accommodations,facility,*ALL*,QXA4067,2026-09-21 01:07:43.225000
2321,COCQR,SP,SEMI PRIVATE,SP,N,NO MATCH,0,COCQR,,,,,N,Y,None,RWM4772,2026-07-01 11:39:57.170000,corpsvcmtxcutoverrpt_sql,2026-05-22 14:53:33.330000,xrdcwddbsuip06,MTX_ACOE_Cutover_Reporting,UI_Excel_Select_Xwalk_Source_Accommodations,facility,*ALL*,QXA4067,2026-09-21 01:07:43.225000
2322,COCQR,T,Tele,T,Y,NO MATCH,98,COCQR,TEL,TELEMETRY,TE,Y,Y,N,None,RWM4772,2026-07-01 11:39:57.233000,corpsvcmtxcutoverrpt_sql,2026-05-22 14:53:33.330000,xrdcwddbsuip06,MTX_ACOE_Cutover_Reporting,UI_Excel_Select_Xwalk_Source_Accommodations,facility,*ALL*,QXA4067,2026-09-21 01:07:43.225000
2323,COCQR,VIP,VIP Room,VI,N,NO MATCH,0,COCQR,,,,,N,Y,None,RWM4772,2026-07-01 11:39:57.297000,corpsvcmtxcutoverrpt_sql,2026-05-22 14:53:33.330000,xrdcwddbsuip06,MTX_ACOE_Cutover_Reporting,UI_Excel_Select_Xwalk_Source_Accommodations,facility,*ALL*,QXA4067,2026-09-21 01:07:43.225000
2324,COCQR,W,WARD *,Q,N,NO MATCH,0,COCQR,,,,,N,Y,None,RWM4772,2026-07-01 11:39:57.360000,corpsvcmtxcutoverrpt_sql,2026-05-22 14:53:33.330000,xrdcwddbsuip06,MTX_ACOE_Cutover_Reporting,UI_Excel_Select_Xwalk_Source_Accommodations,facility,*ALL*,QXA4067,2026-09-21 01:07:43.225000
2325,COCQV,EC,ECMO,EC,Y,NO MATCH,0,COCQV,EC,ECMO,EC,Y,Y,N,None,KSI8889,2026-08-17 09:52:09.750000,corpsvcmtxcutoverrpt_sql,2026-05-22 14:53:33.330000,xrdcwddbsuip06,MTX_ACOE_Cutover_Reporting,UI_Excel_Select_Xwalk_Source_Accommodations,facility,*ALL*,QXA4067,2026-09-21 01:07:43.225000
2326,COCQV,HD,HOLDING ROOM,HD,Y,NO MATCH,10,COCQV,L4,NEWBORN LEVEL IV CARE,L4,Y,Y,N,None,KSI8889,2026-08-17 09:52:09.780000,corpsvcmtxcutoverrpt_sql,2026-05-22 14:53:33.330000,xrdcwddbsuip06,MTX_ACOE_Cutover_Reporting,UI_Excel_Select_Xwalk_Source_Accommodations,facility,*ALL*,QXA4067,2026-09-21 01:07:43.225000
2327,COCQV,HR,HIGH RISK NURSERY,HR,Y,NO MATCH,0,COCQV,PR,PRIVATE ROOM,PR,Y,Y,N,None,KSI8889,2026-08-17 09:52:09.807000,corpsvcmtxcutoverrpt_sql,2026-05-22 14:53:33.330000,xrdcwddbsuip06,MTX_ACOE_Cutover_Reporting,UI_Excel_Select_Xwalk_Source_Accommodations,facility,*ALL*,QXA4067,2026-09-21 01:07:43.225000
2328,COCQV,IC,INTENSIVE CARE,IC,Y,NO MATCH,20,COCQV,IC,INTENSIVE CARE,IC,Y,Y,N,None,KSI8889,2026-08-17 09:52:09.833000,corpsvcmtxcutoverrpt_sql,2026-05-22 14:53:33.330000,xrdcwddbsuip06,MTX_ACOE_Cutover_Reporting,UI_Excel_Select_Xwalk_Source_Accommodations,facility,*ALL*,QXA4067,2026-09-21 01:07:43.225000
2329,COCQV,L1,NEWBORN LEVEL I,L1,Y,NO MATCH,0,COCQV,L1,NEWBORN LEVEL I CARE,L1,Y,Y,N,None,KSI8889,2026-08-17 09:52:09.857000,corpsvcmtxcutoverrpt_sql,2026-05-22 14:53:33.330000,xrdcwddbsuip06,MTX_ACOE_Cutover_Reporting,UI_Excel_Select_Xwalk_Source_Accommodations,facility,*ALL*,QXA4067,2026-09-21 01:07:43.225000
2330,COCQV,L2,NEWBORN LEVEL II,L2,Y,NO MATCH,3,COCQV,L2,NEWBORN LEVEL II CARE,L2,Y,Y,N,None,KSI8889,2026-08-17 09:52:09.883000,corpsvcmtxcutoverrpt_sql,2026-05-22 14:53:33.330000,xrdcwddbsuip06,MTX_ACOE_Cutover_Reporting,UI_Excel_Select_Xwalk_Source_Accommodations,facility,*ALL*,QXA4067,2026-09-21 01:07:43.225000
2331,COCQV,L3,NEWBORN LEVEL III,L3,Y,NO MATCH,2,COCQV,L3,NEWBORN LEVEL III CARE,L3,Y,Y,N,None,KSI8889,2026-08-17 09:52:09.910000,corpsvcmtxcutoverrpt_sql,2026-05-22 14:53:33.330000,xrdcwddbsuip06,MTX_ACOE_Cutover_Reporting,UI_Excel_Select_Xwalk_Source_Accommodations,facility,*ALL*,QXA4067,2026-09-21 01:07:43.225000
2332,COCQV,L4,NEWBORN LEVEL IV,L4,Y,NO MATCH,0,COCQV,L4,NEWBORN LEVEL IV CARE,L4,Y,Y,N,None,KSI8889,2026-08-17 09:52:09.937000,corpsvcmtxcutoverrpt_sql,2026-05-22 14:53:33.330000,xrdcwddbsuip06,MTX_ACOE_Cutover_Reporting,UI_Excel_Select_Xwalk_Source_Accommodations,facility,*ALL*,QXA4067,2026-09-21 01:07:43.225000
2333,COCQV,MI,MEDICAL INTENSIVE CARE,MI,Y,NO MATCH,34,COCQV,IC,INTENSIVE CARE,IC,Y,Y,N,None,KSI8889,2026-08-17 09:52:09.960000,corpsvcmtxcutoverrpt_sql,2026-05-22 14:53:33.330000,xrdcwddbsuip06,MTX_ACOE_Cutover_Reporting,UI_Excel_Select_Xwalk_Source_Accommodations,facility,*ALL*,QXA4067,2026-09-21 01:07:43.225000
2334,COCQV,MS,ANNEX MED SURG,MS,Y,NO MATCH,4,COCQV,MS,MED SURG,MS,Y,Y,N,None,KSI8889,2026-08-17 09:52:09.987000,corpsvcmtxcutoverrpt_sql,2026-05-22 14:53:33.330000,xrdcwddbsuip06,MTX_ACOE_Cutover_Reporting,UI_Excel_Select_Xwalk_Source_Accommodations,facility,*ALL*,QXA4067,2026-09-21 01:07:43.225000
2335,COCQV,NU,NEWBORN NURSERY,NU,Y,NO MATCH,1,COCQV,L1,NEWBORN LEVEL I CARE,L1,Y,Y,N,None,KSI8889,2026-08-17 09:52:10.017000,corpsvcmtxcutoverrpt_sql,2026-05-22 14:53:33.330000,xrdcwddbsuip06,MTX_ACOE_Cutover_Reporting,UI_Excel_Select_Xwalk_Source_Accommodations,facility,*ALL*,QXA4067,2026-09-21 01:07:43.225000
2336,COCQV,OBG,PRIVATE - OB/GYN/PP,OB,Y,NO MATCH,1,COCQV,AP,ANTEPARTUM,AP,Y,Y,N,None,KSI8889,2026-08-17 09:52:10.043000,corpsvcmtxcutoverrpt_sql,2026-05-22 14:53:33.330000,xrdcwddbsuip06,MTX_ACOE_Cutover_Reporting,UI_Excel_Select_Xwalk_Source_Accommodations,facility,*ALL*,QXA4067,2026-09-21 01:07:43.225000
2337,COCQV,P,PRIVATE ROOM,P,Y,NO MATCH,1233,COCQV,PR,PRIVATE ROOM,PR,Y,Y,N,None,KSI8889,2026-08-17 09:52:10.070000,corpsvcmtxcutoverrpt_sql,2026-05-22 14:53:33.330000,xrdcwddbsuip06,MTX_ACOE_Cutover_Reporting,UI_Excel_Select_Xwalk_Source_Accommodations,facility,*ALL*,QXA4067,2026-09-21 01:07:43.225000
2338,COCQV,PC,PROGRESSIVE CARE UNIT,PC,Y,NO MATCH,143,COCQV,PC,PROGRESSIVE CARE,PC,Y,Y,N,None,KSI8889,2026-08-17 09:52:10.097000,corpsvcmtxcutoverrpt_sql,2026-05-22 14:53:33.330000,xrdcwddbsuip06,MTX_ACOE_Cutover_Reporting,UI_Excel_Select_Xwalk_Source_Accommodations,facility,*ALL*,QXA4067,2026-09-21 01:07:43.225000
2339,COCQV,PCU,ANNEX PCU,PU,Y,NO MATCH,0,COCQV,PC,PROGRESSIVE CARE,PC,Y,Y,N,None,KSI8889,2026-08-17 09:52:10.120000,corpsvcmtxcutoverrpt_sql,2026-05-22 14:53:33.330000,xrdcwddbsuip06,MTX_ACOE_Cutover_Reporting,UI_Excel_Select_Xwalk_Source_Accommodations,facility,*ALL*,QXA4067,2026-09-21 01:07:43.225000
2340,COCQV,PE,PEDS,PE,Y,NO MATCH,22,COCQV,P,PEDIATRIC,P,Y,Y,N,None,KSI8889,2026-08-17 09:52:10.147000,corpsvcmtxcutoverrpt_sql,2026-05-22 14:53:33.330000,xrdcwddbsuip06,MTX_ACOE_Cutover_Reporting,UI_Excel_Select_Xwalk_Source_Accommodations,facility,*ALL*,QXA4067,2026-09-21 01:07:43.225000
2341,COCQV,PICU,Pediatric Intensive Care Unit,PI,Y,NO MATCH,7,COCQV,PIC,PEDIATRIC INTENSIVE CARE,PI,Y,Y,N,None,KSI8889,2026-08-17 09:52:10.173000,corpsvcmtxcutoverrpt_sql,2026-05-22 14:53:33.330000,xrdcwddbsuip06,MTX_ACOE_Cutover_Reporting,UI_Excel_Select_Xwalk_Source_Accommodations,facility,*ALL*,QXA4067,2026-09-21 01:07:43.226000
2342,COCQV,PS,BEHAVIORAL UNIT SEMI PRIVATE,PS,Y,NO MATCH,74,COCQV,BH,BEHAVIORAL HEALTH,BH,Y,Y,N,None,KSI8889,2026-08-17 09:52:10.197000,corpsvcmtxcutoverrpt_sql,2026-05-22 14:53:33.330000,xrdcwddbsuip06,MTX_ACOE_Cutover_Reporting,UI_Excel_Select_Xwalk_Source_Accommodations,facility,*ALL*,QXA4067,2026-09-21 01:07:43.226000
2343,COCQV,RH,REHAB PRIVATE,RH,Y,NO MATCH,70,COCQV,R,REHABILITATION,R,Y,Y,N,None,KSI8889,2026-08-17 09:52:10.223000,corpsvcmtxcutoverrpt_sql,2026-05-22 14:53:33.330000,xrdcwddbsuip06,MTX_ACOE_Cutover_Reporting,UI_Excel_Select_Xwalk_Source_Accommodations,facility,*ALL*,QXA4067,2026-09-21 01:07:43.226000
2344,COCQV,S,SEMI-PRIVATE ROOM,1,N,NO MATCH,0,COCQV,,,,Y,Y,Y,None,KSI8889,2026-08-17 09:52:10.250000,corpsvcmtxcutoverrpt_sql,2026-05-22 14:53:33.330000,xrdcwddbsuip06,MTX_ACOE_Cutover_Reporting,UI_Excel_Select_Xwalk_Source_Accommodations,facility,*ALL*,QXA4067,2026-09-21 01:07:43.226000
2345,COCQV,SB,SPECIALTY BED,SB,Y,NO MATCH,0,COCQV,PC,PROGRESSIVE CARE,PC,Y,Y,N,None,KSI8889,2026-08-17 09:52:10.277000,corpsvcmtxcutoverrpt_sql,2026-05-22 14:53:33.330000,xrdcwddbsuip06,MTX_ACOE_Cutover_Reporting,UI_Excel_Select_Xwalk_Source_Accommodations,facility,*ALL*,QXA4067,2026-09-21 01:07:43.226000
2346,COCQV,SI,SURGICAL INTENSIVE CARE,SI,Y,NO MATCH,26,COCQV,SIC,SURGICAL INTENSIVE CARE,SI,Y,Y,N,None,KSI8889,2026-08-17 09:52:10.300000,corpsvcmtxcutoverrpt_sql,2026-05-22 14:53:33.330000,xrdcwddbsuip06,MTX_ACOE_Cutover_Reporting,UI_Excel_Select_Xwalk_Source_Accommodations,facility,*ALL*,QXA4067,2026-09-21 01:07:43.226000
2347,COCQV,SP,SEMI-PRIVATE,SP,Y,NO MATCH,31,COCQV,SP,SEMI PRIVATE ROOM,SP,Y,Y,N,None,KSI8889,2026-08-17 09:52:10.360000,corpsvcmtxcutoverrpt_sql,2026-05-22 14:53:33.330000,xrdcwddbsuip06,MTX_ACOE_Cutover_Reporting,UI_Excel_Select_Xwalk_Source_Accommodations,facility,*ALL*,QXA4067,2026-09-21 01:07:43.226000
2348,COCQV,SPOBG,SEMI-PRIVATE OB/GYN/PP,SO,Y,NO MATCH,3,COCQV,LD,LABOR AND DELIVERY,LD,Y,Y,N,None,KSI8889,2026-08-17 09:52:10.383000,corpsvcmtxcutoverrpt_sql,2026-05-22 14:53:33.330000,xrdcwddbsuip06,MTX_ACOE_Cutover_Reporting,UI_Excel_Select_Xwalk_Source_Accommodations,facility,*ALL*,QXA4067,2026-09-21 01:07:43.226000
2349,COCQV,SS,Swing Bed Semi-Private,SS,N,NO MATCH,0,COCQV,,,,Y,Y,Y,None,KSI8889,2026-08-17 09:52:10.410000,corpsvcmtxcutoverrpt_sql,2026-05-22 14:53:33.330000,xrdcwddbsuip06,MTX_ACOE_Cutover_Reporting,UI_Excel_Select_Xwalk_Source_Accommodations,facility,*ALL*,QXA4067,2026-09-21 01:07:43.226000
2350,COCQV,SW,Swing Bed Private,SW,N,NO MATCH,0,COCQV,,,,Y,Y,Y,None,KSI8889,2026-08-17 09:52:10.437000,corpsvcmtxcutoverrpt_sql,2026-05-22 14:53:33.330000,xrdcwddbsuip06,MTX_ACOE_Cutover_Reporting,UI_Excel_Select_Xwalk_Source_Accommodations,facility,*ALL*,QXA4067,2026-09-21 01:07:43.226000
2351,COCQV,TR,Trauma ICU,TR,Y,NO MATCH,116,COCQV,TRIC           ,TRAUMA INTENSIVE CARE               ,TI,Y,Y,N,None,KSI8889,2026-08-17 09:52:10.463000,corpsvcmtxcutoverrpt_sql,2026-05-22 14:53:33.330000,xrdcwddbsuip06,MTX_ACOE_Cutover_Reporting,UI_Excel_Select_Xwalk_Source_Accommodations,facility,*ALL*,QXA4067,2026-09-21 01:07:43.226000
2352,COCQV,TROBG,TRAUMA OB/GYN/PP,TO,Y,NO MATCH,0,COCQV,TR,TRAUMA,TR,Y,Y,N,None,KSI8889,2026-08-17 09:52:10.490000,corpsvcmtxcutoverrpt_sql,2026-05-22 14:53:33.330000,xrdcwddbsuip06,MTX_ACOE_Cutover_Reporting,UI_Excel_Select_Xwalk_Source_Accommodations,facility,*ALL*,QXA4067,2026-09-21 01:07:43.226000
2353,COCQV,TRP,Trauma Private Room,T1,Y,NO MATCH,49,COCQV,TR,TRAUMA,TR,Y,Y,N,None,KSI8889,2026-08-17 09:52:10.517000,corpsvcmtxcutoverrpt_sql,2026-05-22 14:53:33.330000,xrdcwddbsuip06,MTX_ACOE_Cutover_Reporting,UI_Excel_Select_Xwalk_Source_Accommodations,facility,*ALL*,QXA4067,2026-09-21 01:07:43.226000
2354,COCQV,TRPE,Trauma Peds,TE,N,NO MATCH,0,COCQV,,,,Y,Y,Y,None,KSI8889,2026-08-17 09:52:10.543000,corpsvcmtxcutoverrpt_sql,2026-05-22 14:53:33.330000,xrdcwddbsuip06,MTX_ACOE_Cutover_Reporting,UI_Excel_Select_Xwalk_Source_Accommodations,facility,*ALL*,QXA4067,2026-09-21 01:07:43.226000
2355,COCQV,TRPI,Trauma PICU,TI,Y,NO MATCH,2,COCQV,TR,TRAUMA,TR,Y,Y,N,None,KSI8889,2026-08-17 09:52:10.570000,corpsvcmtxcutoverrpt_sql,2026-05-22 14:53:33.330000,xrdcwddbsuip06,MTX_ACOE_Cutover_Reporting,UI_Excel_Select_Xwalk_Source_Accommodations,facility,*ALL*,QXA4067,2026-09-21 01:07:43.226000
2356,COCQV,TRS,Trauma Special Bed,TS,Y,NO MATCH,0,COCQV,TR,TRAUMA,TR,Y,Y,N,None,KSI8889,2026-08-17 09:52:10.597000,corpsvcmtxcutoverrpt_sql,2026-05-22 14:53:33.330000,xrdcwddbsuip06,MTX_ACOE_Cutover_Reporting,UI_Excel_Select_Xwalk_Source_Accommodations,facility,*ALL*,QXA4067,2026-09-21 01:07:43.226000
2357,COCQV,TRSD,Trauma Step Down,TD,Y,NO MATCH,3,COCQV,TR,TRAUMA,TR,Y,Y,N,None,KSI8889,2026-08-17 09:52:10.620000,corpsvcmtxcutoverrpt_sql,2026-05-22 14:53:33.330000,xrdcwddbsuip06,MTX_ACOE_Cutover_Reporting,UI_Excel_Select_Xwalk_Source_Accommodations,facility,*ALL*,QXA4067,2026-09-21 01:07:43.226000
2358,COCQV,TRSP,Trauma Semi-Private,TP,Y,NO MATCH,0,COCQV,TR,TRAUMA,TR,Y,Y,N,None,KSI8889,2026-08-17 09:52:10.640000,corpsvcmtxcutoverrpt_sql,2026-05-22 14:53:33.330000,xrdcwddbsuip06,MTX_ACOE_Cutover_Reporting,UI_Excel_Select_Xwalk_Source_Accommodations,facility,*ALL*,QXA4067,2026-09-21 01:07:43.226000
2359,COCRA,B,NEWBORN,B,Y,NO MATCH,5,COCRA,L1,NEWBORN LEVEL I CARE,L1,Y,Y,N,None,QVO8748,2026-06-16 07:50:38.260000,corpsvcmtxcutoverrpt_sql,2026-04-13 16:43:36.060000,xrdcwddbsuip06,MTX_ACOE_Cutover_Reporting,UI_Excel_Select_Xwalk_Source_Accommodations,facility,*ALL*,QXA4067,2026-09-21 01:07:43.226000
2360,COCRA,HR,HIGH RISK LABOR & DELIVERY,HR,Y,NO MATCH,0,COCRA,PR,PRIVATE ROOM,PR,Y,Y,N,None,QVO8748,2026-06-16 07:50:38.287000,corpsvcmtxcutoverrpt_sql,2026-04-13 16:43:36.060000,xrdcwddbsuip06,MTX_ACOE_Cutover_Reporting,UI_Excel_Select_Xwalk_Source_Accommodations,facility,*ALL*,QXA4067,2026-09-21 01:07:43.226000
2361,COCRA,I,INTENSIVE CARE,I,Y,NO MATCH,63,COCRA,IC,INTENSIVE CARE,IC,Y,Y,N,None,QVO8748,2026-04-29 12:00:12.993000,corpsvcmtxcutoverrpt_sql,2026-04-13 16:43:36.060000,xrdcwddbsuip06,MTX_ACOE_Cutover_Reporting,UI_Excel_Select_Xwalk_Source_Accommodations,facility,*ALL*,QXA4067,2026-09-21 01:07:43.226000
2362,COCRA,IC,INTENSIVE CARE,IC,Y,NO MATCH,24,COCRA,IC,INTENSIVE CARE,IC,Y,Y,N,None,QVO8748,2026-04-29 12:00:13.027000,corpsvcmtxcutoverrpt_sql,2026-04-13 16:43:36.060000,xrdcwddbsuip06,MTX_ACOE_Cutover_Reporting,UI_Excel_Select_Xwalk_Source_Accommodations,facility,*ALL*,QXA4067,2026-09-21 01:07:43.226000
2363,COCRA,INT,INTERMEDIATE CARE,IN,Y,NO MATCH,0,COCRA,PC,PROGRESSIVE CARE,PC,Y,Y,N,None,QVO8748,2026-04-29 12:00:13.057000,corpsvcmtxcutoverrpt_sql,2026-04-13 16:43:36.060000,xrdcwddbsuip06,MTX_ACOE_Cutover_Reporting,UI_Excel_Select_Xwalk_Source_Accommodations,facility,*ALL*,QXA4067,2026-09-21 01:07:43.226000
2364,COCRA,L1,NEWBORN LEVEL I,L1,Y,NO MATCH,51,COCRA,L1,NEWBORN LEVEL I CARE,L1,Y,Y,N,None,QVO8748,2026-04-29 12:00:13.087000,corpsvcmtxcutoverrpt_sql,2026-04-13 16:43:36.060000,xrdcwddbsuip06,MTX_ACOE_Cutover_Reporting,UI_Excel_Select_Xwalk_Source_Accommodations,facility,*ALL*,QXA4067,2026-09-21 01:07:43.226000
2365,COCRA,L2,NEWBORN LEVEL 2,L2,Y,NO MATCH,56,COCRA,L2,NEWBORN LEVEL II CARE,L2,Y,Y,N,None,QVO8748,2026-04-29 12:00:13.130000,corpsvcmtxcutoverrpt_sql,2026-04-13 16:43:36.060000,xrdcwddbsuip06,MTX_ACOE_Cutover_Reporting,UI_Excel_Select_Xwalk_Source_Accommodations,facility,*ALL*,QXA4067,2026-09-21 01:07:43.226000
2366,COCRA,L3,NEWBORN LEVEL 3,L3,Y,NO MATCH,14,COCRA,L3,NEWBORN LEVEL III CARE,L3,Y,Y,N,None,QVO8748,2026-04-29 12:00:13.160000,corpsvcmtxcutoverrpt_sql,2026-04-13 16:43:36.060000,xrdcwddbsuip06,MTX_ACOE_Cutover_Reporting,UI_Excel_Select_Xwalk_Source_Accommodations,facility,*ALL*,QXA4067,2026-09-21 01:07:43.226000
2367,COCRA,L4,NEWBORN LEVEL 4,L4,Y,NO MATCH,2,COCRA,L4,NEWBORN LEVEL IV CARE,L4,Y,Y,N,None,QVO8748,2026-04-29 12:00:13.190000,corpsvcmtxcutoverrpt_sql,2026-04-13 16:43:36.060000,xrdcwddbsuip06,MTX_ACOE_Cutover_Reporting,UI_Excel_Select_Xwalk_Source_Accommodations,facility,*ALL*,QXA4067,2026-09-21 01:07:43.226000
2368,COCRA,LD,LABOR AND DELIVERY,LD,Y,NO MATCH,58,COCRA,LD,LABOR AND DELIVERY,LD,Y,Y,N,None,QVO8748,2026-04-29 12:00:13.230000,corpsvcmtxcutoverrpt_sql,2026-04-13 16:43:36.060000,xrdcwddbsuip06,MTX_ACOE_Cutover_Reporting,UI_Excel_Select_Xwalk_Source_Accommodations,facility,*ALL*,QXA4067,2026-09-21 01:07:43.226000
2369,COCRA,LP,LARGE PRIVATE,LP,Y,NO MATCH,0,COCRA,PR,PRIVATE ROOM,PR,Y,Y,N,None,QVO8748,2026-06-16 07:50:38.310000,corpsvcmtxcutoverrpt_sql,2026-04-13 16:43:36.060000,xrdcwddbsuip06,MTX_ACOE_Cutover_Reporting,UI_Excel_Select_Xwalk_Source_Accommodations,facility,*ALL*,QXA4067,2026-09-21 01:07:43.226000
2370,COCRA,OB,ED Holding (Women's),OB,Y,NO MATCH,0,COCRA,PR,PRIVATE ROOM,PR,Y,Y,N,None,QVO8748,2026-06-16 07:50:38.330000,corpsvcmtxcutoverrpt_sql,2026-04-13 16:43:36.060000,xrdcwddbsuip06,MTX_ACOE_Cutover_Reporting,UI_Excel_Select_Xwalk_Source_Accommodations,facility,*ALL*,QXA4067,2026-09-21 01:07:43.227000
2371,COCRA,P,PRIVATE ROOM,P,Y,NO MATCH,480,COCRA,PR,PRIVATE ROOM,PR,Y,Y,N,None,QVO8748,2026-04-29 12:00:13.260000,corpsvcmtxcutoverrpt_sql,2026-04-13 16:43:36.060000,xrdcwddbsuip06,MTX_ACOE_Cutover_Reporting,UI_Excel_Select_Xwalk_Source_Accommodations,facility,*ALL*,QXA4067,2026-09-21 01:07:43.227000
2372,COCRA,PC,PCU,PC,Y,NO MATCH,0,COCRA,PC,PROGRESSIVE CARE,PC,Y,Y,N,None,QVO8748,2026-04-29 12:00:13.290000,corpsvcmtxcutoverrpt_sql,2026-04-13 16:43:36.060000,xrdcwddbsuip06,MTX_ACOE_Cutover_Reporting,UI_Excel_Select_Xwalk_Source_Accommodations,facility,*ALL*,QXA4067,2026-09-21 01:07:43.227000
2373,COCRA,PD,ED Holding (PEDI),PD,Y,NO MATCH,8,COCRA,P,PEDIATRIC,P,Y,Y,N,None,QVO8748,2026-04-29 12:00:13.320000,corpsvcmtxcutoverrpt_sql,2026-04-13 16:43:36.060000,xrdcwddbsuip06,MTX_ACOE_Cutover_Reporting,UI_Excel_Select_Xwalk_Source_Accommodations,facility,*ALL*,QXA4067,2026-09-21 01:07:43.227000
2374,COCRA,PE,ER Holding (PEDI),PE,N,NO MATCH,0,COCRA,,,,,N,Y,None,QVO8748,2026-04-16 10:18:36.797000,corpsvcmtxcutoverrpt_sql,2026-04-13 16:43:36.060000,xrdcwddbsuip06,MTX_ACOE_Cutover_Reporting,UI_Excel_Select_Xwalk_Source_Accommodations,facility,*ALL*,QXA4067,2026-09-21 01:07:43.227000
2375,COCRA,PEDI,W4 - PEDI,P4,Y,NO MATCH,0,COCRA,PR,PRIVATE ROOM,PR,Y,Y,N,None,QVO8748,2026-06-16 07:50:38.353000,corpsvcmtxcutoverrpt_sql,2026-04-13 16:43:36.060000,xrdcwddbsuip06,MTX_ACOE_Cutover_Reporting,UI_Excel_Select_Xwalk_Source_Accommodations,facility,*ALL*,QXA4067,2026-09-21 01:07:43.227000
2376,COCRA,PI,ER Holding (PICU),PI,N,NO MATCH,0,COCRA,,,,,N,Y,None,QVO8748,2026-04-16 10:18:36.880000,corpsvcmtxcutoverrpt_sql,2026-04-13 16:43:36.060000,xrdcwddbsuip06,MTX_ACOE_Cutover_Reporting,UI_Excel_Select_Xwalk_Source_Accommodations,facility,*ALL*,QXA4067,2026-09-21 01:07:43.227000
2377,COCRA,Q,OBSERVATION,Q,N,NO MATCH,0,COCRA,,,,,N,Y,None,QVO8748,2026-04-16 10:18:36.917000,corpsvcmtxcutoverrpt_sql,2026-04-13 16:43:36.060000,xrdcwddbsuip06,MTX_ACOE_Cutover_Reporting,UI_Excel_Select_Xwalk_Source_Accommodations,facility,*ALL*,QXA4067,2026-09-21 01:07:43.227000
2378,COCRA,S,SEMI-PRIVATE ROOM,S,Y,NO MATCH,137,COCRA,PR,PRIVATE ROOM,PR,Y,Y,N,None,QVO8748,2026-06-16 07:50:38.377000,corpsvcmtxcutoverrpt_sql,2026-04-13 16:43:36.060000,xrdcwddbsuip06,MTX_ACOE_Cutover_Reporting,UI_Excel_Select_Xwalk_Source_Accommodations,facility,*ALL*,QXA4067,2026-09-21 01:07:43.227000
2379,COCRA,SD,SUITE DELUXE,SD,Y,NO MATCH,4,COCRA,PR,PRIVATE ROOM,PR,Y,Y,N,None,QVO8748,2026-06-16 07:50:38.397000,corpsvcmtxcutoverrpt_sql,2026-04-13 16:43:36.060000,xrdcwddbsuip06,MTX_ACOE_Cutover_Reporting,UI_Excel_Select_Xwalk_Source_Accommodations,facility,*ALL*,QXA4067,2026-09-21 01:07:43.227000
2380,COCRA,SP,SUITE - PEDI,SP,Y,NO MATCH,0,COCRA,PR,PRIVATE ROOM,PR,Y,Y,N,None,QVO8748,2026-06-16 07:50:38.420000,corpsvcmtxcutoverrpt_sql,2026-04-13 16:43:36.060000,xrdcwddbsuip06,MTX_ACOE_Cutover_Reporting,UI_Excel_Select_Xwalk_Source_Accommodations,facility,*ALL*,QXA4067,2026-09-21 01:07:43.227000
2381,COCRA,SU,SUITE,SU,Y,NO MATCH,1,COCRA,PR,PRIVATE ROOM,PR,Y,Y,N,None,QVO8748,2026-06-16 07:50:38.443000,corpsvcmtxcutoverrpt_sql,2026-04-13 16:43:36.060000,xrdcwddbsuip06,MTX_ACOE_Cutover_Reporting,UI_Excel_Select_Xwalk_Source_Accommodations,facility,*ALL*,QXA4067,2026-09-21 01:07:43.227000
2382,COCRA,T,TELEMETRY,T,Y,NO MATCH,106,COCRA,PR,PRIVATE ROOM,PR,Y,Y,N,None,QVO8748,2026-06-16 07:50:38.463000,corpsvcmtxcutoverrpt_sql,2026-04-13 16:43:36.060000,xrdcwddbsuip06,MTX_ACOE_Cutover_Reporting,UI_Excel_Select_Xwalk_Source_Accommodations,facility,*ALL*,QXA4067,2026-09-21 01:07:43.227000
2383,COCRA,TR,TRAUMA ICU,TR,Y,NO MATCH,10,COCRA,TR,TRAUMA INTENSIVE CARE,TR,Y,Y,N,None,QVO8748,2026-04-29 12:00:13.350000,corpsvcmtxcutoverrpt_sql,2026-04-13 16:43:36.060000,xrdcwddbsuip06,MTX_ACOE_Cutover_Reporting,UI_Excel_Select_Xwalk_Source_Accommodations,facility,*ALL*,QXA4067,2026-09-21 01:07:43.227000
2384,COCRA,V,VENTILATOR,V,Y,NO MATCH,0,COCRA,PR,PRIVATE ROOM,PR,Y,Y,N,None,QVO8748,2026-06-16 07:50:38.487000,corpsvcmtxcutoverrpt_sql,2026-04-13 16:43:36.060000,xrdcwddbsuip06,MTX_ACOE_Cutover_Reporting,UI_Excel_Select_Xwalk_Source_Accommodations,facility,*ALL*,QXA4067,2026-09-21 01:07:43.227000
2385,COCRA,WS,ER Holding (WOMENS),WS,N,NO MATCH,0,COCRA,,,,,N,Y,None,QVO8748,2026-04-16 10:18:37.163000,corpsvcmtxcutoverrpt_sql,2026-04-13 16:43:36.060000,xrdcwddbsuip06,MTX_ACOE_Cutover_Reporting,UI_Excel_Select_Xwalk_Source_Accommodations,facility,*ALL*,QXA4067,2026-09-21 01:07:43.227000
2386,COCRD,BB,BORDER BABY,BB,Y,NO MATCH,0,COCRD,PR,PRIVATE ROOM,P,Y,Y,N,None,IIU4396,2025-05-15 15:42:30.847000,corpsvcmtxcutoverrpt_sql,2025-03-01 04:14:03.220000,xrdcwddbsuip06,MTX_ACOE_Cutover_Reporting,UI_Excel_Select_Xwalk_Source_Accommodations,facility,*ALL*,QXA4067,2026-09-21 01:07:43.227000
2387,COCRD,CC,CORONARY CARE,CC,Y,NO MATCH,0,COCRD,IC,INTENSIVE CARE,IC,Y,Y,N,None,IIU4396,2025-05-15 15:42:30.877000,corpsvcmtxcutoverrpt_sql,2025-03-01 04:14:03.220000,xrdcwddbsuip06,MTX_ACOE_Cutover_Reporting,UI_Excel_Select_Xwalk_Source_Accommodations,facility,*ALL*,QXA4067,2026-09-21 01:07:43.227000
2388,COCRD,CI,HEART TRANSPLANT WAITING,CI,N,NO MATCH,0,COCRD,,,,,N,Y,None,BMB1734,2025-06-05 15:09:19.310000,corpsvcmtxcutoverrpt_sql,2025-03-01 04:14:03.220000,xrdcwddbsuip06,MTX_ACOE_Cutover_Reporting,UI_Excel_Select_Xwalk_Source_Accommodations,facility,*ALL*,QXA4067,2026-09-21 01:07:43.227000
2389,COCRD,CP,CHEST PAIN,CP,N,NO MATCH,0,COCRD,,,,,N,Y,None,BMB1734,2025-06-05 15:09:19.383000,corpsvcmtxcutoverrpt_sql,2025-03-01 04:14:03.220000,xrdcwddbsuip06,MTX_ACOE_Cutover_Reporting,UI_Excel_Select_Xwalk_Source_Accommodations,facility,*ALL*,QXA4067,2026-09-21 01:07:43.227000
2390,COCRD,CS,CARDIAC SURGERY ICU,CS,N,NO MATCH,0,COCRD,,,,,N,Y,None,BMB1734,2025-06-05 15:09:19.453000,corpsvcmtxcutoverrpt_sql,2025-03-01 04:14:03.220000,xrdcwddbsuip06,MTX_ACOE_Cutover_Reporting,UI_Excel_Select_Xwalk_Source_Accommodations,facility,*ALL*,QXA4067,2026-09-21 01:07:43.227000
2391,COCRD,HOS,HOSPICE,HO,N,NO MATCH,0,COCRD,,,,,N,Y,None,BMB1734,2025-06-05 15:09:19.523000,corpsvcmtxcutoverrpt_sql,2025-03-01 04:14:03.220000,xrdcwddbsuip06,MTX_ACOE_Cutover_Reporting,UI_Excel_Select_Xwalk_Source_Accommodations,facility,*ALL*,QXA4067,2026-09-21 01:07:43.227000
2392,COCRD,IC,INTENSIVE CARE,IC,Y,NO MATCH,0,COCRD,IC,INTENSIVE CARE,IC,Y,Y,N,None,IIU4396,2025-05-15 15:42:30.910000,corpsvcmtxcutoverrpt_sql,2025-03-01 04:14:03.220000,xrdcwddbsuip06,MTX_ACOE_Cutover_Reporting,UI_Excel_Select_Xwalk_Source_Accommodations,facility,*ALL*,QXA4067,2026-09-21 01:07:43.227000
2393,COCRD,IS,ISOLATION,IS,Y,NO MATCH,0,COCRD,PR,PRIVATE ROOM,P,Y,Y,N,None,IIU4396,2025-05-15 15:42:30.943000,corpsvcmtxcutoverrpt_sql,2025-03-01 04:14:03.220000,xrdcwddbsuip06,MTX_ACOE_Cutover_Reporting,UI_Excel_Select_Xwalk_Source_Accommodations,facility,*ALL*,QXA4067,2026-09-21 01:07:43.227000
2394,COCRD,ISP,ISOLATION - PRIVATE,IR,Y,NO MATCH,0,COCRD,PR,PRIVATE ROOM,P,Y,Y,N,None,IIU4396,2025-05-15 15:42:30.963000,corpsvcmtxcutoverrpt_sql,2025-03-01 04:14:03.220000,xrdcwddbsuip06,MTX_ACOE_Cutover_Reporting,UI_Excel_Select_Xwalk_Source_Accommodations,facility,*ALL*,QXA4067,2026-09-21 01:07:43.227000
2395,COCRD,ISS,ISOLATION - SEMIPRIVATE,IL,Y,NO MATCH,0,COCRD,PR,PRIVATE ROOM,P,Y,Y,N,None,IIU4396,2025-05-15 15:42:30.997000,corpsvcmtxcutoverrpt_sql,2025-03-01 04:14:03.220000,xrdcwddbsuip06,MTX_ACOE_Cutover_Reporting,UI_Excel_Select_Xwalk_Source_Accommodations,facility,*ALL*,QXA4067,2026-09-21 01:07:43.227000
2396,COCRD,IV,LEVEL IV - NICU NURSERY,IV,N,NO MATCH,0,COCRD,,,,,N,Y,None,BMB1734,2025-06-05 15:09:19.597000,corpsvcmtxcutoverrpt_sql,2025-03-01 04:14:03.220000,xrdcwddbsuip06,MTX_ACOE_Cutover_Reporting,UI_Excel_Select_Xwalk_Source_Accommodations,facility,*ALL*,QXA4067,2026-09-21 01:07:43.227000
2397,COCRD,IVU,INTERVENTIONAL CARE UNIT,IU,Y,NO MATCH,0,COCRD,PR,PRIVATE ROOM,IU,Y,Y,N,None,IIU4396,2025-05-15 15:42:31.037000,corpsvcmtxcutoverrpt_sql,2025-03-01 04:14:03.220000,xrdcwddbsuip06,MTX_ACOE_Cutover_Reporting,UI_Excel_Select_Xwalk_Source_Accommodations,facility,*ALL*,QXA4067,2026-09-21 01:07:43.228000
2398,COCRD,J,"PRIVATE, MEDICALLY JUSTIFIED",J,N,NO MATCH,0,COCRD,,,,,N,Y,None,BMB1734,2025-06-05 15:09:19.660000,corpsvcmtxcutoverrpt_sql,2025-03-01 04:14:03.220000,xrdcwddbsuip06,MTX_ACOE_Cutover_Reporting,UI_Excel_Select_Xwalk_Source_Accommodations,facility,*ALL*,QXA4067,2026-09-21 01:07:43.228000
2399,COCRD,JR,JOINT REPLACEMENT,JR,N,NO MATCH,0,COCRD,,,,,N,Y,None,BMB1734,2025-06-05 15:09:19.733000,corpsvcmtxcutoverrpt_sql,2025-03-01 04:14:03.220000,xrdcwddbsuip06,MTX_ACOE_Cutover_Reporting,UI_Excel_Select_Xwalk_Source_Accommodations,facility,*ALL*,QXA4067,2026-09-21 01:07:43.228000
2400,COCRD,L1,NEWBORN,L1,Y,NO MATCH,0,COCRD,PR,PRIVATE ROOM,P,Y,Y,N,None,BMB1734,2025-05-23 12:02:10.917000,corpsvcmtxcutoverrpt_sql,2025-03-01 04:14:03.220000,xrdcwddbsuip06,MTX_ACOE_Cutover_Reporting,UI_Excel_Select_Xwalk_Source_Accommodations,facility,*ALL*,QXA4067,2026-09-21 01:07:43.228000
2401,COCRD,L2,NEWBORN LEVEL II,L2,Y,NO MATCH,0,COCRD,PR,PRIVATE ROOM,P,Y,Y,N,None,IIU4396,2025-05-15 15:42:31.070000,corpsvcmtxcutoverrpt_sql,2025-03-01 04:14:03.220000,xrdcwddbsuip06,MTX_ACOE_Cutover_Reporting,UI_Excel_Select_Xwalk_Source_Accommodations,facility,*ALL*,QXA4067,2026-09-21 01:07:43.228000
2402,COCRD,L3,NEWBORN NICU LEVEL III,L3,Y,NO MATCH,0,COCRD,PR,PRIVATE ROOM,P,Y,Y,N,None,IIU4396,2025-05-15 15:42:31.100000,corpsvcmtxcutoverrpt_sql,2025-03-01 04:14:03.220000,xrdcwddbsuip06,MTX_ACOE_Cutover_Reporting,UI_Excel_Select_Xwalk_Source_Accommodations,facility,*ALL*,QXA4067,2026-09-21 01:07:43.228000
2403,COCRD,L4,NEWBORN NICU LEVEL IV,L4,Y,NO MATCH,0,COCRD,PR,PRIVATE ROOM,P,Y,Y,N,None,IIU4396,2025-05-15 15:42:31.130000,corpsvcmtxcutoverrpt_sql,2025-03-01 04:14:03.220000,xrdcwddbsuip06,MTX_ACOE_Cutover_Reporting,UI_Excel_Select_Xwalk_Source_Accommodations,facility,*ALL*,QXA4067,2026-09-21 01:07:43.228000
2404,COCRD,LD,LABOR AND DELIVERY,LD,Y,NO MATCH,0,COCRD,PR,PRIVATE ROOM,P,Y,Y,N,None,IIU4396,2025-05-15 15:42:31.163000,corpsvcmtxcutoverrpt_sql,2025-03-01 04:14:03.220000,xrdcwddbsuip06,MTX_ACOE_Cutover_Reporting,UI_Excel_Select_Xwalk_Source_Accommodations,facility,*ALL*,QXA4067,2026-09-21 01:07:43.228000
2405,COCRD,M,CORONARY CARE,MM,N,NO MATCH,0,COCRD,,,,,N,Y,None,BMB1734,2025-06-05 15:09:19.800000,corpsvcmtxcutoverrpt_sql,2025-03-01 04:14:03.220000,xrdcwddbsuip06,MTX_ACOE_Cutover_Reporting,UI_Excel_Select_Xwalk_Source_Accommodations,facility,*ALL*,QXA4067,2026-09-21 01:07:43.228000
2406,COCRD,MI,MEDICAL ICU,MI,N,NO MATCH,0,COCRD,,,,,N,Y,None,BMB1734,2025-06-05 15:09:19.870000,corpsvcmtxcutoverrpt_sql,2025-03-01 04:14:03.220000,xrdcwddbsuip06,MTX_ACOE_Cutover_Reporting,UI_Excel_Select_Xwalk_Source_Accommodations,facility,*ALL*,QXA4067,2026-09-21 01:07:43.228000
2407,COCRD,N1,NICU LEVEL 1,N1,N,NO MATCH,0,COCRD,,,,,N,Y,None,BMB1734,2025-06-05 15:09:19.940000,corpsvcmtxcutoverrpt_sql,2025-03-01 04:14:03.220000,xrdcwddbsuip06,MTX_ACOE_Cutover_Reporting,UI_Excel_Select_Xwalk_Source_Accommodations,facility,*ALL*,QXA4067,2026-09-21 01:07:43.228000
2408,COCRD,N2,NICU LEVEL 2,N2,N,NO MATCH,0,COCRD,,,,,N,Y,None,BMB1734,2025-06-05 15:09:20.010000,corpsvcmtxcutoverrpt_sql,2025-03-01 04:14:03.220000,xrdcwddbsuip06,MTX_ACOE_Cutover_Reporting,UI_Excel_Select_Xwalk_Source_Accommodations,facility,*ALL*,QXA4067,2026-09-21 01:07:43.228000
2409,COCRD,N3,NICU LEVEL 3,N3,N,NO MATCH,0,COCRD,,,,,N,Y,None,BMB1734,2025-06-05 15:09:20.077000,corpsvcmtxcutoverrpt_sql,2025-03-01 04:14:03.220000,xrdcwddbsuip06,MTX_ACOE_Cutover_Reporting,UI_Excel_Select_Xwalk_Source_Accommodations,facility,*ALL*,QXA4067,2026-09-21 01:07:43.228000
2410,COCRD,NB,NEWBORN WELL BABY,NB,Y,NO MATCH,0,COCRD,PR,PRIVATE ROOM,P,Y,Y,N,None,IIU4396,2025-05-15 15:42:31.197000,corpsvcmtxcutoverrpt_sql,2025-03-01 04:14:03.220000,xrdcwddbsuip06,MTX_ACOE_Cutover_Reporting,UI_Excel_Select_Xwalk_Source_Accommodations,facility,*ALL*,QXA4067,2026-09-21 01:07:43.228000
2411,COCRD,NI,NICU,NI,N,NO MATCH,0,COCRD,,,,,N,Y,None,BMB1734,2025-06-05 15:09:20.147000,corpsvcmtxcutoverrpt_sql,2025-03-01 04:14:03.220000,xrdcwddbsuip06,MTX_ACOE_Cutover_Reporting,UI_Excel_Select_Xwalk_Source_Accommodations,facility,*ALL*,QXA4067,2026-09-21 01:07:43.228000
2412,COCRD,NIH,NICU-NEWBORN,NZ,N,NO MATCH,0,COCRD,,,,,N,Y,None,BMB1734,2025-06-05 15:09:20.220000,corpsvcmtxcutoverrpt_sql,2025-03-01 04:14:03.220000,xrdcwddbsuip06,MTX_ACOE_Cutover_Reporting,UI_Excel_Select_Xwalk_Source_Accommodations,facility,*ALL*,QXA4067,2026-09-21 01:07:43.228000
2413,COCRD,NS,NICU,NS,N,NO MATCH,0,COCRD,,,,,N,Y,None,BMB1734,2025-06-05 15:09:20.287000,corpsvcmtxcutoverrpt_sql,2025-03-01 04:14:03.220000,xrdcwddbsuip06,MTX_ACOE_Cutover_Reporting,UI_Excel_Select_Xwalk_Source_Accommodations,facility,*ALL*,QXA4067,2026-09-21 01:07:43.228000
2414,COCRD,NV,NEUROVASCULAR UNIT,NV,N,NO MATCH,0,COCRD,,,,,N,Y,None,BMB1734,2025-06-05 15:09:20.357000,corpsvcmtxcutoverrpt_sql,2025-03-01 04:14:03.220000,xrdcwddbsuip06,MTX_ACOE_Cutover_Reporting,UI_Excel_Select_Xwalk_Source_Accommodations,facility,*ALL*,QXA4067,2026-09-21 01:07:43.228000
2415,COCRD,OF,OVERFLOW,OF,N,NO MATCH,0,COCRD,,,,,N,Y,None,BMB1734,2025-06-05 15:09:20.423000,corpsvcmtxcutoverrpt_sql,2025-03-01 04:14:03.220000,xrdcwddbsuip06,MTX_ACOE_Cutover_Reporting,UI_Excel_Select_Xwalk_Source_Accommodations,facility,*ALL*,QXA4067,2026-09-21 01:07:43.228000
2416,COCRD,OS,OBSERVATION,OS,N,NO MATCH,0,COCRD,,,,,N,Y,None,BMB1734,2025-06-05 15:09:20.497000,corpsvcmtxcutoverrpt_sql,2025-03-01 04:14:03.220000,xrdcwddbsuip06,MTX_ACOE_Cutover_Reporting,UI_Excel_Select_Xwalk_Source_Accommodations,facility,*ALL*,QXA4067,2026-09-21 01:07:43.228000
2417,COCRD,P,PRIVATE ROOM,P,Y,NO MATCH,0,COCRD,PR,PRIVATE ROOM,P,Y,Y,N,None,IIU4396,2025-05-15 15:42:31.227000,corpsvcmtxcutoverrpt_sql,2025-03-01 04:14:03.220000,xrdcwddbsuip06,MTX_ACOE_Cutover_Reporting,UI_Excel_Select_Xwalk_Source_Accommodations,facility,*ALL*,QXA4067,2026-09-21 01:07:43.228000
2418,COCRD,PC,PROGRESSIVE CARE,PC,Y,NO MATCH,0,COCRD,PC,PROGRESSIVE CARE,PC,Y,Y,N,None,IIU4396,2025-05-15 15:42:31.257000,corpsvcmtxcutoverrpt_sql,2025-03-01 04:14:03.220000,xrdcwddbsuip06,MTX_ACOE_Cutover_Reporting,UI_Excel_Select_Xwalk_Source_Accommodations,facility,*ALL*,QXA4067,2026-09-21 01:07:43.228000
2419,COCRD,PM,PROGRESSIVE CARE MED UNIT,PM,N,NO MATCH,0,COCRD,,,,,N,Y,None,BMB1734,2025-06-05 15:09:20.567000,corpsvcmtxcutoverrpt_sql,2025-03-01 04:14:03.220000,xrdcwddbsuip06,MTX_ACOE_Cutover_Reporting,UI_Excel_Select_Xwalk_Source_Accommodations,facility,*ALL*,QXA4067,2026-09-21 01:07:43.228000
2420,COCRD,PNH,PROGRESSIVE NURS HDH,PZ,N,NO MATCH,0,COCRD,,,,,N,Y,None,BMB1734,2025-06-05 15:09:20.633000,corpsvcmtxcutoverrpt_sql,2025-03-01 04:14:03.220000,xrdcwddbsuip06,MTX_ACOE_Cutover_Reporting,UI_Excel_Select_Xwalk_Source_Accommodations,facility,*ALL*,QXA4067,2026-09-21 01:07:43.228000
2421,COCRD,PP,POST PARTUM,PP,Y,NO MATCH,0,COCRD,PR,PRIVATE ROOM,P,Y,Y,N,None,IIU4396,2025-05-15 15:42:31.287000,corpsvcmtxcutoverrpt_sql,2025-03-01 04:14:03.220000,xrdcwddbsuip06,MTX_ACOE_Cutover_Reporting,UI_Excel_Select_Xwalk_Source_Accommodations,facility,*ALL*,QXA4067,2026-09-21 01:07:43.228000
2422,COCRD,PR,PRIVATE,PR,N,NO MATCH,0,COCRD,,,,,N,Y,None,BMB1734,2025-06-05 15:09:20.713000,corpsvcmtxcutoverrpt_sql,2025-03-01 04:14:03.220000,xrdcwddbsuip06,MTX_ACOE_Cutover_Reporting,UI_Excel_Select_Xwalk_Source_Accommodations,facility,*ALL*,QXA4067,2026-09-21 01:07:43.228000
2423,COCRD,PS,POST SURGICAL CARE UNIT,PS,Y,NO MATCH,0,COCRD,PR,PRIVATE ROOM,P,Y,Y,N,None,IIU4396,2025-05-15 15:42:31.320000,corpsvcmtxcutoverrpt_sql,2025-03-01 04:14:03.220000,xrdcwddbsuip06,MTX_ACOE_Cutover_Reporting,UI_Excel_Select_Xwalk_Source_Accommodations,facility,*ALL*,QXA4067,2026-09-21 01:07:43.228000
2424,COCRD,RB,RENAL CARE INTERMEDIATE,RB,N,NO MATCH,0,COCRD,,,,,N,Y,None,BMB1734,2025-06-05 15:09:20.787000,corpsvcmtxcutoverrpt_sql,2025-03-01 04:14:03.220000,xrdcwddbsuip06,MTX_ACOE_Cutover_Reporting,UI_Excel_Select_Xwalk_Source_Accommodations,facility,*ALL*,QXA4067,2026-09-21 01:07:43.228000
2425,COCRD,RC,RENAL CARE PROGRESSIVE,RC,N,NO MATCH,0,COCRD,,,,,N,Y,None,BMB1734,2025-06-05 15:09:20.853000,corpsvcmtxcutoverrpt_sql,2025-03-01 04:14:03.220000,xrdcwddbsuip06,MTX_ACOE_Cutover_Reporting,UI_Excel_Select_Xwalk_Source_Accommodations,facility,*ALL*,QXA4067,2026-09-21 01:07:43.228000
2426,COCRD,RP,RENAL CARE PRIVATE ROOM,RP,N,NO MATCH,0,COCRD,,,,,N,Y,None,BMB1734,2025-06-05 15:09:20.923000,corpsvcmtxcutoverrpt_sql,2025-03-01 04:14:03.220000,xrdcwddbsuip06,MTX_ACOE_Cutover_Reporting,UI_Excel_Select_Xwalk_Source_Accommodations,facility,*ALL*,QXA4067,2026-09-21 01:07:43.228000
2427,COCRD,RS,REHAB SEMI-PRIVATE,RS,N,NO MATCH,0,COCRD,,,,,N,Y,None,BMB1734,2025-06-05 15:09:20.993000,corpsvcmtxcutoverrpt_sql,2025-03-01 04:14:03.220000,xrdcwddbsuip06,MTX_ACOE_Cutover_Reporting,UI_Excel_Select_Xwalk_Source_Accommodations,facility,*ALL*,QXA4067,2026-09-21 01:07:43.229000
2428,COCRD,S,SEMI-PRIVATE ROOM,S,Y,NO MATCH,0,COCRD,SP,SEMI PRIVATE ROOM,S,Y,Y,N,None,IIU4396,2025-05-15 15:42:31.353000,corpsvcmtxcutoverrpt_sql,2025-03-01 04:14:03.220000,xrdcwddbsuip06,MTX_ACOE_Cutover_Reporting,UI_Excel_Select_Xwalk_Source_Accommodations,facility,*ALL*,QXA4067,2026-09-21 01:07:43.229000
2429,COCRD,SI,SURGICAL ICU,SI,Y,NO MATCH,0,COCRD,IC,INTENSIVE CARE,IC,Y,Y,N,None,IIU4396,2025-05-15 15:42:31.393000,corpsvcmtxcutoverrpt_sql,2025-03-01 04:14:03.220000,xrdcwddbsuip06,MTX_ACOE_Cutover_Reporting,UI_Excel_Select_Xwalk_Source_Accommodations,facility,*ALL*,QXA4067,2026-09-21 01:07:43.229000
2430,COCRD,SP,SEMI-PRIVATE,SP,N,NO MATCH,0,COCRD,,,,,N,Y,None,BMB1734,2025-06-05 15:09:21.063000,corpsvcmtxcutoverrpt_sql,2025-03-01 04:14:03.220000,xrdcwddbsuip06,MTX_ACOE_Cutover_Reporting,UI_Excel_Select_Xwalk_Source_Accommodations,facility,*ALL*,QXA4067,2026-09-21 01:07:43.229000
2431,COCRD,SPEC,SPECIAL CARE BED,SB,Y,NO MATCH,0,COCRD,PR,PRIVATE ROOM,P,Y,Y,N,None,IIU4396,2025-05-15 15:42:31.427000,corpsvcmtxcutoverrpt_sql,2025-03-01 04:14:03.220000,xrdcwddbsuip06,MTX_ACOE_Cutover_Reporting,UI_Excel_Select_Xwalk_Source_Accommodations,facility,*ALL*,QXA4067,2026-09-21 01:07:43.229000
2432,COCRD,SPECP,SPECIALITY BED - PRIVATE,BP,Y,NO MATCH,0,COCRD,PR,PRIVATE ROOM,P,Y,Y,N,None,IIU4396,2025-05-15 15:42:31.457000,corpsvcmtxcutoverrpt_sql,2025-03-01 04:14:03.220000,xrdcwddbsuip06,MTX_ACOE_Cutover_Reporting,UI_Excel_Select_Xwalk_Source_Accommodations,facility,*ALL*,QXA4067,2026-09-21 01:07:43.229000
2433,COCRD,SPECS,SPECIALITY BED - SEMIPRIVATE,BS,Y,NO MATCH,0,COCRD,PR,PRIVATE ROOM,P,Y,Y,N,None,IIU4396,2025-05-15 15:42:31.490000,corpsvcmtxcutoverrpt_sql,2025-03-01 04:14:03.220000,xrdcwddbsuip06,MTX_ACOE_Cutover_Reporting,UI_Excel_Select_Xwalk_Source_Accommodations,facility,*ALL*,QXA4067,2026-09-21 01:07:43.229000
2434,COCRD,TEL,STEPDOWN/TEL,TE,Y,NO MATCH,0,COCRD,TEL,TELEMETRY,TE,Y,Y,N,None,IIU4396,2025-05-15 15:42:31.520000,corpsvcmtxcutoverrpt_sql,2025-03-01 04:14:03.220000,xrdcwddbsuip06,MTX_ACOE_Cutover_Reporting,UI_Excel_Select_Xwalk_Source_Accommodations,facility,*ALL*,QXA4067,2026-09-21 01:07:43.229000
2435,COCRD,TR,TRAUMA,TR,Y,NO MATCH,0,COCRD,IC,INTENSIVE CARE,IC,Y,Y,N,None,IIU4396,2025-05-15 15:42:31.550000,corpsvcmtxcutoverrpt_sql,2025-03-01 04:14:03.220000,xrdcwddbsuip06,MTX_ACOE_Cutover_Reporting,UI_Excel_Select_Xwalk_Source_Accommodations,facility,*ALL*,QXA4067,2026-09-21 01:07:43.229000
2436,COCSAA,BB,BORDER BABY,BB,Y,NO MATCH,0,COCSAA,L1,NEWBORN LEVEL I CARE,L1,Y,Y,N,None,IIU4396,2025-05-15 15:49:36.510000,HCA\IIU4396,2024-10-15 11:46:47.723000,xrdcwddbsuip06,MTX_ACOE_Cutover_Reporting,UI_Excel_Select_Xwalk_Source_Accommodations,facility,*ALL*,QXA4067,2026-09-21 01:07:43.229000
2437,COCSAA,D,SEMI PRIVATE DETOX,D,Y,NO MATCH,0,COCSAA,D,DETOX,D,Y,Y,N,None,IIU4396,2025-05-15 15:49:36.547000,HCA\IIU4396,2024-10-15 11:46:47.723000,xrdcwddbsuip06,MTX_ACOE_Cutover_Reporting,UI_Excel_Select_Xwalk_Source_Accommodations,facility,*ALL*,QXA4067,2026-09-21 01:07:43.229000
2438,COCSAA,ER,EMERGENCY ROOM,ER,Y,NO MATCH,0,COCSAA,PR,PRIVATE ROOM,P,Y,Y,N,None,IIU4396,2025-05-15 15:49:36.580000,HCA\IIU4396,2024-10-15 11:46:47.723000,xrdcwddbsuip06,MTX_ACOE_Cutover_Reporting,UI_Excel_Select_Xwalk_Source_Accommodations,facility,*ALL*,QXA4067,2026-09-21 01:07:43.229000
2439,COCSAA,ER ICU,ER ICU,EI,Y,NO MATCH,0,COCSAA,IC,INTENSIVE CARE,IC,Y,Y,N,None,IIU4396,2025-05-15 15:49:36.620000,HCA\IIU4396,2024-10-15 11:46:47.723000,xrdcwddbsuip06,MTX_ACOE_Cutover_Reporting,UI_Excel_Select_Xwalk_Source_Accommodations,facility,*ALL*,QXA4067,2026-09-21 01:07:43.229000
2440,COCSAA,ER TEL,ER HOLD TELEMETRY,ET,Y,NO MATCH,0,COCSAA,TEL,TELEMETRY,TE,Y,Y,N,None,IIU4396,2025-05-15 15:49:36.653000,HCA\IIU4396,2024-10-15 11:46:47.723000,xrdcwddbsuip06,MTX_ACOE_Cutover_Reporting,UI_Excel_Select_Xwalk_Source_Accommodations,facility,*ALL*,QXA4067,2026-09-21 01:07:43.229000
2441,COCSAA,GYN,WOMEN'S SERVICES,GY,Y,NO MATCH,0,COCSAA,SP,SEMI PRIVATE ROOM,S,Y,Y,N,None,IIU4396,2025-05-15 15:49:36.693000,HCA\IIU4396,2024-10-15 11:46:47.723000,xrdcwddbsuip06,MTX_ACOE_Cutover_Reporting,UI_Excel_Select_Xwalk_Source_Accommodations,facility,*ALL*,QXA4067,2026-09-21 01:07:43.229000
2442,COCSAA,ICU,ICU,IC,Y,NO MATCH,0,COCSAA,IC,INTENSIVE CARE,IC,Y,Y,N,None,IIU4396,2025-05-15 15:49:36.730000,HCA\IIU4396,2024-10-15 11:46:47.723000,xrdcwddbsuip06,MTX_ACOE_Cutover_Reporting,UI_Excel_Select_Xwalk_Source_Accommodations,facility,*ALL*,QXA4067,2026-09-21 01:07:43.229000
2443,COCSAA,IS,ISOLATION,IS,Y,NO MATCH,0,COCSAA,PR,PRIVATE ROOM,P,Y,Y,N,None,IIU4396,2025-05-15 15:49:36.763000,HCA\IIU4396,2024-10-15 11:46:47.723000,xrdcwddbsuip06,MTX_ACOE_Cutover_Reporting,UI_Excel_Select_Xwalk_Source_Accommodations,facility,*ALL*,QXA4067,2026-09-21 01:07:43.229000
2444,COCSAA,L1,NEWBORN,L1,Y,NO MATCH,0,COCSAA,L1,NEWBORN LEVEL I CARE,L1,Y,Y,N,None,KSI8889,2025-06-09 06:47:13.343000,HCA\IIU4396,2024-10-15 11:46:47.723000,xrdcwddbsuip06,MTX_ACOE_Cutover_Reporting,UI_Excel_Select_Xwalk_Source_Accommodations,facility,*ALL*,QXA4067,2026-09-21 01:07:43.229000
2445,COCSAA,L2,NEWBORN LEVEL II,L2,Y,NO MATCH,0,COCSAA,L2,NEWBORN LEVEL II CARE,L2,Y,Y,N,None,IIU4396,2025-05-15 15:49:36.803000,HCA\IIU4396,2024-10-15 11:46:47.723000,xrdcwddbsuip06,MTX_ACOE_Cutover_Reporting,UI_Excel_Select_Xwalk_Source_Accommodations,facility,*ALL*,QXA4067,2026-09-21 01:07:43.229000
2446,COCSAA,L3,NEWBORN NICU LEVEL III,L3,Y,NO MATCH,0,COCSAA,L3,NEWBORN LEVEL III CARE,L3,Y,Y,N,None,IIU4396,2025-05-15 15:49:36.840000,HCA\IIU4396,2024-10-15 11:46:47.723000,xrdcwddbsuip06,MTX_ACOE_Cutover_Reporting,UI_Excel_Select_Xwalk_Source_Accommodations,facility,*ALL*,QXA4067,2026-09-21 01:07:43.229000
2447,COCSAA,L4,NEWBORN NICU LEVEL IV,L4,Y,NO MATCH,0,COCSAA,L4,NEWBORN LEVEL IV CARE,L4,Y,Y,N,None,IIU4396,2025-05-15 15:49:36.877000,HCA\IIU4396,2024-10-15 11:46:47.723000,xrdcwddbsuip06,MTX_ACOE_Cutover_Reporting,UI_Excel_Select_Xwalk_Source_Accommodations,facility,*ALL*,QXA4067,2026-09-21 01:07:43.229000
2448,COCSAA,LD,LABOR AND DELIVERY,LD,Y,NO MATCH,0,COCSAA,LD,LABOR AND DELIVERY,LD,Y,Y,N,None,IIU4396,2025-05-15 15:49:36.913000,HCA\IIU4396,2024-10-15 11:46:47.723000,xrdcwddbsuip06,MTX_ACOE_Cutover_Reporting,UI_Excel_Select_Xwalk_Source_Accommodations,facility,*ALL*,QXA4067,2026-09-21 01:07:43.229000
2449,COCSAA,N1,NICU LEVEL 1,N1,N,NO MATCH,0,COCSAA,,,,,N,Y,None,JKB0282,2025-04-29 15:47:16.790000,HCA\IIU4396,2024-10-15 11:46:47.723000,xrdcwddbsuip06,MTX_ACOE_Cutover_Reporting,UI_Excel_Select_Xwalk_Source_Accommodations,facility,*ALL*,QXA4067,2026-09-21 01:07:43.229000
2450,COCSAA,N2,NICU LEVEL 2,N2,N,NO MATCH,0,COCSAA,,,,,N,Y,None,JKB0282,2025-04-29 15:47:16.887000,HCA\IIU4396,2024-10-15 11:46:47.723000,xrdcwddbsuip06,MTX_ACOE_Cutover_Reporting,UI_Excel_Select_Xwalk_Source_Accommodations,facility,*ALL*,QXA4067,2026-09-21 01:07:43.229000
2451,COCSAA,N3,NICU LEVEL 3,N3,N,NO MATCH,0,COCSAA,,,,,N,Y,None,JKB0282,2025-04-29 15:47:16.987000,HCA\IIU4396,2024-10-15 11:46:47.723000,xrdcwddbsuip06,MTX_ACOE_Cutover_Reporting,UI_Excel_Select_Xwalk_Source_Accommodations,facility,*ALL*,QXA4067,2026-09-21 01:07:43.229000
2452,COCSAA,NB,NEWBORN WELL BABY,NB,Y,NO MATCH,0,COCSAA,L1,NEWBORN LEVEL I CARE,L1,Y,Y,N,None,PDC2902,2025-06-09 07:36:42.187000,HCA\IIU4396,2024-10-15 11:46:47.723000,xrdcwddbsuip06,MTX_ACOE_Cutover_Reporting,UI_Excel_Select_Xwalk_Source_Accommodations,facility,*ALL*,QXA4067,2026-09-21 01:07:43.229000
2453,COCSAA,OB,OBSTETRICS,OB,Y,NO MATCH,0,COCSAA,SP,SEMI PRIVATE ROOM,S,Y,Y,N,None,IIU4396,2025-05-15 15:49:36.993000,HCA\IIU4396,2024-10-15 11:46:47.723000,xrdcwddbsuip06,MTX_ACOE_Cutover_Reporting,UI_Excel_Select_Xwalk_Source_Accommodations,facility,*ALL*,QXA4067,2026-09-21 01:07:43.229000
2454,COCSAA,P,PRIVATE ROOM,P,Y,NO MATCH,0,COCSAA,PR,PRIVATE ROOM,P,Y,Y,N,None,IIU4396,2025-05-15 15:49:37.030000,HCA\IIU4396,2024-10-15 11:46:47.723000,xrdcwddbsuip06,MTX_ACOE_Cutover_Reporting,UI_Excel_Select_Xwalk_Source_Accommodations,facility,*ALL*,QXA4067,2026-09-21 01:07:43.229000
2455,COCSAA,PC,PROGRESSIVE CARE,PC,Y,NO MATCH,0,COCSAA,PC,PROGRESSIVE CARE,PC,Y,Y,N,None,IIU4396,2025-05-15 15:49:37.067000,HCA\IIU4396,2024-10-15 11:46:47.723000,xrdcwddbsuip06,MTX_ACOE_Cutover_Reporting,UI_Excel_Select_Xwalk_Source_Accommodations,facility,*ALL*,QXA4067,2026-09-21 01:07:43.230000
2456,COCSAA,PED,PEDIATRICS,PD,Y,NO MATCH,0,COCSAA,SP,SEMI PRIVATE ROOM,S,Y,Y,N,None,IIU4396,2025-05-15 15:49:37.103000,HCA\IIU4396,2024-10-15 11:46:47.723000,xrdcwddbsuip06,MTX_ACOE_Cutover_Reporting,UI_Excel_Select_Xwalk_Source_Accommodations,facility,*ALL*,QXA4067,2026-09-21 01:07:43.230000
2457,COCSAA,PED ISOL,PEDIATRIC ISOLATION BED,PI,N,NO MATCH,0,COCSAA,,,,,N,Y,None,KSI8889,2025-06-09 07:07:16.130000,corpsvcmtxcutoverrpt_sql,2025-04-26 04:14:05.357000,xrdcwddbsuip06,MTX_ACOE_Cutover_Reporting,UI_Excel_Select_Xwalk_Source_Accommodations,facility,*ALL*,QXA4067,2026-09-21 01:07:43.230000
2458,COCSAA,PED SPEC,PEDIATRIC SPECIAL CARE BED,SC,N,NO MATCH,0,COCSAA,,,,,N,Y,None,JKB0282,2025-04-29 15:47:17.183000,HCA\IIU4396,2024-10-15 11:46:47.723000,xrdcwddbsuip06,MTX_ACOE_Cutover_Reporting,UI_Excel_Select_Xwalk_Source_Accommodations,facility,*ALL*,QXA4067,2026-09-21 01:07:43.230000
2459,COCSAA,PSYCH,PSYCHIATRIC PRIVATE,PY,Y,NO MATCH,0,COCSAA,BH,BEHAVIORAL HEALTH,PY,Y,Y,N,None,IIU4396,2025-05-15 15:49:37.137000,HCA\IIU4396,2024-10-15 11:46:47.723000,xrdcwddbsuip06,MTX_ACOE_Cutover_Reporting,UI_Excel_Select_Xwalk_Source_Accommodations,facility,*ALL*,QXA4067,2026-09-21 01:07:43.230000
2460,COCSAA,PSYCH IS,PSYCH ISOLATION,PS,Y,NO MATCH,0,COCSAA,BH,BEHAVIORAL HEALTH,PY,Y,Y,N,None,IIU4396,2025-05-15 15:49:37.173000,HCA\IIU4396,2024-10-15 11:46:47.723000,xrdcwddbsuip06,MTX_ACOE_Cutover_Reporting,UI_Excel_Select_Xwalk_Source_Accommodations,facility,*ALL*,QXA4067,2026-09-21 01:07:43.230000
2461,COCSAA,PSYP,PSYCHIATRIC PRIVATE,PP,Y,NO MATCH,0,COCSAA,BH,BEHAVIORAL HEALTH,PY,Y,Y,N,None,IIU4396,2025-05-15 15:49:37.207000,HCA\IIU4396,2024-10-15 11:46:47.723000,xrdcwddbsuip06,MTX_ACOE_Cutover_Reporting,UI_Excel_Select_Xwalk_Source_Accommodations,facility,*ALL*,QXA4067,2026-09-21 01:07:43.230000
2462,COCSAA,S,SEMI-PRIVATE ROOM,S,Y,NO MATCH,0,COCSAA,SP,SEMI PRIVATE ROOM,S,Y,Y,N,None,IIU4396,2025-05-15 15:49:37.243000,HCA\IIU4396,2024-10-15 11:46:47.723000,xrdcwddbsuip06,MTX_ACOE_Cutover_Reporting,UI_Excel_Select_Xwalk_Source_Accommodations,facility,*ALL*,QXA4067,2026-09-21 01:07:43.230000
2463,COCSAA,SPEC,SPECIAL CARE BED,SB,Y,NO MATCH,0,COCSAA,SP,SEMI PRIVATE ROOM,S,Y,Y,N,None,IIU4396,2025-05-15 15:49:37.280000,HCA\IIU4396,2024-10-15 11:46:47.723000,xrdcwddbsuip06,MTX_ACOE_Cutover_Reporting,UI_Excel_Select_Xwalk_Source_Accommodations,facility,*ALL*,QXA4067,2026-09-21 01:07:43.230000
2464,COCSAA,SUR,SURGICAL POST OP INPATIENT,SU,Y,NO MATCH,0,COCSAA,SP,SEMI PRIVATE ROOM,S,Y,Y,N,None,IIU4396,2025-05-15 15:49:37.313000,HCA\IIU4396,2024-10-15 11:46:47.723000,xrdcwddbsuip06,MTX_ACOE_Cutover_Reporting,UI_Excel_Select_Xwalk_Source_Accommodations,facility,*ALL*,QXA4067,2026-09-21 01:07:43.230000
2465,COCSAA,TEL,STEPDOWN/TEL,TE,Y,NO MATCH,0,COCSAA,TEL,TELEMETRY,TE,Y,Y,N,None,IIU4396,2025-05-15 15:49:37.360000,HCA\IIU4396,2024-10-15 11:46:47.723000,xrdcwddbsuip06,MTX_ACOE_Cutover_Reporting,UI_Excel_Select_Xwalk_Source_Accommodations,facility,*ALL*,QXA4067,2026-09-21 01:07:43.230000
2466,COCSHA,BH,BEHAVIORAL HEALTH,BH,N,NO MATCH,0,COCSS,*,Not In Expanse,,,Y,Y,None,JKB0282,2025-04-29 15:47:17.287000,HCA\HGE3782,2024-09-13 07:27:26.987000,xrdcwddbsuip06,MTX_ACOE_Cutover_Reporting,UI_Excel_Select_Xwalk_Source_Accommodations,facility,*ALL*,QXA4067,2026-09-21 01:07:43.230000
2467,COCSHA,ICU,INTENSIVE CARE UNIT,IC,N,NO MATCH,0,COCSS,IC,INTENSIVE CARE,IC,Y,N,N,None,UDP4850,2024-09-15 18:11:44.377000,corpsvcmtxcutoverrpt_sql,2025-05-29 04:14:05.963000,xrdcwddbsuip06,MTX_ACOE_Cutover_Reporting,UI_Excel_Select_Xwalk_Source_Accommodations,facility,*ALL*,QXA4067,2026-09-21 01:07:43.230000
2468,COCSHA,L2,NURSERY LEVEL II,L2,N,NO MATCH,0,COCSS,L2,NEWBORN LEVEL II CARE,L2,Y,N,N,None,HGE3782,2024-09-13 16:49:59.430000,corpsvcmtxcutoverrpt_sql,2025-05-29 04:14:05.963000,xrdcwddbsuip06,MTX_ACOE_Cutover_Reporting,UI_Excel_Select_Xwalk_Source_Accommodations,facility,*ALL*,QXA4067,2026-09-21 01:07:43.230000
2469,COCSHA,L3,NURSERY NICU LEVEL III,L3,N,NO MATCH,0,COCSS,L3,NEWBORN LEVEL III CARE,L3,Y,N,N,None,HGE3782,2024-09-13 16:49:59.443000,corpsvcmtxcutoverrpt_sql,2025-05-29 04:14:05.963000,xrdcwddbsuip06,MTX_ACOE_Cutover_Reporting,UI_Excel_Select_Xwalk_Source_Accommodations,facility,*ALL*,QXA4067,2026-09-21 01:07:43.230000
2470,COCSHA,LD,LABOR/DELIVERY,LD,N,NO MATCH,0,COCSS,LD,LABOR AND DELIVERY,LD,Y,N,N,None,HGE3782,2024-09-13 16:49:59.450000,corpsvcmtxcutoverrpt_sql,2025-05-29 04:14:05.963000,xrdcwddbsuip06,MTX_ACOE_Cutover_Reporting,UI_Excel_Select_Xwalk_Source_Accommodations,facility,*ALL*,QXA4067,2026-09-21 01:07:43.230000
2471,COCSHA,MEDSURG,MEDICAL SURGICAL SERVICES,MS,N,NO MATCH,0,COCSS,,,,,N,Y,None,JKB0282,2025-04-29 15:47:17.383000,HCA\HGE3782,2024-09-13 07:27:26.987000,xrdcwddbsuip06,MTX_ACOE_Cutover_Reporting,UI_Excel_Select_Xwalk_Source_Accommodations,facility,*ALL*,QXA4067,2026-09-21 01:07:43.230000
2472,COCSHA,N1,LEVEL 1 NICU,N1,N,NO MATCH,0,COCSS,*,Not In Expanse,,,Y,Y,None,JKB0282,2025-04-29 15:47:17.480000,HCA\HGE3782,2024-09-13 07:27:26.987000,xrdcwddbsuip06,MTX_ACOE_Cutover_Reporting,UI_Excel_Select_Xwalk_Source_Accommodations,facility,*ALL*,QXA4067,2026-09-21 01:07:43.230000
2473,COCSHA,N2,LEVEL 2 NICU,N2,N,NO MATCH,0,COCSS,*,Not In Expanse,,,Y,Y,None,JKB0282,2025-04-29 15:47:17.577000,HCA\HGE3782,2024-09-13 07:27:26.987000,xrdcwddbsuip06,MTX_ACOE_Cutover_Reporting,UI_Excel_Select_Xwalk_Source_Accommodations,facility,*ALL*,QXA4067,2026-09-21 01:07:43.230000
2474,COCSHA,N3,LEVEL 3 NICU,N3,N,NO MATCH,0,COCSS,*,Not In Expanse,,,Y,Y,None,JKB0282,2025-04-29 15:47:17.680000,HCA\HGE3782,2024-09-13 07:27:26.987000,xrdcwddbsuip06,MTX_ACOE_Cutover_Reporting,UI_Excel_Select_Xwalk_Source_Accommodations,facility,*ALL*,QXA4067,2026-09-21 01:07:43.230000
2475,COCSHA,NB,NEWBORN,NU,N,NO MATCH,0,COCSS,L1,NEWBORN LEVEL I CARE,L1,Y,N,N,None,IIU4396,2024-12-09 16:37:33.807000,corpsvcmtxcutoverrpt_sql,2025-05-29 04:14:05.963000,xrdcwddbsuip06,MTX_ACOE_Cutover_Reporting,UI_Excel_Select_Xwalk_Source_Accommodations,facility,*ALL*,QXA4067,2026-09-21 01:07:43.230000
2476,COCSHA,OBPP,OB POST PARTUM,OB,N,NO MATCH,0,COCSS,*,Not In Expanse,,,Y,Y,None,JKB0282,2025-04-29 15:47:17.777000,HCA\HGE3782,2024-09-13 07:27:26.987000,xrdcwddbsuip06,MTX_ACOE_Cutover_Reporting,UI_Excel_Select_Xwalk_Source_Accommodations,facility,*ALL*,QXA4067,2026-09-21 01:07:43.230000
2477,COCSHA,P,PRIVATE ROOM,P,N,NO MATCH,0,COCSS,PR,PRIVATE ROOM,P,Y,N,N,None,HGE3782,2024-09-13 16:49:59.503000,corpsvcmtxcutoverrpt_sql,2025-05-29 04:14:05.963000,xrdcwddbsuip06,MTX_ACOE_Cutover_Reporting,UI_Excel_Select_Xwalk_Source_Accommodations,facility,*ALL*,QXA4067,2026-09-21 01:07:43.230000
2478,COCSHA,PCU,PROGRESSIVE CARE UNIT,PC,N,NO MATCH,0,COCSS,PC,PROGRESSIVE CARE,PC,Y,N,N,None,HGE3782,2024-09-13 16:49:59.510000,corpsvcmtxcutoverrpt_sql,2025-05-29 04:14:05.963000,xrdcwddbsuip06,MTX_ACOE_Cutover_Reporting,UI_Excel_Select_Xwalk_Source_Accommodations,facility,*ALL*,QXA4067,2026-09-21 01:07:43.230000
2479,COCSHA,PED,PEDIATRICS,PE,N,NO MATCH,0,COCSS,PR,PRIVATE ROOM,P,Y,N,N,None,UDP4850,2024-09-15 18:11:44.410000,corpsvcmtxcutoverrpt_sql,2025-05-29 04:14:05.963000,xrdcwddbsuip06,MTX_ACOE_Cutover_Reporting,UI_Excel_Select_Xwalk_Source_Accommodations,facility,*ALL*,QXA4067,2026-09-21 01:07:43.230000
2480,COCSHA,S,SEMI-PRIVATE ROOM,S,N,NO MATCH,0,COCSS,,,,,N,Y,None,JKB0282,2025-04-29 15:47:17.887000,HCA\HGE3782,2024-09-13 07:27:26.987000,xrdcwddbsuip06,MTX_ACOE_Cutover_Reporting,UI_Excel_Select_Xwalk_Source_Accommodations,facility,*ALL*,QXA4067,2026-09-21 01:07:43.230000
2481,COCSHA,TEL,TELEMETRY,TE,N,NO MATCH,0,COCSS,TEL,TELEMETRY,TE,Y,N,N,None,HGE3782,2024-09-13 16:49:59.533000,corpsvcmtxcutoverrpt_sql,2025-05-29 04:14:05.963000,xrdcwddbsuip06,MTX_ACOE_Cutover_Reporting,UI_Excel_Select_Xwalk_Source_Accommodations,facility,*ALL*,QXA4067,2026-09-21 01:07:43.230000
2482,COCSHA,TRAUMA,TRAUMA,TM,N,NO MATCH,0,COCSS,*,Not In Expanse,,,Y,Y,None,JKB0282,2025-04-29 15:47:17.987000,HCA\HGE3782,2024-09-13 07:27:26.987000,xrdcwddbsuip06,MTX_ACOE_Cutover_Reporting,UI_Excel_Select_Xwalk_Source_Accommodations,facility,*ALL*,QXA4067,2026-09-21 01:07:43.230000
2483,COCSN,DX,DETOX,DX,Y,NO MATCH,0,COCSN,,,,,N,N,None,,,corpsvcmtxcutoverrpt_sql,2026-09-17 18:45:52.730000,xrdcwddbsuip06,MTX_ACOE_Cutover_Reporting,UI_Excel_Select_Xwalk_Source_Accommodations,facility,*ALL*,QXA4067,2026-09-21 01:07:43.230000
2484,COCSN,EC,ECMO,EC,Y,NO MATCH,0,COCSN,,,,,N,N,None,,,corpsvcmtxcutoverrpt_sql,2026-09-17 18:45:52.730000,xrdcwddbsuip06,MTX_ACOE_Cutover_Reporting,UI_Excel_Select_Xwalk_Source_Accommodations,facility,*ALL*,QXA4067,2026-09-21 01:07:43.230000
2485,COCSN,HOLD,HOLD PATIENTS,H,Y,NO MATCH,0,COCSN,,,,,N,N,None,,,corpsvcmtxcutoverrpt_sql,2026-09-17 18:45:52.730000,xrdcwddbsuip06,MTX_ACOE_Cutover_Reporting,UI_Excel_Select_Xwalk_Source_Accommodations,facility,*ALL*,QXA4067,2026-09-21 01:07:43.231000
2486,COCSN,I,INTENSIVE CARE,IC,Y,NO MATCH,0,COCSN,,,,,N,N,None,,,corpsvcmtxcutoverrpt_sql,2026-09-17 18:45:52.730000,xrdcwddbsuip06,MTX_ACOE_Cutover_Reporting,UI_Excel_Select_Xwalk_Source_Accommodations,facility,*ALL*,QXA4067,2026-09-21 01:07:43.231000
2487,COCSN,J,PRIVATE - MEDICALLY JUSTIFIED,J,Y,NO MATCH,0,COCSN,,,,,N,N,None,,,corpsvcmtxcutoverrpt_sql,2026-09-17 18:45:52.730000,xrdcwddbsuip06,MTX_ACOE_Cutover_Reporting,UI_Excel_Select_Xwalk_Source_Accommodations,facility,*ALL*,QXA4067,2026-09-21 01:07:43.231000
2488,COCSN,M,CORONARY CARE,CC,Y,NO MATCH,0,COCSN,,,,,N,N,None,,,corpsvcmtxcutoverrpt_sql,2026-09-17 18:45:52.730000,xrdcwddbsuip06,MTX_ACOE_Cutover_Reporting,UI_Excel_Select_Xwalk_Source_Accommodations,facility,*ALL*,QXA4067,2026-09-21 01:07:43.231000
2489,COCSN,MSO,MED SURG OVERFLOW,MS,Y,NO MATCH,0,COCSN,,,,,N,N,None,,,corpsvcmtxcutoverrpt_sql,2026-09-17 18:45:52.730000,xrdcwddbsuip06,MTX_ACOE_Cutover_Reporting,UI_Excel_Select_Xwalk_Source_Accommodations,facility,*ALL*,QXA4067,2026-09-21 01:07:43.231000
2490,COCSN,P,PRIVATE  ROOM,P,Y,NO MATCH,0,COCSN,,,,,N,N,None,,,corpsvcmtxcutoverrpt_sql,2026-09-17 18:45:52.730000,xrdcwddbsuip06,MTX_ACOE_Cutover_Reporting,UI_Excel_Select_Xwalk_Source_Accommodations,facility,*ALL*,QXA4067,2026-09-21 01:07:43.231000
2491,COCSN,PCU,PROGRESSIVE CARE,PU,Y,NO MATCH,0,COCSN,,,,,N,N,None,,,corpsvcmtxcutoverrpt_sql,2026-09-17 18:45:52.730000,xrdcwddbsuip06,MTX_ACOE_Cutover_Reporting,UI_Excel_Select_Xwalk_Source_Accommodations,facility,*ALL*,QXA4067,2026-09-21 01:07:43.231000
2492,COCSN,PDU,PSYCHIATRIC DECISION UNIT,PD,Y,NO MATCH,0,COCSN,,,,,N,N,None,,,corpsvcmtxcutoverrpt_sql,2026-09-17 18:45:52.730000,xrdcwddbsuip06,MTX_ACOE_Cutover_Reporting,UI_Excel_Select_Xwalk_Source_Accommodations,facility,*ALL*,QXA4067,2026-09-21 01:07:43.231000
2493,COCSN,PS,PSYCHIATRIC,PS,Y,NO MATCH,0,COCSN,,,,,N,N,None,,,corpsvcmtxcutoverrpt_sql,2026-09-17 18:45:52.730000,xrdcwddbsuip06,MTX_ACOE_Cutover_Reporting,UI_Excel_Select_Xwalk_Source_Accommodations,facility,*ALL*,QXA4067,2026-09-21 01:07:43.231000
2494,COCSN,S,SEMI-PRIVATE ROOM,S,Y,NO MATCH,0,COCSN,,,,,N,N,None,,,corpsvcmtxcutoverrpt_sql,2026-09-17 18:45:52.730000,xrdcwddbsuip06,MTX_ACOE_Cutover_Reporting,UI_Excel_Select_Xwalk_Source_Accommodations,facility,*ALL*,QXA4067,2026-09-21 01:07:43.231000
2495,COCSN,T,TELEMETRY,TL,Y,NO MATCH,0,COCSN,,,,,N,N,None,,,corpsvcmtxcutoverrpt_sql,2026-09-17 18:45:52.730000,xrdcwddbsuip06,MTX_ACOE_Cutover_Reporting,UI_Excel_Select_Xwalk_Source_Accommodations,facility,*ALL*,QXA4067,2026-09-21 01:07:43.231000
2496,COCSN,TNIC,TRANSPLANT ICU,TI,Y,NO MATCH,0,COCSN,,,,,N,N,None,,,corpsvcmtxcutoverrpt_sql,2026-09-17 18:45:52.730000,xrdcwddbsuip06,MTX_ACOE_Cutover_Reporting,UI_Excel_Select_Xwalk_Source_Accommodations,facility,*ALL*,QXA4067,2026-09-21 01:07:43.231000
2497,COCSN,TNIM,TRANSPLANT INTERMEDIATE,IT,Y,NO MATCH,0,COCSN,,,,,N,N,None,,,corpsvcmtxcutoverrpt_sql,2026-09-17 18:45:52.730000,xrdcwddbsuip06,MTX_ACOE_Cutover_Reporting,UI_Excel_Select_Xwalk_Source_Accommodations,facility,*ALL*,QXA4067,2026-09-21 01:07:43.231000
2498,COCSN,W,WARD,W,N,NO MATCH,0,COCSN,,,,,N,N,None,,,corpsvcmtxcutoverrpt_sql,2026-09-17 18:45:52.730000,xrdcwddbsuip06,MTX_ACOE_Cutover_Reporting,UI_Excel_Select_Xwalk_Source_Accommodations,facility,*ALL*,QXA4067,2026-09-21 01:07:43.231000
2499,COCSO,I,INTENSIVE CARE,IC,Y,"TEST (2025-12-11),ZCON (2026-04-21),LIVE (2026-02-12)",0,COCSO,IC,INTENSIVE CARE,IC,Y,Y,N,None,HGE3782,2025-10-01 11:33:09.487000,corpsvcmtxcutoverrpt_sql,2025-09-04 08:38:18.993000,xrdcwddbsuip06,MTX_ACOE_Cutover_Reporting,UI_Excel_Select_Xwalk_Source_Accommodations,facility,*ALL*,QXA4067,2026-09-21 01:07:43.231000
2500,COCSO,OF,OVERFLOW PRIVATE,OF,Y,"TEST (2025-12-11),ZCON (2026-04-21),LIVE (2026-02-12)",0,COCSO,MS,MED SURG,MS,Y,Y,N,None,HGE3782,2025-10-01 11:33:09.500000,corpsvcmtxcutoverrpt_sql,2025-09-04 08:38:18.993000,xrdcwddbsuip06,MTX_ACOE_Cutover_Reporting,UI_Excel_Select_Xwalk_Source_Accommodations,facility,*ALL*,QXA4067,2026-09-21 01:07:43.231000
2501,COCSO,P,PRIVATE ROOM,P,Y,"TEST (2025-12-11),ZCON (2026-04-21),LIVE (2026-02-12)",0,COCSO,PR,PRIVATE ROOM,P,Y,Y,N,None,HGE3782,2025-10-01 11:33:09.510000,corpsvcmtxcutoverrpt_sql,2025-09-04 08:38:18.993000,xrdcwddbsuip06,MTX_ACOE_Cutover_Reporting,UI_Excel_Select_Xwalk_Source_Accommodations,facility,*ALL*,QXA4067,2026-09-21 01:07:43.231000
2502,COCSO,PC,PROGRESSIVE CARE UNIT,PC,Y,"TEST (2025-12-11),ZCON (2026-04-21),LIVE (2026-02-12)",0,COCSO,PC,PROGRESSIVE CARE,PC,Y,Y,N,None,HGE3782,2025-10-01 11:33:09.523000,corpsvcmtxcutoverrpt_sql,2025-09-04 08:38:18.993000,xrdcwddbsuip06,MTX_ACOE_Cutover_Reporting,UI_Excel_Select_Xwalk_Source_Accommodations,facility,*ALL*,QXA4067,2026-09-21 01:07:43.231000
2503,COCSO,RP,REHAB PRIVATE,RP,Y,"TEST (2025-12-11),ZCON (2026-04-21),LIVE (2026-02-12)",0,COCSO,RP,REHAB PRIVATE,RP,Y,Y,N,None,HGE3782,2025-10-01 11:33:09.537000,corpsvcmtxcutoverrpt_sql,2025-09-04 08:38:18.993000,xrdcwddbsuip06,MTX_ACOE_Cutover_Reporting,UI_Excel_Select_Xwalk_Source_Accommodations,facility,*ALL*,QXA4067,2026-09-21 01:07:43.231000
2504,COCSUM,___N/A___20260803080355,Net New Expanse Accommodation--no MT56 data,,N,NO MATCH,0,COCSUM,LDHR,LABOR AND DELIVERY HIGH RISK,LR,Y,Y,N,None,IIU4396,2026-08-03 15:56:14.837000,HCA\IIU4396,2026-08-03 15:55:02.250000,xrdcwddbsuip06,MTX_ACOE_Cutover_Reporting,UI_Excel_Select_Xwalk_Source_Accommodations,facility,*ALL*,QXA4067,2026-09-21 01:07:43.231000
2505,COCSUM,___N/A___20260914134215,Net New Expanse Accommodation--no MT56 data,___,N,NO MATCH,0,COCSUM,,,,,N,Y,None,BMB1734,2026-09-14 13:43:01.287000,HCA\BMB1734,2026-09-14 13:42:15.887000,xrdcwddbsuip06,MTX_ACOE_Cutover_Reporting,UI_Excel_Select_Xwalk_Source_Accommodations,facility,*ALL*,QXA4067,2026-09-21 01:07:43.231000
2506,COCSUM,B,NEWBORN,B,N,NO MATCH,0,COCSUM,,,,,N,Y,None,BMB1734,2026-08-03 14:08:02.680000,corpsvcmtxcutoverrpt_sql,2026-05-28 03:00:05.110000,xrdcwddbsuip06,MTX_ACOE_Cutover_Reporting,UI_Excel_Select_Xwalk_Source_Accommodations,facility,*ALL*,QXA4067,2026-09-21 01:07:43.231000
2507,COCSUM,EC,ECMO,EC,Y,NO MATCH,0,COCSUM,,,,,N,Y,None,BMB1734,2026-08-03 15:42:21.423000,corpsvcmtxcutoverrpt_sql,2026-05-28 03:00:05.110000,xrdcwddbsuip06,MTX_ACOE_Cutover_Reporting,UI_Excel_Select_Xwalk_Source_Accommodations,facility,*ALL*,QXA4067,2026-09-21 01:07:43.231000
2508,COCSUM,EHC,ER HOLDING CRITICAL,H1,N,NO MATCH,0,COCSUM,,,,,N,Y,None,BMB1734,2026-08-03 14:08:02.753000,corpsvcmtxcutoverrpt_sql,2026-05-28 03:00:05.110000,xrdcwddbsuip06,MTX_ACOE_Cutover_Reporting,UI_Excel_Select_Xwalk_Source_Accommodations,facility,*ALL*,QXA4067,2026-09-21 01:07:43.231000
2509,COCSUM,EHM,ER HOLDING MED-SURG,H4,N,NO MATCH,0,COCSUM,,,,,N,Y,None,BMB1734,2026-08-03 14:08:02.827000,corpsvcmtxcutoverrpt_sql,2026-05-28 03:00:05.110000,xrdcwddbsuip06,MTX_ACOE_Cutover_Reporting,UI_Excel_Select_Xwalk_Source_Accommodations,facility,*ALL*,QXA4067,2026-09-21 01:07:43.231000
2510,COCSUM,EHP,ER HOLDING PEDIATRICS,H3,N,NO MATCH,0,COCSUM,,,,,N,Y,None,BMB1734,2026-08-03 14:08:02.900000,corpsvcmtxcutoverrpt_sql,2026-05-28 03:00:05.110000,xrdcwddbsuip06,MTX_ACOE_Cutover_Reporting,UI_Excel_Select_Xwalk_Source_Accommodations,facility,*ALL*,QXA4067,2026-09-21 01:07:43.231000
2511,COCSUM,EHT,ER HOLDING TELEMETRY,H2,N,NO MATCH,0,COCSUM,,,,,N,Y,None,BMB1734,2026-08-03 14:08:02.973000,corpsvcmtxcutoverrpt_sql,2026-05-28 03:00:05.110000,xrdcwddbsuip06,MTX_ACOE_Cutover_Reporting,UI_Excel_Select_Xwalk_Source_Accommodations,facility,*ALL*,QXA4067,2026-09-21 01:07:43.231000
2512,COCSUM,IC,INTENSIVE CARE,IC,Y,NO MATCH,6,COCSUM,IC,INTENSIVE CARE,IC,Y,Y,N,None,BMB1734,2026-08-03 15:38:18.737000,corpsvcmtxcutoverrpt_sql,2026-05-28 03:00:05.110000,xrdcwddbsuip06,MTX_ACOE_Cutover_Reporting,UI_Excel_Select_Xwalk_Source_Accommodations,facility,*ALL*,QXA4067,2026-09-21 01:07:43.231000
2513,COCSUM,L1,NEWBORN LEVEL I,L1,Y,NO MATCH,61,COCSUM,L1,NEWBORN LEVEL I CARE,L1,Y,Y,N,None,BMB1734,2026-08-03 15:38:18.800000,corpsvcmtxcutoverrpt_sql,2026-05-28 03:00:05.110000,xrdcwddbsuip06,MTX_ACOE_Cutover_Reporting,UI_Excel_Select_Xwalk_Source_Accommodations,facility,*ALL*,QXA4067,2026-09-21 01:07:43.231000
2514,COCSUM,L2,NEWBORN LEVEL II,L2,Y,NO MATCH,71,COCSUM,L2,NEWBORN LEVEL II CARE,L2,Y,Y,N,None,BMB1734,2026-08-03 15:38:18.867000,corpsvcmtxcutoverrpt_sql,2026-05-28 03:00:05.110000,xrdcwddbsuip06,MTX_ACOE_Cutover_Reporting,UI_Excel_Select_Xwalk_Source_Accommodations,facility,*ALL*,QXA4067,2026-09-21 01:07:43.232000
2515,COCSUM,L3,NEWBORN LEVEL III,L3,Y,NO MATCH,14,COCSUM,L3,NEWBORN LEVEL III CARE,L3,Y,Y,N,None,BMB1734,2026-08-03 15:38:18.933000,corpsvcmtxcutoverrpt_sql,2026-05-28 03:00:05.110000,xrdcwddbsuip06,MTX_ACOE_Cutover_Reporting,UI_Excel_Select_Xwalk_Source_Accommodations,facility,*ALL*,QXA4067,2026-09-21 01:07:43.232000
2516,COCSUM,L4,NEWBORN LEVEL IV,L4,Y,NO MATCH,4,COCSUM,L4,NEWBORN LEVEL IV CARE,L4,Y,Y,N,None,BMB1734,2026-08-03 15:38:19,corpsvcmtxcutoverrpt_sql,2026-05-28 03:00:05.110000,xrdcwddbsuip06,MTX_ACOE_Cutover_Reporting,UI_Excel_Select_Xwalk_Source_Accommodations,facility,*ALL*,QXA4067,2026-09-21 01:07:43.232000
2517,COCSUM,NC,NURSERY INTERMEDIATE,NC,Y,NO MATCH,0,COCSUM,,,,,N,Y,None,BMB1734,2026-08-03 15:42:21.490000,corpsvcmtxcutoverrpt_sql,2026-05-28 03:00:05.110000,xrdcwddbsuip06,MTX_ACOE_Cutover_Reporting,UI_Excel_Select_Xwalk_Source_Accommodations,facility,*ALL*,QXA4067,2026-09-21 01:07:43.232000
2518,COCSUM,NI,NEO-NATAL INTENSIVE,NI,Y,NO MATCH,0,COCSUM,,,,,N,Y,None,BMB1734,2026-08-03 15:42:21.553000,corpsvcmtxcutoverrpt_sql,2026-05-28 03:00:05.110000,xrdcwddbsuip06,MTX_ACOE_Cutover_Reporting,UI_Excel_Select_Xwalk_Source_Accommodations,facility,*ALL*,QXA4067,2026-09-21 01:07:43.232000
2519,COCSUM,NU,NEWBORN NURSERY,NU,Y,NO MATCH,1,COCSUM,,,,,N,Y,None,BMB1734,2026-08-03 15:42:21.620000,corpsvcmtxcutoverrpt_sql,2026-05-28 03:00:05.110000,xrdcwddbsuip06,MTX_ACOE_Cutover_Reporting,UI_Excel_Select_Xwalk_Source_Accommodations,facility,*ALL*,QXA4067,2026-09-21 01:07:43.232000
2520,COCSUM,NV,NURSERY VENT,NV,Y,NO MATCH,0,COCSUM,,,,,N,Y,None,BMB1734,2026-08-03 15:42:21.687000,corpsvcmtxcutoverrpt_sql,2026-05-28 03:00:05.110000,xrdcwddbsuip06,MTX_ACOE_Cutover_Reporting,UI_Excel_Select_Xwalk_Source_Accommodations,facility,*ALL*,QXA4067,2026-09-21 01:07:43.232000
2521,COCSUM,OBG,PRIVATE - OB/GYN/PP,OB,Y,NO MATCH,6,COCSUM,AP,ANTEPARTUM,AP,Y,Y,N,None,BMB1734,2026-08-03 15:38:19.063000,corpsvcmtxcutoverrpt_sql,2026-05-28 03:00:05.110000,xrdcwddbsuip06,MTX_ACOE_Cutover_Reporting,UI_Excel_Select_Xwalk_Source_Accommodations,facility,*ALL*,QXA4067,2026-09-21 01:07:43.232000
2522,COCSUM,OP,OB - PRIVATE,OP,Y,NO MATCH,0,COCSUM,,,,,N,Y,None,BMB1734,2026-08-03 15:42:21.753000,corpsvcmtxcutoverrpt_sql,2026-05-28 03:00:05.110000,xrdcwddbsuip06,MTX_ACOE_Cutover_Reporting,UI_Excel_Select_Xwalk_Source_Accommodations,facility,*ALL*,QXA4067,2026-09-21 01:07:43.232000
2523,COCSUM,P,PRIVATE ROOM,P,Y,NO MATCH,341,COCSUM,PR,PRIVATE ROOM,PR,Y,Y,N,None,BMB1734,2026-08-03 14:08:03.050000,corpsvcmtxcutoverrpt_sql,2026-05-28 03:00:05.110000,xrdcwddbsuip06,MTX_ACOE_Cutover_Reporting,UI_Excel_Select_Xwalk_Source_Accommodations,facility,*ALL*,QXA4067,2026-09-21 01:07:43.232000
2524,COCSUM,PAC,PATIENT ADMISSION CENTER,ZZ,N,NO MATCH,0,COCSUM,,,,,N,Y,None,BMB1734,2026-08-03 14:08:03.127000,corpsvcmtxcutoverrpt_sql,2026-05-28 03:00:05.110000,xrdcwddbsuip06,MTX_ACOE_Cutover_Reporting,UI_Excel_Select_Xwalk_Source_Accommodations,facility,*ALL*,QXA4067,2026-09-21 01:07:43.232000
2525,COCSUM,PC,PROGRESSIVE CARE UNIT,PC,Y,NO MATCH,38,COCSUM,PC,PROGRESSIVE CARE,PC,Y,Y,N,None,BMB1734,2026-08-03 14:08:03.200000,corpsvcmtxcutoverrpt_sql,2026-05-28 03:00:05.110000,xrdcwddbsuip06,MTX_ACOE_Cutover_Reporting,UI_Excel_Select_Xwalk_Source_Accommodations,facility,*ALL*,QXA4067,2026-09-21 01:07:43.232000
2526,COCSUM,PDP,PRIVATE PED,P1,Y,NO MATCH,11,COCSUM,PP,PEDIATRIC PRIVATE,PD,Y,Y,N,None,BMB1734,2026-08-03 14:08:03.277000,corpsvcmtxcutoverrpt_sql,2026-05-28 03:00:05.110000,xrdcwddbsuip06,MTX_ACOE_Cutover_Reporting,UI_Excel_Select_Xwalk_Source_Accommodations,facility,*ALL*,QXA4067,2026-09-21 01:07:43.232000
2527,COCSUM,PICU,Pediatric Intensive Care Unit,PI,Y,NO MATCH,0,COCSUM,PIC,PEDIATRIC INTENSIVE CARE,PI,Y,Y,N,None,BMB1734,2026-08-03 14:08:03.353000,corpsvcmtxcutoverrpt_sql,2026-05-28 03:00:05.110000,xrdcwddbsuip06,MTX_ACOE_Cutover_Reporting,UI_Excel_Select_Xwalk_Source_Accommodations,facility,*ALL*,QXA4067,2026-09-21 01:07:43.232000
2528,COCSUM,RB,REHAB SP,RB,Y,NO MATCH,0,COCSUM,,,,,N,Y,None,BMB1734,2026-08-03 15:42:21.820000,corpsvcmtxcutoverrpt_sql,2026-05-28 03:00:05.110000,xrdcwddbsuip06,MTX_ACOE_Cutover_Reporting,UI_Excel_Select_Xwalk_Source_Accommodations,facility,*ALL*,QXA4067,2026-09-21 01:07:43.232000
2529,COCSUM,RH,REHAB PRIVATE,RH,Y,NO MATCH,0,COCSUM,,,,,N,Y,None,BMB1734,2026-08-03 15:42:21.883000,corpsvcmtxcutoverrpt_sql,2026-05-28 03:00:05.110000,xrdcwddbsuip06,MTX_ACOE_Cutover_Reporting,UI_Excel_Select_Xwalk_Source_Accommodations,facility,*ALL*,QXA4067,2026-09-21 01:07:43.232000
2530,COCSUM,S,SEMI-PRIVATE ROOM,1,N,NO MATCH,0,COCSUM,,,,,N,Y,None,BMB1734,2026-08-03 14:08:03.437000,corpsvcmtxcutoverrpt_sql,2026-05-28 03:00:05.110000,xrdcwddbsuip06,MTX_ACOE_Cutover_Reporting,UI_Excel_Select_Xwalk_Source_Accommodations,facility,*ALL*,QXA4067,2026-09-21 01:07:43.232000
2531,COCSUM,SP,SEMI-PRIVATE,SP,Y,NO MATCH,14,COCSUM,SP,SEMI PRIVATE ROOM,SP,Y,Y,N,None,BMB1734,2026-08-03 14:08:03.510000,corpsvcmtxcutoverrpt_sql,2026-05-28 03:00:05.110000,xrdcwddbsuip06,MTX_ACOE_Cutover_Reporting,UI_Excel_Select_Xwalk_Source_Accommodations,facility,*ALL*,QXA4067,2026-09-21 01:07:43.232000
2532,COCSUM,TL,TELEMETRY,TL,Y,NO MATCH,181,COCSUM,TEL,TELEMETRY,TE,Y,Y,N,None,BMB1734,2026-08-03 14:08:03.587000,corpsvcmtxcutoverrpt_sql,2026-05-28 03:00:05.110000,xrdcwddbsuip06,MTX_ACOE_Cutover_Reporting,UI_Excel_Select_Xwalk_Source_Accommodations,facility,*ALL*,QXA4067,2026-09-21 01:07:43.232000
2533,COCSUM,TR,Trauma ICU,TR,Y,NO MATCH,0,COCSUM,,,,,N,Y,None,BMB1734,2026-08-03 15:42:21.950000,corpsvcmtxcutoverrpt_sql,2026-05-28 03:00:05.110000,xrdcwddbsuip06,MTX_ACOE_Cutover_Reporting,UI_Excel_Select_Xwalk_Source_Accommodations,facility,*ALL*,QXA4067,2026-09-21 01:07:43.232000
2534,COCSUM,TREC,Trauma w/ECMO,TO,Y,NO MATCH,0,COCSUM,,,,,N,Y,None,BMB1734,2026-08-03 15:42:22.010000,corpsvcmtxcutoverrpt_sql,2026-05-28 03:00:05.110000,xrdcwddbsuip06,MTX_ACOE_Cutover_Reporting,UI_Excel_Select_Xwalk_Source_Accommodations,facility,*ALL*,QXA4067,2026-09-21 01:07:43.232000
2535,COCSUM,TRP,Trauma Private Room,T1,Y,NO MATCH,0,COCSUM,,,,,N,Y,None,BMB1734,2026-08-03 15:42:22.073000,corpsvcmtxcutoverrpt_sql,2026-05-28 03:00:05.110000,xrdcwddbsuip06,MTX_ACOE_Cutover_Reporting,UI_Excel_Select_Xwalk_Source_Accommodations,facility,*ALL*,QXA4067,2026-09-21 01:07:43.232000
2536,COCSUM,TRPI,Trauma PICU,TI,Y,NO MATCH,0,COCSUM,,,,,N,Y,None,BMB1734,2026-08-03 15:42:22.140000,corpsvcmtxcutoverrpt_sql,2026-05-28 03:00:05.110000,xrdcwddbsuip06,MTX_ACOE_Cutover_Reporting,UI_Excel_Select_Xwalk_Source_Accommodations,facility,*ALL*,QXA4067,2026-09-21 01:07:43.232000
2537,COCSUM,TRS,Trauma Special Bed,TS,Y,NO MATCH,0,COCSUM,,,,,N,Y,None,BMB1734,2026-08-03 15:42:22.207000,corpsvcmtxcutoverrpt_sql,2026-05-28 03:00:05.110000,xrdcwddbsuip06,MTX_ACOE_Cutover_Reporting,UI_Excel_Select_Xwalk_Source_Accommodations,facility,*ALL*,QXA4067,2026-09-21 01:07:43.232000
2538,COCSUM,TRSP,Trauma Semi-Private,TP,Y,NO MATCH,0,COCSUM,,,,,N,Y,None,BMB1734,2026-08-03 15:42:22.270000,corpsvcmtxcutoverrpt_sql,2026-05-28 03:00:05.110000,xrdcwddbsuip06,MTX_ACOE_Cutover_Reporting,UI_Excel_Select_Xwalk_Source_Accommodations,facility,*ALL*,QXA4067,2026-09-21 01:07:43.232000
2539,COCSY,FB,FAMILY BIRTHING UNIT,FB,Y,"TEST (2025-12-11),ZCON (2026-04-21),LIVE (2026-02-12)",0,COCSY,LD,LABOR DELIVERY,LD,Y,Y,N,None,HGE3782,2025-10-01 11:44:30.067000,corpsvcmtxcutoverrpt_sql,2025-09-04 08:38:18.993000,xrdcwddbsuip06,MTX_ACOE_Cutover_Reporting,UI_Excel_Select_Xwalk_Source_Accommodations,facility,*ALL*,QXA4067,2026-09-21 01:07:43.232000
2540,COCSY,GY,GYNECOLOGY PRIVATE,GY,Y,"TEST (2025-12-11),ZCON (2026-04-21),LIVE (2026-02-12)",0,COCSY,PR,PRIVATE ROOM,PR,Y,Y,N,None,HGE3782,2025-10-01 11:44:30.087000,corpsvcmtxcutoverrpt_sql,2025-09-04 08:38:18.993000,xrdcwddbsuip06,MTX_ACOE_Cutover_Reporting,UI_Excel_Select_Xwalk_Source_Accommodations,facility,*ALL*,QXA4067,2026-09-21 01:07:43.232000
2541,COCSY,I,INTENSIVE CARE,IC,Y,"TEST (2025-12-11),ZCON (2026-04-21),LIVE (2026-02-12)",0,COCSY,IC,INTENSIVE CARE,IC,Y,Y,N,None,HGE3782,2025-10-01 11:44:30.107000,corpsvcmtxcutoverrpt_sql,2025-09-04 08:38:18.993000,xrdcwddbsuip06,MTX_ACOE_Cutover_Reporting,UI_Excel_Select_Xwalk_Source_Accommodations,facility,*ALL*,QXA4067,2026-09-21 01:07:43.232000
2542,COCSY,L1,NEWBORN LEVEL 1,L1,Y,"TEST (2025-12-11),ZCON (2026-04-21),LIVE (2026-02-12)",0,COCSY,L1,NEWBORN LEVEL 1 CARE,L1,Y,Y,N,None,HGE3782,2025-10-01 11:44:30.123000,corpsvcmtxcutoverrpt_sql,2025-09-04 08:38:18.993000,xrdcwddbsuip06,MTX_ACOE_Cutover_Reporting,UI_Excel_Select_Xwalk_Source_Accommodations,facility,*ALL*,QXA4067,2026-09-21 01:07:43.232000
2543,COCSY,L2,NEWBORN LEVEL 2,L2,Y,"TEST (2025-12-11),ZCON (2026-04-21),LIVE (2026-02-12)",0,COCSY,L2,NEWBORN LEVEL 2 CARE,L2,Y,Y,N,None,HGE3782,2025-10-01 11:44:30.140000,corpsvcmtxcutoverrpt_sql,2025-09-04 08:38:18.993000,xrdcwddbsuip06,MTX_ACOE_Cutover_Reporting,UI_Excel_Select_Xwalk_Source_Accommodations,facility,*ALL*,QXA4067,2026-09-21 01:07:43.232000
2544,COCSY,L3,NEWBORN LEVEL 3,L3,Y,"TEST (2025-12-11),ZCON (2026-04-21),LIVE (2026-02-12)",0,COCSY,L3,NEWBORN LEVEL 3 CARE,L3,Y,Y,N,None,HGE3782,2025-10-01 11:44:30.163000,corpsvcmtxcutoverrpt_sql,2025-09-04 08:38:18.993000,xrdcwddbsuip06,MTX_ACOE_Cutover_Reporting,UI_Excel_Select_Xwalk_Source_Accommodations,facility,*ALL*,QXA4067,2026-09-21 01:07:43.233000
2545,COCSY,L4,NEWBORN LEVEL 4,L4,Y,"TEST (2025-12-11),ZCON (2026-04-21),LIVE (2026-02-12)",0,COCSY,L4,NEWBORN LEVEL 4 CARE,L4,Y,Y,N,None,HGE3782,2025-10-01 11:44:30.183000,corpsvcmtxcutoverrpt_sql,2025-09-04 08:38:18.993000,xrdcwddbsuip06,MTX_ACOE_Cutover_Reporting,UI_Excel_Select_Xwalk_Source_Accommodations,facility,*ALL*,QXA4067,2026-09-21 01:07:43.233000
2546,COCSY,LD,LABOR AND DELIVERY,LD,Y,"TEST (2025-12-11),ZCON (2026-04-21),LIVE (2026-02-12)",0,COCSY,LD,LABOR AND DELIVERY,LD,Y,Y,N,None,FAK3017,2025-11-25 13:47:02.420000,corpsvcmtxcutoverrpt_sql,2025-09-04 08:38:18.993000,xrdcwddbsuip06,MTX_ACOE_Cutover_Reporting,UI_Excel_Select_Xwalk_Source_Accommodations,facility,*ALL*,QXA4067,2026-09-21 01:07:43.233000
2547,COCSY,LDO,LABOR AND DELIVERY OVERFLOW,LO,N,NO MATCH,0,COCSY,,,,,N,Y,None,FAK3017,2025-10-10 04:11:51.953000,corpsvcmtxcutoverrpt_sql,2025-09-04 08:38:18.993000,xrdcwddbsuip06,MTX_ACOE_Cutover_Reporting,UI_Excel_Select_Xwalk_Source_Accommodations,facility,*ALL*,QXA4067,2026-09-21 01:07:43.233000
2548,COCSY,OF,OVERFLOW PRIVATE,OF,Y,"TEST (2025-12-11),ZCON (2026-04-21),LIVE (2026-02-12)",0,COCSY,MS,MED SURG,MS,Y,Y,N,None,HGE3782,2025-10-01 11:44:30.240000,corpsvcmtxcutoverrpt_sql,2025-09-04 08:38:18.993000,xrdcwddbsuip06,MTX_ACOE_Cutover_Reporting,UI_Excel_Select_Xwalk_Source_Accommodations,facility,*ALL*,QXA4067,2026-09-21 01:07:43.233000
2549,COCSY,P,PRIVATE ROOM,P,Y,"TEST (2025-12-11),ZCON (2026-04-21),LIVE (2026-02-12)",0,COCSY,PR,PRIVATE ROOM,P,Y,Y,N,None,HGE3782,2025-10-01 11:44:30.260000,corpsvcmtxcutoverrpt_sql,2025-09-04 08:38:18.993000,xrdcwddbsuip06,MTX_ACOE_Cutover_Reporting,UI_Excel_Select_Xwalk_Source_Accommodations,facility,*ALL*,QXA4067,2026-09-21 01:07:43.233000
2550,COCSY,PC,PROGRESSIVE CARE UNIT,PC,Y,"TEST (2025-12-11),ZCON (2026-04-21),LIVE (2026-02-12)",0,COCSY,PC,PROGRESSIVE CARE,PC,Y,Y,N,None,HGE3782,2025-10-01 11:44:30.283000,corpsvcmtxcutoverrpt_sql,2025-09-04 08:38:18.993000,xrdcwddbsuip06,MTX_ACOE_Cutover_Reporting,UI_Excel_Select_Xwalk_Source_Accommodations,facility,*ALL*,QXA4067,2026-09-21 01:07:43.233000
2551,COCSY,TRI,TRAUMA INTENSIVE CARE,TI,Y,NO MATCH,0,COCSY,TRI,TRAUMA INTENSIVE CARE,TI,Y,Y,N,None,HGE3782,2025-10-01 11:44:30.303000,corpsvcmtxcutoverrpt_sql,2025-09-04 08:38:18.993000,xrdcwddbsuip06,MTX_ACOE_Cutover_Reporting,UI_Excel_Select_Xwalk_Source_Accommodations,facility,*ALL*,QXA4067,2026-09-21 01:07:43.233000
2552,COCTE,I,INTENSIVE CARE,I,Y,"TEST (2026-09-20),ZCON (2026-09-20),LIVE (2026-09-04)",0,COCTE,IC,INTENSIVE CARE,I,Y,Y,N,None,DJU8757,2025-10-06 08:30:34.257000,corpsvcmtxcutoverrpt_sql,2025-09-09 14:47:33.733000,xrdcwddbsuip06,MTX_ACOE_Cutover_Reporting,UI_Excel_Select_Xwalk_Source_Accommodations,facility,*ALL*,QXA4067,2026-09-21 01:07:43.233000
2553,COCTE,N,INTERMEDIATE,N,Y,"TEST (2026-09-20),ZCON (2026-09-20),LIVE (2026-09-04)",0,COCTE,PR,PRIVATE ROOM,P,Y,Y,N,None,DJU8757,2025-12-08 10:38:14.933000,corpsvcmtxcutoverrpt_sql,2025-09-09 14:47:33.733000,xrdcwddbsuip06,MTX_ACOE_Cutover_Reporting,UI_Excel_Select_Xwalk_Source_Accommodations,facility,*ALL*,QXA4067,2026-09-21 01:07:43.233000
2554,COCTE,OBS,OBSERVATION,OS,Y,"TEST (2026-09-20),ZCON (2026-09-20),LIVE (2026-09-04)",0,COCTE,PR,PRIVATE ROOM,P,Y,Y,N,None,DJU8757,2025-12-08 10:38:14.983000,corpsvcmtxcutoverrpt_sql,2025-09-09 14:47:33.733000,xrdcwddbsuip06,MTX_ACOE_Cutover_Reporting,UI_Excel_Select_Xwalk_Source_Accommodations,facility,*ALL*,QXA4067,2026-09-21 01:07:43.233000
2555,COCTE,P,PRIVATE ROOM,P,Y,"TEST (2026-09-20),ZCON (2026-09-20),LIVE (2026-09-04)",0,COCTE,PR,PRIVATE ROOM,P,Y,Y,N,None,DJU8757,2025-10-06 08:30:34.390000,corpsvcmtxcutoverrpt_sql,2025-09-09 14:47:33.733000,xrdcwddbsuip06,MTX_ACOE_Cutover_Reporting,UI_Excel_Select_Xwalk_Source_Accommodations,facility,*ALL*,QXA4067,2026-09-21 01:07:43.233000
2556,COCTE,PR,PRIVATE ROOM - PATIENT REQUEST,PR,N,NO MATCH,0,COCTE,,,,,N,Y,None,DJU8757,2025-10-06 08:30:34.437000,corpsvcmtxcutoverrpt_sql,2025-09-09 14:47:33.733000,xrdcwddbsuip06,MTX_ACOE_Cutover_Reporting,UI_Excel_Select_Xwalk_Source_Accommodations,facility,*ALL*,QXA4067,2026-09-21 01:07:43.233000
2557,COCTE,S,SEMI-PRIVATE ROOM,S,Y,"TEST (2026-09-20),ZCON (2026-09-20),LIVE (2026-09-04)",0,COCTE,SP,SEMI PRIVATE ROOM,S,Y,Y,N,None,DJU8757,2025-10-06 08:30:34.480000,corpsvcmtxcutoverrpt_sql,2025-09-09 14:47:33.733000,xrdcwddbsuip06,MTX_ACOE_Cutover_Reporting,UI_Excel_Select_Xwalk_Source_Accommodations,facility,*ALL*,QXA4067,2026-09-21 01:07:43.233000
2558,COCTE,SNP,SKILLED NURSING PRIVATE,NP,Y,"TEST (2026-09-20),ZCON (2026-09-20),LIVE (2026-09-04)",0,COCTE,PR,PRIVATE ROOM,P,Y,Y,N,None,DJU8757,2025-12-08 10:38:15.027000,corpsvcmtxcutoverrpt_sql,2025-09-09 14:47:33.733000,xrdcwddbsuip06,MTX_ACOE_Cutover_Reporting,UI_Excel_Select_Xwalk_Source_Accommodations,facility,*ALL*,QXA4067,2026-09-21 01:07:43.233000
2559,COCTL,AR,ADDICTION RECOVERY,AR,Y,"TEST (2025-12-11),ZCON (2025-12-11),LIVE (2025-12-05)",0,COCTL,M,MEDICAL,M,Y,Y,N,None,IIU4396,2025-07-31 12:34:34.423000,corpsvcmtxcutoverrpt_sql,2025-05-29 04:14:05.963000,xrdcwddbsuip06,MTX_ACOE_Cutover_Reporting,UI_Excel_Select_Xwalk_Source_Accommodations,facility,*ALL*,QXA4067,2026-09-21 01:07:43.233000
2560,COCTL,BB,BOARDER BABY,BB,Y,"TEST (2025-12-11),ZCON (2025-12-11),LIVE (2025-12-05)",0,COCTL,M,MEDICAL,M,Y,Y,N,None,IIU4396,2025-07-31 12:34:34.460000,corpsvcmtxcutoverrpt_sql,2025-06-26 03:00:03.957000,xrdcwddbsuip06,MTX_ACOE_Cutover_Reporting,UI_Excel_Select_Xwalk_Source_Accommodations,facility,*ALL*,QXA4067,2026-09-21 01:07:43.233000
2561,COCTL,BH,BEHAVIORAL HEALTH,BH,Y,"TEST (2025-12-11),ZCON (2025-12-11),LIVE (2025-12-05)",0,COCTL,BH,BEHAVIORAL HEALTH,BH,Y,Y,N,None,IIU4396,2025-07-31 12:34:34.497000,HCA\IIU4396,2024-10-15 11:07:21.247000,xrdcwddbsuip06,MTX_ACOE_Cutover_Reporting,UI_Excel_Select_Xwalk_Source_Accommodations,facility,*ALL*,QXA4067,2026-09-21 01:07:43.233000
2562,COCTL,CC,CORONARY CARE,CC,Y,"TEST (2025-12-11),ZCON (2025-12-11),LIVE (2025-12-05)",0,COCTL,CC,CORONARY CARE,CC,Y,Y,N,None,IIU4396,2025-07-31 12:34:34.530000,corpsvcmtxcutoverrpt_sql,2025-06-26 03:00:03.957000,xrdcwddbsuip06,MTX_ACOE_Cutover_Reporting,UI_Excel_Select_Xwalk_Source_Accommodations,facility,*ALL*,QXA4067,2026-09-21 01:07:43.233000
2563,COCTL,EC,ECMO,EC,Y,"TEST (2025-12-11),LIVE (2025-12-05)",0,COCTL,EC,ECMO,EC,Y,Y,N,None,KSI8889,2025-09-19 08:47:26.693000,corpsvcmtxcutoverrpt_sql,2025-09-17 03:00:06.523000,xrdcwddbsuip06,MTX_ACOE_Cutover_Reporting,UI_Excel_Select_Xwalk_Source_Accommodations,facility,*ALL*,QXA4067,2026-09-21 01:07:43.233000
2564,COCTL,ER,EMERGENCY ROOM,ER,Y,"TEST (2025-12-11),ZCON (2025-12-11),LIVE (2025-12-05)",0,COCTL,SP,SEMI PRIVATE ROOM,SP,Y,Y,N,None,IIU4396,2025-07-31 12:34:34.563000,HCA\IIU4396,2024-10-15 11:07:21.247000,xrdcwddbsuip06,MTX_ACOE_Cutover_Reporting,UI_Excel_Select_Xwalk_Source_Accommodations,facility,*ALL*,QXA4067,2026-09-21 01:07:43.233000
2565,COCTL,IC,INTENSIVE CARE,IC,Y,"TEST (2025-12-11),ZCON (2025-12-11),LIVE (2025-12-05)",0,COCTL,IC,INTENSIVE CARE,IC,Y,Y,N,None,IIU4396,2025-07-31 12:34:34.607000,HCA\IIU4396,2024-10-15 11:07:21.247000,xrdcwddbsuip06,MTX_ACOE_Cutover_Reporting,UI_Excel_Select_Xwalk_Source_Accommodations,facility,*ALL*,QXA4067,2026-09-21 01:07:43.233000
2566,COCTL,IM,INTERMEDIATE CARE,IM,Y,"TEST (2025-12-11),ZCON (2025-12-11),LIVE (2025-12-05)",0,COCTL,M,MEDICAL,M,Y,Y,N,None,IIU4396,2025-07-31 12:34:34.643000,HCA\IIU4396,2024-10-15 11:07:21.247000,xrdcwddbsuip06,MTX_ACOE_Cutover_Reporting,UI_Excel_Select_Xwalk_Source_Accommodations,facility,*ALL*,QXA4067,2026-09-21 01:07:43.233000
2567,COCTL,IS,ISOLATION,IS,Y,"TEST (2025-12-11),ZCON (2025-12-11),LIVE (2025-12-05)",0,COCTL,M,MEDICAL,M,Y,Y,N,None,IIU4396,2025-07-31 12:34:34.677000,HCA\IIU4396,2024-10-15 11:07:21.247000,xrdcwddbsuip06,MTX_ACOE_Cutover_Reporting,UI_Excel_Select_Xwalk_Source_Accommodations,facility,*ALL*,QXA4067,2026-09-21 01:07:43.233000
2568,COCTL,L1,NEWBORN LEVEL I,L1,Y,"TEST (2025-12-11),ZCON (2025-12-11),LIVE (2025-12-05)",0,COCTL,L1,NEWBORN LEVEL I CARE,L1,Y,Y,N,None,IIU4396,2025-07-31 12:34:34.710000,HCA\CORPSVCACOESSISPROXY,2024-11-13 04:14:04.580000,xrdcwddbsuip06,MTX_ACOE_Cutover_Reporting,UI_Excel_Select_Xwalk_Source_Accommodations,facility,*ALL*,QXA4067,2026-09-21 01:07:43.233000
2569,COCTL,L2,NEWBORN LEVEL II,L2,Y,"TEST (2025-12-11),ZCON (2025-12-11),LIVE (2025-12-05)",0,COCTL,L2,NEWBORN LEVEL II CARE,L2,Y,Y,N,None,IIU4396,2025-07-31 12:34:34.740000,HCA\CORPSVCACOESSISPROXY,2024-11-13 04:14:04.580000,xrdcwddbsuip06,MTX_ACOE_Cutover_Reporting,UI_Excel_Select_Xwalk_Source_Accommodations,facility,*ALL*,QXA4067,2026-09-21 01:07:43.233000
2570,COCTL,L3,NEWBORN LEVEL III,L3,Y,"TEST (2025-12-11),ZCON (2025-12-11),LIVE (2025-12-05)",0,COCTL,L3,NEWBORN LEVEL III CARE,L3,Y,Y,N,None,IIU4396,2025-07-31 12:34:34.773000,HCA\CORPSVCACOESSISPROXY,2024-11-13 04:14:04.580000,xrdcwddbsuip06,MTX_ACOE_Cutover_Reporting,UI_Excel_Select_Xwalk_Source_Accommodations,facility,*ALL*,QXA4067,2026-09-21 01:07:43.233000
2571,COCTL,L4,NEWBORN LEVEL IV,L4,Y,"TEST (2025-12-11),ZCON (2025-12-11),LIVE (2025-12-05)",0,COCTL,L4,NEWBORN LEVEL IV,L4,Y,Y,N,None,IIU4396,2025-07-31 12:34:34.810000,HCA\CORPSVCACOESSISPROXY,2024-11-13 04:14:04.580000,xrdcwddbsuip06,MTX_ACOE_Cutover_Reporting,UI_Excel_Select_Xwalk_Source_Accommodations,facility,*ALL*,QXA4067,2026-09-21 01:07:43.234000
2572,COCTL,LA,LEAVE OF ABSENCE,LA,Y,"TEST (2025-12-11),ZCON (2025-12-11),LIVE (2025-12-05)",0,COCTL,M,MEDICAL,M,Y,Y,N,None,IIU4396,2025-07-31 12:34:34.847000,HCA\IIU4396,2024-10-15 11:07:21.247000,xrdcwddbsuip06,MTX_ACOE_Cutover_Reporting,UI_Excel_Select_Xwalk_Source_Accommodations,facility,*ALL*,QXA4067,2026-09-21 01:07:43.234000
2573,COCTL,LD,LABOR AND DELIVERY,LD,Y,"TEST (2025-12-11),ZCON (2025-12-11),LIVE (2025-12-05)",0,COCTL,LD,LABOR AND DELIVERY,LD,Y,Y,N,None,IIU4396,2025-07-31 12:34:34.880000,HCA\IIU4396,2024-10-15 11:07:21.247000,xrdcwddbsuip06,MTX_ACOE_Cutover_Reporting,UI_Excel_Select_Xwalk_Source_Accommodations,facility,*ALL*,QXA4067,2026-09-21 01:07:43.234000
2574,COCTL,MD,MEDICAL,MD,Y,"TEST (2025-12-11),ZCON (2025-12-11),LIVE (2025-12-05)",0,COCTL,M,MEDICAL,M,Y,Y,N,None,IIU4396,2025-07-31 12:34:34.913000,HCA\IIU4396,2024-10-15 11:07:21.247000,xrdcwddbsuip06,MTX_ACOE_Cutover_Reporting,UI_Excel_Select_Xwalk_Source_Accommodations,facility,*ALL*,QXA4067,2026-09-21 01:07:43.234000
2575,COCTL,MJ,MEDICALLY JUSTIFIED,MJ,Y,"TEST (2025-12-11),ZCON (2025-12-11),LIVE (2025-12-05)",0,COCTL,M,MEDICAL,M,Y,Y,N,None,IIU4396,2025-07-31 12:34:34.957000,HCA\IIU4396,2024-10-15 11:07:21.247000,xrdcwddbsuip06,MTX_ACOE_Cutover_Reporting,UI_Excel_Select_Xwalk_Source_Accommodations,facility,*ALL*,QXA4067,2026-09-21 01:07:43.234000
2576,COCTL,N2,NEONATAL INTENSIVE LEVEL 2,N2,N,NO MATCH,0,COCTL,,,,,N,Y,None,KSI8889,2025-08-14 15:20:19.750000,corpsvcmtxcutoverrpt_sql,2025-08-12 03:00:05.360000,xrdcwddbsuip06,MTX_ACOE_Cutover_Reporting,UI_Excel_Select_Xwalk_Source_Accommodations,facility,*ALL*,QXA4067,2026-09-21 01:07:43.234000
2577,COCTL,N3,NEONATAL INTENSIVE LEVEL 3,N3,N,NO MATCH,0,COCTL,,,,,N,Y,None,KSI8889,2025-08-14 15:20:19.787000,corpsvcmtxcutoverrpt_sql,2025-08-12 03:00:05.360000,xrdcwddbsuip06,MTX_ACOE_Cutover_Reporting,UI_Excel_Select_Xwalk_Source_Accommodations,facility,*ALL*,QXA4067,2026-09-21 01:07:43.234000
2578,COCTL,N4,NEONATAL INTENSIVE LEVEL 4,N4,N,NO MATCH,0,COCTL,,,,,N,Y,None,KSI8889,2025-08-14 15:20:19.820000,corpsvcmtxcutoverrpt_sql,2025-08-12 03:00:05.360000,xrdcwddbsuip06,MTX_ACOE_Cutover_Reporting,UI_Excel_Select_Xwalk_Source_Accommodations,facility,*ALL*,QXA4067,2026-09-21 01:07:43.234000
2579,COCTL,NI,NEONATAL INTENSIVE,NI,Y,"TEST (2025-12-11),ZCON (2025-12-11),LIVE (2025-12-05)",0,COCTL,M,MEDICAL,M,Y,Y,N,None,IIU4396,2025-07-31 12:34:34.990000,corpsvcmtxcutoverrpt_sql,2025-05-29 04:14:05.963000,xrdcwddbsuip06,MTX_ACOE_Cutover_Reporting,UI_Excel_Select_Xwalk_Source_Accommodations,facility,*ALL*,QXA4067,2026-09-21 01:07:43.234000
2580,COCTL,NU,NEWBORN NURSERY,NU,Y,"TEST (2025-12-11),ZCON (2025-12-11),LIVE (2025-12-05)",0,COCTL,L1,NEWBORN LEVEL I CARE,L1,Y,Y,N,None,IIU4396,2025-07-31 12:34:35.033000,HCA\IIU4396,2024-10-15 11:07:21.247000,xrdcwddbsuip06,MTX_ACOE_Cutover_Reporting,UI_Excel_Select_Xwalk_Source_Accommodations,facility,*ALL*,QXA4067,2026-09-21 01:07:43.234000
2581,COCTL,P,PRIVATE ROOM,P,Y,"TEST (2025-12-11),ZCON (2025-12-11),LIVE (2025-12-05)",0,COCTL,PR,PRIVATE ROOM,PR,Y,Y,N,None,IIU4396,2025-07-31 12:34:35.070000,HCA\IIU4396,2024-10-15 11:07:21.247000,xrdcwddbsuip06,MTX_ACOE_Cutover_Reporting,UI_Excel_Select_Xwalk_Source_Accommodations,facility,*ALL*,QXA4067,2026-09-21 01:07:43.234000
2582,COCTL,PC,PROGRESSIVE CARE,PC,Y,"TEST (2025-12-11),ZCON (2025-12-11),LIVE (2025-12-05)",0,COCTL,PC,PROGRESSIVE CARE,PC,Y,Y,N,None,IIU4396,2025-07-31 12:34:35.103000,HCA\IIU4396,2024-10-15 11:07:21.247000,xrdcwddbsuip06,MTX_ACOE_Cutover_Reporting,UI_Excel_Select_Xwalk_Source_Accommodations,facility,*ALL*,QXA4067,2026-09-21 01:07:43.234000
2583,COCTL,PD,PEDIATRICS,PD,Y,"TEST (2025-12-11),ZCON (2025-12-11),LIVE (2025-12-05)",0,COCTL,M,MEDICAL,M,Y,Y,N,None,IIU4396,2025-07-31 12:34:35.140000,HCA\IIU4396,2024-10-15 11:07:21.247000,xrdcwddbsuip06,MTX_ACOE_Cutover_Reporting,UI_Excel_Select_Xwalk_Source_Accommodations,facility,*ALL*,QXA4067,2026-09-21 01:07:43.234000
2584,COCTL,PP,PROGRESSIVE PRIVATE,PP,Y,"TEST (2025-12-11),ZCON (2025-12-11),LIVE (2025-12-05)",0,COCTL,M,MEDICAL,M,Y,Y,N,None,IIU4396,2025-07-31 12:34:35.180000,HCA\IIU4396,2024-10-15 11:07:21.247000,xrdcwddbsuip06,MTX_ACOE_Cutover_Reporting,UI_Excel_Select_Xwalk_Source_Accommodations,facility,*ALL*,QXA4067,2026-09-21 01:07:43.234000
2585,COCTL,PS,PSYCHIATRIC SEMI PRIVATE,PS,Y,"TEST (2025-12-11),ZCON (2025-12-11),LIVE (2025-12-05)",0,COCTL,M,MEDICAL,M,Y,Y,N,None,IIU4396,2025-07-31 12:34:35.217000,HCA\IIU4396,2024-10-15 11:07:21.247000,xrdcwddbsuip06,MTX_ACOE_Cutover_Reporting,UI_Excel_Select_Xwalk_Source_Accommodations,facility,*ALL*,QXA4067,2026-09-21 01:07:43.234000
2586,COCTL,RP,REHAB PRIVATE,RP,Y,"TEST (2025-12-11),ZCON (2025-12-11),LIVE (2025-12-05)",0,COCTL,R,REHABILITATION,R,Y,Y,N,None,IIU4396,2025-07-31 12:34:35.253000,HCA\IIU4396,2024-10-15 11:07:21.247000,xrdcwddbsuip06,MTX_ACOE_Cutover_Reporting,UI_Excel_Select_Xwalk_Source_Accommodations,facility,*ALL*,QXA4067,2026-09-21 01:07:43.234000
2587,COCTL,SD,STEP DOWN,SD,Y,"TEST (2025-12-11),ZCON (2025-12-11),LIVE (2025-12-05)",0,COCTL,M,MEDICAL,M,Y,Y,N,None,IIU4396,2025-07-31 12:34:35.287000,HCA\IIU4396,2024-10-15 11:07:21.247000,xrdcwddbsuip06,MTX_ACOE_Cutover_Reporting,UI_Excel_Select_Xwalk_Source_Accommodations,facility,*ALL*,QXA4067,2026-09-21 01:07:43.234000
2588,COCTL,SN,SKILLED NURSING SEMI PRIVATE,SN,Y,"TEST (2025-12-11),ZCON (2025-12-11),LIVE (2025-12-05)",0,COCTL,M,MEDICAL,M,Y,Y,N,None,IIU4396,2025-07-31 12:34:35.320000,HCA\IIU4396,2024-10-15 11:07:21.247000,xrdcwddbsuip06,MTX_ACOE_Cutover_Reporting,UI_Excel_Select_Xwalk_Source_Accommodations,facility,*ALL*,QXA4067,2026-09-21 01:07:43.234000
2589,COCTL,SP,SEMI-PRIVATE,SP,Y,"TEST (2025-12-11),ZCON (2025-12-11),LIVE (2025-12-05)",0,COCTL,SP,SEMI PRIVATE ROOM,SP,Y,Y,N,None,IIU4396,2025-07-31 12:34:35.357000,HCA\IIU4396,2024-10-15 11:07:21.247000,xrdcwddbsuip06,MTX_ACOE_Cutover_Reporting,UI_Excel_Select_Xwalk_Source_Accommodations,facility,*ALL*,QXA4067,2026-09-21 01:07:43.234000
2590,COCTL,SU,SURGICAL,SU,Y,"TEST (2025-12-11),ZCON (2025-12-11),LIVE (2025-12-05)",0,COCTL,MS,MED SURG,MS,Y,Y,N,None,IIU4396,2025-07-31 12:34:35.393000,HCA\IIU4396,2024-10-15 11:07:21.247000,xrdcwddbsuip06,MTX_ACOE_Cutover_Reporting,UI_Excel_Select_Xwalk_Source_Accommodations,facility,*ALL*,QXA4067,2026-09-21 01:07:43.234000
2591,COCTL,TE,TELEMETRY,TE,Y,"TEST (2025-12-11),ZCON (2025-12-11),LIVE (2025-12-05)",0,COCTL,M,MEDICAL,M,Y,Y,N,None,IIU4396,2025-07-31 12:34:35.433000,HCA\IIU4396,2024-10-15 11:07:21.247000,xrdcwddbsuip06,MTX_ACOE_Cutover_Reporting,UI_Excel_Select_Xwalk_Source_Accommodations,facility,*ALL*,QXA4067,2026-09-21 01:07:43.234000
2592,COCTL,TU,TRANSITION UNIT,TU,Y,"TEST (2025-12-11),ZCON (2025-12-11),LIVE (2025-12-05)",0,COCTL,M,MEDICAL,M,Y,Y,N,None,IIU4396,2025-07-31 12:34:35.470000,HCA\IIU4396,2024-10-15 11:07:21.247000,xrdcwddbsuip06,MTX_ACOE_Cutover_Reporting,UI_Excel_Select_Xwalk_Source_Accommodations,facility,*ALL*,QXA4067,2026-09-21 01:07:43.234000
2593,COCTNS,I,INTENSIVE CARE,IC,Y,"TEST (2026-01-06),ZCON (2026-01-27)",0,COCTNS,IC,INTENSIVE CARE,IC,Y,Y,N,None,DOF3224,2025-09-25 15:25:22.163000,corpsvcmtxcutoverrpt_sql,2025-09-04 08:38:18.993000,xrdcwddbsuip06,MTX_ACOE_Cutover_Reporting,UI_Excel_Select_Xwalk_Source_Accommodations,facility,*ALL*,QXA4067,2026-09-21 01:07:43.234000
2594,COCTNS,L1,NEWBORN LEVEL 1,L1,Y,"TEST (2026-01-06),ZCON (2026-01-27)",0,COCTNS,L1,NEWBORN LEVEL I CARE,L1,Y,Y,N,None,DOF3224,2025-09-25 15:25:22.220000,corpsvcmtxcutoverrpt_sql,2025-09-04 08:38:18.993000,xrdcwddbsuip06,MTX_ACOE_Cutover_Reporting,UI_Excel_Select_Xwalk_Source_Accommodations,facility,*ALL*,QXA4067,2026-09-21 01:07:43.234000
2595,COCTNS,L2,NEWBORN LEVEL 2,L2,Y,"TEST (2026-01-06),ZCON (2026-01-27)",0,COCTNS,L2,NEWBORN LEVEL II CARE,L2,Y,Y,N,None,DOF3224,2025-09-25 15:25:22.273000,corpsvcmtxcutoverrpt_sql,2025-09-04 08:38:18.993000,xrdcwddbsuip06,MTX_ACOE_Cutover_Reporting,UI_Excel_Select_Xwalk_Source_Accommodations,facility,*ALL*,QXA4067,2026-09-21 01:07:43.234000
2596,COCTNS,L3,NEWBORN LEVEL 3,L3,Y,"TEST (2026-01-06),ZCON (2026-01-27)",0,COCTNS,L3,NEWBORN LEVEL III CARE,L3,Y,Y,N,None,DOF3224,2025-09-25 15:25:22.320000,corpsvcmtxcutoverrpt_sql,2025-09-04 08:38:18.993000,xrdcwddbsuip06,MTX_ACOE_Cutover_Reporting,UI_Excel_Select_Xwalk_Source_Accommodations,facility,*ALL*,QXA4067,2026-09-21 01:07:43.234000
2597,COCTNS,OF,OVERFLOW PRIVATE,OF,Y,"TEST (2026-01-06),ZCON (2026-01-27)",0,COCTNS,MS,MED SURG,MS,Y,Y,N,None,DOF3224,2025-09-25 15:25:22.410000,corpsvcmtxcutoverrpt_sql,2025-09-04 08:38:18.993000,xrdcwddbsuip06,MTX_ACOE_Cutover_Reporting,UI_Excel_Select_Xwalk_Source_Accommodations,facility,*ALL*,QXA4067,2026-09-21 01:07:43.234000
2598,COCTNS,P,PRIVATE ROOM,P,Y,"TEST (2026-01-06),ZCON (2026-01-27)",0,COCTNS,PR,PRIVATE ROOM,P,Y,Y,N,None,DOF3224,2025-09-25 15:25:22.457000,corpsvcmtxcutoverrpt_sql,2025-09-04 08:38:18.993000,xrdcwddbsuip06,MTX_ACOE_Cutover_Reporting,UI_Excel_Select_Xwalk_Source_Accommodations,facility,*ALL*,QXA4067,2026-09-21 01:07:43.234000
2599,COCTNS,PC,PROGRESSIVE CARE UNIT,PC,Y,"TEST (2026-01-06),ZCON (2026-01-27)",0,COCTNS,PC,PROGRESSIVE CARE,PC,Y,Y,N,None,DOF3224,2025-09-25 15:25:22.510000,corpsvcmtxcutoverrpt_sql,2025-09-04 08:38:18.993000,xrdcwddbsuip06,MTX_ACOE_Cutover_Reporting,UI_Excel_Select_Xwalk_Source_Accommodations,facility,*ALL*,QXA4067,2026-09-21 01:07:43.234000
2600,COCTR,B,NEWBORN,B,N,NO MATCH,0,COCTR,,,,,N,Y,None,QVO8748,2026-07-10 15:04:53.503000,corpsvcmtxcutoverrpt_sql,2026-05-22 14:53:33.330000,xrdcwddbsuip06,MTX_ACOE_Cutover_Reporting,UI_Excel_Select_Xwalk_Source_Accommodations,facility,*ALL*,QXA4067,2026-09-21 01:07:43.235000
2601,COCTR,EC,ECMO,EC,Y,NO MATCH,0,COCTR,EC,ECMO,EC,Y,Y,N,None,QVO8748,2026-08-17 16:02:48.993000,corpsvcmtxcutoverrpt_sql,2026-05-22 14:53:33.330000,xrdcwddbsuip06,MTX_ACOE_Cutover_Reporting,UI_Excel_Select_Xwalk_Source_Accommodations,facility,*ALL*,QXA4067,2026-09-21 01:07:43.235000
2602,COCTR,EHC,ER HOLDING CRITICAL,H1,N,NO MATCH,0,COCTR,,,,,N,Y,None,QVO8748,2026-07-10 15:04:53.563000,corpsvcmtxcutoverrpt_sql,2026-05-22 14:53:33.330000,xrdcwddbsuip06,MTX_ACOE_Cutover_Reporting,UI_Excel_Select_Xwalk_Source_Accommodations,facility,*ALL*,QXA4067,2026-09-21 01:07:43.235000
2603,COCTR,EHM,ER HOLDING MED-SURG,H4,N,NO MATCH,0,COCTR,,,,,N,Y,None,QVO8748,2026-07-10 15:04:53.617000,corpsvcmtxcutoverrpt_sql,2026-05-22 14:53:33.330000,xrdcwddbsuip06,MTX_ACOE_Cutover_Reporting,UI_Excel_Select_Xwalk_Source_Accommodations,facility,*ALL*,QXA4067,2026-09-21 01:07:43.235000
2604,COCTR,EHP,ER HOLDING PEDIATRICS,H3,N,NO MATCH,0,COCTR,,,,,N,Y,None,QVO8748,2026-07-10 15:04:53.670000,corpsvcmtxcutoverrpt_sql,2026-05-22 14:53:33.330000,xrdcwddbsuip06,MTX_ACOE_Cutover_Reporting,UI_Excel_Select_Xwalk_Source_Accommodations,facility,*ALL*,QXA4067,2026-09-21 01:07:43.235000
2605,COCTR,EHT,ER HOLDING TELEMETRY,H2,N,NO MATCH,0,COCTR,,,,,N,Y,None,QVO8748,2026-07-10 15:04:53.723000,corpsvcmtxcutoverrpt_sql,2026-05-22 14:53:33.330000,xrdcwddbsuip06,MTX_ACOE_Cutover_Reporting,UI_Excel_Select_Xwalk_Source_Accommodations,facility,*ALL*,QXA4067,2026-09-21 01:07:43.235000
2606,COCTR,IC,INTENSIVE CARE,IC,Y,NO MATCH,65,COCTR,IC,INTENSIVE CARE,IC,Y,Y,N,None,QVO8748,2026-08-17 16:02:49.013000,corpsvcmtxcutoverrpt_sql,2026-05-22 14:53:33.330000,xrdcwddbsuip06,MTX_ACOE_Cutover_Reporting,UI_Excel_Select_Xwalk_Source_Accommodations,facility,*ALL*,QXA4067,2026-09-21 01:07:43.235000
2607,COCTR,L1,NEWBORN LEVEL I,L1,Y,NO MATCH,0,COCTR,PR,PRIVATE ROOM,PR,Y,Y,N,None,QVO8748,2026-08-17 16:02:49.037000,corpsvcmtxcutoverrpt_sql,2026-05-22 14:53:33.330000,xrdcwddbsuip06,MTX_ACOE_Cutover_Reporting,UI_Excel_Select_Xwalk_Source_Accommodations,facility,*ALL*,QXA4067,2026-09-21 01:07:43.235000
2608,COCTR,L2,NEWBORN LEVEL II,L2,Y,NO MATCH,0,COCTR,PR,PRIVATE ROOM,PR,Y,Y,N,None,QVO8748,2026-08-17 16:02:49.057000,corpsvcmtxcutoverrpt_sql,2026-05-22 14:53:33.330000,xrdcwddbsuip06,MTX_ACOE_Cutover_Reporting,UI_Excel_Select_Xwalk_Source_Accommodations,facility,*ALL*,QXA4067,2026-09-21 01:07:43.235000
2609,COCTR,L3,NEWBORN LEVEL III,L3,Y,NO MATCH,0,COCTR,PR,PRIVATE ROOM,PR,Y,Y,N,None,QVO8748,2026-08-17 16:02:49.080000,corpsvcmtxcutoverrpt_sql,2026-05-22 14:53:33.330000,xrdcwddbsuip06,MTX_ACOE_Cutover_Reporting,UI_Excel_Select_Xwalk_Source_Accommodations,facility,*ALL*,QXA4067,2026-09-21 01:07:43.235000
2610,COCTR,L4,NEWBORN LEVEL IV,L4,Y,NO MATCH,0,COCTR,PR,PRIVATE ROOM,PR,Y,Y,N,None,QVO8748,2026-08-17 16:02:49.100000,corpsvcmtxcutoverrpt_sql,2026-05-22 14:53:33.330000,xrdcwddbsuip06,MTX_ACOE_Cutover_Reporting,UI_Excel_Select_Xwalk_Source_Accommodations,facility,*ALL*,QXA4067,2026-09-21 01:07:43.235000
2611,COCTR,NC,NURSERY INTERMEDIATE,NC,Y,NO MATCH,0,COCTR,PR,PRIVATE ROOM,PR,Y,Y,N,None,QVO8748,2026-08-17 16:02:49.120000,corpsvcmtxcutoverrpt_sql,2026-05-22 14:53:33.330000,xrdcwddbsuip06,MTX_ACOE_Cutover_Reporting,UI_Excel_Select_Xwalk_Source_Accommodations,facility,*ALL*,QXA4067,2026-09-21 01:07:43.235000
2612,COCTR,NI,NEO-NATAL INTENSIVE,NI,Y,NO MATCH,0,COCTR,PR,PRIVATE ROOM,PR,Y,Y,N,None,QVO8748,2026-08-17 16:02:49.140000,corpsvcmtxcutoverrpt_sql,2026-05-22 14:53:33.330000,xrdcwddbsuip06,MTX_ACOE_Cutover_Reporting,UI_Excel_Select_Xwalk_Source_Accommodations,facility,*ALL*,QXA4067,2026-09-21 01:07:43.235000
2613,COCTR,NU,NEWBORN NURSERY,NU,Y,NO MATCH,0,COCTR,PR,PRIVATE ROOM,PR,Y,Y,N,None,QVO8748,2026-08-17 16:02:49.160000,corpsvcmtxcutoverrpt_sql,2026-05-22 14:53:33.330000,xrdcwddbsuip06,MTX_ACOE_Cutover_Reporting,UI_Excel_Select_Xwalk_Source_Accommodations,facility,*ALL*,QXA4067,2026-09-21 01:07:43.235000
2614,COCTR,NV,NURSERY VENT,NV,Y,NO MATCH,0,COCTR,PR,PRIVATE ROOM,PR,Y,Y,N,None,QVO8748,2026-08-17 16:02:49.177000,corpsvcmtxcutoverrpt_sql,2026-05-22 14:53:33.330000,xrdcwddbsuip06,MTX_ACOE_Cutover_Reporting,UI_Excel_Select_Xwalk_Source_Accommodations,facility,*ALL*,QXA4067,2026-09-21 01:07:43.235000
2615,COCTR,OBG,PRIVATE - OB/GYN/PP,OB,Y,NO MATCH,0,COCTR,PR,PRIVATE ROOM,PR,Y,Y,N,None,QVO8748,2026-08-17 16:02:49.197000,corpsvcmtxcutoverrpt_sql,2026-05-22 14:53:33.330000,xrdcwddbsuip06,MTX_ACOE_Cutover_Reporting,UI_Excel_Select_Xwalk_Source_Accommodations,facility,*ALL*,QXA4067,2026-09-21 01:07:43.235000
2616,COCTR,OP,OB - PRIVATE,OP,Y,NO MATCH,0,COCTR,PR,PRIVATE ROOM,PR,Y,Y,N,None,QVO8748,2026-08-17 16:02:49.217000,corpsvcmtxcutoverrpt_sql,2026-05-22 14:53:33.330000,xrdcwddbsuip06,MTX_ACOE_Cutover_Reporting,UI_Excel_Select_Xwalk_Source_Accommodations,facility,*ALL*,QXA4067,2026-09-21 01:07:43.235000
2617,COCTR,P,PRIVATE ROOM,P,Y,NO MATCH,356,COCTR,PR,PRIVATE ROOM,PR,Y,Y,N,None,QVO8748,2026-08-17 16:02:49.237000,corpsvcmtxcutoverrpt_sql,2026-05-22 14:53:33.330000,xrdcwddbsuip06,MTX_ACOE_Cutover_Reporting,UI_Excel_Select_Xwalk_Source_Accommodations,facility,*ALL*,QXA4067,2026-09-21 01:07:43.235000
2618,COCTR,PAC,PATIENT ADMISSION CENTER,ZZ,N,NO MATCH,0,COCTR,,,,,N,Y,None,QVO8748,2026-07-10 15:04:53.777000,corpsvcmtxcutoverrpt_sql,2026-05-22 14:53:33.330000,xrdcwddbsuip06,MTX_ACOE_Cutover_Reporting,UI_Excel_Select_Xwalk_Source_Accommodations,facility,*ALL*,QXA4067,2026-09-21 01:07:43.235000
2619,COCTR,PC,PROGRESSIVE CARE UNIT,PC,Y,NO MATCH,78,COCTR,PC,PROGRESSIVE CARE,PC,Y,Y,N,None,QVO8748,2026-08-17 16:02:49.257000,corpsvcmtxcutoverrpt_sql,2026-05-22 14:53:33.330000,xrdcwddbsuip06,MTX_ACOE_Cutover_Reporting,UI_Excel_Select_Xwalk_Source_Accommodations,facility,*ALL*,QXA4067,2026-09-21 01:07:43.235000
2620,COCTR,PDP,PRIVATE PED,P1,Y,NO MATCH,0,COCTR,PP,PEDIATRIC PRIVATE,PD,Y,Y,N,None,QVO8748,2026-08-17 16:02:49.277000,corpsvcmtxcutoverrpt_sql,2026-05-22 14:53:33.330000,xrdcwddbsuip06,MTX_ACOE_Cutover_Reporting,UI_Excel_Select_Xwalk_Source_Accommodations,facility,*ALL*,QXA4067,2026-09-21 01:07:43.235000
2621,COCTR,PICU,Pediatric Intensive Care Unit,PI,Y,NO MATCH,0,COCTR,PIC,PEDIATRIC INTENSIVE CARE,PI,Y,Y,N,None,QVO8748,2026-08-17 16:02:49.297000,corpsvcmtxcutoverrpt_sql,2026-05-22 14:53:33.330000,xrdcwddbsuip06,MTX_ACOE_Cutover_Reporting,UI_Excel_Select_Xwalk_Source_Accommodations,facility,*ALL*,QXA4067,2026-09-21 01:07:43.235000
2622,COCTR,RB,REHAB SP,RB,Y,NO MATCH,0,COCTR,SP,SEMI PRIVATE ROOM,SP,Y,Y,N,None,QVO8748,2026-08-17 16:02:49.317000,corpsvcmtxcutoverrpt_sql,2026-05-22 14:53:33.330000,xrdcwddbsuip06,MTX_ACOE_Cutover_Reporting,UI_Excel_Select_Xwalk_Source_Accommodations,facility,*ALL*,QXA4067,2026-09-21 01:07:43.235000
2623,COCTR,RH,REHAB PRIVATE,RH,Y,NO MATCH,66,COCTR,RP,REHAB PRIVATE,RP,Y,Y,N,None,QVO8748,2026-08-17 16:02:49.337000,corpsvcmtxcutoverrpt_sql,2026-05-22 14:53:33.330000,xrdcwddbsuip06,MTX_ACOE_Cutover_Reporting,UI_Excel_Select_Xwalk_Source_Accommodations,facility,*ALL*,QXA4067,2026-09-21 01:07:43.235000
2624,COCTR,S,SEMI-PRIVATE ROOM,1,N,NO MATCH,0,COCTR,,,,,N,Y,None,QVO8748,2026-07-10 15:04:53.830000,corpsvcmtxcutoverrpt_sql,2026-05-22 14:53:33.330000,xrdcwddbsuip06,MTX_ACOE_Cutover_Reporting,UI_Excel_Select_Xwalk_Source_Accommodations,facility,*ALL*,QXA4067,2026-09-21 01:07:43.235000
2625,COCTR,SP,SEMI-PRIVATE,SP,Y,NO MATCH,395,COCTR,SP,SEMI PRIVATE ROOM,SP,Y,Y,N,None,QVO8748,2026-08-17 16:02:49.357000,corpsvcmtxcutoverrpt_sql,2026-05-22 14:53:33.330000,xrdcwddbsuip06,MTX_ACOE_Cutover_Reporting,UI_Excel_Select_Xwalk_Source_Accommodations,facility,*ALL*,QXA4067,2026-09-21 01:07:43.235000
2626,COCTR,TL,TELEMETRY,TL,Y,NO MATCH,258,COCTR,TEL,TELEMETRY,TE,Y,Y,N,None,QVO8748,2026-08-17 16:02:49.377000,corpsvcmtxcutoverrpt_sql,2026-05-22 14:53:33.330000,xrdcwddbsuip06,MTX_ACOE_Cutover_Reporting,UI_Excel_Select_Xwalk_Source_Accommodations,facility,*ALL*,QXA4067,2026-09-21 01:07:43.235000
2627,COCTR,TR,Trauma ICU,TR,Y,NO MATCH,19,COCTR,TRIC,TRAUMA INTENSIVE CARE,TI,Y,Y,N,None,QVO8748,2026-08-17 16:02:49.397000,corpsvcmtxcutoverrpt_sql,2026-05-22 14:53:33.330000,xrdcwddbsuip06,MTX_ACOE_Cutover_Reporting,UI_Excel_Select_Xwalk_Source_Accommodations,facility,*ALL*,QXA4067,2026-09-21 01:07:43.235000
2628,COCTR,TREC,Trauma w/ECMO,TO,Y,NO MATCH,0,COCTR,TREC,TRAUMA WITH ECMO,ET,Y,Y,N,None,QVO8748,2026-08-17 16:02:49.420000,corpsvcmtxcutoverrpt_sql,2026-05-22 14:53:33.330000,xrdcwddbsuip06,MTX_ACOE_Cutover_Reporting,UI_Excel_Select_Xwalk_Source_Accommodations,facility,*ALL*,QXA4067,2026-09-21 01:07:43.235000
2629,COCTR,TRP,Trauma Private Room,T1,Y,NO MATCH,9,COCTR,TR,TRAUMA,TR,Y,Y,N,None,QVO8748,2026-08-17 16:02:49.440000,corpsvcmtxcutoverrpt_sql,2026-05-22 14:53:33.330000,xrdcwddbsuip06,MTX_ACOE_Cutover_Reporting,UI_Excel_Select_Xwalk_Source_Accommodations,facility,*ALL*,QXA4067,2026-09-21 01:07:43.236000
2630,COCTR,TRPI,Trauma PICU,TI,Y,NO MATCH,0,COCTR,TR,TRAUMA,TR,Y,Y,N,None,QVO8748,2026-08-17 16:02:49.457000,corpsvcmtxcutoverrpt_sql,2026-05-22 14:53:33.330000,xrdcwddbsuip06,MTX_ACOE_Cutover_Reporting,UI_Excel_Select_Xwalk_Source_Accommodations,facility,*ALL*,QXA4067,2026-09-21 01:07:43.236000
2631,COCTR,TRS,Trauma Special Bed,TS,Y,NO MATCH,0,COCTR,TR,TRAUMA,TR,Y,Y,N,None,QVO8748,2026-08-17 16:02:49.477000,corpsvcmtxcutoverrpt_sql,2026-05-22 14:53:33.330000,xrdcwddbsuip06,MTX_ACOE_Cutover_Reporting,UI_Excel_Select_Xwalk_Source_Accommodations,facility,*ALL*,QXA4067,2026-09-21 01:07:43.236000
2632,COCTR,TRSP,Trauma Semi-Private,TP,Y,NO MATCH,1,COCTR,TR,TRAUMA,TR,Y,Y,N,None,QVO8748,2026-08-17 16:02:49.497000,corpsvcmtxcutoverrpt_sql,2026-05-22 14:53:33.330000,xrdcwddbsuip06,MTX_ACOE_Cutover_Reporting,UI_Excel_Select_Xwalk_Source_Accommodations,facility,*ALL*,QXA4067,2026-09-21 01:07:43.236000
2633,COCTRA,GPS,GERO PSYCH SEMI PRIVATE,GS,N,NO MATCH,0,COCTRA,,,,,N,Y,None,JKB0282,2025-04-29 15:47:18.090000,HCA\IIU4396,2024-10-15 11:46:47.723000,xrdcwddbsuip06,MTX_ACOE_Cutover_Reporting,UI_Excel_Select_Xwalk_Source_Accommodations,facility,*ALL*,QXA4067,2026-09-21 01:07:43.236000
2634,COCTRA,I,INTENSIVE CARE,I,Y,"TEST (2025-12-11),ZCON (2025-12-11),LIVE (2025-12-05)",0,COCTRA,IC,INTENSIVE CARE,I,Y,Y,N,None,IIU4396,2025-07-25 16:12:26.703000,HCA\IIU4396,2024-10-15 11:46:47.723000,xrdcwddbsuip06,MTX_ACOE_Cutover_Reporting,UI_Excel_Select_Xwalk_Source_Accommodations,facility,*ALL*,QXA4067,2026-09-21 01:07:43.236000
2635,COCTRA,IC,INTENSIVE CARE,IC,Y,"TEST (2025-12-11),ZCON (2025-12-11),LIVE (2025-12-05)",0,COCTRA,IC,INTENSIVE CARE,I,Y,Y,N,None,IIU4396,2025-07-25 16:12:26.740000,HCA\IIU4396,2024-10-15 11:46:47.723000,xrdcwddbsuip06,MTX_ACOE_Cutover_Reporting,UI_Excel_Select_Xwalk_Source_Accommodations,facility,*ALL*,QXA4067,2026-09-21 01:07:43.236000
2636,COCTRA,IM,INTERMEDIATE CARE,IM,Y,"TEST (2025-12-11),ZCON (2025-12-11),LIVE (2025-12-05)",0,COCTRA,PC,PROGRESSIVE CARE,IM,Y,Y,N,None,IIU4396,2025-07-25 16:12:26.780000,HCA\IIU4396,2024-10-15 11:46:47.723000,xrdcwddbsuip06,MTX_ACOE_Cutover_Reporting,UI_Excel_Select_Xwalk_Source_Accommodations,facility,*ALL*,QXA4067,2026-09-21 01:07:43.236000
2637,COCTRA,IS,ISOLATION,IS,Y,"TEST (2025-12-11),ZCON (2025-12-11),LIVE (2025-12-05)",0,COCTRA,IS,ISOLATION,IS,Y,Y,N,None,IIU4396,2025-07-25 16:12:26.820000,HCA\IIU4396,2024-10-15 11:46:47.723000,xrdcwddbsuip06,MTX_ACOE_Cutover_Reporting,UI_Excel_Select_Xwalk_Source_Accommodations,facility,*ALL*,QXA4067,2026-09-21 01:07:43.236000
2638,COCTRA,L1,L1 Newborn Level 1,L1,Y,"TEST (2025-12-11),ZCON (2025-12-11),LIVE (2025-12-05)",0,COCTRA,L1,NEWBORN LEVEL 1 CARE,L1,Y,Y,N,None,FRE8115,2025-08-01 11:46:55.533000,HCA\CORPSVCACOESSISPROXY,2024-11-27 04:14:05.800000,xrdcwddbsuip06,MTX_ACOE_Cutover_Reporting,UI_Excel_Select_Xwalk_Source_Accommodations,facility,*ALL*,QXA4067,2026-09-21 01:07:43.236000
2639,COCTRA,L2,NEWBORN L2 NURSERY,L2,Y,"TEST (2025-12-11),ZCON (2025-12-11),LIVE (2025-12-05)",0,COCTRA,L2,NEWBORN LEVEL II CARE,L2,Y,Y,N,None,IIU4396,2025-07-25 16:12:26.857000,HCA\IIU4396,2024-10-15 11:46:47.723000,xrdcwddbsuip06,MTX_ACOE_Cutover_Reporting,UI_Excel_Select_Xwalk_Source_Accommodations,facility,*ALL*,QXA4067,2026-09-21 01:07:43.236000
2640,COCTRA,L3,NEWBORN L3 NURSERY,L3,Y,"TEST (2025-12-11),ZCON (2025-12-11),LIVE (2025-12-05)",0,COCTRA,L3,NEWBORN LEVEL III CARE,L3,Y,Y,N,None,IIU4396,2025-07-25 16:12:26.893000,HCA\IIU4396,2024-10-15 11:46:47.723000,xrdcwddbsuip06,MTX_ACOE_Cutover_Reporting,UI_Excel_Select_Xwalk_Source_Accommodations,facility,*ALL*,QXA4067,2026-09-21 01:07:43.236000
2641,COCTRA,L4,NEWBORN L4 NURSERY,L4,Y,"TEST (2025-12-11),ZCON (2025-12-11),LIVE (2025-12-05)",0,COCTRA,L4,NEWBORN LEVEL IV CARE,L4,Y,Y,N,None,IIU4396,2025-07-25 16:12:26.933000,HCA\IIU4396,2024-10-15 11:46:47.723000,xrdcwddbsuip06,MTX_ACOE_Cutover_Reporting,UI_Excel_Select_Xwalk_Source_Accommodations,facility,*ALL*,QXA4067,2026-09-21 01:07:43.236000
2642,COCTRA,LD,LABOR & DELIVERY,LD,Y,"TEST (2025-12-11),ZCON (2025-12-11),LIVE (2025-12-05)",0,COCTRA,LD,LABOR AND DELIVERY,LD,Y,Y,N,None,IIU4396,2025-07-25 16:12:26.973000,HCA\IIU4396,2024-10-15 11:46:47.723000,xrdcwddbsuip06,MTX_ACOE_Cutover_Reporting,UI_Excel_Select_Xwalk_Source_Accommodations,facility,*ALL*,QXA4067,2026-09-21 01:07:43.236000
2643,COCTRA,N1,NURSERY LEVEL 1,N1,Y,"TEST (2025-12-11),ZCON (2025-12-11),LIVE (2025-12-05)",0,COCTRA,L1,NEWBORN LEVEL 1 CARE,L1,Y,Y,N,None,IIU4396,2025-07-25 16:12:27.013000,HCA\IIU4396,2024-10-15 11:46:47.723000,xrdcwddbsuip06,MTX_ACOE_Cutover_Reporting,UI_Excel_Select_Xwalk_Source_Accommodations,facility,*ALL*,QXA4067,2026-09-21 01:07:43.236000
2644,COCTRA,N2,NURSERY LEVEL II,N2,Y,"TEST (2025-12-11),ZCON (2025-12-11),LIVE (2025-12-05)",0,COCTRA,L2,NEWBORN LEVEL II CARE,L2,Y,Y,N,None,IIU4396,2025-07-25 16:12:27.073000,HCA\IIU4396,2024-10-15 11:46:47.723000,xrdcwddbsuip06,MTX_ACOE_Cutover_Reporting,UI_Excel_Select_Xwalk_Source_Accommodations,facility,*ALL*,QXA4067,2026-09-21 01:07:43.236000
2645,COCTRA,N3,NURSERY LEVEL III,N3,Y,"TEST (2025-12-11),ZCON (2025-12-11),LIVE (2025-12-05)",0,COCTRA,L3,NEWBORN LEVEL III CARE,L3,Y,Y,N,None,IIU4396,2025-07-25 16:12:27.110000,HCA\IIU4396,2024-10-15 11:46:47.723000,xrdcwddbsuip06,MTX_ACOE_Cutover_Reporting,UI_Excel_Select_Xwalk_Source_Accommodations,facility,*ALL*,QXA4067,2026-09-21 01:07:43.236000
2646,COCTRA,NB,NEWBORN,NB,Y,"TEST (2025-12-11),ZCON (2025-12-11),LIVE (2025-12-05)",0,COCTRA,L1,NEWBORN LEVEL 1 CARE,L1,Y,Y,N,None,IIU4396,2025-07-25 16:12:27.150000,HCA\IIU4396,2024-10-15 11:46:47.723000,xrdcwddbsuip06,MTX_ACOE_Cutover_Reporting,UI_Excel_Select_Xwalk_Source_Accommodations,facility,*ALL*,QXA4067,2026-09-21 01:07:43.236000
2647,COCTRA,P,PRIVATE ROOM,P,Y,"TEST (2025-12-11),ZCON (2025-12-11),LIVE (2025-12-05)",0,COCTRA,PR,PRIVATE ROOM,P,Y,Y,N,None,IIU4396,2025-07-25 16:12:27.190000,HCA\IIU4396,2024-10-15 11:46:47.723000,xrdcwddbsuip06,MTX_ACOE_Cutover_Reporting,UI_Excel_Select_Xwalk_Source_Accommodations,facility,*ALL*,QXA4067,2026-09-21 01:07:43.236000
2648,COCTRA,PCP,PEDIATRIC CARE PRIVATE,PC,N,NO MATCH,0,COCTRA,,,,,N,Y,None,JKB0282,2025-04-29 15:47:18.187000,HCA\IIU4396,2024-10-15 11:46:47.723000,xrdcwddbsuip06,MTX_ACOE_Cutover_Reporting,UI_Excel_Select_Xwalk_Source_Accommodations,facility,*ALL*,QXA4067,2026-09-21 01:07:43.236000
2649,COCTRA,PP,POSTPARTUM ROOM,PP,Y,"TEST (2025-12-11),ZCON (2025-12-11),LIVE (2025-12-05)",0,COCTRA,PR,PRIVATE ROOM,P,Y,Y,N,None,IIU4396,2025-07-25 16:12:27.230000,HCA\IIU4396,2024-10-15 11:46:47.723000,xrdcwddbsuip06,MTX_ACOE_Cutover_Reporting,UI_Excel_Select_Xwalk_Source_Accommodations,facility,*ALL*,QXA4067,2026-09-21 01:07:43.236000
2650,COCTRA,RHB,REHAB,RH,Y,"TEST (2025-12-11),ZCON (2025-12-11),LIVE (2025-12-05)",0,COCTRA,PR,PRIVATE ROOM,P,Y,Y,N,None,IIU4396,2025-07-25 16:12:27.270000,HCA\IIU4396,2024-10-15 11:46:47.723000,xrdcwddbsuip06,MTX_ACOE_Cutover_Reporting,UI_Excel_Select_Xwalk_Source_Accommodations,facility,*ALL*,QXA4067,2026-09-21 01:07:43.236000
2651,COCTRA,S,SEMI-PRIVATE ROOM,SP,Y,"TEST (2025-12-11),ZCON (2025-12-11),LIVE (2025-12-05)",0,COCTRA,SP,SEMI-PRIVATE ROOM,SP,Y,Y,N,None,IIU4396,2025-07-25 16:12:27.307000,HCA\IIU4396,2024-10-15 11:46:47.723000,xrdcwddbsuip06,MTX_ACOE_Cutover_Reporting,UI_Excel_Select_Xwalk_Source_Accommodations,facility,*ALL*,QXA4067,2026-09-21 01:07:43.236000
2652,COCTRA,TE,TELEMETRY,TE,Y,"TEST (2025-12-11),ZCON (2025-12-11),LIVE (2025-12-05)",0,COCTRA,TEL,TELEMETRY,TE,Y,Y,N,None,IIU4396,2025-07-25 16:12:27.347000,HCA\IIU4396,2024-10-15 11:46:47.723000,xrdcwddbsuip06,MTX_ACOE_Cutover_Reporting,UI_Excel_Select_Xwalk_Source_Accommodations,facility,*ALL*,QXA4067,2026-09-21 01:07:43.236000
2653,COCTRA,TP,TELEMETRY PRIVATE,TP,Y,"TEST (2025-12-11),ZCON (2025-12-11),LIVE (2025-12-05)",0,COCTRA,TEL,TELEMETRY,TE,Y,Y,N,None,IIU4396,2025-07-25 16:12:27.383000,HCA\IIU4396,2024-10-15 11:46:47.723000,xrdcwddbsuip06,MTX_ACOE_Cutover_Reporting,UI_Excel_Select_Xwalk_Source_Accommodations,facility,*ALL*,QXA4067,2026-09-21 01:07:43.236000
2654,COCTW,ER,EMERGENCY ROOM,ER,Y,"TEST (2025-12-11),ZCON (2025-12-11),LIVE (2025-12-05)",0,COCTW,PR,PRIVATE ROOM,PR,,Y,N,None,IIU4396,2025-07-31 12:36:57.443000,corpsvcmtxcutoverrpt_sql,2025-02-26 04:14:04.790000,xrdcwddbsuip06,MTX_ACOE_Cutover_Reporting,UI_Excel_Select_Xwalk_Source_Accommodations,facility,*ALL*,QXA4067,2026-09-21 01:07:43.236000
2655,COCTW,IC,INTENSIVE CARE,IC,Y,"TEST (2025-12-11),ZCON (2025-12-11),LIVE (2025-12-05)",0,COCTW,IC,INTENSIVE CARE,IC,,Y,N,None,IIU4396,2025-07-31 12:36:57.480000,corpsvcmtxcutoverrpt_sql,2025-02-26 04:14:04.790000,xrdcwddbsuip06,MTX_ACOE_Cutover_Reporting,UI_Excel_Select_Xwalk_Source_Accommodations,facility,*ALL*,QXA4067,2026-09-21 01:07:43.236000
2656,COCTW,IS,ISOLATION,IS,Y,"TEST (2025-12-11),ZCON (2025-12-11),LIVE (2025-12-05)",0,COCTW,PR,PRIVATE ROOM,PR,,Y,N,None,IIU4396,2025-07-31 12:36:57.520000,corpsvcmtxcutoverrpt_sql,2025-02-26 04:14:04.790000,xrdcwddbsuip06,MTX_ACOE_Cutover_Reporting,UI_Excel_Select_Xwalk_Source_Accommodations,facility,*ALL*,QXA4067,2026-09-21 01:07:43.236000
2657,COCTW,MJ,MEDICALLY JUSTIFIED,J,Y,"TEST (2025-12-11),ZCON (2025-12-11),LIVE (2025-12-05)",0,COCTW,PR,PRIVATE ROOM,PR,,Y,N,None,IIU4396,2025-07-31 12:36:57.557000,corpsvcmtxcutoverrpt_sql,2025-02-26 04:14:04.790000,xrdcwddbsuip06,MTX_ACOE_Cutover_Reporting,UI_Excel_Select_Xwalk_Source_Accommodations,facility,*ALL*,QXA4067,2026-09-21 01:07:43.237000
2658,COCTW,OED,OVERFLOW ED,OE,Y,"TEST (2025-12-11),ZCON (2025-12-11),LIVE (2025-12-05)",0,COCTW,PR,PRIVATE ROOM,PR,,Y,N,None,IIU4396,2025-07-31 12:36:57.590000,corpsvcmtxcutoverrpt_sql,2025-02-26 04:14:04.790000,xrdcwddbsuip06,MTX_ACOE_Cutover_Reporting,UI_Excel_Select_Xwalk_Source_Accommodations,facility,*ALL*,QXA4067,2026-09-21 01:07:43.237000
2659,COCTW,P,PRIVATE ROOM,P,Y,"TEST (2025-12-11),ZCON (2025-12-11),LIVE (2025-12-05)",0,COCTW,PR,PRIVATE ROOM,PR,,Y,N,None,IIU4396,2025-07-31 12:36:57.627000,corpsvcmtxcutoverrpt_sql,2025-02-26 04:14:04.790000,xrdcwddbsuip06,MTX_ACOE_Cutover_Reporting,UI_Excel_Select_Xwalk_Source_Accommodations,facility,*ALL*,QXA4067,2026-09-21 01:07:43.237000
2660,COCTW,PC,PROGRESSIVE CARE,PC,Y,"TEST (2025-12-11),ZCON (2025-12-11),LIVE (2025-12-05)",0,COCTW,PC,PROGRESSIVE CARE,PC,,Y,N,None,IIU4396,2025-07-31 12:36:57.667000,corpsvcmtxcutoverrpt_sql,2025-02-26 04:14:04.790000,xrdcwddbsuip06,MTX_ACOE_Cutover_Reporting,UI_Excel_Select_Xwalk_Source_Accommodations,facility,*ALL*,QXA4067,2026-09-21 01:07:43.237000
2661,COCTW,PD,PEDIATRICS,PD,Y,"TEST (2025-12-11),ZCON (2025-12-11),LIVE (2025-12-05)",0,COCTW,PR,PRIVATE ROOM,PR,,Y,N,None,IIU4396,2025-07-31 12:36:57.700000,corpsvcmtxcutoverrpt_sql,2025-02-26 04:14:04.790000,xrdcwddbsuip06,MTX_ACOE_Cutover_Reporting,UI_Excel_Select_Xwalk_Source_Accommodations,facility,*ALL*,QXA4067,2026-09-21 01:07:43.237000
2662,COCTW,PP,PROGRESSIVE PRIVATE,PP,Y,"TEST (2025-12-11),ZCON (2025-12-11),LIVE (2025-12-05)",0,COCTW,PCP,PROGRESSIVE CARE PRIVATE,PP,,Y,N,None,IIU4396,2025-07-31 12:36:57.740000,corpsvcmtxcutoverrpt_sql,2025-02-26 04:14:04.790000,xrdcwddbsuip06,MTX_ACOE_Cutover_Reporting,UI_Excel_Select_Xwalk_Source_Accommodations,facility,*ALL*,QXA4067,2026-09-21 01:07:43.237000
2663,COCTW,SD,STEP DOWN,SD,Y,"TEST (2025-12-11),ZCON (2025-12-11),LIVE (2025-12-05)",0,COCTW,PCP,PROGRESSIVE CARE PRIVATE,PP,,Y,N,None,IIU4396,2025-07-31 12:36:57.773000,corpsvcmtxcutoverrpt_sql,2025-02-26 04:14:04.790000,xrdcwddbsuip06,MTX_ACOE_Cutover_Reporting,UI_Excel_Select_Xwalk_Source_Accommodations,facility,*ALL*,QXA4067,2026-09-21 01:07:43.237000
2664,COCTW,SN,SKILLED NURSING SEMI PRIVATE,SN,Y,"TEST (2025-12-11),ZCON (2025-12-11),LIVE (2025-12-05)",0,COCTW,PR,PRIVATE ROOM,PR,,Y,N,None,IIU4396,2025-07-31 12:36:57.810000,corpsvcmtxcutoverrpt_sql,2025-02-26 04:14:04.790000,xrdcwddbsuip06,MTX_ACOE_Cutover_Reporting,UI_Excel_Select_Xwalk_Source_Accommodations,facility,*ALL*,QXA4067,2026-09-21 01:07:43.237000
2665,COCTW,SP,SEMI-PRIVATE,SP,Y,"TEST (2025-12-11),ZCON (2025-12-11),LIVE (2025-12-05)",0,COCTW,SP,SEMI PRIVATE ROOM,SP,,Y,N,None,IIU4396,2025-07-31 12:36:57.847000,corpsvcmtxcutoverrpt_sql,2025-02-26 04:14:04.790000,xrdcwddbsuip06,MTX_ACOE_Cutover_Reporting,UI_Excel_Select_Xwalk_Source_Accommodations,facility,*ALL*,QXA4067,2026-09-21 01:07:43.237000
2666,COCTW,UP,SNF PRIVATE,UP,Y,"TEST (2025-12-11),ZCON (2025-12-11),LIVE (2025-12-05)",0,COCTW,PR,PRIVATE ROOM,PR,,Y,N,None,IIU4396,2025-07-31 12:36:57.883000,corpsvcmtxcutoverrpt_sql,2025-02-26 04:14:04.790000,xrdcwddbsuip06,MTX_ACOE_Cutover_Reporting,UI_Excel_Select_Xwalk_Source_Accommodations,facility,*ALL*,QXA4067,2026-09-21 01:07:43.237000
2667,COCUH,BURN,Burn Intensive Care,BU,N,NO MATCH,0,COCUH,,,,,N,Y,None,FDO8801,2026-02-23 11:38:15.780000,corpsvcmtxcutoverrpt_sql,2026-01-22 15:18:08.480000,xrdcwddbsuip06,MTX_ACOE_Cutover_Reporting,UI_Excel_Select_Xwalk_Source_Accommodations,facility,*ALL*,QXA4067,2026-09-21 01:07:43.237000
2668,COCUH,CC,Coronary Care,CO,N,NO MATCH,0,COCUH,,,,,N,Y,None,FDO8801,2026-02-23 11:38:15.887000,corpsvcmtxcutoverrpt_sql,2026-01-22 15:18:08.480000,xrdcwddbsuip06,MTX_ACOE_Cutover_Reporting,UI_Excel_Select_Xwalk_Source_Accommodations,facility,*ALL*,QXA4067,2026-09-21 01:07:43.237000
2669,COCUH,CCU,CCU,CC,N,NO MATCH,0,COCUH,,,,,N,Y,None,FDO8801,2026-02-23 11:38:15.993000,corpsvcmtxcutoverrpt_sql,2026-01-22 15:18:08.480000,xrdcwddbsuip06,MTX_ACOE_Cutover_Reporting,UI_Excel_Select_Xwalk_Source_Accommodations,facility,*ALL*,QXA4067,2026-09-21 01:07:43.237000
2670,COCUH,CV,CVICU,CV,N,NO MATCH,0,COCUH,,,,,N,Y,None,FDO8801,2026-02-23 11:38:16.100000,corpsvcmtxcutoverrpt_sql,2026-01-22 15:18:08.480000,xrdcwddbsuip06,MTX_ACOE_Cutover_Reporting,UI_Excel_Select_Xwalk_Source_Accommodations,facility,*ALL*,QXA4067,2026-09-21 01:07:43.237000
2671,COCUH,DX,Detox,DX,N,NO MATCH,0,COCUH,,,,,N,Y,None,FDO8801,2026-02-23 11:38:16.207000,corpsvcmtxcutoverrpt_sql,2026-01-22 15:18:08.480000,xrdcwddbsuip06,MTX_ACOE_Cutover_Reporting,UI_Excel_Select_Xwalk_Source_Accommodations,facility,*ALL*,QXA4067,2026-09-21 01:07:43.237000
2672,COCUH,HOSP,HOSPICE CLIENT,HO,N,NO MATCH,0,COCUH,,,,,N,Y,None,FDO8801,2026-02-23 11:38:16.333000,corpsvcmtxcutoverrpt_sql,2026-01-22 15:18:08.480000,xrdcwddbsuip06,MTX_ACOE_Cutover_Reporting,UI_Excel_Select_Xwalk_Source_Accommodations,facility,*ALL*,QXA4067,2026-09-21 01:07:43.237000
2673,COCUH,IA,ICU/CCU ER ADMISSION UNIT,IA,N,NO MATCH,0,COCUH,,,,,N,Y,None,FDO8801,2026-02-23 11:38:16.437000,corpsvcmtxcutoverrpt_sql,2026-01-22 15:18:08.480000,xrdcwddbsuip06,MTX_ACOE_Cutover_Reporting,UI_Excel_Select_Xwalk_Source_Accommodations,facility,*ALL*,QXA4067,2026-09-21 01:07:43.237000
2674,COCUH,IC,Intensive Care,IN,Y,"TEST (2026-09-20),ZCON (2026-09-20),LIVE (2026-09-04)",25,COCUH,IC,INTENSIVE CARE,IC,Y,Y,N,None,FDO8801,2026-02-23 11:34:03.190000,corpsvcmtxcutoverrpt_sql,2026-01-22 15:18:08.480000,xrdcwddbsuip06,MTX_ACOE_Cutover_Reporting,UI_Excel_Select_Xwalk_Source_Accommodations,facility,*ALL*,QXA4067,2026-09-21 01:07:43.237000
2675,COCUH,ICCU,ICCU,IC,N,NO MATCH,0,COCUH,,,,,N,Y,None,FDO8801,2026-02-23 11:38:16.540000,corpsvcmtxcutoverrpt_sql,2026-01-22 15:18:08.480000,xrdcwddbsuip06,MTX_ACOE_Cutover_Reporting,UI_Excel_Select_Xwalk_Source_Accommodations,facility,*ALL*,QXA4067,2026-09-21 01:07:43.237000
2676,COCUH,IM,Intermediate Care,IR,Y,"TEST (2026-09-20),ZCON (2026-09-20),LIVE (2026-09-04)",22,COCUH,PC,PROGRESSIVE CARE,PC,Y,Y,N,None,FDO8801,2026-02-23 11:34:03.297000,corpsvcmtxcutoverrpt_sql,2026-01-22 15:18:08.480000,xrdcwddbsuip06,MTX_ACOE_Cutover_Reporting,UI_Excel_Select_Xwalk_Source_Accommodations,facility,*ALL*,QXA4067,2026-09-21 01:07:43.237000
2677,COCUH,IMCU,Intermediate Care CCU,CR,N,NO MATCH,0,COCUH,,,,,N,Y,None,FDO8801,2026-02-23 11:38:16.643000,corpsvcmtxcutoverrpt_sql,2026-01-22 15:18:08.480000,xrdcwddbsuip06,MTX_ACOE_Cutover_Reporting,UI_Excel_Select_Xwalk_Source_Accommodations,facility,*ALL*,QXA4067,2026-09-21 01:07:43.237000
2678,COCUH,ISO,ISOLATION,IS,N,NO MATCH,0,COCUH,,,,,N,Y,None,FDO8801,2026-02-23 11:38:16.747000,corpsvcmtxcutoverrpt_sql,2026-01-22 15:18:08.480000,xrdcwddbsuip06,MTX_ACOE_Cutover_Reporting,UI_Excel_Select_Xwalk_Source_Accommodations,facility,*ALL*,QXA4067,2026-09-21 01:07:43.237000
2679,COCUH,IT,ICCU/TELE,IT,N,NO MATCH,0,COCUH,,,,,N,Y,None,FDO8801,2026-02-23 11:38:16.850000,corpsvcmtxcutoverrpt_sql,2026-01-22 15:18:08.480000,xrdcwddbsuip06,MTX_ACOE_Cutover_Reporting,UI_Excel_Select_Xwalk_Source_Accommodations,facility,*ALL*,QXA4067,2026-09-21 01:07:43.237000
2680,COCUH,MA,MED SURG ER ADMISSION UNIT,MA,N,NO MATCH,0,COCUH,,,,,N,Y,None,FDO8801,2026-02-23 11:38:16.957000,corpsvcmtxcutoverrpt_sql,2026-01-22 15:18:08.480000,xrdcwddbsuip06,MTX_ACOE_Cutover_Reporting,UI_Excel_Select_Xwalk_Source_Accommodations,facility,*ALL*,QXA4067,2026-09-21 01:07:43.237000
2681,COCUH,MEDP,MEDICAL/SURGICAL PRIVATE,MP,N,NO MATCH,0,COCUH,,,,,N,Y,None,FDO8801,2026-02-23 11:38:17.060000,corpsvcmtxcutoverrpt_sql,2026-01-22 15:18:08.480000,xrdcwddbsuip06,MTX_ACOE_Cutover_Reporting,UI_Excel_Select_Xwalk_Source_Accommodations,facility,*ALL*,QXA4067,2026-09-21 01:07:43.237000
2682,COCUH,MEDSP,MEDICAL/SURGICAL SEMI-PRIVATE,MS,N,NO MATCH,0,COCUH,,,,,N,Y,None,FDO8801,2026-02-23 11:38:17.160000,corpsvcmtxcutoverrpt_sql,2026-01-22 15:18:08.480000,xrdcwddbsuip06,MTX_ACOE_Cutover_Reporting,UI_Excel_Select_Xwalk_Source_Accommodations,facility,*ALL*,QXA4067,2026-09-21 01:07:43.237000
2683,COCUH,MISO,MEDICAL/SURGICAL ISOLATION,MI,N,NO MATCH,0,COCUH,,,,,N,Y,None,FDO8801,2026-02-23 11:38:17.263000,corpsvcmtxcutoverrpt_sql,2026-01-22 15:18:08.480000,xrdcwddbsuip06,MTX_ACOE_Cutover_Reporting,UI_Excel_Select_Xwalk_Source_Accommodations,facility,*ALL*,QXA4067,2026-09-21 01:07:43.237000
2684,COCUH,MO,OBS MED ER HOLDING,MO,N,NO MATCH,0,COCUH,,,,,N,Y,None,FDO8801,2026-02-23 11:38:17.363000,corpsvcmtxcutoverrpt_sql,2026-01-22 15:18:08.480000,xrdcwddbsuip06,MTX_ACOE_Cutover_Reporting,UI_Excel_Select_Xwalk_Source_Accommodations,facility,*ALL*,QXA4067,2026-09-21 01:07:43.237000
2685,COCUH,MS,Med Surg,MD,Y,"TEST (2026-09-20),ZCON (2026-09-20),LIVE (2026-09-04)",422,COCUH,MS,MED SURG,MS,Y,Y,N,None,FDO8801,2026-02-23 11:34:03.390000,corpsvcmtxcutoverrpt_sql,2026-01-22 15:18:08.480000,xrdcwddbsuip06,MTX_ACOE_Cutover_Reporting,UI_Excel_Select_Xwalk_Source_Accommodations,facility,*ALL*,QXA4067,2026-09-21 01:07:43.237000
2686,COCUH,N1,NICU Level 1,NO,N,NO MATCH,0,COCUH,,,,,N,Y,None,FDO8801,2026-02-23 11:38:17.470000,corpsvcmtxcutoverrpt_sql,2026-01-22 15:18:08.480000,xrdcwddbsuip06,MTX_ACOE_Cutover_Reporting,UI_Excel_Select_Xwalk_Source_Accommodations,facility,*ALL*,QXA4067,2026-09-21 01:07:43.238000
2687,COCUH,N2,NICU Level 2,NT,N,NO MATCH,0,COCUH,,,,,N,Y,None,FDO8801,2026-02-23 11:38:17.573000,corpsvcmtxcutoverrpt_sql,2026-01-22 15:18:08.480000,xrdcwddbsuip06,MTX_ACOE_Cutover_Reporting,UI_Excel_Select_Xwalk_Source_Accommodations,facility,*ALL*,QXA4067,2026-09-21 01:07:43.238000
2688,COCUH,N3,NICU Level 3,N3,N,NO MATCH,0,COCUH,,,,,N,Y,None,FDO8801,2026-02-23 11:38:17.680000,corpsvcmtxcutoverrpt_sql,2026-01-22 15:18:08.480000,xrdcwddbsuip06,MTX_ACOE_Cutover_Reporting,UI_Excel_Select_Xwalk_Source_Accommodations,facility,*ALL*,QXA4067,2026-09-21 01:07:43.238000
2689,COCUH,NB,Newborn Basic Care,NB,N,NO MATCH,0,COCUH,,,,,N,Y,None,FDO8801,2026-02-23 11:38:17.780000,corpsvcmtxcutoverrpt_sql,2026-01-22 15:18:08.480000,xrdcwddbsuip06,MTX_ACOE_Cutover_Reporting,UI_Excel_Select_Xwalk_Source_Accommodations,facility,*ALL*,QXA4067,2026-09-21 01:07:43.238000
2690,COCUH,OBS,OBSERVATION ONLY,OB,N,NO MATCH,0,COCUH,,,,,N,Y,None,FDO8801,2026-02-23 11:38:17.890000,corpsvcmtxcutoverrpt_sql,2026-01-22 15:18:08.480000,xrdcwddbsuip06,MTX_ACOE_Cutover_Reporting,UI_Excel_Select_Xwalk_Source_Accommodations,facility,*ALL*,QXA4067,2026-09-21 01:07:43.238000
2691,COCUH,OC,Obstetrics,OC,N,NO MATCH,0,COCUH,,,,,N,Y,None,FDO8801,2026-02-23 11:38:17.993000,corpsvcmtxcutoverrpt_sql,2026-01-22 15:18:08.480000,xrdcwddbsuip06,MTX_ACOE_Cutover_Reporting,UI_Excel_Select_Xwalk_Source_Accommodations,facility,*ALL*,QXA4067,2026-09-21 01:07:43.238000
2692,COCUH,OM,OBS MED ER ADMISSION UNIT,OM,N,NO MATCH,0,COCUH,,,,,N,Y,None,FDO8801,2026-02-23 11:38:18.097000,corpsvcmtxcutoverrpt_sql,2026-01-22 15:18:08.480000,xrdcwddbsuip06,MTX_ACOE_Cutover_Reporting,UI_Excel_Select_Xwalk_Source_Accommodations,facility,*ALL*,QXA4067,2026-09-21 01:07:43.238000
2693,COCUH,OT,OBS TELE ER ADMISSION UNIT,OT,N,NO MATCH,0,COCUH,,,,,N,Y,None,FDO8801,2026-02-23 11:38:18.200000,corpsvcmtxcutoverrpt_sql,2026-01-22 15:18:08.480000,xrdcwddbsuip06,MTX_ACOE_Cutover_Reporting,UI_Excel_Select_Xwalk_Source_Accommodations,facility,*ALL*,QXA4067,2026-09-21 01:07:43.238000
2694,COCUH,P,PRIVATE,P,N,NO MATCH,0,COCUH,,,,,N,Y,None,FDO8801,2026-02-23 11:38:18.313000,corpsvcmtxcutoverrpt_sql,2026-01-22 15:18:08.480000,xrdcwddbsuip06,MTX_ACOE_Cutover_Reporting,UI_Excel_Select_Xwalk_Source_Accommodations,facility,*ALL*,QXA4067,2026-09-21 01:07:43.238000
2695,COCUH,PEDS,Pediatrics,PE,N,NO MATCH,0,COCUH,,,,,N,Y,None,FDO8801,2026-02-23 11:38:18.417000,corpsvcmtxcutoverrpt_sql,2026-01-22 15:18:08.480000,xrdcwddbsuip06,MTX_ACOE_Cutover_Reporting,UI_Excel_Select_Xwalk_Source_Accommodations,facility,*ALL*,QXA4067,2026-09-21 01:07:43.238000
2696,COCUH,PICU,PICU,PD,N,NO MATCH,0,COCUH,,,,,N,Y,None,FDO8801,2026-02-23 11:38:18.517000,corpsvcmtxcutoverrpt_sql,2026-01-22 15:18:08.480000,xrdcwddbsuip06,MTX_ACOE_Cutover_Reporting,UI_Excel_Select_Xwalk_Source_Accommodations,facility,*ALL*,QXA4067,2026-09-21 01:07:43.238000
2697,COCUH,PN,Perinatal Unit,PN,N,NO MATCH,0,COCUH,,,,,N,Y,None,FDO8801,2026-02-23 11:38:18.623000,corpsvcmtxcutoverrpt_sql,2026-01-22 15:18:08.480000,xrdcwddbsuip06,MTX_ACOE_Cutover_Reporting,UI_Excel_Select_Xwalk_Source_Accommodations,facility,*ALL*,QXA4067,2026-09-21 01:07:43.238000
2698,COCUH,PSY,PSYCH,PY,N,"TEST (2026-09-20),ZCON (2026-09-20),LIVE (2026-09-04)",0,COCUH,MS,MED SURG,MS,Y,Y,Y,None,FDO8801,2026-09-08 09:41:11.010000,corpsvcmtxcutoverrpt_sql,2026-09-04 03:00:04.363000,xrdcwddbsuip06,MTX_ACOE_Cutover_Reporting,UI_Excel_Select_Xwalk_Source_Accommodations,facility,*ALL*,QXA4067,2026-09-21 01:07:43.238000
2699,COCUH,PSYP,PSYCH PRIVATE,PS,N,NO MATCH,0,COCUH,,,,,N,Y,None,FDO8801,2026-02-23 11:38:18.740000,corpsvcmtxcutoverrpt_sql,2026-01-22 15:18:08.480000,xrdcwddbsuip06,MTX_ACOE_Cutover_Reporting,UI_Excel_Select_Xwalk_Source_Accommodations,facility,*ALL*,QXA4067,2026-09-21 01:07:43.238000
2700,COCUH,PSYSP,PSYCH SEMI-PRIVATE,P1,N,NO MATCH,0,COCUH,,,,,N,Y,None,FDO8801,2026-02-23 11:38:18.843000,corpsvcmtxcutoverrpt_sql,2026-01-22 15:18:08.480000,xrdcwddbsuip06,MTX_ACOE_Cutover_Reporting,UI_Excel_Select_Xwalk_Source_Accommodations,facility,*ALL*,QXA4067,2026-09-21 01:07:43.238000
2701,COCUH,RH,Rehabilitation,RH,Y,"TEST (2026-09-20),ZCON (2026-09-20),LIVE (2026-09-04)",70,COCUH,R,REHABILITATION,R,Y,Y,N,None,FDO8801,2026-02-23 11:34:03.560000,corpsvcmtxcutoverrpt_sql,2026-01-22 15:18:08.480000,xrdcwddbsuip06,MTX_ACOE_Cutover_Reporting,UI_Excel_Select_Xwalk_Source_Accommodations,facility,*ALL*,QXA4067,2026-09-21 01:07:43.238000
2702,COCUH,SB,SWING BED,SB,N,"TEST (2026-09-20),ZCON (2026-09-20),LIVE (2026-09-04)",0,COCUH,MS,MED SURG,MS,Y,Y,Y,None,FDO8801,2026-09-08 09:41:11.097000,corpsvcmtxcutoverrpt_sql,2026-09-04 03:00:04.363000,xrdcwddbsuip06,MTX_ACOE_Cutover_Reporting,UI_Excel_Select_Xwalk_Source_Accommodations,facility,*ALL*,QXA4067,2026-09-21 01:07:43.238000
2703,COCUH,SNU,SKILLED NURSING UNIT,SN,N,NO MATCH,0,COCUH,,,,,N,Y,None,FDO8801,2026-02-23 11:38:18.940000,corpsvcmtxcutoverrpt_sql,2026-01-22 15:18:08.480000,xrdcwddbsuip06,MTX_ACOE_Cutover_Reporting,UI_Excel_Select_Xwalk_Source_Accommodations,facility,*ALL*,QXA4067,2026-09-21 01:07:43.238000
2704,COCUH,SP,SEMI-PRIVATE,SP,N,NO MATCH,0,COCUH,,,,,N,Y,None,FDO8801,2026-02-23 11:38:19.043000,corpsvcmtxcutoverrpt_sql,2026-01-22 15:18:08.480000,xrdcwddbsuip06,MTX_ACOE_Cutover_Reporting,UI_Excel_Select_Xwalk_Source_Accommodations,facility,*ALL*,QXA4067,2026-09-21 01:07:43.238000
2705,COCUH,T,Tele,T,Y,"TEST (2026-09-20),ZCON (2026-09-20),LIVE (2026-09-04)",105,COCUH,TEL,TELEMETRY,T,Y,Y,N,None,FDO8801,2026-02-23 11:34:03.740000,corpsvcmtxcutoverrpt_sql,2026-01-22 15:18:08.480000,xrdcwddbsuip06,MTX_ACOE_Cutover_Reporting,UI_Excel_Select_Xwalk_Source_Accommodations,facility,*ALL*,QXA4067,2026-09-21 01:07:43.238000
2706,COCUH,TA,TELEMETRY ER ADMISSION UNIT,TA,N,NO MATCH,0,COCUH,,,,,N,Y,None,FDO8801,2026-02-23 11:38:19.150000,corpsvcmtxcutoverrpt_sql,2026-01-22 15:18:08.480000,xrdcwddbsuip06,MTX_ACOE_Cutover_Reporting,UI_Excel_Select_Xwalk_Source_Accommodations,facility,*ALL*,QXA4067,2026-09-21 01:07:43.238000
2707,COCUH,TELISO,TELEMETRY-ISOLATION,TI,N,NO MATCH,0,COCUH,,,,,N,Y,None,FDO8801,2026-02-23 11:38:19.253000,corpsvcmtxcutoverrpt_sql,2026-01-22 15:18:08.480000,xrdcwddbsuip06,MTX_ACOE_Cutover_Reporting,UI_Excel_Select_Xwalk_Source_Accommodations,facility,*ALL*,QXA4067,2026-09-21 01:07:43.238000
2708,COCUH,TELP,TELEMETRY PRIVATE,TP,N,NO MATCH,0,COCUH,,,,,N,Y,None,FDO8801,2026-02-23 11:38:19.357000,corpsvcmtxcutoverrpt_sql,2026-01-22 15:18:08.480000,xrdcwddbsuip06,MTX_ACOE_Cutover_Reporting,UI_Excel_Select_Xwalk_Source_Accommodations,facility,*ALL*,QXA4067,2026-09-21 01:07:43.238000
2709,COCUH,TELSP,TELEMETRY SEMI-PRIVATE,TS,N,NO MATCH,0,COCUH,,,,,N,Y,None,FDO8801,2026-02-23 11:38:19.460000,corpsvcmtxcutoverrpt_sql,2026-01-22 15:18:08.480000,xrdcwddbsuip06,MTX_ACOE_Cutover_Reporting,UI_Excel_Select_Xwalk_Source_Accommodations,facility,*ALL*,QXA4067,2026-09-21 01:07:43.238000
2710,COCUH,TELW,TELEMETRY-WARD,TW,N,NO MATCH,0,COCUH,,,,,N,Y,None,FDO8801,2026-02-23 11:38:19.563000,corpsvcmtxcutoverrpt_sql,2026-01-22 15:18:08.480000,xrdcwddbsuip06,MTX_ACOE_Cutover_Reporting,UI_Excel_Select_Xwalk_Source_Accommodations,facility,*ALL*,QXA4067,2026-09-21 01:07:43.238000
2711,COCUH,TO,OBS TEL ER HOLDING,TO,N,NO MATCH,0,COCUH,,,,,N,Y,None,FDO8801,2026-02-23 11:38:19.667000,corpsvcmtxcutoverrpt_sql,2026-01-22 15:18:08.480000,xrdcwddbsuip06,MTX_ACOE_Cutover_Reporting,UI_Excel_Select_Xwalk_Source_Accommodations,facility,*ALL*,QXA4067,2026-09-21 01:07:43.238000
2712,COCUH,VIP,VIP Room,VI,N,NO MATCH,0,COCUH,,,,,N,Y,None,FDO8801,2026-02-23 11:38:19.770000,corpsvcmtxcutoverrpt_sql,2026-01-22 15:18:08.480000,xrdcwddbsuip06,MTX_ACOE_Cutover_Reporting,UI_Excel_Select_Xwalk_Source_Accommodations,facility,*ALL*,QXA4067,2026-09-21 01:07:43.238000
2713,COCUH,WRD,WARD,WR,N,NO MATCH,0,COCUH,,,,,N,Y,None,FDO8801,2026-02-23 11:38:19.870000,corpsvcmtxcutoverrpt_sql,2026-01-22 15:18:08.480000,xrdcwddbsuip06,MTX_ACOE_Cutover_Reporting,UI_Excel_Select_Xwalk_Source_Accommodations,facility,*ALL*,QXA4067,2026-09-21 01:07:43.238000
2714,COCUHA,___N/A___20260522165610,Net New Expanse Accommodation--no MT56 data,___,N,"TEST (2026-09-20),ZCON (2026-09-20),LIVE (2026-09-04)",0,COCUHA,LDHR,LABOR AND DELIVERY HIGH RISK,LR,Y,Y,N,None,FAK3017,2026-05-22 16:56:59.060000,HCA\FAK3017,2026-05-22 16:56:10.050000,xrdcwddbsuip06,MTX_ACOE_Cutover_Reporting,UI_Excel_Select_Xwalk_Source_Accommodations,facility,*ALL*,QXA4067,2026-09-21 01:07:43.238000
2715,COCUHA,CC,CORONARY CARE,CO,Y,"TEST (2026-09-20),ZCON (2026-09-20),LIVE (2026-09-04)",0,COCUHA,CC,CORONARY CARE,CC,Y,Y,N,None,FAK3017,2026-02-18 09:24:43.510000,corpsvcmtxcutoverrpt_sql,2026-01-22 12:53:30.830000,xrdcwddbsuip06,MTX_ACOE_Cutover_Reporting,UI_Excel_Select_Xwalk_Source_Accommodations,facility,*ALL*,QXA4067,2026-09-21 01:07:43.238000
2716,COCUHA,IC,Intensive Care,IN,Y,"TEST (2026-09-20),ZCON (2026-09-20),LIVE (2026-09-04)",11,COCUHA,IC,INTENSIVE CARE,IC,Y,Y,N,None,FAK3017,2026-02-18 09:24:43.553000,corpsvcmtxcutoverrpt_sql,2026-01-22 12:53:30.830000,xrdcwddbsuip06,MTX_ACOE_Cutover_Reporting,UI_Excel_Select_Xwalk_Source_Accommodations,facility,*ALL*,QXA4067,2026-09-21 01:07:43.239000
2717,COCUHA,IM,Intermediate Care,IR,Y,"TEST (2026-09-20),ZCON (2026-09-20),LIVE (2026-09-04)",45,COCUHA,PC,PROGRESSIVE CARE,PC,Y,Y,N,None,FAK3017,2026-02-18 09:24:43.583000,corpsvcmtxcutoverrpt_sql,2026-01-22 12:53:30.830000,xrdcwddbsuip06,MTX_ACOE_Cutover_Reporting,UI_Excel_Select_Xwalk_Source_Accommodations,facility,*ALL*,QXA4067,2026-09-21 01:07:43.239000
2718,COCUHA,IMCU,Intermediate Care CCU,CR,Y,"TEST (2026-09-20),ZCON (2026-09-20),LIVE (2026-09-04)",1,COCUHA,PCCC,PROGRESSIVE CARE CCU,PU,Y,Y,N,None,FAK3017,2026-02-18 09:24:43.613000,corpsvcmtxcutoverrpt_sql,2026-01-22 12:53:30.830000,xrdcwddbsuip06,MTX_ACOE_Cutover_Reporting,UI_Excel_Select_Xwalk_Source_Accommodations,facility,*ALL*,QXA4067,2026-09-21 01:07:43.239000
2719,COCUHA,L1,NEWBORN LEVEL I,L1,Y,"TEST (2026-09-20),ZCON (2026-09-20),LIVE (2026-09-04)",64,COCUHA,L1,NEWBORN LEVEL I CARE,L1,Y,Y,N,None,FAK3017,2026-02-18 09:24:43.643000,corpsvcmtxcutoverrpt_sql,2026-01-22 12:53:30.830000,xrdcwddbsuip06,MTX_ACOE_Cutover_Reporting,UI_Excel_Select_Xwalk_Source_Accommodations,facility,*ALL*,QXA4067,2026-09-21 01:07:43.239000
2720,COCUHA,L2,NEWBORN LEVEL II,L2,Y,"TEST (2026-09-20),ZCON (2026-09-20),LIVE (2026-09-04)",32,COCUHA,L2,NEWBORN LEVEL II CARE,L2,Y,Y,N,None,FAK3017,2026-02-18 09:24:43.673000,corpsvcmtxcutoverrpt_sql,2026-01-22 12:53:30.830000,xrdcwddbsuip06,MTX_ACOE_Cutover_Reporting,UI_Excel_Select_Xwalk_Source_Accommodations,facility,*ALL*,QXA4067,2026-09-21 01:07:43.239000
2721,COCUHA,L3,NEWBORN LEVEL III,L3,Y,"TEST (2026-09-20),ZCON (2026-09-20),LIVE (2026-09-04)",10,COCUHA,L3,NEWBORN LEVEL III CARE,L3,Y,Y,N,None,FAK3017,2026-02-18 09:24:43.703000,corpsvcmtxcutoverrpt_sql,2026-01-22 12:53:30.830000,xrdcwddbsuip06,MTX_ACOE_Cutover_Reporting,UI_Excel_Select_Xwalk_Source_Accommodations,facility,*ALL*,QXA4067,2026-09-21 01:07:43.239000
2722,COCUHA,L4,NEWBORN LEVEL IV,L4,Y,"TEST (2026-09-20),ZCON (2026-09-20),LIVE (2026-09-04)",2,COCUHA,L4,NEWBORN LEVEL IV CARE,L4,Y,Y,N,None,FAK3017,2026-02-18 09:24:43.733000,corpsvcmtxcutoverrpt_sql,2026-01-22 12:53:30.830000,xrdcwddbsuip06,MTX_ACOE_Cutover_Reporting,UI_Excel_Select_Xwalk_Source_Accommodations,facility,*ALL*,QXA4067,2026-09-21 01:07:43.239000
2723,COCUHA,LD,LABOR & DELIVERY,LD,Y,"TEST (2026-09-20),ZCON (2026-09-20),LIVE (2026-09-04)",12,COCUHA,LD,LABOR AND DELIVERY,LD,Y,Y,N,None,FAK3017,2026-02-18 09:24:43.763000,corpsvcmtxcutoverrpt_sql,2026-01-22 12:53:30.830000,xrdcwddbsuip06,MTX_ACOE_Cutover_Reporting,UI_Excel_Select_Xwalk_Source_Accommodations,facility,*ALL*,QXA4067,2026-09-21 01:07:43.239000
2724,COCUHA,MS,Med Surg,MD,Y,"TEST (2026-09-20),ZCON (2026-09-20),LIVE (2026-09-04)",236,COCUHA,MS,MED SURG,MS,Y,Y,N,None,FAK3017,2026-02-18 09:24:43.793000,corpsvcmtxcutoverrpt_sql,2026-01-22 12:53:30.830000,xrdcwddbsuip06,MTX_ACOE_Cutover_Reporting,UI_Excel_Select_Xwalk_Source_Accommodations,facility,*ALL*,QXA4067,2026-09-21 01:07:43.239000
2725,COCUHA,OC,Obstetrics,OC,Y,"TEST (2026-09-20),ZCON (2026-09-20),LIVE (2026-09-04)",82,COCUHA,M,MEDICAL,M,Y,Y,N,None,FAK3017,2026-02-18 09:24:43.827000,corpsvcmtxcutoverrpt_sql,2026-01-22 12:53:30.830000,xrdcwddbsuip06,MTX_ACOE_Cutover_Reporting,UI_Excel_Select_Xwalk_Source_Accommodations,facility,*ALL*,QXA4067,2026-09-21 01:07:43.239000
2726,COCUHA,PEDS,Pediatrics,PE,Y,"TEST (2026-09-20),ZCON (2026-09-20),LIVE (2026-09-04)",0,COCUHA,M,MEDICAL,M,Y,Y,N,None,FAK3017,2026-05-22 15:25:09.283000,corpsvcmtxcutoverrpt_sql,2026-01-22 12:53:30.830000,xrdcwddbsuip06,MTX_ACOE_Cutover_Reporting,UI_Excel_Select_Xwalk_Source_Accommodations,facility,*ALL*,QXA4067,2026-09-21 01:07:43.239000
2727,COCUHA,PICU,PICU,PD,Y,"TEST (2026-09-20),ZCON (2026-09-20),LIVE (2026-09-04)",0,COCUHA,M,MEDICAL,M,Y,Y,N,None,FAK3017,2026-05-22 15:25:09.317000,corpsvcmtxcutoverrpt_sql,2026-01-22 12:53:30.830000,xrdcwddbsuip06,MTX_ACOE_Cutover_Reporting,UI_Excel_Select_Xwalk_Source_Accommodations,facility,*ALL*,QXA4067,2026-09-21 01:07:43.239000
2728,COCUHA,PN,Perinatal Unit,PN,Y,"TEST (2026-09-20),ZCON (2026-09-20),LIVE (2026-09-04)",8,COCUHA,AP,ANTEPARTUM,AP,Y,Y,N,None,FAK3017,2026-05-22 15:25:09.347000,corpsvcmtxcutoverrpt_sql,2026-01-22 12:53:30.830000,xrdcwddbsuip06,MTX_ACOE_Cutover_Reporting,UI_Excel_Select_Xwalk_Source_Accommodations,facility,*ALL*,QXA4067,2026-09-21 01:07:43.239000
2729,COCUHA,T,TELEMETRY,T,Y,"TEST (2026-09-20),ZCON (2026-09-20),LIVE (2026-09-04)",29,COCUHA,TEL,TELEMETRY,T,Y,Y,N,None,FAK3017,2026-02-18 09:24:43.940000,corpsvcmtxcutoverrpt_sql,2026-01-22 12:53:30.830000,xrdcwddbsuip06,MTX_ACOE_Cutover_Reporting,UI_Excel_Select_Xwalk_Source_Accommodations,facility,*ALL*,QXA4067,2026-09-21 01:07:43.239000
2730,COCVO,CC,CORONARY CARE,CC,Y,NO MATCH,0,COCVO,,,,,N,N,None,,,corpsvcmtxcutoverrpt_sql,2026-09-17 18:45:52.730000,xrdcwddbsuip06,MTX_ACOE_Cutover_Reporting,UI_Excel_Select_Xwalk_Source_Accommodations,facility,*ALL*,QXA4067,2026-09-21 01:07:43.239000
2731,COCVO,DX,DETOX,DX,Y,NO MATCH,0,COCVO,,,,,N,N,None,,,corpsvcmtxcutoverrpt_sql,2026-09-17 18:45:52.730000,xrdcwddbsuip06,MTX_ACOE_Cutover_Reporting,UI_Excel_Select_Xwalk_Source_Accommodations,facility,*ALL*,QXA4067,2026-09-21 01:07:43.239000
2732,COCVO,EC,ECMO,EC,Y,NO MATCH,0,COCVO,,,,,N,N,None,,,corpsvcmtxcutoverrpt_sql,2026-09-17 18:45:52.730000,xrdcwddbsuip06,MTX_ACOE_Cutover_Reporting,UI_Excel_Select_Xwalk_Source_Accommodations,facility,*ALL*,QXA4067,2026-09-21 01:07:43.239000
2733,COCVO,HOLD,HOLD PATIENTS,H,Y,NO MATCH,0,COCVO,,,,,N,N,None,,,corpsvcmtxcutoverrpt_sql,2026-09-17 18:45:52.730000,xrdcwddbsuip06,MTX_ACOE_Cutover_Reporting,UI_Excel_Select_Xwalk_Source_Accommodations,facility,*ALL*,QXA4067,2026-09-21 01:07:43.239000
2734,COCVO,I,INTENSIVE CARE,IC,Y,NO MATCH,0,COCVO,,,,,N,N,None,,,corpsvcmtxcutoverrpt_sql,2026-09-17 18:45:52.730000,xrdcwddbsuip06,MTX_ACOE_Cutover_Reporting,UI_Excel_Select_Xwalk_Source_Accommodations,facility,*ALL*,QXA4067,2026-09-21 01:07:43.239000
2735,COCVO,J,PRIVATE - MEDICALLY JUSTIFIED,J,Y,NO MATCH,0,COCVO,,,,,N,N,None,,,corpsvcmtxcutoverrpt_sql,2026-09-17 18:45:52.730000,xrdcwddbsuip06,MTX_ACOE_Cutover_Reporting,UI_Excel_Select_Xwalk_Source_Accommodations,facility,*ALL*,QXA4067,2026-09-21 01:07:43.239000
2736,COCVO,MSO,MED SURG OVERFLOW,MS,Y,NO MATCH,0,COCVO,,,,,N,N,None,,,corpsvcmtxcutoverrpt_sql,2026-09-17 18:45:52.730000,xrdcwddbsuip06,MTX_ACOE_Cutover_Reporting,UI_Excel_Select_Xwalk_Source_Accommodations,facility,*ALL*,QXA4067,2026-09-21 01:07:43.239000
2737,COCVO,P,PRIVATE  ROOM,P,Y,NO MATCH,0,COCVO,,,,,N,N,None,,,corpsvcmtxcutoverrpt_sql,2026-09-17 18:45:52.730000,xrdcwddbsuip06,MTX_ACOE_Cutover_Reporting,UI_Excel_Select_Xwalk_Source_Accommodations,facility,*ALL*,QXA4067,2026-09-21 01:07:43.239000
2738,COCVO,PCU,PROGRESSIVE CARE,PU,Y,NO MATCH,0,COCVO,,,,,N,N,None,,,corpsvcmtxcutoverrpt_sql,2026-09-17 18:45:52.730000,xrdcwddbsuip06,MTX_ACOE_Cutover_Reporting,UI_Excel_Select_Xwalk_Source_Accommodations,facility,*ALL*,QXA4067,2026-09-21 01:07:43.239000
2739,COCVO,PS,PSYCHIATRIC,PS,Y,NO MATCH,0,COCVO,,,,,N,N,None,,,corpsvcmtxcutoverrpt_sql,2026-09-17 18:45:52.730000,xrdcwddbsuip06,MTX_ACOE_Cutover_Reporting,UI_Excel_Select_Xwalk_Source_Accommodations,facility,*ALL*,QXA4067,2026-09-21 01:07:43.240000
2740,COCVO,S,SEMI-PRIVATE ROOM,S,Y,NO MATCH,0,COCVO,,,,,N,N,None,,,corpsvcmtxcutoverrpt_sql,2026-09-17 18:45:52.730000,xrdcwddbsuip06,MTX_ACOE_Cutover_Reporting,UI_Excel_Select_Xwalk_Source_Accommodations,facility,*ALL*,QXA4067,2026-09-21 01:07:43.240000
2741,COCVO,T,TELEMETRY,TL,Y,NO MATCH,0,COCVO,,,,,N,N,None,,,corpsvcmtxcutoverrpt_sql,2026-09-17 18:45:52.730000,xrdcwddbsuip06,MTX_ACOE_Cutover_Reporting,UI_Excel_Select_Xwalk_Source_Accommodations,facility,*ALL*,QXA4067,2026-09-21 01:07:43.240000
2742,COCVO,TP,MEDICAL MONITORED PRIVATE,TP,N,NO MATCH,0,COCVO,,,,,N,N,None,,,corpsvcmtxcutoverrpt_sql,2026-09-17 18:45:52.730000,xrdcwddbsuip06,MTX_ACOE_Cutover_Reporting,UI_Excel_Select_Xwalk_Source_Accommodations,facility,*ALL*,QXA4067,2026-09-21 01:07:43.240000
2743,COCVO,TR,TRAUMA,TR,Y,NO MATCH,0,COCVO,,,,,N,N,None,,,corpsvcmtxcutoverrpt_sql,2026-09-17 18:45:52.730000,xrdcwddbsuip06,MTX_ACOE_Cutover_Reporting,UI_Excel_Select_Xwalk_Source_Accommodations,facility,*ALL*,QXA4067,2026-09-21 01:07:43.240000
2744,COCVO,W,WARD,W,N,NO MATCH,0,COCVO,,,,,N,N,None,,,corpsvcmtxcutoverrpt_sql,2026-09-17 18:45:52.730000,xrdcwddbsuip06,MTX_ACOE_Cutover_Reporting,UI_Excel_Select_Xwalk_Source_Accommodations,facility,*ALL*,QXA4067,2026-09-21 01:07:43.240000
2745,COCVW,___N/A___20250403142744,Net New Expanse Location--no MT56 data,,,NO MATCH,0,COCVW,,,,,N,Y,None,MLT6916,2025-05-01 10:04:10.733000,HCA\IIU4396,2025-04-03 16:12:48.683000,xrdcwddbsuip06,MTX_ACOE_Cutover_Reporting,UI_Excel_Select_Xwalk_Source_Accommodations,facility,*ALL*,QXA4067,2026-09-21 01:07:43.240000
2746,COCVW,BURN,Burn Intensive Care,BU,N,NO MATCH,0,COCVW,,,,,N,Y,None,JKB0282,2025-04-29 15:47:18.283000,HCA\IIU4396,2024-10-15 11:46:47.723000,xrdcwddbsuip06,MTX_ACOE_Cutover_Reporting,UI_Excel_Select_Xwalk_Source_Accommodations,facility,*ALL*,QXA4067,2026-09-21 01:07:43.240000
2747,COCVW,CC,Coronary Care,CO,N,NO MATCH,0,COCVW,,,,,N,Y,None,JKB0282,2025-04-29 15:47:18.377000,HCA\IIU4396,2024-10-15 11:46:47.723000,xrdcwddbsuip06,MTX_ACOE_Cutover_Reporting,UI_Excel_Select_Xwalk_Source_Accommodations,facility,*ALL*,QXA4067,2026-09-21 01:07:43.240000
2748,COCVW,CV,CVICU,CV,Y,NO MATCH,0,COCVW,CC,CORONARY CARE,Y,CC,Y,N,None,MLT6916,2025-04-10 11:11:22.363000,HCA\IIU4396,2024-10-15 11:46:47.723000,xrdcwddbsuip06,MTX_ACOE_Cutover_Reporting,UI_Excel_Select_Xwalk_Source_Accommodations,facility,*ALL*,QXA4067,2026-09-21 01:07:43.240000
2749,COCVW,CVICU,CARDIO VASCULAR ICU,CI,N,NO MATCH,0,COCVW,,,,,N,Y,None,JKB0282,2025-04-29 15:47:18.473000,HCA\IIU4396,2024-10-15 11:46:47.723000,xrdcwddbsuip06,MTX_ACOE_Cutover_Reporting,UI_Excel_Select_Xwalk_Source_Accommodations,facility,*ALL*,QXA4067,2026-09-21 01:07:43.240000
2750,COCVW,CVSD,CARDIO VASCULAR STEP DOWN,CD,N,NO MATCH,0,COCVW,,,,,N,Y,None,JKB0282,2025-04-29 15:47:18.580000,HCA\IIU4396,2024-10-15 11:46:47.723000,xrdcwddbsuip06,MTX_ACOE_Cutover_Reporting,UI_Excel_Select_Xwalk_Source_Accommodations,facility,*ALL*,QXA4067,2026-09-21 01:07:43.240000
2751,COCVW,DX,Detox,DX,N,NO MATCH,0,COCVW,,,,,N,Y,None,JKB0282,2025-04-29 15:47:18.677000,HCA\IIU4396,2024-10-15 11:46:47.723000,xrdcwddbsuip06,MTX_ACOE_Cutover_Reporting,UI_Excel_Select_Xwalk_Source_Accommodations,facility,*ALL*,QXA4067,2026-09-21 01:07:43.240000
2752,COCVW,HC,HOSPITAL CONVENIENCE,HC,N,NO MATCH,0,COCVW,,,,,N,Y,None,JKB0282,2025-04-29 15:47:18.773000,HCA\IIU4396,2024-10-15 11:46:47.723000,xrdcwddbsuip06,MTX_ACOE_Cutover_Reporting,UI_Excel_Select_Xwalk_Source_Accommodations,facility,*ALL*,QXA4067,2026-09-21 01:07:43.240000
2753,COCVW,HR,LABOR AND DELIVERY HIGH RISK,HR,Y,NO MATCH,0,COCVW,LDHR,LABOR AND DELIVERY HIGH RISK,Y,LR,Y,N,None,MLT6916,2025-04-10 11:11:22.400000,HCA\CORPSVCACOESSISPROXY,2025-01-30 04:14:04.690000,xrdcwddbsuip06,MTX_ACOE_Cutover_Reporting,UI_Excel_Select_Xwalk_Source_Accommodations,facility,*ALL*,QXA4067,2026-09-21 01:07:43.240000
2754,COCVW,I,INTENSIVE CARE *,IP,N,NO MATCH,0,COCVW,,,,,N,Y,None,JKB0282,2025-04-29 15:47:18.870000,HCA\IIU4396,2024-10-15 11:46:47.723000,xrdcwddbsuip06,MTX_ACOE_Cutover_Reporting,UI_Excel_Select_Xwalk_Source_Accommodations,facility,*ALL*,QXA4067,2026-09-21 01:07:43.240000
2755,COCVW,IC,INTENSIVE CARE,IN,Y,NO MATCH,0,COCVW,IC,INTENSIVE CARE,Y,IC,Y,N,None,MLT6916,2025-04-10 11:11:22.440000,HCA\IIU4396,2024-10-15 11:46:47.723000,xrdcwddbsuip06,MTX_ACOE_Cutover_Reporting,UI_Excel_Select_Xwalk_Source_Accommodations,facility,*ALL*,QXA4067,2026-09-21 01:07:43.240000
2756,COCVW,IM,Intermediate Care,IR,Y,NO MATCH,0,COCVW,PC,PROGRESSIVE CARE,Y,PC,Y,N,None,MLT6916,2025-04-10 11:11:22.477000,HCA\IIU4396,2024-10-15 11:46:47.723000,xrdcwddbsuip06,MTX_ACOE_Cutover_Reporting,UI_Excel_Select_Xwalk_Source_Accommodations,facility,*ALL*,QXA4067,2026-09-21 01:07:43.240000
2757,COCVW,IMCU,Intermediate Care CCU,CR,Y,NO MATCH,0,COCVW,PCCC,PROGRESSIVE CARE CCU,Y,PU,Y,N,None,MLT6916,2025-04-14 11:33:58.517000,HCA\IIU4396,2024-10-15 11:46:47.723000,xrdcwddbsuip06,MTX_ACOE_Cutover_Reporting,UI_Excel_Select_Xwalk_Source_Accommodations,facility,*ALL*,QXA4067,2026-09-21 01:07:43.240000
2758,COCVW,IS,ISOLATION,IS,N,NO MATCH,0,COCVW,,,,,N,Y,None,JKB0282,2025-04-29 15:47:18.970000,HCA\IIU4396,2024-10-15 11:46:47.723000,xrdcwddbsuip06,MTX_ACOE_Cutover_Reporting,UI_Excel_Select_Xwalk_Source_Accommodations,facility,*ALL*,QXA4067,2026-09-21 01:07:43.240000
2759,COCVW,J,"PRIVATE, MEDICALLY JUSTIFIED *",19,N,NO MATCH,0,COCVW,,,,,N,Y,None,JKB0282,2025-04-29 15:47:19.070000,HCA\IIU4396,2024-10-15 11:46:47.723000,xrdcwddbsuip06,MTX_ACOE_Cutover_Reporting,UI_Excel_Select_Xwalk_Source_Accommodations,facility,*ALL*,QXA4067,2026-09-21 01:07:43.240000
2760,COCVW,L1,NEWBORN LEVEL I,L1,Y,NO MATCH,0,COCVW,L1,NEWBORN LEVEL I CARE,Y,L1,Y,N,None,IIU4396,2025-04-01 11:07:19.563000,HCA\CORPSVCACOESSISPROXY,2024-11-01 04:14:05.897000,xrdcwddbsuip06,MTX_ACOE_Cutover_Reporting,UI_Excel_Select_Xwalk_Source_Accommodations,facility,*ALL*,QXA4067,2026-09-21 01:07:43.240000
2761,COCVW,L2,NEWBORN LEVEL II,L2,Y,NO MATCH,0,COCVW,L2,NEWBORN LEVEL II CARE,Y,L2,Y,N,None,IIU4396,2025-04-01 11:07:19.597000,HCA\CORPSVCACOESSISPROXY,2024-11-01 04:14:05.897000,xrdcwddbsuip06,MTX_ACOE_Cutover_Reporting,UI_Excel_Select_Xwalk_Source_Accommodations,facility,*ALL*,QXA4067,2026-09-21 01:07:43.240000
2762,COCVW,L3,NEWBORN LEVEL III,L3,Y,NO MATCH,0,COCVW,L3,NEWBORN LEVEL III CARE,Y,L3,Y,N,None,IIU4396,2025-04-01 11:07:19.633000,HCA\CORPSVCACOESSISPROXY,2024-11-01 04:14:05.897000,xrdcwddbsuip06,MTX_ACOE_Cutover_Reporting,UI_Excel_Select_Xwalk_Source_Accommodations,facility,*ALL*,QXA4067,2026-09-21 01:07:43.240000
2763,COCVW,L4,NEWBORN LEVEL IV,L4,Y,NO MATCH,0,COCVW,L4,NEWBORN LEVEL IV CARE,Y,L4,Y,N,None,IIU4396,2025-04-01 11:07:19.667000,HCA\CORPSVCACOESSISPROXY,2024-11-01 04:14:05.897000,xrdcwddbsuip06,MTX_ACOE_Cutover_Reporting,UI_Excel_Select_Xwalk_Source_Accommodations,facility,*ALL*,QXA4067,2026-09-21 01:07:43.240000
2764,COCVW,LD,LABOR & DELIVERY,LD,Y,NO MATCH,0,COCVW,LD,LABOR AND DELIVERY,Y,LD,Y,N,None,IIU4396,2025-04-01 11:07:19.697000,HCA\IIU4396,2024-10-15 11:46:47.723000,xrdcwddbsuip06,MTX_ACOE_Cutover_Reporting,UI_Excel_Select_Xwalk_Source_Accommodations,facility,*ALL*,QXA4067,2026-09-21 01:07:43.240000
2765,COCVW,MJ,MEDICALLY JUSTIFIED,MJ,N,NO MATCH,0,COCVW,,,,,N,Y,None,JKB0282,2025-04-29 15:47:19.170000,HCA\IIU4396,2024-10-15 11:46:47.723000,xrdcwddbsuip06,MTX_ACOE_Cutover_Reporting,UI_Excel_Select_Xwalk_Source_Accommodations,facility,*ALL*,QXA4067,2026-09-21 01:07:43.240000
2766,COCVW,MS,MED SURG,MD,Y,NO MATCH,0,COCVW,MS,MED SURG,Y,MS,Y,N,None,MLT6916,2025-04-10 11:11:22.513000,HCA\IIU4396,2024-10-15 11:46:47.723000,xrdcwddbsuip06,MTX_ACOE_Cutover_Reporting,UI_Excel_Select_Xwalk_Source_Accommodations,facility,*ALL*,QXA4067,2026-09-21 01:07:43.240000
2767,COCVW,MT,MED SURG WITH TELE,MT,N,NO MATCH,0,COCVW,,,,,N,Y,None,JKB0282,2025-04-29 15:47:19.270000,HCA\IIU4396,2024-10-15 11:46:47.723000,xrdcwddbsuip06,MTX_ACOE_Cutover_Reporting,UI_Excel_Select_Xwalk_Source_Accommodations,facility,*ALL*,QXA4067,2026-09-21 01:07:43.240000
2768,COCVW,N2,NICU Level 2,NT,Y,NO MATCH,0,COCVW,L2,NEWBORN LEVEL II CARE,Y,L2,Y,N,None,IIU4396,2025-04-01 11:07:19.767000,HCA\IIU4396,2024-10-15 11:46:47.723000,xrdcwddbsuip06,MTX_ACOE_Cutover_Reporting,UI_Excel_Select_Xwalk_Source_Accommodations,facility,*ALL*,QXA4067,2026-09-21 01:07:43.240000
2769,COCVW,N3,NICU Level 3,N3,Y,NO MATCH,0,COCVW,L3,NEWBORN LEVEL III CARE,Y,L3,Y,N,None,IIU4396,2025-04-01 11:07:19.803000,HCA\IIU4396,2024-10-15 11:46:47.723000,xrdcwddbsuip06,MTX_ACOE_Cutover_Reporting,UI_Excel_Select_Xwalk_Source_Accommodations,facility,*ALL*,QXA4067,2026-09-21 01:07:43.241000
2770,COCVW,N4,NICU Level 4,N4,Y,NO MATCH,0,COCVW,L4,NEWBORN LEVEL IV CARE,Y,L4,Y,N,None,IIU4396,2025-04-01 11:07:19.833000,HCA\IIU4396,2024-10-15 11:46:47.723000,xrdcwddbsuip06,MTX_ACOE_Cutover_Reporting,UI_Excel_Select_Xwalk_Source_Accommodations,facility,*ALL*,QXA4067,2026-09-21 01:07:43.241000
2771,COCVW,NB,Newborn Basic Care,NB,Y,NO MATCH,0,COCVW,L1,NEWBORN LEVEL I CARE,Y,L1,Y,N,None,IIU4396,2025-04-01 11:07:19.867000,HCA\IIU4396,2024-10-15 11:46:47.723000,xrdcwddbsuip06,MTX_ACOE_Cutover_Reporting,UI_Excel_Select_Xwalk_Source_Accommodations,facility,*ALL*,QXA4067,2026-09-21 01:07:43.241000
2772,COCVW,NI,NEONATAL INTENSIVE,NI,N,NO MATCH,0,COCVW,,,,,N,Y,None,JKB0282,2025-04-29 15:47:19.363000,HCA\IIU4396,2024-10-15 11:46:47.723000,xrdcwddbsuip06,MTX_ACOE_Cutover_Reporting,UI_Excel_Select_Xwalk_Source_Accommodations,facility,*ALL*,QXA4067,2026-09-21 01:07:43.241000
2773,COCVW,NP,SNF PRIVATE ROOM,NP,N,NO MATCH,0,COCVW,,,,,N,Y,None,JKB0282,2025-04-29 15:47:19.460000,HCA\IIU4396,2024-10-15 11:46:47.723000,xrdcwddbsuip06,MTX_ACOE_Cutover_Reporting,UI_Excel_Select_Xwalk_Source_Accommodations,facility,*ALL*,QXA4067,2026-09-21 01:07:43.241000
2774,COCVW,NU,NEWBORN NURSERY,NU,N,NO MATCH,0,COCVW,,,,,N,Y,None,JKB0282,2025-04-29 15:47:19.560000,HCA\IIU4396,2024-10-15 11:46:47.723000,xrdcwddbsuip06,MTX_ACOE_Cutover_Reporting,UI_Excel_Select_Xwalk_Source_Accommodations,facility,*ALL*,QXA4067,2026-09-21 01:07:43.241000
2775,COCVW,OB,OBSERVATION,OB,N,NO MATCH,0,COCVW,,,,,N,Y,None,JKB0282,2025-04-29 15:47:19.673000,HCA\IIU4396,2024-10-15 11:46:47.723000,xrdcwddbsuip06,MTX_ACOE_Cutover_Reporting,UI_Excel_Select_Xwalk_Source_Accommodations,facility,*ALL*,QXA4067,2026-09-21 01:07:43.241000
2776,COCVW,OC,OBSTETRICS,OC,Y,NO MATCH,0,COCVW,PR,PRIVATE ROOM,Y,PR,Y,N,None,MLT6916,2025-04-10 11:11:22.557000,HCA\IIU4396,2024-10-15 11:46:47.723000,xrdcwddbsuip06,MTX_ACOE_Cutover_Reporting,UI_Excel_Select_Xwalk_Source_Accommodations,facility,*ALL*,QXA4067,2026-09-21 01:07:43.241000
2777,COCVW,P,PRIVATE ROOM,P,N,NO MATCH,0,COCVW,,,,,N,Y,None,JKB0282,2025-04-29 15:47:19.770000,HCA\IIU4396,2024-10-15 11:46:47.723000,xrdcwddbsuip06,MTX_ACOE_Cutover_Reporting,UI_Excel_Select_Xwalk_Source_Accommodations,facility,*ALL*,QXA4067,2026-09-21 01:07:43.241000
2778,COCVW,PC,PROGRESSIVE CARE,PC,N,NO MATCH,0,COCVW,,,,,N,Y,None,JKB0282,2025-04-29 15:47:19.873000,HCA\IIU4396,2024-10-15 11:46:47.723000,xrdcwddbsuip06,MTX_ACOE_Cutover_Reporting,UI_Excel_Select_Xwalk_Source_Accommodations,facility,*ALL*,QXA4067,2026-09-21 01:07:43.241000
2779,COCVW,PEDS,Pediatrics,PE,Y,NO MATCH,0,COCVW,P,PEDIATRIC,Y,P,Y,N,None,MLT6916,2025-04-10 11:11:22.610000,HCA\IIU4396,2024-10-15 11:46:47.723000,xrdcwddbsuip06,MTX_ACOE_Cutover_Reporting,UI_Excel_Select_Xwalk_Source_Accommodations,facility,*ALL*,QXA4067,2026-09-21 01:07:43.241000
2780,COCVW,PI,PSYCHIATRIC INTENSIVE,PI,N,NO MATCH,0,COCVW,,,,,N,Y,None,JKB0282,2025-04-29 15:47:19.970000,HCA\IIU4396,2024-10-15 11:46:47.723000,xrdcwddbsuip06,MTX_ACOE_Cutover_Reporting,UI_Excel_Select_Xwalk_Source_Accommodations,facility,*ALL*,QXA4067,2026-09-21 01:07:43.241000
2781,COCVW,PICU,PICU,PD,Y,NO MATCH,0,COCVW,PIC,PEDIATRIC INTENSIVE CARE,Y,PI,Y,N,None,MLT6916,2025-04-10 11:11:22.647000,HCA\IIU4396,2024-10-15 11:46:47.723000,xrdcwddbsuip06,MTX_ACOE_Cutover_Reporting,UI_Excel_Select_Xwalk_Source_Accommodations,facility,*ALL*,QXA4067,2026-09-21 01:07:43.241000
2782,COCVW,PN,Perinatal Unit,PN,Y,NO MATCH,0,COCVW,PR,PRIVATE ROOM,Y,PR,Y,N,None,MLT6916,2025-04-10 11:11:22.683000,HCA\IIU4396,2024-10-15 11:46:47.723000,xrdcwddbsuip06,MTX_ACOE_Cutover_Reporting,UI_Excel_Select_Xwalk_Source_Accommodations,facility,*ALL*,QXA4067,2026-09-21 01:07:43.241000
2783,COCVW,PP,POST PARTUM,PP,N,NO MATCH,0,COCVW,,,,,N,Y,None,JKB0282,2025-04-29 15:47:20.067000,HCA\IIU4396,2024-10-15 11:46:47.723000,xrdcwddbsuip06,MTX_ACOE_Cutover_Reporting,UI_Excel_Select_Xwalk_Source_Accommodations,facility,*ALL*,QXA4067,2026-09-21 01:07:43.241000
2784,COCVW,PS,PSYCHIATRIC,PS,N,NO MATCH,0,COCVW,,,,,N,Y,None,JKB0282,2025-04-29 15:47:20.170000,HCA\IIU4396,2024-10-15 11:46:47.723000,xrdcwddbsuip06,MTX_ACOE_Cutover_Reporting,UI_Excel_Select_Xwalk_Source_Accommodations,facility,*ALL*,QXA4067,2026-09-21 01:07:43.241000
2785,COCVW,PSY,Psych,PY,Y,NO MATCH,0,COCVW,BH,BEHAVIORAL HEALTH,Y,BH,Y,N,None,MLT6916,2025-04-10 11:11:22.720000,HCA\IIU4396,2024-10-15 11:46:47.723000,xrdcwddbsuip06,MTX_ACOE_Cutover_Reporting,UI_Excel_Select_Xwalk_Source_Accommodations,facility,*ALL*,QXA4067,2026-09-21 01:07:43.241000
2786,COCVW,RH,REHABILITATION,RH,Y,NO MATCH,0,COCVW,R,REHABILITATION,Y,R,Y,N,None,MLT6916,2025-04-10 11:11:22.760000,HCA\IIU4396,2024-10-15 11:46:47.723000,xrdcwddbsuip06,MTX_ACOE_Cutover_Reporting,UI_Excel_Select_Xwalk_Source_Accommodations,facility,*ALL*,QXA4067,2026-09-21 01:07:43.241000
2787,COCVW,SB,SWING BED,SB,N,NO MATCH,0,COCVW,,,,,N,Y,None,JKB0282,2025-04-29 15:47:20.270000,HCA\IIU4396,2024-10-15 11:46:47.723000,xrdcwddbsuip06,MTX_ACOE_Cutover_Reporting,UI_Excel_Select_Xwalk_Source_Accommodations,facility,*ALL*,QXA4067,2026-09-21 01:07:43.241000
2788,COCVW,SH,SNF HOSPITAL CONVENIENCE,SH,N,NO MATCH,0,COCVW,,,,,N,Y,None,JKB0282,2025-04-29 15:47:20.380000,HCA\IIU4396,2024-10-15 11:46:47.723000,xrdcwddbsuip06,MTX_ACOE_Cutover_Reporting,UI_Excel_Select_Xwalk_Source_Accommodations,facility,*ALL*,QXA4067,2026-09-21 01:07:43.241000
2789,COCVW,SICU,SURGICAL ICU,SI,N,NO MATCH,0,COCVW,,,,,N,Y,None,JKB0282,2025-04-29 15:47:20.477000,HCA\IIU4396,2024-10-15 11:46:47.723000,xrdcwddbsuip06,MTX_ACOE_Cutover_Reporting,UI_Excel_Select_Xwalk_Source_Accommodations,facility,*ALL*,QXA4067,2026-09-21 01:07:43.241000
2790,COCVW,SN,SKILLED NURSING,SN,N,NO MATCH,0,COCVW,,,,,N,Y,None,JKB0282,2025-04-29 15:47:20.573000,HCA\IIU4396,2024-10-15 11:46:47.723000,xrdcwddbsuip06,MTX_ACOE_Cutover_Reporting,UI_Excel_Select_Xwalk_Source_Accommodations,facility,*ALL*,QXA4067,2026-09-21 01:07:43.241000
2791,COCVW,SP,SEMI PRIVATE,SP,N,NO MATCH,0,COCVW,,,,,N,Y,None,JKB0282,2025-04-29 15:47:20.680000,HCA\IIU4396,2024-10-15 11:46:47.723000,xrdcwddbsuip06,MTX_ACOE_Cutover_Reporting,UI_Excel_Select_Xwalk_Source_Accommodations,facility,*ALL*,QXA4067,2026-09-21 01:07:43.241000
2792,COCVW,T,Tele,T,Y,NO MATCH,0,COCVW,TEL,TELEMETRY,Y,TE,Y,N,None,MLT6916,2025-04-10 11:11:22.800000,HCA\IIU4396,2024-10-15 11:46:47.723000,xrdcwddbsuip06,MTX_ACOE_Cutover_Reporting,UI_Excel_Select_Xwalk_Source_Accommodations,facility,*ALL*,QXA4067,2026-09-21 01:07:43.241000
2793,COCVW,TNCU,TRAUMA\NEURO STEP DOWN,TN,N,NO MATCH,0,COCVW,,,,,N,Y,None,JKB0282,2025-04-29 15:47:20.780000,HCA\IIU4396,2024-10-15 11:46:47.723000,xrdcwddbsuip06,MTX_ACOE_Cutover_Reporting,UI_Excel_Select_Xwalk_Source_Accommodations,facility,*ALL*,QXA4067,2026-09-21 01:07:43.241000
2794,COCVW,TR,TRAUMA,TR,Y,NO MATCH,0,COCVW,TR,TRAUMA,Y,TR,Y,N,None,IIU4396,2025-04-01 11:07:20.143000,HCA\IIU4396,2024-10-15 11:46:47.723000,xrdcwddbsuip06,MTX_ACOE_Cutover_Reporting,UI_Excel_Select_Xwalk_Source_Accommodations,facility,*ALL*,QXA4067,2026-09-21 01:07:43.241000
2795,COCVW,VIP,VIP Room,VI,N,NO MATCH,0,COCVW,,,,,N,Y,None,JKB0282,2025-04-29 15:47:20.877000,HCA\IIU4396,2024-10-15 11:46:47.723000,xrdcwddbsuip06,MTX_ACOE_Cutover_Reporting,UI_Excel_Select_Xwalk_Source_Accommodations,facility,*ALL*,QXA4067,2026-09-21 01:07:43.242000
2796,COCVW,W,WARD *,Q,N,NO MATCH,0,COCVW,,,,,N,Y,None,JKB0282,2025-04-29 15:47:20.980000,HCA\IIU4396,2024-10-15 11:46:47.723000,xrdcwddbsuip06,MTX_ACOE_Cutover_Reporting,UI_Excel_Select_Xwalk_Source_Accommodations,facility,*ALL*,QXA4067,2026-09-21 01:07:43.242000
2797,COCVW,ZZ,UNKNOWN,ZZ,N,NO MATCH,0,COCVW,,,,,N,Y,None,DOF3224,2025-06-25 08:32:04.490000,HCA\IIU4396,2024-10-15 11:46:47.723000,xrdcwddbsuip06,MTX_ACOE_Cutover_Reporting,UI_Excel_Select_Xwalk_Source_Accommodations,facility,*ALL*,QXA4067,2026-09-21 01:07:43.242000
2798,COCWM,1,NICU LEVEL 1,NI,N,NO MATCH,0,COCWM,,,,,N,N,None,,,corpsvcmtxcutoverrpt_sql,2026-09-17 19:12:10.100000,xrdcwddbsuip06,MTX_ACOE_Cutover_Reporting,UI_Excel_Select_Xwalk_Source_Accommodations,facility,*ALL*,QXA4067,2026-09-21 01:07:43.242000
2799,COCWM,AP,ANTEPARTUM,AP,N,NO MATCH,0,COCWM,,,,,N,N,None,,,corpsvcmtxcutoverrpt_sql,2026-09-17 19:12:10.100000,xrdcwddbsuip06,MTX_ACOE_Cutover_Reporting,UI_Excel_Select_Xwalk_Source_Accommodations,facility,*ALL*,QXA4067,2026-09-21 01:07:43.242000
2800,COCWM,B,NEWBORN,B,N,NO MATCH,0,COCWM,,,,,N,N,None,,,corpsvcmtxcutoverrpt_sql,2026-09-17 19:12:10.100000,xrdcwddbsuip06,MTX_ACOE_Cutover_Reporting,UI_Excel_Select_Xwalk_Source_Accommodations,facility,*ALL*,QXA4067,2026-09-21 01:07:43.242000
2801,COCWM,BN,BURN ICU,BN,Y,NO MATCH,0,COCWM,,,,,N,N,None,,,corpsvcmtxcutoverrpt_sql,2026-09-17 19:12:10.100000,xrdcwddbsuip06,MTX_ACOE_Cutover_Reporting,UI_Excel_Select_Xwalk_Source_Accommodations,facility,*ALL*,QXA4067,2026-09-21 01:07:43.242000
2802,COCWM,DX,DETOX,DX,Y,NO MATCH,0,COCWM,,,,,N,N,None,,,corpsvcmtxcutoverrpt_sql,2026-09-17 19:12:10.100000,xrdcwddbsuip06,MTX_ACOE_Cutover_Reporting,UI_Excel_Select_Xwalk_Source_Accommodations,facility,*ALL*,QXA4067,2026-09-21 01:07:43.242000
2803,COCWM,EC,ECMO,EC,Y,NO MATCH,0,COCWM,,,,,N,N,None,,,corpsvcmtxcutoverrpt_sql,2026-09-17 19:12:10.100000,xrdcwddbsuip06,MTX_ACOE_Cutover_Reporting,UI_Excel_Select_Xwalk_Source_Accommodations,facility,*ALL*,QXA4067,2026-09-21 01:07:43.242000
2804,COCWM,ECLF,ECMO LOW FLOW,EL,Y,NO MATCH,0,COCWM,,,,,N,N,None,,,corpsvcmtxcutoverrpt_sql,2026-09-17 19:12:10.100000,xrdcwddbsuip06,MTX_ACOE_Cutover_Reporting,UI_Excel_Select_Xwalk_Source_Accommodations,facility,*ALL*,QXA4067,2026-09-21 01:07:43.242000
2805,COCWM,ECNB,ECMO NEWBORN,EN,Y,NO MATCH,0,COCWM,,,,,N,N,None,,,corpsvcmtxcutoverrpt_sql,2026-09-17 19:12:10.100000,xrdcwddbsuip06,MTX_ACOE_Cutover_Reporting,UI_Excel_Select_Xwalk_Source_Accommodations,facility,*ALL*,QXA4067,2026-09-21 01:07:43.242000
2806,COCWM,HOLD,HOLD PATIENTS,H,Y,NO MATCH,0,COCWM,,,,,N,N,None,,,corpsvcmtxcutoverrpt_sql,2026-09-17 19:12:10.100000,xrdcwddbsuip06,MTX_ACOE_Cutover_Reporting,UI_Excel_Select_Xwalk_Source_Accommodations,facility,*ALL*,QXA4067,2026-09-21 01:07:43.242000
2807,COCWM,I,INTENSIVE CARE,IC,Y,NO MATCH,0,COCWM,,,,,N,N,None,,,corpsvcmtxcutoverrpt_sql,2026-09-17 19:12:10.100000,xrdcwddbsuip06,MTX_ACOE_Cutover_Reporting,UI_Excel_Select_Xwalk_Source_Accommodations,facility,*ALL*,QXA4067,2026-09-21 01:07:43.242000
2808,COCWM,J,PRIVATE - MEDICALLY JUSTIFIED,J,Y,NO MATCH,0,COCWM,,,,,N,N,None,,,corpsvcmtxcutoverrpt_sql,2026-09-17 19:12:10.100000,xrdcwddbsuip06,MTX_ACOE_Cutover_Reporting,UI_Excel_Select_Xwalk_Source_Accommodations,facility,*ALL*,QXA4067,2026-09-21 01:07:43.242000
2809,COCWM,L,LABOR & DELIVERY INTERMEDIATE,L,Y,NO MATCH,0,COCWM,,,,,N,N,None,,,corpsvcmtxcutoverrpt_sql,2026-09-17 19:12:10.100000,xrdcwddbsuip06,MTX_ACOE_Cutover_Reporting,UI_Excel_Select_Xwalk_Source_Accommodations,facility,*ALL*,QXA4067,2026-09-21 01:07:43.242000
2810,COCWM,L1,NEWBORN,L1,Y,NO MATCH,0,COCWM,,,,,N,N,None,,,corpsvcmtxcutoverrpt_sql,2026-09-17 19:12:10.100000,xrdcwddbsuip06,MTX_ACOE_Cutover_Reporting,UI_Excel_Select_Xwalk_Source_Accommodations,facility,*ALL*,QXA4067,2026-09-21 01:07:43.242000
2811,COCWM,L2,NEWBORN LEVEL II,L2,Y,NO MATCH,0,COCWM,,,,,N,N,None,,,corpsvcmtxcutoverrpt_sql,2026-09-17 19:12:10.100000,xrdcwddbsuip06,MTX_ACOE_Cutover_Reporting,UI_Excel_Select_Xwalk_Source_Accommodations,facility,*ALL*,QXA4067,2026-09-21 01:07:43.242000
2812,COCWM,L3,NEWBORN LEVEL III,L3,Y,NO MATCH,0,COCWM,,,,,N,N,None,,,corpsvcmtxcutoverrpt_sql,2026-09-17 19:12:10.100000,xrdcwddbsuip06,MTX_ACOE_Cutover_Reporting,UI_Excel_Select_Xwalk_Source_Accommodations,facility,*ALL*,QXA4067,2026-09-21 01:07:43.242000
2813,COCWM,L4,NEWBORN LEVEL IV,L4,Y,NO MATCH,0,COCWM,,,,,N,N,None,,,corpsvcmtxcutoverrpt_sql,2026-09-17 19:12:10.100000,xrdcwddbsuip06,MTX_ACOE_Cutover_Reporting,UI_Excel_Select_Xwalk_Source_Accommodations,facility,*ALL*,QXA4067,2026-09-21 01:07:43.242000
2814,COCWM,L4C,NEWBORN LEVEL IV CARDIOVASC,LC,Y,NO MATCH,0,COCWM,,,,,N,N,None,,,corpsvcmtxcutoverrpt_sql,2026-09-17 19:12:10.100000,xrdcwddbsuip06,MTX_ACOE_Cutover_Reporting,UI_Excel_Select_Xwalk_Source_Accommodations,facility,*ALL*,QXA4067,2026-09-21 01:07:43.242000
2815,COCWM,LD,LABOR AND DELIVERY,LD,Y,NO MATCH,0,COCWM,,,,,N,N,None,,,corpsvcmtxcutoverrpt_sql,2026-09-17 19:12:10.100000,xrdcwddbsuip06,MTX_ACOE_Cutover_Reporting,UI_Excel_Select_Xwalk_Source_Accommodations,facility,*ALL*,QXA4067,2026-09-21 01:07:43.242000
2816,COCWM,M,CORONARY CARE,CC,Y,NO MATCH,0,COCWM,,,,,N,N,None,,,corpsvcmtxcutoverrpt_sql,2026-09-17 19:12:10.100000,xrdcwddbsuip06,MTX_ACOE_Cutover_Reporting,UI_Excel_Select_Xwalk_Source_Accommodations,facility,*ALL*,QXA4067,2026-09-21 01:07:43.242000
2817,COCWM,MBC,MOTHER BABY CARE,MB,Y,NO MATCH,0,COCWM,,,,,N,N,None,,,corpsvcmtxcutoverrpt_sql,2026-09-17 19:12:10.100000,xrdcwddbsuip06,MTX_ACOE_Cutover_Reporting,UI_Excel_Select_Xwalk_Source_Accommodations,facility,*ALL*,QXA4067,2026-09-21 01:07:43.242000
2818,COCWM,MSO,MED SURG OVERFLOW,MS,Y,NO MATCH,0,COCWM,,,,,N,N,None,,,corpsvcmtxcutoverrpt_sql,2026-09-17 19:12:10.100000,xrdcwddbsuip06,MTX_ACOE_Cutover_Reporting,UI_Excel_Select_Xwalk_Source_Accommodations,facility,*ALL*,QXA4067,2026-09-21 01:07:43.242000
2819,COCWM,N1,NICU LEVEL I,N1,N,NO MATCH,0,COCWM,,,,,N,N,None,,,corpsvcmtxcutoverrpt_sql,2026-09-17 19:12:10.100000,xrdcwddbsuip06,MTX_ACOE_Cutover_Reporting,UI_Excel_Select_Xwalk_Source_Accommodations,facility,*ALL*,QXA4067,2026-09-21 01:07:43.242000
2820,COCWM,N2,NICU LEVEL II,N2,N,NO MATCH,0,COCWM,,,,,N,N,None,,,corpsvcmtxcutoverrpt_sql,2026-09-17 19:12:10.100000,xrdcwddbsuip06,MTX_ACOE_Cutover_Reporting,UI_Excel_Select_Xwalk_Source_Accommodations,facility,*ALL*,QXA4067,2026-09-21 01:07:43.242000
2821,COCWM,N3,NICU LEVEL III,N3,N,NO MATCH,0,COCWM,,,,,N,N,None,,,corpsvcmtxcutoverrpt_sql,2026-09-17 19:12:10.100000,xrdcwddbsuip06,MTX_ACOE_Cutover_Reporting,UI_Excel_Select_Xwalk_Source_Accommodations,facility,*ALL*,QXA4067,2026-09-21 01:07:43.242000
2822,COCWM,N4,NICU LEVEL IV,N4,N,NO MATCH,0,COCWM,,,,,N,N,None,,,corpsvcmtxcutoverrpt_sql,2026-09-17 19:12:10.100000,xrdcwddbsuip06,MTX_ACOE_Cutover_Reporting,UI_Excel_Select_Xwalk_Source_Accommodations,facility,*ALL*,QXA4067,2026-09-21 01:07:43.242000
2823,COCWM,NB,NEWBORN BASIC CARE,NB,N,NO MATCH,0,COCWM,,,,,N,N,None,,,corpsvcmtxcutoverrpt_sql,2026-09-17 19:12:10.100000,xrdcwddbsuip06,MTX_ACOE_Cutover_Reporting,UI_Excel_Select_Xwalk_Source_Accommodations,facility,*ALL*,QXA4067,2026-09-21 01:07:43.242000
2824,COCWM,O,ONCOLOGY PRIVATE,O,Y,NO MATCH,0,COCWM,,,,,N,N,None,,,corpsvcmtxcutoverrpt_sql,2026-09-17 19:12:10.100000,xrdcwddbsuip06,MTX_ACOE_Cutover_Reporting,UI_Excel_Select_Xwalk_Source_Accommodations,facility,*ALL*,QXA4067,2026-09-21 01:07:43.242000
2825,COCWM,P,PRIVATE  ROOM,P,Y,NO MATCH,0,COCWM,,,,,N,N,None,,,corpsvcmtxcutoverrpt_sql,2026-09-17 19:12:10.100000,xrdcwddbsuip06,MTX_ACOE_Cutover_Reporting,UI_Excel_Select_Xwalk_Source_Accommodations,facility,*ALL*,QXA4067,2026-09-21 01:07:43.242000
2826,COCWM,PCU,PROGRESSIVE CARE,PU,Y,NO MATCH,0,COCWM,,,,,N,N,None,,,corpsvcmtxcutoverrpt_sql,2026-09-17 19:12:10.100000,xrdcwddbsuip06,MTX_ACOE_Cutover_Reporting,UI_Excel_Select_Xwalk_Source_Accommodations,facility,*ALL*,QXA4067,2026-09-21 01:07:43.242000
2827,COCWM,PICV,PEDI ICU CARDIOVASCULAR,PC,Y,NO MATCH,0,COCWM,,,,,N,N,None,,,corpsvcmtxcutoverrpt_sql,2026-09-17 19:12:10.100000,xrdcwddbsuip06,MTX_ACOE_Cutover_Reporting,UI_Excel_Select_Xwalk_Source_Accommodations,facility,*ALL*,QXA4067,2026-09-21 01:07:43.243000
2828,COCWM,PS,PSYCHIATRIC,PS,Y,NO MATCH,0,COCWM,,,,,N,N,None,,,corpsvcmtxcutoverrpt_sql,2026-09-17 19:12:10.100000,xrdcwddbsuip06,MTX_ACOE_Cutover_Reporting,UI_Excel_Select_Xwalk_Source_Accommodations,facility,*ALL*,QXA4067,2026-09-21 01:07:43.243000
2829,COCWM,S,SEMI-PRIVATE ROOM,S,Y,NO MATCH,0,COCWM,,,,,N,N,None,,,corpsvcmtxcutoverrpt_sql,2026-09-17 19:12:10.100000,xrdcwddbsuip06,MTX_ACOE_Cutover_Reporting,UI_Excel_Select_Xwalk_Source_Accommodations,facility,*ALL*,QXA4067,2026-09-21 01:07:43.243000
2830,COCWM,ST,TELEMETRY SEMI-PRIVATE,ST,N,NO MATCH,0,COCWM,,,,,N,N,None,,,corpsvcmtxcutoverrpt_sql,2026-09-17 19:12:10.100000,xrdcwddbsuip06,MTX_ACOE_Cutover_Reporting,UI_Excel_Select_Xwalk_Source_Accommodations,facility,*ALL*,QXA4067,2026-09-21 01:07:43.243000
2831,COCWM,T,TELEMETRY,TL,Y,NO MATCH,0,COCWM,,,,,N,N,None,,,corpsvcmtxcutoverrpt_sql,2026-09-17 19:12:10.100000,xrdcwddbsuip06,MTX_ACOE_Cutover_Reporting,UI_Excel_Select_Xwalk_Source_Accommodations,facility,*ALL*,QXA4067,2026-09-21 01:07:43.243000
2832,COCWM,TR,TRAUMA,TR,Y,NO MATCH,0,COCWM,,,,,N,N,None,,,corpsvcmtxcutoverrpt_sql,2026-09-17 19:12:10.100000,xrdcwddbsuip06,MTX_ACOE_Cutover_Reporting,UI_Excel_Select_Xwalk_Source_Accommodations,facility,*ALL*,QXA4067,2026-09-21 01:07:43.243000
2833,COCWM,WS,WOMEN'S SERVICES,WS,N,NO MATCH,0,COCWM,,,,,N,N,None,,,corpsvcmtxcutoverrpt_sql,2026-09-17 19:12:10.100000,xrdcwddbsuip06,MTX_ACOE_Cutover_Reporting,UI_Excel_Select_Xwalk_Source_Accommodations,facility,*ALL*,QXA4067,2026-09-21 01:07:43.243000
2834,COCWM,X,TRANSPLANT,X,Y,NO MATCH,0,COCWM,,,,,N,N,None,,,corpsvcmtxcutoverrpt_sql,2026-09-17 19:12:10.100000,xrdcwddbsuip06,MTX_ACOE_Cutover_Reporting,UI_Excel_Select_Xwalk_Source_Accommodations,facility,*ALL*,QXA4067,2026-09-21 01:07:43.243000
2835,COCWR,___N/A___20250731124521,Net New Expanse Accommodation--no MT56 data,___,___,NO MATCH,0,COCWR,,,,,N,Y,None,DJU8757,2025-08-05 10:29:16.717000,HCA\IIU4396,2025-07-31 12:48:12.120000,xrdcwddbsuip06,MTX_ACOE_Cutover_Reporting,UI_Excel_Select_Xwalk_Source_Accommodations,facility,*ALL*,QXA4067,2026-09-21 01:07:43.243000
2836,COCWR,___N/A___20250731124522,Net New Expanse Accommodation--no MT56 data,___,___,NO MATCH,0,COCWR,,,,,N,Y,None,DJU8757,2025-08-05 10:29:16.740000,HCA\IIU4396,2025-07-31 12:48:12.120000,xrdcwddbsuip06,MTX_ACOE_Cutover_Reporting,UI_Excel_Select_Xwalk_Source_Accommodations,facility,*ALL*,QXA4067,2026-09-21 01:07:43.243000
2837,COCWR,BB,BOARDER BABY,BB,N,NO MATCH,0,COCWR,,,,,N,Y,None,DJU8757,2025-08-05 10:27:20.817000,corpsvcmtxcutoverrpt_sql,2025-06-04 12:54:36.787000,xrdcwddbsuip06,MTX_ACOE_Cutover_Reporting,UI_Excel_Select_Xwalk_Source_Accommodations,facility,*ALL*,QXA4067,2026-09-21 01:07:43.243000
2838,COCWR,CC,CORONARY CARE,CC,Y,"TEST (2025-12-11),ZCON (2025-12-11),LIVE (2025-12-05)",0,COCWR,CC,CORONARY CARE,CC,Y,Y,N,None,IIU4396,2025-07-31 12:45:16.523000,corpsvcmtxcutoverrpt_sql,2025-07-01 03:00:06.410000,xrdcwddbsuip06,MTX_ACOE_Cutover_Reporting,UI_Excel_Select_Xwalk_Source_Accommodations,facility,*ALL*,QXA4067,2026-09-21 01:07:43.243000
2839,COCWR,CD,CHEMICAL DEPENDENCY UNIT,CD,Y,"TEST (2025-12-11),ZCON (2025-12-11),LIVE (2025-12-05)",0,COCWR,PR,PRIVATE ROOM,PR,Y,Y,N,None,IIU4396,2025-07-31 12:45:16.560000,HCA\IIU4396,2024-10-15 11:46:47.723000,xrdcwddbsuip06,MTX_ACOE_Cutover_Reporting,UI_Excel_Select_Xwalk_Source_Accommodations,facility,*ALL*,QXA4067,2026-09-21 01:07:43.243000
2840,COCWR,CM,CLOSED PSYCHIATRIC PRIVATE,CM,N,NO MATCH,0,COCWR,,,,,N,Y,None,DJU8757,2025-08-05 12:46:42.040000,corpsvcmtxcutoverrpt_sql,2025-06-04 12:54:36.787000,xrdcwddbsuip06,MTX_ACOE_Cutover_Reporting,UI_Excel_Select_Xwalk_Source_Accommodations,facility,*ALL*,QXA4067,2026-09-21 01:07:43.243000
2841,COCWR,CS,CLOSED PSYCH SEMI PRIVATE,CS,Y,"TEST (2025-12-11),ZCON (2025-12-11),LIVE (2025-12-05)",0,COCWR,PR,PRIVATE ROOM,PR,Y,Y,N,None,IIU4396,2025-07-31 12:45:16.650000,corpsvcmtxcutoverrpt_sql,2025-06-27 03:00:05.717000,xrdcwddbsuip06,MTX_ACOE_Cutover_Reporting,UI_Excel_Select_Xwalk_Source_Accommodations,facility,*ALL*,QXA4067,2026-09-21 01:07:43.243000
2842,COCWR,DE,DETOXIFICATION,DE,Y,"TEST (2025-12-11),ZCON (2025-12-11),LIVE (2025-12-05)",0,COCWR,PR,PRIVATE ROOM,PR,Y,Y,N,None,IIU4396,2025-07-31 12:45:16.690000,HCA\IIU4396,2024-10-15 11:46:47.723000,xrdcwddbsuip06,MTX_ACOE_Cutover_Reporting,UI_Excel_Select_Xwalk_Source_Accommodations,facility,*ALL*,QXA4067,2026-09-21 01:07:43.243000
2843,COCWR,EC,ECMO,EC,Y,"TEST (2025-12-11),LIVE (2025-12-05)",0,COCWR,EC,ECMO,EC,Y,Y,N,None,DJU8757,2025-09-22 06:46:56.740000,corpsvcmtxcutoverrpt_sql,2025-09-09 14:47:33.733000,xrdcwddbsuip06,MTX_ACOE_Cutover_Reporting,UI_Excel_Select_Xwalk_Source_Accommodations,facility,*ALL*,QXA4067,2026-09-21 01:07:43.243000
2844,COCWR,EP,EXECUTIVE PRIVATE PROGRESSIVE,EP,Y,"TEST (2025-12-11),ZCON (2025-12-11),LIVE (2025-12-05)",0,COCWR,PR,PRIVATE ROOM,PR,Y,Y,N,None,IIU4396,2025-07-31 12:45:16.733000,HCA\IIU4396,2024-10-15 11:46:47.723000,xrdcwddbsuip06,MTX_ACOE_Cutover_Reporting,UI_Excel_Select_Xwalk_Source_Accommodations,facility,*ALL*,QXA4067,2026-09-21 01:07:43.243000
2845,COCWR,ER,EMERGENCY ROOM,ER,Y,"TEST (2025-12-11),ZCON (2025-12-11),LIVE (2025-12-05)",0,COCWR,PR,PRIVATE ROOM,PR,Y,Y,N,None,IIU4396,2025-07-31 12:45:16.767000,HCA\IIU4396,2024-10-15 11:46:47.723000,xrdcwddbsuip06,MTX_ACOE_Cutover_Reporting,UI_Excel_Select_Xwalk_Source_Accommodations,facility,*ALL*,QXA4067,2026-09-21 01:07:43.243000
2846,COCWR,ES,EXECUTIVE SUITE,ES,Y,"TEST (2025-12-11),ZCON (2025-12-11),LIVE (2025-12-05)",0,COCWR,PR,PRIVATE ROOM,PR,Y,Y,N,None,IIU4396,2025-07-31 12:45:16.800000,HCA\IIU4396,2024-10-15 11:46:47.723000,xrdcwddbsuip06,MTX_ACOE_Cutover_Reporting,UI_Excel_Select_Xwalk_Source_Accommodations,facility,*ALL*,QXA4067,2026-09-21 01:07:43.243000
2847,COCWR,IC,INTENSIVE CARE,IC,Y,"TEST (2025-12-11),ZCON (2025-12-11),LIVE (2025-12-05)",0,COCWR,IC,INTENSIVE CARE,IC,Y,Y,N,None,IIU4396,2025-07-31 12:45:16.837000,HCA\IIU4396,2024-10-15 11:46:47.723000,xrdcwddbsuip06,MTX_ACOE_Cutover_Reporting,UI_Excel_Select_Xwalk_Source_Accommodations,facility,*ALL*,QXA4067,2026-09-21 01:07:43.243000
2848,COCWR,L1,NEWBORN LEVEL I,L1,Y,"TEST (2025-12-11),ZCON (2025-12-11),LIVE (2025-12-05)",0,COCWR,L1,NEWBORN LEVEL I CARE,L1,Y,Y,N,None,DJU8757,2025-08-05 10:04:12.937000,HCA\CORPSVCACOESSISPROXY,2024-11-13 04:14:04.580000,xrdcwddbsuip06,MTX_ACOE_Cutover_Reporting,UI_Excel_Select_Xwalk_Source_Accommodations,facility,*ALL*,QXA4067,2026-09-21 01:07:43.243000
2849,COCWR,L2,NEWBORN LEVEL II,L2,Y,"TEST (2025-12-11),ZCON (2025-12-11),LIVE (2025-12-05)",0,COCWR,L2,NEWBORN LEVEL II CARE,L2,Y,Y,N,None,DJU8757,2025-08-05 10:04:12.960000,HCA\CORPSVCACOESSISPROXY,2024-11-13 04:14:04.580000,xrdcwddbsuip06,MTX_ACOE_Cutover_Reporting,UI_Excel_Select_Xwalk_Source_Accommodations,facility,*ALL*,QXA4067,2026-09-21 01:07:43.243000
2850,COCWR,L3,NEWBORN LEVEL III,L3,Y,"TEST (2025-12-11),ZCON (2025-12-11),LIVE (2025-12-05)",0,COCWR,L3,NEWBORN LEVEL III CARE,L3,Y,Y,N,None,DJU8757,2025-08-05 10:04:12.980000,HCA\CORPSVCACOESSISPROXY,2024-11-13 04:14:04.580000,xrdcwddbsuip06,MTX_ACOE_Cutover_Reporting,UI_Excel_Select_Xwalk_Source_Accommodations,facility,*ALL*,QXA4067,2026-09-21 01:07:43.243000
2851,COCWR,L4,NEWBORN LEVEL IV,L4,Y,"TEST (2025-12-11),ZCON (2025-12-11),LIVE (2025-12-05)",0,COCWR,L4,NEWBORN LEVEL IV CARE,L4,Y,Y,N,None,DJU8757,2025-08-05 10:04:13,HCA\CORPSVCACOESSISPROXY,2024-11-13 04:14:04.580000,xrdcwddbsuip06,MTX_ACOE_Cutover_Reporting,UI_Excel_Select_Xwalk_Source_Accommodations,facility,*ALL*,QXA4067,2026-09-21 01:07:43.243000
2852,COCWR,LD,LABOR AND DELIVERY,LD,Y,"TEST (2025-12-11),ZCON (2025-12-11),LIVE (2025-12-05)",0,COCWR,PR,PRIVATE ROOM,PR,Y,Y,N,None,IIU4396,2025-07-31 12:45:16.873000,HCA\IIU4396,2024-10-15 11:46:47.723000,xrdcwddbsuip06,MTX_ACOE_Cutover_Reporting,UI_Excel_Select_Xwalk_Source_Accommodations,facility,*ALL*,QXA4067,2026-09-21 01:07:43.243000
2853,COCWR,MJ,MEDICALLY JUSTIFIED,MJ,Y,"TEST (2025-12-11),ZCON (2025-12-11),LIVE (2025-12-05)",0,COCWR,PR,PRIVATE ROOM,PR,Y,Y,N,None,IIU4396,2025-07-31 12:45:16.920000,HCA\IIU4396,2024-10-15 11:46:47.723000,xrdcwddbsuip06,MTX_ACOE_Cutover_Reporting,UI_Excel_Select_Xwalk_Source_Accommodations,facility,*ALL*,QXA4067,2026-09-21 01:07:43.243000
2854,COCWR,MP,PSYCHIATRIC PRIVATE,MP,Y,"TEST (2025-12-11),ZCON (2025-12-11),LIVE (2025-12-05)",0,COCWR,PR,PRIVATE ROOM,PR,Y,Y,N,None,IIU4396,2025-07-31 12:45:16.960000,HCA\IIU4396,2024-10-15 11:46:47.723000,xrdcwddbsuip06,MTX_ACOE_Cutover_Reporting,UI_Excel_Select_Xwalk_Source_Accommodations,facility,*ALL*,QXA4067,2026-09-21 01:07:43.243000
2855,COCWR,N2,NEONATAL INTENSIVE LEVEL 2,N2,N,NO MATCH,0,COCWR,,,,,N,Y,None,DJU8757,2025-08-05 10:29:16.760000,corpsvcmtxcutoverrpt_sql,2025-08-06 03:00:04.500000,xrdcwddbsuip06,MTX_ACOE_Cutover_Reporting,UI_Excel_Select_Xwalk_Source_Accommodations,facility,*ALL*,QXA4067,2026-09-21 01:07:43.243000
2856,COCWR,NE,NEURO INTENSIVE,NE,Y,"TEST (2025-12-11),ZCON (2025-12-11),LIVE (2025-12-05)",0,COCWR,PR,PRIVATE ROOM,PR,Y,Y,N,None,IIU4396,2025-07-31 12:45:17.037000,HCA\IIU4396,2024-10-15 11:46:47.723000,xrdcwddbsuip06,MTX_ACOE_Cutover_Reporting,UI_Excel_Select_Xwalk_Source_Accommodations,facility,*ALL*,QXA4067,2026-09-21 01:07:43.243000
2857,COCWR,NU,NEWBORN NURSERY,NU,N,NO MATCH,0,COCWR,,,,,N,Y,None,DJU8757,2025-08-05 10:29:16.780000,corpsvcmtxcutoverrpt_sql,2025-08-06 03:00:04.500000,xrdcwddbsuip06,MTX_ACOE_Cutover_Reporting,UI_Excel_Select_Xwalk_Source_Accommodations,facility,*ALL*,QXA4067,2026-09-21 01:07:43.243000
2858,COCWR,OCAT,OVERFLOW CATHLAB,OC,Y,"TEST (2025-12-11),ZCON (2025-12-11),LIVE (2025-12-05)",0,COCWR,PR,PRIVATE ROOM,PR,Y,Y,N,None,IIU4396,2025-07-31 12:45:17.110000,HCA\IIU4396,2024-10-15 11:46:47.723000,xrdcwddbsuip06,MTX_ACOE_Cutover_Reporting,UI_Excel_Select_Xwalk_Source_Accommodations,facility,*ALL*,QXA4067,2026-09-21 01:07:43.243000
2859,COCWR,OH,OPEN HEART,OH,Y,"TEST (2025-12-11),ZCON (2025-12-11),LIVE (2025-12-05)",0,COCWR,PR,PRIVATE ROOM,PR,Y,Y,N,None,IIU4396,2025-07-31 12:45:17.193000,HCA\IIU4396,2024-10-15 11:46:47.723000,xrdcwddbsuip06,MTX_ACOE_Cutover_Reporting,UI_Excel_Select_Xwalk_Source_Accommodations,facility,*ALL*,QXA4067,2026-09-21 01:07:43.243000
2860,COCWR,OP,OUTPATIENT,OP,Y,"TEST (2025-12-11),ZCON (2025-12-11),LIVE (2025-12-05)",0,COCWR,PR,PRIVATE ROOM,PR,Y,Y,N,None,IIU4396,2025-07-31 12:45:17.233000,HCA\IIU4396,2024-10-15 11:46:47.723000,xrdcwddbsuip06,MTX_ACOE_Cutover_Reporting,UI_Excel_Select_Xwalk_Source_Accommodations,facility,*ALL*,QXA4067,2026-09-21 01:07:43.243000
2861,COCWR,P,PRIVATE ROOM,P,Y,"TEST (2025-12-11),ZCON (2025-12-11),LIVE (2025-12-05)",0,COCWR,PR,PRIVATE ROOM,PR,Y,Y,N,None,IIU4396,2025-07-31 12:45:17.270000,HCA\IIU4396,2024-10-15 11:46:47.723000,xrdcwddbsuip06,MTX_ACOE_Cutover_Reporting,UI_Excel_Select_Xwalk_Source_Accommodations,facility,*ALL*,QXA4067,2026-09-21 01:07:43.243000
2862,COCWR,PB,BRAIN INJURY PROGRESSIVE PRIV,PB,Y,"TEST (2025-12-11),ZCON (2025-12-11),LIVE (2025-12-05)",0,COCWR,PR,PRIVATE ROOM,PR,Y,Y,N,None,IIU4396,2025-07-31 12:45:17.303000,HCA\IIU4396,2024-10-15 11:46:47.723000,xrdcwddbsuip06,MTX_ACOE_Cutover_Reporting,UI_Excel_Select_Xwalk_Source_Accommodations,facility,*ALL*,QXA4067,2026-09-21 01:07:43.243000
2863,COCWR,PC,PROGRESSIVE CARE,PC,Y,"TEST (2025-12-11),ZCON (2025-12-11),LIVE (2025-12-05)",0,COCWR,PC,PROGRESSIVE CARE,PC,Y,Y,N,None,IIU4396,2025-07-31 12:45:17.340000,HCA\IIU4396,2024-10-15 11:46:47.723000,xrdcwddbsuip06,MTX_ACOE_Cutover_Reporting,UI_Excel_Select_Xwalk_Source_Accommodations,facility,*ALL*,QXA4067,2026-09-21 01:07:43.243000
2864,COCWR,PD,PEDIATRICS,PD,Y,"TEST (2025-12-11),ZCON (2025-12-11),LIVE (2025-12-05)",0,COCWR,P,PEDIATRIC,P,Y,Y,N,None,IIU4396,2025-07-31 12:45:17.380000,HCA\IIU4396,2024-10-15 11:46:47.723000,xrdcwddbsuip06,MTX_ACOE_Cutover_Reporting,UI_Excel_Select_Xwalk_Source_Accommodations,facility,*ALL*,QXA4067,2026-09-21 01:07:43.243000
2865,COCWR,PI,PEDIATRIC INTENSIVE,PI,Y,"TEST (2025-12-11),ZCON (2025-12-11),LIVE (2025-12-05)",0,COCWR,PR,PRIVATE ROOM,PR,Y,Y,N,None,IIU4396,2025-07-31 12:45:17.417000,HCA\IIU4396,2024-10-15 11:46:47.723000,xrdcwddbsuip06,MTX_ACOE_Cutover_Reporting,UI_Excel_Select_Xwalk_Source_Accommodations,facility,*ALL*,QXA4067,2026-09-21 01:07:43.243000
2866,COCWR,PP,PROGRESSIVE PRIVATE,PP,Y,"TEST (2025-12-11),ZCON (2025-12-11),LIVE (2025-12-05)",0,COCWR,PCP,PROGRESSIVE CARE PRIVATE,PP,Y,Y,N,None,IIU4396,2025-07-31 12:45:17.450000,HCA\IIU4396,2024-10-15 11:46:47.723000,xrdcwddbsuip06,MTX_ACOE_Cutover_Reporting,UI_Excel_Select_Xwalk_Source_Accommodations,facility,*ALL*,QXA4067,2026-09-21 01:07:43.244000
2867,COCWR,PS,PSYCHIATRIC SEMI PRIVATE,PS,Y,"TEST (2025-12-11),ZCON (2025-12-11),LIVE (2025-12-05)",0,COCWR,BH,BEHAVIORAL HEALTH,BH,Y,Y,N,None,IIU4396,2025-07-31 12:45:17.493000,HCA\IIU4396,2024-10-15 11:46:47.723000,xrdcwddbsuip06,MTX_ACOE_Cutover_Reporting,UI_Excel_Select_Xwalk_Source_Accommodations,facility,*ALL*,QXA4067,2026-09-21 01:07:43.244000
2868,COCWR,RH,REHAB SEMI PRIVATE,RH,Y,"TEST (2025-12-11),ZCON (2025-12-11),LIVE (2025-12-05)",0,COCWR,R,REHABILITATION,R,Y,Y,N,None,IIU4396,2025-07-31 12:45:17.530000,HCA\IIU4396,2024-10-15 11:46:47.723000,xrdcwddbsuip06,MTX_ACOE_Cutover_Reporting,UI_Excel_Select_Xwalk_Source_Accommodations,facility,*ALL*,QXA4067,2026-09-21 01:07:43.244000
2869,COCWR,RP,REHAB PRIVATE,RP,Y,"TEST (2025-12-11),ZCON (2025-12-11),LIVE (2025-12-05)",0,COCWR,RP,REHAB PRIVATE,RP,Y,Y,N,None,IIU4396,2025-07-31 12:45:17.567000,HCA\IIU4396,2024-10-15 11:46:47.723000,xrdcwddbsuip06,MTX_ACOE_Cutover_Reporting,UI_Excel_Select_Xwalk_Source_Accommodations,facility,*ALL*,QXA4067,2026-09-21 01:07:43.244000
2870,COCWR,SB,BRAIN INJURY PROGRESSIVE SEMI,SB,Y,"TEST (2025-12-11),ZCON (2025-12-11),LIVE (2025-12-05)",0,COCWR,PR,PRIVATE ROOM,PR,Y,Y,N,None,IIU4396,2025-07-31 12:45:17.607000,HCA\IIU4396,2024-10-15 11:46:47.723000,xrdcwddbsuip06,MTX_ACOE_Cutover_Reporting,UI_Excel_Select_Xwalk_Source_Accommodations,facility,*ALL*,QXA4067,2026-09-21 01:07:43.244000
2871,COCWR,SN,SKILLED NURSING SEMI PRIVATE,SN,Y,"TEST (2025-12-11),ZCON (2025-12-11),LIVE (2025-12-05)",0,COCWR,PR,PRIVATE ROOM,PR,Y,Y,N,None,IIU4396,2025-07-31 12:45:17.643000,HCA\IIU4396,2024-10-15 11:46:47.723000,xrdcwddbsuip06,MTX_ACOE_Cutover_Reporting,UI_Excel_Select_Xwalk_Source_Accommodations,facility,*ALL*,QXA4067,2026-09-21 01:07:43.244000
2872,COCWR,SP,SEMI-PRIVATE,SP,Y,"TEST (2025-12-11),ZCON (2025-12-11),LIVE (2025-12-05)",0,COCWR,SP,SEMI PRIVATE ROOM,SP,Y,Y,N,None,IIU4396,2025-07-31 12:45:17.680000,HCA\IIU4396,2024-10-15 11:46:47.723000,xrdcwddbsuip06,MTX_ACOE_Cutover_Reporting,UI_Excel_Select_Xwalk_Source_Accommodations,facility,*ALL*,QXA4067,2026-09-21 01:07:43.244000
2873,COCWR,TE,TELEMETRY,TE,Y,"TEST (2025-12-11),ZCON (2025-12-11),LIVE (2025-12-05)",0,COCWR,PR,PRIVATE ROOM,PR,Y,Y,N,None,IIU4396,2025-07-31 12:45:17.720000,HCA\IIU4396,2024-10-15 11:46:47.723000,xrdcwddbsuip06,MTX_ACOE_Cutover_Reporting,UI_Excel_Select_Xwalk_Source_Accommodations,facility,*ALL*,QXA4067,2026-09-21 01:07:43.244000
2874,COCWR,UP,SNF PRIVATE,UP,Y,"TEST (2025-12-11),ZCON (2025-12-11),LIVE (2025-12-05)",0,COCWR,PR,PRIVATE ROOM,PR,Y,Y,N,None,IIU4396,2025-07-31 12:45:17.763000,HCA\IIU4396,2024-10-15 11:46:47.723000,xrdcwddbsuip06,MTX_ACOE_Cutover_Reporting,UI_Excel_Select_Xwalk_Source_Accommodations,facility,*ALL*,QXA4067,2026-09-21 01:07:43.244000
2875,COCWR,WC,WARD,WC,N,NO MATCH,0,COCWR,,,,,N,Y,None,JKB0282,2025-04-29 15:47:21.180000,HCA\IIU4396,2024-10-15 11:46:47.723000,xrdcwddbsuip06,MTX_ACOE_Cutover_Reporting,UI_Excel_Select_Xwalk_Source_Accommodations,facility,*ALL*,QXA4067,2026-09-21 01:07:43.244000
2876,COCWR,WD,WARD,WD,Y,"TEST (2025-12-11),ZCON (2025-12-11),LIVE (2025-12-05)",0,COCWR,LD,LABOR AND DELIVERY,LD,Y,Y,N,None,IIU4396,2025-07-31 12:45:17.800000,HCA\IIU4396,2024-10-15 11:46:47.723000,xrdcwddbsuip06,MTX_ACOE_Cutover_Reporting,UI_Excel_Select_Xwalk_Source_Accommodations,facility,*ALL*,QXA4067,2026-09-21 01:07:43.244000
2877,COCWR,WS,WARD SNF,WS,Y,"TEST (2025-12-11),ZCON (2025-12-11),LIVE (2025-12-05)",0,COCWR,PR,PRIVATE ROOM,PR,Y,Y,N,None,IIU4396,2025-07-31 12:45:17.827000,HCA\IIU4396,2024-10-15 11:46:47.723000,xrdcwddbsuip06,MTX_ACOE_Cutover_Reporting,UI_Excel_Select_Xwalk_Source_Accommodations,facility,*ALL*,QXA4067,2026-09-21 01:07:43.244000
2878,COCWS,CD,CARDIAC STEP DOWN,CD,N,NO MATCH,0,COCWS,,,,,N,Y,None,MLT6916,2026-01-27 12:19:57.430000,corpsvcmtxcutoverrpt_sql,2026-01-22 12:53:30.830000,xrdcwddbsuip06,MTX_ACOE_Cutover_Reporting,UI_Excel_Select_Xwalk_Source_Accommodations,facility,*ALL*,QXA4067,2026-09-21 01:07:43.244000
2879,COCWS,CV,CVICU,CV,Y,"TEST (2026-09-20),ZCON (2026-09-20),LIVE (2026-09-04)",29,COCWS,CC,CORONARY CARE,CC,,Y,N,None,MLT6916,2026-01-27 12:19:57.837000,corpsvcmtxcutoverrpt_sql,2026-01-22 12:53:30.830000,xrdcwddbsuip06,MTX_ACOE_Cutover_Reporting,UI_Excel_Select_Xwalk_Source_Accommodations,facility,*ALL*,QXA4067,2026-09-21 01:07:43.244000
2880,COCWS,EC,ICU GENERAL W ECMO,EC,Y,"TEST (2026-09-20),ZCON (2026-09-20),LIVE (2026-09-04)",0,COCWS,EC,ECMO,EC,,Y,N,None,MLT6916,2026-01-27 12:19:57.933000,corpsvcmtxcutoverrpt_sql,2026-01-22 12:53:30.830000,xrdcwddbsuip06,MTX_ACOE_Cutover_Reporting,UI_Excel_Select_Xwalk_Source_Accommodations,facility,*ALL*,QXA4067,2026-09-21 01:07:43.244000
2881,COCWS,ECBR,ICU BURN W ECMO,EB,Y,"TEST (2026-09-20),ZCON (2026-09-20),LIVE (2026-09-04)",0,COCWS,EC,ECMO,EC,,Y,N,None,MLT6916,2026-01-27 12:19:58.023000,corpsvcmtxcutoverrpt_sql,2026-01-22 12:53:30.830000,xrdcwddbsuip06,MTX_ACOE_Cutover_Reporting,UI_Excel_Select_Xwalk_Source_Accommodations,facility,*ALL*,QXA4067,2026-09-21 01:07:43.244000
2882,COCWS,ECTR,ICU TRAUMA W ECMO,ET,Y,"TEST (2026-09-20),ZCON (2026-09-20),LIVE (2026-09-04)",0,COCWS,EC,ECMO,EC,,Y,N,None,MLT6916,2026-01-27 12:19:58.160000,corpsvcmtxcutoverrpt_sql,2026-01-22 12:53:30.830000,xrdcwddbsuip06,MTX_ACOE_Cutover_Reporting,UI_Excel_Select_Xwalk_Source_Accommodations,facility,*ALL*,QXA4067,2026-09-21 01:07:43.244000
2883,COCWS,IC,Intensive Care,IN,Y,"TEST (2026-09-20),ZCON (2026-09-20),LIVE (2026-09-04)",73,COCWS,IC,INTENSIVE CARE,IC,,Y,N,None,MLT6916,2026-01-27 12:19:58.270000,corpsvcmtxcutoverrpt_sql,2026-01-22 12:53:30.830000,xrdcwddbsuip06,MTX_ACOE_Cutover_Reporting,UI_Excel_Select_Xwalk_Source_Accommodations,facility,*ALL*,QXA4067,2026-09-21 01:07:43.244000
2884,COCWS,IM,Intermediate Care,IR,Y,"TEST (2026-09-20),ZCON (2026-09-20),LIVE (2026-09-04)",49,COCWS,PC,PROGRESSIVE CARE,PC,,Y,N,None,MLT6916,2026-02-09 10:31:33.013000,corpsvcmtxcutoverrpt_sql,2026-01-22 12:53:30.830000,xrdcwddbsuip06,MTX_ACOE_Cutover_Reporting,UI_Excel_Select_Xwalk_Source_Accommodations,facility,*ALL*,QXA4067,2026-09-21 01:07:43.244000
2885,COCWS,IMCU,Intermediate Care CCU,CR,Y,"TEST (2026-09-20),ZCON (2026-09-20),LIVE (2026-09-04)",94,COCWS,PCCC,PROGRESSIVE CARE CCU,PU,,Y,N,None,MLT6916,2026-02-09 10:31:33.053000,corpsvcmtxcutoverrpt_sql,2026-01-22 12:53:30.830000,xrdcwddbsuip06,MTX_ACOE_Cutover_Reporting,UI_Excel_Select_Xwalk_Source_Accommodations,facility,*ALL*,QXA4067,2026-09-21 01:07:43.244000
2886,COCWS,IMU,INTERMEDIATE CARE UNIT,IM,N,NO MATCH,0,COCWS,,,,,N,Y,None,MLT6916,2026-01-27 12:19:58.550000,corpsvcmtxcutoverrpt_sql,2026-01-22 12:53:30.830000,xrdcwddbsuip06,MTX_ACOE_Cutover_Reporting,UI_Excel_Select_Xwalk_Source_Accommodations,facility,*ALL*,QXA4067,2026-09-21 01:07:43.244000
2887,COCWS,J,"PRIVATE, MEDICALLY JUSTIFIED",J,N,NO MATCH,0,COCWS,,,,,N,Y,None,MLT6916,2026-01-27 12:19:58.643000,corpsvcmtxcutoverrpt_sql,2026-01-22 12:53:30.830000,xrdcwddbsuip06,MTX_ACOE_Cutover_Reporting,UI_Excel_Select_Xwalk_Source_Accommodations,facility,*ALL*,QXA4067,2026-09-21 01:07:43.244000
2888,COCWS,M,CORONARY CARE,CC,N,NO MATCH,0,COCWS,,,,,N,Y,None,MLT6916,2026-01-27 12:19:59.057000,corpsvcmtxcutoverrpt_sql,2026-01-22 12:53:30.830000,xrdcwddbsuip06,MTX_ACOE_Cutover_Reporting,UI_Excel_Select_Xwalk_Source_Accommodations,facility,*ALL*,QXA4067,2026-09-21 01:07:43.244000
2889,COCWS,MS,Med Surg,MD,Y,"TEST (2026-09-20),ZCON (2026-09-20),LIVE (2026-09-04)",642,COCWS,MS,MED SURG,MS,,Y,N,None,MLT6916,2026-01-27 12:19:59.467000,corpsvcmtxcutoverrpt_sql,2026-01-22 12:53:30.830000,xrdcwddbsuip06,MTX_ACOE_Cutover_Reporting,UI_Excel_Select_Xwalk_Source_Accommodations,facility,*ALL*,QXA4067,2026-09-21 01:07:43.244000
2890,COCWS,OHS,OPEN HEART STEPDOWN,OS,N,NO MATCH,0,COCWS,,,,,N,Y,None,MLT6916,2026-01-27 12:19:59.557000,corpsvcmtxcutoverrpt_sql,2026-01-22 12:53:30.830000,xrdcwddbsuip06,MTX_ACOE_Cutover_Reporting,UI_Excel_Select_Xwalk_Source_Accommodations,facility,*ALL*,QXA4067,2026-09-21 01:07:43.244000
2891,COCWS,PR,PRIVATE,PR,N,NO MATCH,0,COCWS,,,,,N,Y,None,MLT6916,2026-01-27 12:19:59.647000,corpsvcmtxcutoverrpt_sql,2026-01-22 12:53:30.830000,xrdcwddbsuip06,MTX_ACOE_Cutover_Reporting,UI_Excel_Select_Xwalk_Source_Accommodations,facility,*ALL*,QXA4067,2026-09-21 01:07:43.244000
2892,COCWS,SB,SWING BED,SB,Y,"TEST (2026-09-20),ZCON (2026-09-20),LIVE (2026-09-04)",0,COCWS,MS,MED SURG,MS,,Y,N,None,MLT6916,2026-01-27 12:20:00.047000,corpsvcmtxcutoverrpt_sql,2026-01-22 12:53:30.830000,xrdcwddbsuip06,MTX_ACOE_Cutover_Reporting,UI_Excel_Select_Xwalk_Source_Accommodations,facility,*ALL*,QXA4067,2026-09-21 01:07:43.244000
2893,COCWS,T,TELEMETRY,T,Y,"TEST (2026-09-20),ZCON (2026-09-20),LIVE (2026-09-04)",11,COCWS,TEL,TELEMETRY,T,,Y,N,None,MLT6916,2026-01-27 12:20:00.150000,corpsvcmtxcutoverrpt_sql,2026-01-22 12:53:30.830000,xrdcwddbsuip06,MTX_ACOE_Cutover_Reporting,UI_Excel_Select_Xwalk_Source_Accommodations,facility,*ALL*,QXA4067,2026-09-21 01:07:43.244000
2894,COCWS,TS,TEL SUR,TS,N,NO MATCH,0,COCWS,,,,,N,Y,None,MLT6916,2026-01-27 12:20:00.247000,corpsvcmtxcutoverrpt_sql,2026-01-22 12:53:30.830000,xrdcwddbsuip06,MTX_ACOE_Cutover_Reporting,UI_Excel_Select_Xwalk_Source_Accommodations,facility,*ALL*,QXA4067,2026-09-21 01:07:43.244000
2895,COCWS,W,WARD,W,N,NO MATCH,0,COCWS,,,,,N,Y,None,MLT6916,2026-01-27 12:20:00.333000,corpsvcmtxcutoverrpt_sql,2026-01-22 12:53:30.830000,xrdcwddbsuip06,MTX_ACOE_Cutover_Reporting,UI_Excel_Select_Xwalk_Source_Accommodations,facility,*ALL*,QXA4067,2026-09-21 01:07:43.244000
2896,COCWU,ALTC,ALTERNATIVE CARE,AL,Y,"TEST (2026-09-20),ZCON (2026-09-20),LIVE (2026-09-04)",0,COCWU,PR,PRIVATE ROOM,P,,Y,N,None,KSI8889,2025-12-09 09:50:27.630000,corpsvcmtxcutoverrpt_sql,2025-09-09 14:47:33.733000,xrdcwddbsuip06,MTX_ACOE_Cutover_Reporting,UI_Excel_Select_Xwalk_Source_Accommodations,facility,*ALL*,QXA4067,2026-09-21 01:07:43.244000
2897,COCWU,AP,ANTEPARTUM ROOM,AP,Y,"TEST (2026-09-20),ZCON (2026-09-20),LIVE (2026-09-04)",0,COCWU,AP,ANTEPARTUM CARE,AP,,Y,N,None,KSI8889,2025-10-28 09:41:22.067000,corpsvcmtxcutoverrpt_sql,2025-09-09 14:47:33.733000,xrdcwddbsuip06,MTX_ACOE_Cutover_Reporting,UI_Excel_Select_Xwalk_Source_Accommodations,facility,*ALL*,QXA4067,2026-09-21 01:07:43.244000
2898,COCWU,H,HOSPICE,H,Y,"TEST (2026-09-20),ZCON (2026-09-20),LIVE (2026-09-04)",0,COCWU,HP,HOSPICE,H,,Y,N,None,KSI8889,2025-10-28 09:41:22.097000,corpsvcmtxcutoverrpt_sql,2025-09-09 14:47:33.733000,xrdcwddbsuip06,MTX_ACOE_Cutover_Reporting,UI_Excel_Select_Xwalk_Source_Accommodations,facility,*ALL*,QXA4067,2026-09-21 01:07:43.244000
2899,COCWU,I,INTENSIVE CARE,IC,Y,"TEST (2026-09-20),ZCON (2026-09-20),LIVE (2026-09-04)",0,COCWU,IC,INTENSIVE CARE,IC,,Y,N,None,KSI8889,2025-10-28 09:41:22.127000,corpsvcmtxcutoverrpt_sql,2025-09-09 14:47:33.733000,xrdcwddbsuip06,MTX_ACOE_Cutover_Reporting,UI_Excel_Select_Xwalk_Source_Accommodations,facility,*ALL*,QXA4067,2026-09-21 01:07:43.244000
2900,COCWU,IC,INTERMEDIATE NURSERY - NSY2,N2,Y,"TEST (2026-09-20),ZCON (2026-09-20),LIVE (2026-09-04)",0,COCWU,PR,PRIVATE ROOM,P,,Y,N,None,KSI8889,2025-12-09 09:50:27.660000,corpsvcmtxcutoverrpt_sql,2025-09-09 14:47:33.733000,xrdcwddbsuip06,MTX_ACOE_Cutover_Reporting,UI_Excel_Select_Xwalk_Source_Accommodations,facility,*ALL*,QXA4067,2026-09-21 01:07:43.244000
2901,COCWU,ICN,INTENSIVE CARE NURSERY-NIC3,N3,Y,"TEST (2026-09-20),ZCON (2026-09-20),LIVE (2026-09-04)",0,COCWU,PR,PRIVATE ROOM,P,,Y,N,None,KSI8889,2025-12-09 09:50:27.710000,corpsvcmtxcutoverrpt_sql,2025-09-09 14:47:33.733000,xrdcwddbsuip06,MTX_ACOE_Cutover_Reporting,UI_Excel_Select_Xwalk_Source_Accommodations,facility,*ALL*,QXA4067,2026-09-21 01:07:43.244000
2902,COCWU,L1,NEWBORN LEVEL I R&B,L1,Y,"TEST (2026-09-20),ZCON (2026-09-20),LIVE (2026-09-04)",0,COCWU,L1,NEWBORN LEVEL I CARE,L1,,Y,N,None,KSI8889,2025-10-28 09:41:22.153000,corpsvcmtxcutoverrpt_sql,2025-09-09 14:47:33.733000,xrdcwddbsuip06,MTX_ACOE_Cutover_Reporting,UI_Excel_Select_Xwalk_Source_Accommodations,facility,*ALL*,QXA4067,2026-09-21 01:07:43.244000
2903,COCWU,L2,NEWBORN LEVEL II R&B,L2,Y,"TEST (2026-09-20),ZCON (2026-09-20),LIVE (2026-09-04)",0,COCWU,L2,NEWBORN LEVEL II CARE,L2,,Y,N,None,KSI8889,2025-10-28 09:41:22.183000,corpsvcmtxcutoverrpt_sql,2025-09-09 14:47:33.733000,xrdcwddbsuip06,MTX_ACOE_Cutover_Reporting,UI_Excel_Select_Xwalk_Source_Accommodations,facility,*ALL*,QXA4067,2026-09-21 01:07:43.244000
2904,COCWU,L3,NEWBORN LEVEL III R&B,L3,Y,"TEST (2026-09-20),ZCON (2026-09-20),LIVE (2026-09-04)",0,COCWU,L3,NEWBORN LEVEL III CARE,L3,,Y,N,None,KSI8889,2025-10-28 09:41:22.210000,corpsvcmtxcutoverrpt_sql,2025-09-09 14:47:33.733000,xrdcwddbsuip06,MTX_ACOE_Cutover_Reporting,UI_Excel_Select_Xwalk_Source_Accommodations,facility,*ALL*,QXA4067,2026-09-21 01:07:43.245000
2905,COCWU,L4,NEWBORN LEVEL IV R&B,L4,Y,"TEST (2026-09-20),ZCON (2026-09-20),LIVE (2026-09-04)",0,COCWU,L4,NEWBORN LEVEL IV CARE,L4,,Y,N,None,KSI8889,2025-10-28 09:41:22.247000,corpsvcmtxcutoverrpt_sql,2025-09-09 14:47:33.733000,xrdcwddbsuip06,MTX_ACOE_Cutover_Reporting,UI_Excel_Select_Xwalk_Source_Accommodations,facility,*ALL*,QXA4067,2026-09-21 01:07:43.245000
2906,COCWU,LD,LABOR & DELIVERY,LD,Y,"TEST (2026-09-20),ZCON (2026-09-20),LIVE (2026-09-04)",0,COCWU,LD,LABOR AND DELIVERY,LD,,Y,N,None,KSI8889,2025-10-28 09:41:22.273000,corpsvcmtxcutoverrpt_sql,2025-09-09 14:47:33.733000,xrdcwddbsuip06,MTX_ACOE_Cutover_Reporting,UI_Excel_Select_Xwalk_Source_Accommodations,facility,*ALL*,QXA4067,2026-09-21 01:07:43.245000
2907,COCWU,M,CORONARY CARE,WU,Y,"TEST (2026-09-20),ZCON (2026-09-20),LIVE (2026-09-04)",0,COCWU,PR,PRIVATE ROOM,P,,Y,N,None,KSI8889,2025-12-09 09:50:27.740000,corpsvcmtxcutoverrpt_sql,2025-09-09 14:47:33.733000,xrdcwddbsuip06,MTX_ACOE_Cutover_Reporting,UI_Excel_Select_Xwalk_Source_Accommodations,facility,*ALL*,QXA4067,2026-09-21 01:07:43.245000
2908,COCWU,MED,MEDICAL UNIT,ME,Y,"TEST (2026-09-20),ZCON (2026-09-20),LIVE (2026-09-04)",0,COCWU,PR,PRIVATE ROOM,P,,Y,N,None,KSI8889,2025-12-09 09:50:27.767000,corpsvcmtxcutoverrpt_sql,2025-09-09 14:47:33.733000,xrdcwddbsuip06,MTX_ACOE_Cutover_Reporting,UI_Excel_Select_Xwalk_Source_Accommodations,facility,*ALL*,QXA4067,2026-09-21 01:07:43.245000
2909,COCWU,MS,MEDICAL SURGICAL,MS,Y,"TEST (2026-09-20),ZCON (2026-09-20),LIVE (2026-09-04)",0,COCWU,PR,PRIVATE ROOM,P,,Y,N,None,KSI8889,2025-10-28 09:41:22.300000,corpsvcmtxcutoverrpt_sql,2025-09-09 14:47:33.733000,xrdcwddbsuip06,MTX_ACOE_Cutover_Reporting,UI_Excel_Select_Xwalk_Source_Accommodations,facility,*ALL*,QXA4067,2026-09-21 01:07:43.245000
2910,COCWU,N,INTERMEDIATE,IM,Y,"TEST (2026-09-20),ZCON (2026-09-20),LIVE (2026-09-04)",0,COCWU,PC,PROGRESSIVE CARE,PC,,Y,N,None,KSI8889,2025-10-28 13:14:32.470000,corpsvcmtxcutoverrpt_sql,2025-09-09 14:47:33.733000,xrdcwddbsuip06,MTX_ACOE_Cutover_Reporting,UI_Excel_Select_Xwalk_Source_Accommodations,facility,*ALL*,QXA4067,2026-09-21 01:07:43.245000
2911,COCWU,NU,NURSERY,NB,Y,"TEST (2026-09-20),ZCON (2026-09-20),LIVE (2026-09-04)",0,COCWU,PR,PRIVATE ROOM,P,,Y,N,None,KSI8889,2025-12-09 09:50:27.793000,corpsvcmtxcutoverrpt_sql,2025-09-09 14:47:33.733000,xrdcwddbsuip06,MTX_ACOE_Cutover_Reporting,UI_Excel_Select_Xwalk_Source_Accommodations,facility,*ALL*,QXA4067,2026-09-21 01:07:43.245000
2912,COCWU,NV,NEW VISION UNIT,NV,N,NO MATCH,0,COCWU,,,,,N,Y,None,KSI8889,2025-11-19 14:32:26.973000,corpsvcmtxcutoverrpt_sql,2025-09-09 14:47:33.733000,xrdcwddbsuip06,MTX_ACOE_Cutover_Reporting,UI_Excel_Select_Xwalk_Source_Accommodations,facility,*ALL*,QXA4067,2026-09-21 01:07:43.245000
2913,COCWU,OBS,OBSERVATION,OS,Y,"TEST (2026-09-20),ZCON (2026-09-20),LIVE (2026-09-04)",0,COCWU,PR,PRIVATE ROOM,P,,Y,N,None,KSI8889,2025-12-09 09:50:27.820000,corpsvcmtxcutoverrpt_sql,2025-09-09 14:47:33.733000,xrdcwddbsuip06,MTX_ACOE_Cutover_Reporting,UI_Excel_Select_Xwalk_Source_Accommodations,facility,*ALL*,QXA4067,2026-09-21 01:07:43.245000
2914,COCWU,P,PRIVATE ROOM,P,Y,"TEST (2026-09-20),ZCON (2026-09-20),LIVE (2026-09-04)",0,COCWU,PR,PRIVATE ROOM,P,,Y,N,None,KSI8889,2025-10-28 09:41:22.330000,corpsvcmtxcutoverrpt_sql,2025-09-09 14:47:33.733000,xrdcwddbsuip06,MTX_ACOE_Cutover_Reporting,UI_Excel_Select_Xwalk_Source_Accommodations,facility,*ALL*,QXA4067,2026-09-21 01:07:43.245000
2915,COCWU,PCU,PROGRESSIVE CARE UNIT,PC,Y,"TEST (2026-09-20),ZCON (2026-09-20),LIVE (2026-09-04)",0,COCWU,PC,PROGRESSIVE CARE,PC,,Y,N,None,KSI8889,2025-10-28 09:41:22.357000,corpsvcmtxcutoverrpt_sql,2025-09-09 14:47:33.733000,xrdcwddbsuip06,MTX_ACOE_Cutover_Reporting,UI_Excel_Select_Xwalk_Source_Accommodations,facility,*ALL*,QXA4067,2026-09-21 01:07:43.245000
2916,COCWU,PP,POSTPARTUM ROOM,PP,Y,"TEST (2026-09-20),ZCON (2026-09-20),LIVE (2026-09-04)",0,COCWU,PR,PRIVATE ROOM,P,,Y,N,None,KSI8889,2025-10-28 09:41:22.383000,corpsvcmtxcutoverrpt_sql,2025-09-09 14:47:33.733000,xrdcwddbsuip06,MTX_ACOE_Cutover_Reporting,UI_Excel_Select_Xwalk_Source_Accommodations,facility,*ALL*,QXA4067,2026-09-21 01:07:43.245000
2917,COCWU,RHB,REHAB,RE,Y,"TEST (2026-09-20),ZCON (2026-09-20),LIVE (2026-09-04)",0,COCWU,R,REHABILITATION,RE,,Y,N,None,KSI8889,2025-10-28 09:41:22.410000,corpsvcmtxcutoverrpt_sql,2025-09-09 14:47:33.733000,xrdcwddbsuip06,MTX_ACOE_Cutover_Reporting,UI_Excel_Select_Xwalk_Source_Accommodations,facility,*ALL*,QXA4067,2026-09-21 01:07:43.245000
2918,COCWU,S,SEMI-PRIVATE ROOM,SP,Y,"TEST (2026-09-20),ZCON (2026-09-20),LIVE (2026-09-04)",0,COCWU,SP,SEMI PRIVATE ROOM,SP,,Y,N,None,KSI8889,2025-10-28 09:41:22.440000,corpsvcmtxcutoverrpt_sql,2025-09-09 14:47:33.733000,xrdcwddbsuip06,MTX_ACOE_Cutover_Reporting,UI_Excel_Select_Xwalk_Source_Accommodations,facility,*ALL*,QXA4067,2026-09-21 01:07:43.245000
2919,COCWU,SNF,SKILLED NURSING FACILITY,SN,Y,"TEST (2026-09-20),ZCON (2026-09-20),LIVE (2026-09-04)",0,COCWU,PR,PRIVATE ROOM,P,,Y,N,None,KSI8889,2025-12-09 09:50:27.850000,corpsvcmtxcutoverrpt_sql,2025-09-09 14:47:33.733000,xrdcwddbsuip06,MTX_ACOE_Cutover_Reporting,UI_Excel_Select_Xwalk_Source_Accommodations,facility,*ALL*,QXA4067,2026-09-21 01:07:43.245000
2920,COCWU,SP,MED/SURG SEMI-PRIVATE,S,Y,"TEST (2026-09-20),ZCON (2026-09-20),LIVE (2026-09-04)",0,COCWU,PR,PRIVATE ROOM,P,,Y,N,None,KSI8889,2025-12-09 09:50:27.883000,corpsvcmtxcutoverrpt_sql,2025-09-09 14:47:33.733000,xrdcwddbsuip06,MTX_ACOE_Cutover_Reporting,UI_Excel_Select_Xwalk_Source_Accommodations,facility,*ALL*,QXA4067,2026-09-21 01:07:43.245000
2921,COCWU,SUR,SURGICAL,SR,Y,"TEST (2026-09-20),ZCON (2026-09-20),LIVE (2026-09-04)",0,COCWU,PR,PRIVATE ROOM,P,,Y,N,None,KSI8889,2025-10-28 09:41:22.470000,corpsvcmtxcutoverrpt_sql,2025-09-09 14:47:33.733000,xrdcwddbsuip06,MTX_ACOE_Cutover_Reporting,UI_Excel_Select_Xwalk_Source_Accommodations,facility,*ALL*,QXA4067,2026-09-21 01:07:43.245000
2922,COCWU,TE,TELEMETRY,TE,Y,"TEST (2026-09-20),ZCON (2026-09-20),LIVE (2026-09-04)",0,COCWU,TEL,TELEMETRY,TE,,Y,N,None,KSI8889,2025-10-28 09:41:22.497000,corpsvcmtxcutoverrpt_sql,2025-09-09 14:47:33.733000,xrdcwddbsuip06,MTX_ACOE_Cutover_Reporting,UI_Excel_Select_Xwalk_Source_Accommodations,facility,*ALL*,QXA4067,2026-09-21 01:07:43.245000
2923,COCXG,___N/A___20260717100105,Net New Expanse Accommodation--no MT56 data,,N,NO MATCH,0,COCXG,LDHR,LABOR AND DELIVERY HIGH RISK,LR,Y,Y,N,None,IIU7623,2026-07-17 10:06:37.893000,HCA\IIU4396,2026-07-17 10:00:24.583000,xrdcwddbsuip06,MTX_ACOE_Cutover_Reporting,UI_Excel_Select_Xwalk_Source_Accommodations,facility,*ALL*,QXA4067,2026-09-21 01:07:43.245000
2924,COCXG,B,NEWBORN *,NS,N,NO MATCH,0,COCXG,,,,,N,Y,None,IIU7623,2026-07-17 09:51:10.893000,corpsvcmtxcutoverrpt_sql,2026-05-22 14:53:33.330000,xrdcwddbsuip06,MTX_ACOE_Cutover_Reporting,UI_Excel_Select_Xwalk_Source_Accommodations,facility,*ALL*,QXA4067,2026-09-21 01:07:43.245000
2925,COCXG,BURN,Burn Intensive Care,BU,N,NO MATCH,0,COCXG,,,,,N,Y,None,IIU7623,2026-07-17 09:51:10.970000,corpsvcmtxcutoverrpt_sql,2026-05-22 14:53:33.330000,xrdcwddbsuip06,MTX_ACOE_Cutover_Reporting,UI_Excel_Select_Xwalk_Source_Accommodations,facility,*ALL*,QXA4067,2026-09-21 01:07:43.246000
2926,COCXG,CC,Coronary Care,CO,N,NO MATCH,0,COCXG,,,,,N,Y,None,IIU7623,2026-07-17 09:51:11.037000,corpsvcmtxcutoverrpt_sql,2026-05-22 14:53:33.330000,xrdcwddbsuip06,MTX_ACOE_Cutover_Reporting,UI_Excel_Select_Xwalk_Source_Accommodations,facility,*ALL*,QXA4067,2026-09-21 01:07:43.246000
2927,COCXG,DX,Detox,DX,N,NO MATCH,0,COCXG,,,,,N,Y,None,IIU7623,2026-07-17 09:51:11.103000,corpsvcmtxcutoverrpt_sql,2026-05-22 14:53:33.330000,xrdcwddbsuip06,MTX_ACOE_Cutover_Reporting,UI_Excel_Select_Xwalk_Source_Accommodations,facility,*ALL*,QXA4067,2026-09-21 01:07:43.246000
2928,COCXG,I,INTENSIVE CARE *,IP,N,NO MATCH,0,COCXG,,,,,N,Y,None,IIU7623,2026-07-17 09:51:11.167000,corpsvcmtxcutoverrpt_sql,2026-05-22 14:53:33.330000,xrdcwddbsuip06,MTX_ACOE_Cutover_Reporting,UI_Excel_Select_Xwalk_Source_Accommodations,facility,*ALL*,QXA4067,2026-09-21 01:07:43.246000
2929,COCXG,IC,INTENSIVE CARE,IN,Y,NO MATCH,38,COCXG,IC,INTENSIVE CARE,IC,Y,Y,N,None,IIU7623,2026-07-17 10:06:37.957000,corpsvcmtxcutoverrpt_sql,2026-05-22 14:53:33.330000,xrdcwddbsuip06,MTX_ACOE_Cutover_Reporting,UI_Excel_Select_Xwalk_Source_Accommodations,facility,*ALL*,QXA4067,2026-09-21 01:07:43.246000
2930,COCXG,IM,Intermediate Care,IR,Y,NO MATCH,328,COCXG,PC,PROGRESSIVE CARE,PC,Y,Y,N,None,IIU7623,2026-07-17 10:06:38.140000,corpsvcmtxcutoverrpt_sql,2026-05-22 14:53:33.330000,xrdcwddbsuip06,MTX_ACOE_Cutover_Reporting,UI_Excel_Select_Xwalk_Source_Accommodations,facility,*ALL*,QXA4067,2026-09-21 01:07:43.246000
2931,COCXG,IS,ISOLATION,SC,N,NO MATCH,0,COCXG,,,,,N,Y,None,IIU7623,2026-07-17 09:51:11.370000,corpsvcmtxcutoverrpt_sql,2026-05-22 14:53:33.330000,xrdcwddbsuip06,MTX_ACOE_Cutover_Reporting,UI_Excel_Select_Xwalk_Source_Accommodations,facility,*ALL*,QXA4067,2026-09-21 01:07:43.246000
2932,COCXG,J,"PRIVATE, MEDICALLY JUSTIFIED *",IP,N,NO MATCH,0,COCXG,,,,,N,Y,None,IIU7623,2026-07-17 09:51:11.440000,corpsvcmtxcutoverrpt_sql,2026-05-22 14:53:33.330000,xrdcwddbsuip06,MTX_ACOE_Cutover_Reporting,UI_Excel_Select_Xwalk_Source_Accommodations,facility,*ALL*,QXA4067,2026-09-21 01:07:43.246000
2933,COCXG,L1,NEWBORN LEVEL I,L1,Y,NO MATCH,52,COCXG,L1,NEWBORN LEVEL I CARE,L1,Y,Y,N,None,IIU7623,2026-07-17 10:06:38.273000,corpsvcmtxcutoverrpt_sql,2026-05-22 14:53:33.330000,xrdcwddbsuip06,MTX_ACOE_Cutover_Reporting,UI_Excel_Select_Xwalk_Source_Accommodations,facility,*ALL*,QXA4067,2026-09-21 01:07:43.246000
2934,COCXG,L2,NEWBORN LEVEL II,L2,Y,NO MATCH,24,COCXG,L2,NEWBORN LEVEL II CARE,L2,Y,Y,N,None,IIU7623,2026-07-17 10:06:38.343000,corpsvcmtxcutoverrpt_sql,2026-05-22 14:53:33.330000,xrdcwddbsuip06,MTX_ACOE_Cutover_Reporting,UI_Excel_Select_Xwalk_Source_Accommodations,facility,*ALL*,QXA4067,2026-09-21 01:07:43.246000
2935,COCXG,L3,NEWBORN LEVEL III,L3,Y,NO MATCH,0,COCXG,L3,NEWBORN LEVEL III CARE,L3,Y,Y,N,None,IIU7623,2026-07-17 10:06:38.400000,corpsvcmtxcutoverrpt_sql,2026-05-22 14:53:33.330000,xrdcwddbsuip06,MTX_ACOE_Cutover_Reporting,UI_Excel_Select_Xwalk_Source_Accommodations,facility,*ALL*,QXA4067,2026-09-21 01:07:43.246000
2936,COCXG,L4,NEWBORN LEVEL IV,L4,Y,NO MATCH,0,COCXG,L4,NEWBORN LEVEL IV CARE,L4,Y,Y,N,None,IIU7623,2026-07-17 10:06:38.457000,corpsvcmtxcutoverrpt_sql,2026-05-22 14:53:33.330000,xrdcwddbsuip06,MTX_ACOE_Cutover_Reporting,UI_Excel_Select_Xwalk_Source_Accommodations,facility,*ALL*,QXA4067,2026-09-21 01:07:43.246000
2937,COCXG,LD,LABOR & DELIVERY,LD,Y,NO MATCH,22,COCXG,LD,LABOR AND DELIVERY,LD,Y,Y,N,None,IIU7623,2026-07-17 10:06:38.513000,corpsvcmtxcutoverrpt_sql,2026-05-22 14:53:33.330000,xrdcwddbsuip06,MTX_ACOE_Cutover_Reporting,UI_Excel_Select_Xwalk_Source_Accommodations,facility,*ALL*,QXA4067,2026-09-21 01:07:43.246000
2938,COCXG,MS,MED SURG,MD,Y,NO MATCH,524,COCXG,MS,MED SURG,MS,Y,Y,N,None,IIU7623,2026-07-17 10:06:38.570000,corpsvcmtxcutoverrpt_sql,2026-05-22 14:53:33.330000,xrdcwddbsuip06,MTX_ACOE_Cutover_Reporting,UI_Excel_Select_Xwalk_Source_Accommodations,facility,*ALL*,QXA4067,2026-09-21 01:07:43.246000
2939,COCXG,MT,MED SURG WITH TELE,MT,N,NO MATCH,0,COCXG,,,,,N,Y,None,IIU7623,2026-07-17 09:51:12.033000,corpsvcmtxcutoverrpt_sql,2026-05-22 14:53:33.330000,xrdcwddbsuip06,MTX_ACOE_Cutover_Reporting,UI_Excel_Select_Xwalk_Source_Accommodations,facility,*ALL*,QXA4067,2026-09-21 01:07:43.246000
2940,COCXG,N1,NICU Level 1,NO,Y,NO MATCH,1,COCXG,L1,NEWBORN LEVEL I CARE,L1,Y,Y,N,None,IIU7623,2026-07-17 10:06:38.643000,corpsvcmtxcutoverrpt_sql,2026-05-22 14:53:33.330000,xrdcwddbsuip06,MTX_ACOE_Cutover_Reporting,UI_Excel_Select_Xwalk_Source_Accommodations,facility,*ALL*,QXA4067,2026-09-21 01:07:43.246000
2941,COCXG,N2,NICU Level 2,NT,Y,NO MATCH,0,COCXG,L2,NEWBORN LEVEL II CARE,L2,Y,Y,N,None,IIU7623,2026-07-17 10:06:38.700000,corpsvcmtxcutoverrpt_sql,2026-05-22 14:53:33.330000,xrdcwddbsuip06,MTX_ACOE_Cutover_Reporting,UI_Excel_Select_Xwalk_Source_Accommodations,facility,*ALL*,QXA4067,2026-09-21 01:07:43.246000
2942,COCXG,N3,NICU Level 3,N3,Y,NO MATCH,0,COCXG,L3,NEWBORN LEVEL III CARE,L3,Y,Y,N,None,IIU7623,2026-07-17 10:06:38.757000,corpsvcmtxcutoverrpt_sql,2026-05-22 14:53:33.330000,xrdcwddbsuip06,MTX_ACOE_Cutover_Reporting,UI_Excel_Select_Xwalk_Source_Accommodations,facility,*ALL*,QXA4067,2026-09-21 01:07:43.246000
2943,COCXG,N4,NICU Level 4,N4,Y,NO MATCH,0,COCXG,L4,NEWBORN LEVEL IV CARE,L4,Y,Y,N,None,IIU7623,2026-07-17 10:06:38.817000,corpsvcmtxcutoverrpt_sql,2026-05-22 14:53:33.330000,xrdcwddbsuip06,MTX_ACOE_Cutover_Reporting,UI_Excel_Select_Xwalk_Source_Accommodations,facility,*ALL*,QXA4067,2026-09-21 01:07:43.246000
2944,COCXG,NB,Newborn Basic Care,NB,Y,NO MATCH,9,COCXG,L1,NEWBORN LEVEL I CARE,L1,Y,Y,N,None,IIU7623,2026-07-17 10:06:38.883000,corpsvcmtxcutoverrpt_sql,2026-05-22 14:53:33.330000,xrdcwddbsuip06,MTX_ACOE_Cutover_Reporting,UI_Excel_Select_Xwalk_Source_Accommodations,facility,*ALL*,QXA4067,2026-09-21 01:07:43.246000
2945,COCXG,NU,NEWBORN NURSERY,NU,N,NO MATCH,0,COCXG,,,,,N,Y,None,IIU7623,2026-07-17 09:51:12.583000,corpsvcmtxcutoverrpt_sql,2026-05-22 14:53:33.330000,xrdcwddbsuip06,MTX_ACOE_Cutover_Reporting,UI_Excel_Select_Xwalk_Source_Accommodations,facility,*ALL*,QXA4067,2026-09-21 01:07:43.246000
2946,COCXG,OB,OBSERVATION,OB,N,NO MATCH,0,COCXG,,,,,N,Y,None,IIU7623,2026-07-17 09:51:12.663000,corpsvcmtxcutoverrpt_sql,2026-05-22 14:53:33.330000,xrdcwddbsuip06,MTX_ACOE_Cutover_Reporting,UI_Excel_Select_Xwalk_Source_Accommodations,facility,*ALL*,QXA4067,2026-09-21 01:07:43.246000
2947,COCXG,OC,OBSTETRICS,OC,Y,NO MATCH,66,COCXG,LD,LABOR AND DELIVERY,,,Y,N,None,IIU7623,2026-07-17 09:51:12.720000,corpsvcmtxcutoverrpt_sql,2026-05-22 14:53:33.330000,xrdcwddbsuip06,MTX_ACOE_Cutover_Reporting,UI_Excel_Select_Xwalk_Source_Accommodations,facility,*ALL*,QXA4067,2026-09-21 01:07:43.246000
2948,COCXG,OP,OUTPATIENT,OP,N,NO MATCH,0,COCXG,,,LD,Y,N,Y,None,IIU7623,2026-07-17 10:06:38.947000,corpsvcmtxcutoverrpt_sql,2026-05-22 14:53:33.330000,xrdcwddbsuip06,MTX_ACOE_Cutover_Reporting,UI_Excel_Select_Xwalk_Source_Accommodations,facility,*ALL*,QXA4067,2026-09-21 01:07:43.246000
2949,COCXG,P,PRIVATE ROOM,P,N,NO MATCH,0,COCXG,,,,,N,Y,None,IIU7623,2026-07-17 09:51:12.850000,corpsvcmtxcutoverrpt_sql,2026-05-22 14:53:33.330000,xrdcwddbsuip06,MTX_ACOE_Cutover_Reporting,UI_Excel_Select_Xwalk_Source_Accommodations,facility,*ALL*,QXA4067,2026-09-21 01:07:43.246000
2950,COCXG,PC,PROGRESSIVE CARE,PC,N,NO MATCH,0,COCXG,,,,,N,Y,None,IIU7623,2026-07-17 09:51:12.913000,corpsvcmtxcutoverrpt_sql,2026-05-22 14:53:33.330000,xrdcwddbsuip06,MTX_ACOE_Cutover_Reporting,UI_Excel_Select_Xwalk_Source_Accommodations,facility,*ALL*,QXA4067,2026-09-21 01:07:43.246000
2951,COCXG,PN,Perinatal Unit,PN,Y,NO MATCH,0,COCXG,AP,ANTEPARTUM,AP,Y,Y,N,None,IIU7623,2026-07-17 10:06:39.007000,corpsvcmtxcutoverrpt_sql,2026-05-22 14:53:33.330000,xrdcwddbsuip06,MTX_ACOE_Cutover_Reporting,UI_Excel_Select_Xwalk_Source_Accommodations,facility,*ALL*,QXA4067,2026-09-21 01:07:43.246000
2952,COCXG,PP,POST PARTUM,PP,N,NO MATCH,0,COCXG,,,,,N,Y,None,IIU7623,2026-07-17 09:51:13.043000,corpsvcmtxcutoverrpt_sql,2026-05-22 14:53:33.330000,xrdcwddbsuip06,MTX_ACOE_Cutover_Reporting,UI_Excel_Select_Xwalk_Source_Accommodations,facility,*ALL*,QXA4067,2026-09-21 01:07:43.246000
2953,COCXG,PSY,Psych,PY,Y,NO MATCH,0,COCXG,BH,BEHAVIORAL HEALTH,BH,Y,Y,N,None,IIU7623,2026-07-17 10:06:39.060000,corpsvcmtxcutoverrpt_sql,2026-05-22 14:53:33.330000,xrdcwddbsuip06,MTX_ACOE_Cutover_Reporting,UI_Excel_Select_Xwalk_Source_Accommodations,facility,*ALL*,QXA4067,2026-09-21 01:07:43.247000
2954,COCXG,SB,SWING BED,SB,N,NO MATCH,0,COCXG,,,,,N,Y,None,IIU7623,2026-07-17 09:51:13.213000,corpsvcmtxcutoverrpt_sql,2026-05-22 14:53:33.330000,xrdcwddbsuip06,MTX_ACOE_Cutover_Reporting,UI_Excel_Select_Xwalk_Source_Accommodations,facility,*ALL*,QXA4067,2026-09-21 01:07:43.247000
2955,COCXG,SN,SKILLED NURSING,SN,N,NO MATCH,0,COCXG,,,,,N,Y,None,IIU7623,2026-07-17 09:51:13.293000,corpsvcmtxcutoverrpt_sql,2026-05-22 14:53:33.330000,xrdcwddbsuip06,MTX_ACOE_Cutover_Reporting,UI_Excel_Select_Xwalk_Source_Accommodations,facility,*ALL*,QXA4067,2026-09-21 01:07:43.247000
2956,COCXG,SP,SEMI PRIVATE,SP,N,NO MATCH,0,COCXG,,,,,N,Y,None,IIU7623,2026-07-17 09:51:13.383000,corpsvcmtxcutoverrpt_sql,2026-05-22 14:53:33.330000,xrdcwddbsuip06,MTX_ACOE_Cutover_Reporting,UI_Excel_Select_Xwalk_Source_Accommodations,facility,*ALL*,QXA4067,2026-09-21 01:07:43.247000
2957,COCXG,T,Tele,T,Y,NO MATCH,2,COCXG,TE,TELEMETRY,TE,Y,Y,N,None,IIU7623,2026-07-17 10:06:39.127000,corpsvcmtxcutoverrpt_sql,2026-05-22 14:53:33.330000,xrdcwddbsuip06,MTX_ACOE_Cutover_Reporting,UI_Excel_Select_Xwalk_Source_Accommodations,facility,*ALL*,QXA4067,2026-09-21 01:07:43.247000
2958,COCXG,VIP,VIP Room,VI,N,NO MATCH,0,COCXG,,,,,N,Y,None,IIU7623,2026-07-17 09:51:13.520000,corpsvcmtxcutoverrpt_sql,2026-05-22 14:53:33.330000,xrdcwddbsuip06,MTX_ACOE_Cutover_Reporting,UI_Excel_Select_Xwalk_Source_Accommodations,facility,*ALL*,QXA4067,2026-09-21 01:07:43.247000
2959,COCXG,ZZ,UNKNOWN,ZZ,N,NO MATCH,0,COCXG,,,,,N,Y,None,IIU7623,2026-07-17 09:51:13.593000,corpsvcmtxcutoverrpt_sql,2026-05-22 14:53:33.330000,xrdcwddbsuip06,MTX_ACOE_Cutover_Reporting,UI_Excel_Select_Xwalk_Source_Accommodations,facility,*ALL*,QXA4067,2026-09-21 01:07:43.247000
2960,COCXS,AD,ADULT SERVICE,AD,N,NO MATCH,0,COCXS,AD,ADULT,AD,Y,N,N,None,HGE3782,2024-09-13 16:49:59.550000,corpsvcmtxcutoverrpt_sql,2025-05-29 04:14:05.963000,xrdcwddbsuip06,MTX_ACOE_Cutover_Reporting,UI_Excel_Select_Xwalk_Source_Accommodations,facility,*ALL*,QXA4067,2026-09-21 01:07:43.247000
2961,COCXS,AL,ADOLESCENT SERVICES,AL,N,NO MATCH,0,COCXS,A,ADOLESCENT,AL,Y,N,N,None,HGE3782,2024-09-13 16:49:59.557000,corpsvcmtxcutoverrpt_sql,2025-05-29 04:14:05.963000,xrdcwddbsuip06,MTX_ACOE_Cutover_Reporting,UI_Excel_Select_Xwalk_Source_Accommodations,facility,*ALL*,QXA4067,2026-09-21 01:07:43.247000
2962,COCXS,CH,CHILD SERVICE,CH,N,NO MATCH,0,COCXS,CH,CHILD,CH,Y,N,N,None,HGE3782,2024-09-13 16:49:59.567000,corpsvcmtxcutoverrpt_sql,2025-05-29 04:14:05.963000,xrdcwddbsuip06,MTX_ACOE_Cutover_Reporting,UI_Excel_Select_Xwalk_Source_Accommodations,facility,*ALL*,QXA4067,2026-09-21 01:07:43.247000
2963,COCXS,DET,DETOX,DE,N,NO MATCH,0,COCXS,D,DETOX,DE,Y,N,N,None,HGE3782,2024-09-13 16:49:59.573000,corpsvcmtxcutoverrpt_sql,2025-05-29 04:14:05.963000,xrdcwddbsuip06,MTX_ACOE_Cutover_Reporting,UI_Excel_Select_Xwalk_Source_Accommodations,facility,*ALL*,QXA4067,2026-09-21 01:07:43.247000
2964,COCXS,EDR,EATING DISORDER,EO,N,NO MATCH,0,COCXS,,,,,N,Y,None,JKB0282,2025-04-29 15:47:21.277000,HCA\HGE3782,2024-09-13 07:27:26.987000,xrdcwddbsuip06,MTX_ACOE_Cutover_Reporting,UI_Excel_Select_Xwalk_Source_Accommodations,facility,*ALL*,QXA4067,2026-09-21 01:07:43.247000
2965,COCXS,EDU,EATING DISORDER UNIT,EU,N,NO MATCH,0,COCXS,ETD,EATING DISORDER,EU,Y,N,N,None,HGE3782,2024-09-13 16:49:59.590000,corpsvcmtxcutoverrpt_sql,2025-05-29 04:14:05.963000,xrdcwddbsuip06,MTX_ACOE_Cutover_Reporting,UI_Excel_Select_Xwalk_Source_Accommodations,facility,*ALL*,QXA4067,2026-09-21 01:07:43.247000
2966,COCXS,FS,FIRST STEP,FS,N,NO MATCH,0,COCXS,,,,,N,Y,None,JKB0282,2025-04-29 15:47:21.377000,HCA\HGE3782,2024-09-13 07:27:26.987000,xrdcwddbsuip06,MTX_ACOE_Cutover_Reporting,UI_Excel_Select_Xwalk_Source_Accommodations,facility,*ALL*,QXA4067,2026-09-21 01:07:43.247000
2967,COCXS,OS,OBSERVATION,OS,N,NO MATCH,0,COCXS,*,Not In Expanse,,,Y,Y,None,JKB0282,2025-04-29 15:47:21.473000,HCA\HGE3782,2024-09-13 07:27:26.987000,xrdcwddbsuip06,MTX_ACOE_Cutover_Reporting,UI_Excel_Select_Xwalk_Source_Accommodations,facility,*ALL*,QXA4067,2026-09-21 01:07:43.247000
2968,COCXS,RT,RTC SERVICES,RT,N,NO MATCH,0,COCXS,,,,,N,Y,None,JKB0282,2025-04-29 15:47:21.573000,HCA\HGE3782,2024-09-13 07:27:26.987000,xrdcwddbsuip06,MTX_ACOE_Cutover_Reporting,UI_Excel_Select_Xwalk_Source_Accommodations,facility,*ALL*,QXA4067,2026-09-21 01:07:43.247000
2969,COCXS,S,SEMI-PRIVATE ROOM,S,N,NO MATCH,0,COCXS,,,,,N,Y,None,JKB0282,2025-04-29 15:47:21.673000,HCA\HGE3782,2024-09-13 07:27:26.987000,xrdcwddbsuip06,MTX_ACOE_Cutover_Reporting,UI_Excel_Select_Xwalk_Source_Accommodations,facility,*ALL*,QXA4067,2026-09-21 01:07:43.247000
2970,COCXS,SR,SENIOR SERVICES,SR,N,NO MATCH,0,COCXS,*,Not In Expanse,,,Y,Y,None,JKB0282,2025-04-29 15:47:21.773000,HCA\HGE3782,2024-09-13 07:27:26.987000,xrdcwddbsuip06,MTX_ACOE_Cutover_Reporting,UI_Excel_Select_Xwalk_Source_Accommodations,facility,*ALL*,QXA4067,2026-09-21 01:07:43.247000
2971,COCXS,TR,TRAUMA,TR,N,NO MATCH,0,COCXS,TR,TRAUMA,TR,Y,N,N,None,HGE3782,2024-09-13 16:49:59.633000,corpsvcmtxcutoverrpt_sql,2025-05-29 04:14:05.963000,xrdcwddbsuip06,MTX_ACOE_Cutover_Reporting,UI_Excel_Select_Xwalk_Source_Accommodations,facility,*ALL*,QXA4067,2026-09-21 01:07:43.247000
2972,COCYS,B,NEWBORN,N,N,NO MATCH,0,COCYS,,,,,N,Y,None,JKB0282,2025-04-29 15:47:21.873000,HCA\HGE3782,2024-09-13 07:27:26.987000,xrdcwddbsuip06,MTX_ACOE_Cutover_Reporting,UI_Excel_Select_Xwalk_Source_Accommodations,facility,*ALL*,QXA4067,2026-09-21 01:07:43.247000
2973,COCYS,BB,BOARDER BABY,BB,N,NO MATCH,0,COCYS,,,,,N,Y,None,JKB0282,2025-04-29 15:47:21.970000,HCA\HGE3782,2024-09-13 07:27:26.987000,xrdcwddbsuip06,MTX_ACOE_Cutover_Reporting,UI_Excel_Select_Xwalk_Source_Accommodations,facility,*ALL*,QXA4067,2026-09-21 01:07:43.247000
2974,COCYS,CC,CRITICAL CARE UNIT,CC,N,NO MATCH,0,COCYS,,,,,N,Y,None,JKB0282,2025-04-29 15:47:22.070000,HCA\HGE3782,2024-09-13 07:27:26.987000,xrdcwddbsuip06,MTX_ACOE_Cutover_Reporting,UI_Excel_Select_Xwalk_Source_Accommodations,facility,*ALL*,QXA4067,2026-09-21 01:07:43.247000
2975,COCYS,EP,ER PCU,EP,N,NO MATCH,0,COCYS,,,,,N,Y,None,JKB0282,2025-04-29 15:47:22.167000,HCA\HGE3782,2024-09-13 07:27:26.987000,xrdcwddbsuip06,MTX_ACOE_Cutover_Reporting,UI_Excel_Select_Xwalk_Source_Accommodations,facility,*ALL*,QXA4067,2026-09-21 01:07:43.247000
2976,COCYS,ES,ER SEMI-PRIVATE,ES,N,NO MATCH,0,COCYS,,,,,N,Y,None,JKB0282,2025-04-29 15:47:22.270000,HCA\HGE3782,2024-09-13 07:27:26.987000,xrdcwddbsuip06,MTX_ACOE_Cutover_Reporting,UI_Excel_Select_Xwalk_Source_Accommodations,facility,*ALL*,QXA4067,2026-09-21 01:07:43.247000
2977,COCYS,IC,INTENSIVE CARE,IC,N,NO MATCH,0,COCYS,IC,INTENSIVE CARE,IC,Y,N,N,None,HGE3782,2024-09-13 16:49:59.670000,corpsvcmtxcutoverrpt_sql,2025-05-29 04:14:05.963000,xrdcwddbsuip06,MTX_ACOE_Cutover_Reporting,UI_Excel_Select_Xwalk_Source_Accommodations,facility,*ALL*,QXA4067,2026-09-21 01:07:43.247000
2978,COCYS,IN,NICU LEVEL 4,IN,N,NO MATCH,0,COCYS,,,,,N,Y,None,JKB0282,2025-04-29 15:47:22.370000,HCA\HGE3782,2024-09-13 07:27:26.987000,xrdcwddbsuip06,MTX_ACOE_Cutover_Reporting,UI_Excel_Select_Xwalk_Source_Accommodations,facility,*ALL*,QXA4067,2026-09-21 01:07:43.247000
2979,COCYS,IT,NICU LEVEL 2,IT,N,NO MATCH,0,COCYS,*,Not In Expanse,,,Y,Y,None,JKB0282,2025-04-29 15:47:22.473000,HCA\HGE3782,2024-09-13 07:27:26.987000,xrdcwddbsuip06,MTX_ACOE_Cutover_Reporting,UI_Excel_Select_Xwalk_Source_Accommodations,facility,*ALL*,QXA4067,2026-09-21 01:07:43.248000
2980,COCYS,K.IP,PEDIATRIC (ISOLATION),IP,N,NO MATCH,0,COCYS,,,,,N,Y,None,JKB0282,2025-04-29 15:47:22.570000,HCA\HGE3782,2024-09-13 07:27:26.987000,xrdcwddbsuip06,MTX_ACOE_Cutover_Reporting,UI_Excel_Select_Xwalk_Source_Accommodations,facility,*ALL*,QXA4067,2026-09-21 01:07:43.248000
2981,COCYS,L2,NURSERY LEVEL II,L2,N,NO MATCH,0,COCYS,L2,NEWBORN LEVEL II CARE,L2,Y,N,N,None,HGE3782,2024-09-13 16:49:59.700000,corpsvcmtxcutoverrpt_sql,2025-05-29 04:14:05.963000,xrdcwddbsuip06,MTX_ACOE_Cutover_Reporting,UI_Excel_Select_Xwalk_Source_Accommodations,facility,*ALL*,QXA4067,2026-09-21 01:07:43.248000
2982,COCYS,L3,NURSERY NICU LEVEL III,L3,N,NO MATCH,0,COCYS,L3,NEWBORN LEVEL III CARE,L3,Y,N,N,None,HGE3782,2024-09-13 16:49:59.710000,corpsvcmtxcutoverrpt_sql,2025-05-29 04:14:05.963000,xrdcwddbsuip06,MTX_ACOE_Cutover_Reporting,UI_Excel_Select_Xwalk_Source_Accommodations,facility,*ALL*,QXA4067,2026-09-21 01:07:43.248000
2983,COCYS,L4,NURSERY NICU LEVEL IV,L4,N,NO MATCH,0,COCYS,L4,NEWBORN LEVEL IV CARE,L4,Y,N,N,None,IIU4396,2024-12-09 16:46:05.107000,corpsvcmtxcutoverrpt_sql,2025-05-29 04:14:05.963000,xrdcwddbsuip06,MTX_ACOE_Cutover_Reporting,UI_Excel_Select_Xwalk_Source_Accommodations,facility,*ALL*,QXA4067,2026-09-21 01:07:43.248000
2984,COCYS,N1,LEVEL 1 NICU,N1,N,NO MATCH,0,COCYS,*,Not In Expanse,,,Y,Y,None,JKB0282,2025-04-29 15:47:22.670000,HCA\HGE3782,2024-09-13 07:27:26.987000,xrdcwddbsuip06,MTX_ACOE_Cutover_Reporting,UI_Excel_Select_Xwalk_Source_Accommodations,facility,*ALL*,QXA4067,2026-09-21 01:07:43.248000
2985,COCYS,N2,LEVEL 2 NICU,N2,N,NO MATCH,0,COCYS,*,Not In Expanse,,,Y,Y,None,JKB0282,2025-04-29 15:47:22.770000,HCA\HGE3782,2024-09-13 07:27:26.987000,xrdcwddbsuip06,MTX_ACOE_Cutover_Reporting,UI_Excel_Select_Xwalk_Source_Accommodations,facility,*ALL*,QXA4067,2026-09-21 01:07:43.248000
2986,COCYS,N3,LEVEL 3 NICU,N3,N,NO MATCH,0,COCYS,*,Not In Expanse,,,Y,Y,None,JKB0282,2025-04-29 15:47:22.870000,HCA\HGE3782,2024-09-13 07:27:26.987000,xrdcwddbsuip06,MTX_ACOE_Cutover_Reporting,UI_Excel_Select_Xwalk_Source_Accommodations,facility,*ALL*,QXA4067,2026-09-21 01:07:43.248000
2987,COCYS,NB,NEWBORN,NU,N,NO MATCH,0,COCYS,L1,NEWBORN LEVEL I CARE,L1,Y,N,N,None,IIU4396,2024-12-09 16:47:36.667000,corpsvcmtxcutoverrpt_sql,2025-05-29 04:14:05.963000,xrdcwddbsuip06,MTX_ACOE_Cutover_Reporting,UI_Excel_Select_Xwalk_Source_Accommodations,facility,*ALL*,QXA4067,2026-09-21 01:07:43.248000
2988,COCYS,NI,INTENSIVE CARE NURSERY,NI,N,NO MATCH,0,COCYS,,,,,N,Y,None,JKB0282,2025-04-29 15:47:22.967000,HCA\HGE3782,2024-09-13 07:27:26.987000,xrdcwddbsuip06,MTX_ACOE_Cutover_Reporting,UI_Excel_Select_Xwalk_Source_Accommodations,facility,*ALL*,QXA4067,2026-09-21 01:07:43.248000
2989,COCYS,NICU4,NICU LEVEL 4,N4,N,NO MATCH,0,COCYS,,,,,N,Y,None,JKB0282,2025-04-29 15:47:23.063000,HCA\HGE3782,2024-09-13 07:27:26.987000,xrdcwddbsuip06,MTX_ACOE_Cutover_Reporting,UI_Excel_Select_Xwalk_Source_Accommodations,facility,*ALL*,QXA4067,2026-09-21 01:07:43.248000
2990,COCYS,NURSERY,NEWBORN NURSERY,NY,N,NO MATCH,0,COCYS,,,,,N,Y,None,JKB0282,2025-04-29 15:47:23.160000,HCA\HGE3782,2024-09-13 07:27:26.987000,xrdcwddbsuip06,MTX_ACOE_Cutover_Reporting,UI_Excel_Select_Xwalk_Source_Accommodations,facility,*ALL*,QXA4067,2026-09-21 01:07:43.248000
2991,COCYS,P,PRIVATE ROOM,P,N,NO MATCH,0,COCYS,PR,PRIVATE ROOM,P,Y,N,N,None,HGE3782,2024-09-13 16:49:59.780000,corpsvcmtxcutoverrpt_sql,2025-05-29 04:14:05.963000,xrdcwddbsuip06,MTX_ACOE_Cutover_Reporting,UI_Excel_Select_Xwalk_Source_Accommodations,facility,*ALL*,QXA4067,2026-09-21 01:07:43.248000
2992,COCYS,PA,PEDIATRIC (ADULT BORDER),PA,N,NO MATCH,0,COCYS,,,,,N,Y,None,JKB0282,2025-04-29 15:47:23.260000,HCA\HGE3782,2024-09-13 07:27:26.987000,xrdcwddbsuip06,MTX_ACOE_Cutover_Reporting,UI_Excel_Select_Xwalk_Source_Accommodations,facility,*ALL*,QXA4067,2026-09-21 01:07:43.248000
2993,COCYS,PB,PEDIATRIC BOARDER,PB,N,NO MATCH,0,COCYS,,,,,N,Y,None,JKB0282,2025-04-29 15:47:23.360000,HCA\HGE3782,2024-09-13 07:27:26.987000,xrdcwddbsuip06,MTX_ACOE_Cutover_Reporting,UI_Excel_Select_Xwalk_Source_Accommodations,facility,*ALL*,QXA4067,2026-09-21 01:07:43.248000
2994,COCYS,PC,PROGRESSIVE CARE,PC,N,NO MATCH,0,COCYS,PC,PROGRESSIVE CARE,PC,Y,N,N,None,HGE3782,2024-09-13 16:49:59.807000,corpsvcmtxcutoverrpt_sql,2025-05-29 04:14:05.963000,xrdcwddbsuip06,MTX_ACOE_Cutover_Reporting,UI_Excel_Select_Xwalk_Source_Accommodations,facility,*ALL*,QXA4067,2026-09-21 01:07:43.248000
2995,COCYS,PI,PEDIATRIC ICU,PI,N,NO MATCH,0,COCYS,,,,,N,Y,None,JKB0282,2025-04-29 15:47:23.463000,HCA\HGE3782,2024-09-13 07:27:26.987000,xrdcwddbsuip06,MTX_ACOE_Cutover_Reporting,UI_Excel_Select_Xwalk_Source_Accommodations,facility,*ALL*,QXA4067,2026-09-21 01:07:43.248000
2996,COCYS,PN,PEDIATRIC (NURSERY),PN,N,NO MATCH,0,COCYS,,,,,N,Y,None,JKB0282,2025-04-29 15:47:23.550000,HCA\HGE3782,2024-09-13 07:27:26.987000,xrdcwddbsuip06,MTX_ACOE_Cutover_Reporting,UI_Excel_Select_Xwalk_Source_Accommodations,facility,*ALL*,QXA4067,2026-09-21 01:07:43.248000
2997,COCYS,PP,PROGRESSIVE CARE UNIT (PVT),PP,N,NO MATCH,0,COCYS,,,,,N,Y,None,JKB0282,2025-04-29 15:47:23.650000,HCA\HGE3782,2024-09-13 07:27:26.987000,xrdcwddbsuip06,MTX_ACOE_Cutover_Reporting,UI_Excel_Select_Xwalk_Source_Accommodations,facility,*ALL*,QXA4067,2026-09-21 01:07:43.248000
2998,COCYS,PT,PEDIATRIC TELEMETRY (PEDS AGE),PT,N,NO MATCH,0,COCYS,,,,,N,Y,None,JKB0282,2025-04-29 15:47:23.747000,HCA\HGE3782,2024-09-13 07:27:26.987000,xrdcwddbsuip06,MTX_ACOE_Cutover_Reporting,UI_Excel_Select_Xwalk_Source_Accommodations,facility,*ALL*,QXA4067,2026-09-21 01:07:43.248000
2999,COCYS,REH,REHAB,RH,N,NO MATCH,0,COCYS,R,REHABILITATION,RH,Y,N,N,None,HGE3782,2024-09-13 16:49:59.847000,corpsvcmtxcutoverrpt_sql,2025-05-29 04:14:05.963000,xrdcwddbsuip06,MTX_ACOE_Cutover_Reporting,UI_Excel_Select_Xwalk_Source_Accommodations,facility,*ALL*,QXA4067,2026-09-21 01:07:43.248000
3000,COCYS,REHAB,REHAB,RB,N,NO MATCH,0,COCYS,,,,,N,Y,None,JKB0282,2025-04-29 15:47:23.843000,HCA\HGE3782,2024-09-13 07:27:26.987000,xrdcwddbsuip06,MTX_ACOE_Cutover_Reporting,UI_Excel_Select_Xwalk_Source_Accommodations,facility,*ALL*,QXA4067,2026-09-21 01:07:43.248000
3001,COCYS,S,SEMI-PRIVATE ROOM,S,N,NO MATCH,0,COCYS,,,,,N,Y,None,JKB0282,2025-04-29 15:47:23.940000,HCA\HGE3782,2024-09-13 07:27:26.987000,xrdcwddbsuip06,MTX_ACOE_Cutover_Reporting,UI_Excel_Select_Xwalk_Source_Accommodations,facility,*ALL*,QXA4067,2026-09-21 01:07:43.248000
3002,COCYS,SC,NICU LEVEL 3,SC,N,NO MATCH,0,COCYS,,,,,N,Y,None,JKB0282,2025-04-29 15:47:24.037000,HCA\HGE3782,2024-09-13 07:27:26.987000,xrdcwddbsuip06,MTX_ACOE_Cutover_Reporting,UI_Excel_Select_Xwalk_Source_Accommodations,facility,*ALL*,QXA4067,2026-09-21 01:07:43.248000
3003,COCYS,SI,SURGICAL ICU,SI,N,NO MATCH,0,COCYS,,,,,N,Y,None,JKB0282,2025-04-29 15:47:24.133000,HCA\HGE3782,2024-09-13 07:27:26.987000,xrdcwddbsuip06,MTX_ACOE_Cutover_Reporting,UI_Excel_Select_Xwalk_Source_Accommodations,facility,*ALL*,QXA4067,2026-09-21 01:07:43.248000
3004,COCYS,SP,SP (CONVERSION)(DO NOT USE),SP,N,NO MATCH,0,COCYS,,,,,N,Y,None,JKB0282,2025-04-29 15:47:24.233000,HCA\HGE3782,2024-09-13 07:27:26.987000,xrdcwddbsuip06,MTX_ACOE_Cutover_Reporting,UI_Excel_Select_Xwalk_Source_Accommodations,facility,*ALL*,QXA4067,2026-09-21 01:07:43.248000
3005,COCYS,TEL,TELEMETRY,TE,N,NO MATCH,0,COCYS,TEL,TELEMETRY,TE,Y,N,N,None,HGE3782,2024-09-13 16:49:59.893000,corpsvcmtxcutoverrpt_sql,2025-05-29 04:14:05.963000,xrdcwddbsuip06,MTX_ACOE_Cutover_Reporting,UI_Excel_Select_Xwalk_Source_Accommodations,facility,*ALL*,QXA4067,2026-09-21 01:07:43.248000
3006,COCYS,TR,TRAUMA,TR,N,NO MATCH,0,COCYS,TR,TRAUMA,TR,Y,N,N,None,HGE3782,2024-09-13 16:49:59.903000,corpsvcmtxcutoverrpt_sql,2025-05-29 04:14:05.963000,xrdcwddbsuip06,MTX_ACOE_Cutover_Reporting,UI_Excel_Select_Xwalk_Source_Accommodations,facility,*ALL*,QXA4067,2026-09-21 01:07:43.248000
3007,COCZN,BB,BOARDER BABY,BB,Y,"TEST (2026-04-21),ZCON (2026-04-21),LIVE (2026-02-12)",0,COCZN,PR,PRIVATE ROOOM,PR,N,Y,N,None,DOF3224,2025-10-02 10:15:12.057000,corpsvcmtxcutoverrpt_sql,2025-09-04 08:38:18.993000,xrdcwddbsuip06,MTX_ACOE_Cutover_Reporting,UI_Excel_Select_Xwalk_Source_Accommodations,facility,*ALL*,QXA4067,2026-09-21 01:07:43.248000
3008,COCZN,CC,CORONARY CARE,CC,Y,"TEST (2026-04-21),ZCON (2026-04-21),LIVE (2026-02-12)",0,COCZN,PR,PRIVATE ROOOM,PR,N,Y,N,None,DOF3224,2025-10-02 10:15:12.073000,corpsvcmtxcutoverrpt_sql,2025-09-04 08:38:18.993000,xrdcwddbsuip06,MTX_ACOE_Cutover_Reporting,UI_Excel_Select_Xwalk_Source_Accommodations,facility,*ALL*,QXA4067,2026-09-21 01:07:43.248000
3009,COCZN,ED,EMERGENGY DEPARTMENT INPATIENT,ED,Y,"TEST (2026-04-21),ZCON (2026-04-21),LIVE (2026-02-12)",0,COCZN,PR,PRIVATE ROOOM,PR,N,Y,N,None,DOF3224,2025-10-02 10:15:12.087000,corpsvcmtxcutoverrpt_sql,2025-09-04 08:38:18.993000,xrdcwddbsuip06,MTX_ACOE_Cutover_Reporting,UI_Excel_Select_Xwalk_Source_Accommodations,facility,*ALL*,QXA4067,2026-09-21 01:07:43.248000
3010,COCZN,ER,EMERGENCY DEPARTMENT,ER,Y,"TEST (2026-04-21),ZCON (2026-04-21),LIVE (2026-02-12)",0,COCZN,PR,PRIVATE ROOOM,PR,N,Y,N,None,DOF3224,2025-10-02 10:15:12.100000,corpsvcmtxcutoverrpt_sql,2025-09-04 08:38:18.993000,xrdcwddbsuip06,MTX_ACOE_Cutover_Reporting,UI_Excel_Select_Xwalk_Source_Accommodations,facility,*ALL*,QXA4067,2026-09-21 01:07:43.248000
3011,COCZN,GP,GERIATRIC PSYCHIATRY,GP,Y,"TEST (2026-04-21),ZCON (2026-04-21),LIVE (2026-02-12)",0,COCZN,BH,BEHAVIORAL HEALTH,BH,Y,Y,N,None,DOF3224,2025-10-02 10:15:12.113000,corpsvcmtxcutoverrpt_sql,2025-09-04 08:38:18.993000,xrdcwddbsuip06,MTX_ACOE_Cutover_Reporting,UI_Excel_Select_Xwalk_Source_Accommodations,facility,*ALL*,QXA4067,2026-09-21 01:07:43.248000
3012,COCZN,GY,GYNECOLOGY,GY,Y,"TEST (2026-04-21),ZCON (2026-04-21),LIVE (2026-02-12)",0,COCZN,PR,PRIVATE ROOOM,PR,N,Y,N,None,DOF3224,2025-10-02 10:15:12.127000,corpsvcmtxcutoverrpt_sql,2025-09-04 08:38:18.993000,xrdcwddbsuip06,MTX_ACOE_Cutover_Reporting,UI_Excel_Select_Xwalk_Source_Accommodations,facility,*ALL*,QXA4067,2026-09-21 01:07:43.248000
3013,COCZN,HC,Hospice Care,HC,Y,"TEST (2026-04-21),ZCON (2026-04-21),LIVE (2026-02-12)",0,COCZN,PR,PRIVATE ROOOM,PR,N,Y,N,None,DOF3224,2025-10-02 10:15:12.140000,corpsvcmtxcutoverrpt_sql,2025-09-04 08:38:18.993000,xrdcwddbsuip06,MTX_ACOE_Cutover_Reporting,UI_Excel_Select_Xwalk_Source_Accommodations,facility,*ALL*,QXA4067,2026-09-21 01:07:43.248000
3014,COCZN,IC,INTENSIVE CARE,IC,Y,"TEST (2026-04-21),ZCON (2026-04-21),LIVE (2026-02-12)",0,COCZN,IC,INTENSIVE CARE,IC,Y,Y,N,None,DOF3224,2025-10-02 10:15:12.157000,corpsvcmtxcutoverrpt_sql,2025-09-04 08:38:18.993000,xrdcwddbsuip06,MTX_ACOE_Cutover_Reporting,UI_Excel_Select_Xwalk_Source_Accommodations,facility,*ALL*,QXA4067,2026-09-21 01:07:43.248000
3015,COCZN,IS,ISOLATION,IS,Y,"TEST (2026-04-21),ZCON (2026-04-21),LIVE (2026-02-12)",0,COCZN,PR,PRIVATE ROOOM,PR,N,Y,N,None,DOF3224,2025-10-02 10:15:12.167000,corpsvcmtxcutoverrpt_sql,2025-09-04 08:38:18.993000,xrdcwddbsuip06,MTX_ACOE_Cutover_Reporting,UI_Excel_Select_Xwalk_Source_Accommodations,facility,*ALL*,QXA4067,2026-09-21 01:07:43.249000
3016,COCZN,JP,JUSTIFIED PRIVATE,JP,Y,"TEST (2026-04-21),ZCON (2026-04-21),LIVE (2026-02-12)",0,COCZN,PR,PRIVATE ROOOM,PR,N,Y,N,None,DOF3224,2025-10-02 10:15:12.180000,corpsvcmtxcutoverrpt_sql,2025-09-04 08:38:18.993000,xrdcwddbsuip06,MTX_ACOE_Cutover_Reporting,UI_Excel_Select_Xwalk_Source_Accommodations,facility,*ALL*,QXA4067,2026-09-21 01:07:43.249000
3017,COCZN,LA,LEAVE OF ABSENCE,LA,Y,"TEST (2026-04-21),ZCON (2026-04-21),LIVE (2026-02-12)",0,COCZN,PR,PRIVATE ROOOM,PR,N,Y,N,None,DOF3224,2025-10-02 10:15:12.183000,corpsvcmtxcutoverrpt_sql,2025-09-04 08:38:18.993000,xrdcwddbsuip06,MTX_ACOE_Cutover_Reporting,UI_Excel_Select_Xwalk_Source_Accommodations,facility,*ALL*,QXA4067,2026-09-21 01:07:43.249000
3018,COCZN,MC,MONITORED CARE,MC,Y,"TEST (2026-04-21),ZCON (2026-04-21),LIVE (2026-02-12)",0,COCZN,TEL,TELEMETRY,TE,Y,Y,N,None,QVO8748,2025-11-12 08:10:05.167000,corpsvcmtxcutoverrpt_sql,2025-09-04 08:38:18.993000,xrdcwddbsuip06,MTX_ACOE_Cutover_Reporting,UI_Excel_Select_Xwalk_Source_Accommodations,facility,*ALL*,QXA4067,2026-09-21 01:07:43.249000
3019,COCZN,MS,MEDICAL STABILIZATION,MS,Y,"TEST (2026-04-21),ZCON (2026-04-21),LIVE (2026-02-12)",0,COCZN,PR,PRIVATE ROOOM,PR,N,Y,N,None,DOF3224,2025-10-02 10:15:12.190000,corpsvcmtxcutoverrpt_sql,2025-09-04 08:38:18.993000,xrdcwddbsuip06,MTX_ACOE_Cutover_Reporting,UI_Excel_Select_Xwalk_Source_Accommodations,facility,*ALL*,QXA4067,2026-09-21 01:07:43.249000
3020,COCZN,MSTB,Medical Stabilization,MB,N,NO MATCH,0,COCZN,,,,,N,Y,None,FRE8115,2025-12-01 08:42:21.460000,corpsvcmtxcutoverrpt_sql,2025-09-04 08:38:18.993000,xrdcwddbsuip06,MTX_ACOE_Cutover_Reporting,UI_Excel_Select_Xwalk_Source_Accommodations,facility,*ALL*,QXA4067,2026-09-21 01:07:43.249000
3021,COCZN,NB,NURSERY,NB,Y,"TEST (2026-04-21),ZCON (2026-04-21),LIVE (2026-02-12)",0,COCZN,PR,PRIVATE ROOOM,PR,N,Y,N,None,DOF3224,2025-10-02 10:15:12.197000,corpsvcmtxcutoverrpt_sql,2025-09-04 08:38:18.993000,xrdcwddbsuip06,MTX_ACOE_Cutover_Reporting,UI_Excel_Select_Xwalk_Source_Accommodations,facility,*ALL*,QXA4067,2026-09-21 01:07:43.249000
3022,COCZN,OB,OBSTETRICS,OB,Y,"TEST (2026-04-21),ZCON (2026-04-21),LIVE (2026-02-12)",0,COCZN,PR,PRIVATE ROOOM,PR,N,Y,N,None,DOF3224,2025-10-02 10:15:12.200000,corpsvcmtxcutoverrpt_sql,2025-09-04 08:38:18.993000,xrdcwddbsuip06,MTX_ACOE_Cutover_Reporting,UI_Excel_Select_Xwalk_Source_Accommodations,facility,*ALL*,QXA4067,2026-09-21 01:07:43.249000
3023,COCZN,PC,PROGRESSIVE CARE,PC,Y,"TEST (2026-04-21),ZCON (2026-04-21),LIVE (2026-02-12)",0,COCZN,PC,PROGRESSIVE CARE,PC,Y,Y,N,None,DOF3224,2025-10-02 10:15:12.203000,corpsvcmtxcutoverrpt_sql,2025-09-04 08:38:18.993000,xrdcwddbsuip06,MTX_ACOE_Cutover_Reporting,UI_Excel_Select_Xwalk_Source_Accommodations,facility,*ALL*,QXA4067,2026-09-21 01:07:43.249000
3024,COCZN,SC,SURGICAL CARE,SC,Y,"TEST (2026-04-21),ZCON (2026-04-21),LIVE (2026-02-12)",0,COCZN,PR,PRIVATE ROOOM,PR,N,Y,N,None,DOF3224,2025-10-02 10:15:12.207000,corpsvcmtxcutoverrpt_sql,2025-09-04 08:38:18.993000,xrdcwddbsuip06,MTX_ACOE_Cutover_Reporting,UI_Excel_Select_Xwalk_Source_Accommodations,facility,*ALL*,QXA4067,2026-09-21 01:07:43.249000
3025,COCZN,SO,SEMI-OB,SO,N,NO MATCH,0,COCZN,,,,,N,Y,None,FRE8115,2025-12-01 08:42:21.503000,corpsvcmtxcutoverrpt_sql,2025-09-04 08:38:18.993000,xrdcwddbsuip06,MTX_ACOE_Cutover_Reporting,UI_Excel_Select_Xwalk_Source_Accommodations,facility,*ALL*,QXA4067,2026-09-21 01:07:43.249000
3026,COCZN,SP,SEMI-PRIVATE ROOM,S,Y,"TEST (2026-04-21),ZCON (2026-04-21),LIVE (2026-02-12)",0,COCZN,PR,PRIVATE ROOOM,PR,N,Y,N,None,DOF3224,2025-10-02 10:15:12.210000,corpsvcmtxcutoverrpt_sql,2025-09-04 08:38:18.993000,xrdcwddbsuip06,MTX_ACOE_Cutover_Reporting,UI_Excel_Select_Xwalk_Source_Accommodations,facility,*ALL*,QXA4067,2026-09-21 01:07:43.249000
3027,COCZN,SPP,SEMI-PVT PEDS,SP,Y,"TEST (2026-04-21),ZCON (2026-04-21),LIVE (2026-02-12)",0,COCZN,PR,PRIVATE ROOOM,PR,Y,Y,N,None,DOF3224,2025-10-02 10:15:12.213000,corpsvcmtxcutoverrpt_sql,2025-09-04 08:38:18.993000,xrdcwddbsuip06,MTX_ACOE_Cutover_Reporting,UI_Excel_Select_Xwalk_Source_Accommodations,facility,*ALL*,QXA4067,2026-09-21 01:07:43.249000
3028,COCZN,TC,Transitional Care,TC,Y,"TEST (2026-04-21),ZCON (2026-04-21),LIVE (2026-02-12)",0,COCZN,PR,PRIVATE ROOOM,PR,N,Y,N,None,DOF3224,2025-10-02 10:15:12.220000,corpsvcmtxcutoverrpt_sql,2025-09-04 08:38:18.993000,xrdcwddbsuip06,MTX_ACOE_Cutover_Reporting,UI_Excel_Select_Xwalk_Source_Accommodations,facility,*ALL*,QXA4067,2026-09-21 01:07:43.249000
3029,COCZN,TCP,TRANSITIONAL CARE PROGRAM,TP,N,NO MATCH,0,COCZN,,,,,N,Y,None,FRE8115,2025-12-01 08:42:21.547000,corpsvcmtxcutoverrpt_sql,2025-09-04 08:38:18.993000,xrdcwddbsuip06,MTX_ACOE_Cutover_Reporting,UI_Excel_Select_Xwalk_Source_Accommodations,facility,*ALL*,QXA4067,2026-09-21 01:07:43.249000
3030,COCZN,TM,TELEMETRY MONITOR,T,Y,"TEST (2026-04-21),ZCON (2026-04-21),LIVE (2026-02-12)",0,COCZN,TEL,TELEMETRY,TE,Y,Y,N,None,QVO8748,2025-11-12 08:10:05.200000,corpsvcmtxcutoverrpt_sql,2025-09-04 08:38:18.993000,xrdcwddbsuip06,MTX_ACOE_Cutover_Reporting,UI_Excel_Select_Xwalk_Source_Accommodations,facility,*ALL*,QXA4067,2026-09-21 01:07:43.249000
3031,COCZR,BC,BIRTHING CENTER,BC,Y,"TEST (2026-04-21),ZCON (2026-04-21),LIVE (2026-02-12)",0,COCZR,PR,PRIVATE ROOM,PR,Y,Y,N,None,QVO8748,2026-01-12 08:24:11.750000,corpsvcmtxcutoverrpt_sql,2025-09-04 08:38:18.993000,xrdcwddbsuip06,MTX_ACOE_Cutover_Reporting,UI_Excel_Select_Xwalk_Source_Accommodations,facility,*ALL*,QXA4067,2026-09-21 01:07:43.249000
3032,COCZR,CC,CORONARY CARE,CC,Y,"TEST (2026-04-21),ZCON (2026-04-21),LIVE (2026-02-12)",0,COCZR,PR,PRIVATE ROOM,PR,Y,Y,N,None,QVO8748,2026-01-12 08:24:11.793000,corpsvcmtxcutoverrpt_sql,2025-09-04 08:38:18.993000,xrdcwddbsuip06,MTX_ACOE_Cutover_Reporting,UI_Excel_Select_Xwalk_Source_Accommodations,facility,*ALL*,QXA4067,2026-09-21 01:07:43.249000
3033,COCZR,ED,EMERGENGY DEPARTMENT INPATIENT,ED,Y,"TEST (2026-04-21),ZCON (2026-04-21),LIVE (2026-02-12)",0,COCZR,PR,PRIVATE ROOM,PR,Y,Y,N,None,QVO8748,2026-01-12 08:24:11.827000,corpsvcmtxcutoverrpt_sql,2025-09-04 08:38:18.993000,xrdcwddbsuip06,MTX_ACOE_Cutover_Reporting,UI_Excel_Select_Xwalk_Source_Accommodations,facility,*ALL*,QXA4067,2026-09-21 01:07:43.249000
3034,COCZR,IC,INTENSIVE CARE,IC,Y,"TEST (2026-04-21),ZCON (2026-04-21),LIVE (2026-02-12)",0,COCZR,IC,INTENSIVE CARE,IC,Y,Y,N,None,QVO8748,2026-01-12 08:24:11.857000,corpsvcmtxcutoverrpt_sql,2025-09-04 08:38:18.993000,xrdcwddbsuip06,MTX_ACOE_Cutover_Reporting,UI_Excel_Select_Xwalk_Source_Accommodations,facility,*ALL*,QXA4067,2026-09-21 01:07:43.249000
3035,COCZR,IN,INTENSIVE NURSERY,IN,Y,"TEST (2026-04-21),ZCON (2026-04-21),LIVE (2026-02-12)",0,COCZR,PR,PRIVATE ROOM,PR,Y,Y,N,None,QVO8748,2026-01-12 08:24:11.890000,corpsvcmtxcutoverrpt_sql,2025-09-04 08:38:18.993000,xrdcwddbsuip06,MTX_ACOE_Cutover_Reporting,UI_Excel_Select_Xwalk_Source_Accommodations,facility,*ALL*,QXA4067,2026-09-21 01:07:43.249000
3036,COCZR,IS,ISOLATION,IS,Y,"TEST (2026-04-21),ZCON (2026-04-21),LIVE (2026-02-12)",0,COCZR,PR,PRIVATE ROOM,PR,Y,Y,N,None,QVO8748,2026-01-12 08:24:11.937000,corpsvcmtxcutoverrpt_sql,2025-09-04 08:38:18.993000,xrdcwddbsuip06,MTX_ACOE_Cutover_Reporting,UI_Excel_Select_Xwalk_Source_Accommodations,facility,*ALL*,QXA4067,2026-09-21 01:07:43.249000
3037,COCZR,JP,JUSTIFIED PRIVATE,JP,Y,"TEST (2026-04-21),ZCON (2026-04-21),LIVE (2026-02-12)",0,COCZR,PR,PRIVATE ROOM,PR,Y,Y,N,None,QVO8748,2026-01-12 08:24:11.963000,corpsvcmtxcutoverrpt_sql,2025-09-04 08:38:18.993000,xrdcwddbsuip06,MTX_ACOE_Cutover_Reporting,UI_Excel_Select_Xwalk_Source_Accommodations,facility,*ALL*,QXA4067,2026-09-21 01:07:43.249000
3038,COCZR,L2,NURSERY LEVEL II,L2,Y,"TEST (2026-04-21),ZCON (2026-04-21),LIVE (2026-02-12)",0,COCZR,PR,PRIVATE ROOM,PR,Y,Y,N,None,QVO8748,2026-01-12 08:24:11.997000,corpsvcmtxcutoverrpt_sql,2025-09-04 08:38:18.993000,xrdcwddbsuip06,MTX_ACOE_Cutover_Reporting,UI_Excel_Select_Xwalk_Source_Accommodations,facility,*ALL*,QXA4067,2026-09-21 01:07:43.250000
3039,COCZR,N2,NICU LEVEL 2,N2,Y,"TEST (2026-04-21),ZCON (2026-04-21),LIVE (2026-02-12)",0,COCZR,PR,PRIVATE ROOM,PR,Y,Y,N,None,QVO8748,2026-01-12 08:24:12.030000,corpsvcmtxcutoverrpt_sql,2025-09-04 08:38:18.993000,xrdcwddbsuip06,MTX_ACOE_Cutover_Reporting,UI_Excel_Select_Xwalk_Source_Accommodations,facility,*ALL*,QXA4067,2026-09-21 01:07:43.250000
3040,COCZR,NB,NURSERY,NB,Y,"TEST (2026-04-21),ZCON (2026-04-21),LIVE (2026-02-12)",0,COCZR,PR,PRIVATE ROOM,PR,Y,Y,N,None,QVO8748,2026-01-12 08:24:12.090000,corpsvcmtxcutoverrpt_sql,2025-09-04 08:38:18.993000,xrdcwddbsuip06,MTX_ACOE_Cutover_Reporting,UI_Excel_Select_Xwalk_Source_Accommodations,facility,*ALL*,QXA4067,2026-09-21 01:07:43.250000
3041,COCZR,NI,NURSERY ISOLATION,NI,Y,"TEST (2026-04-21),ZCON (2026-04-21),LIVE (2026-02-12)",0,COCZR,PR,PRIVATE ROOM,PR,Y,Y,N,None,QVO8748,2026-01-12 08:24:12.123000,corpsvcmtxcutoverrpt_sql,2025-09-04 08:38:18.993000,xrdcwddbsuip06,MTX_ACOE_Cutover_Reporting,UI_Excel_Select_Xwalk_Source_Accommodations,facility,*ALL*,QXA4067,2026-09-21 01:07:43.250000
3042,COCZR,NU,NEWBORN - LEVEL III,NU,N,"TEST (2026-04-21),ZCON (2026-04-21),LIVE (2026-02-12)",0,COCZR,PR,PRIVATE ROOM,PR,Y,N,Y,None,QVO8748,2026-01-12 08:24:12.157000,corpsvcmtxcutoverrpt_sql,2025-09-04 08:38:18.993000,xrdcwddbsuip06,MTX_ACOE_Cutover_Reporting,UI_Excel_Select_Xwalk_Source_Accommodations,facility,*ALL*,QXA4067,2026-09-21 01:07:43.250000
3043,COCZR,OP,OUTPATIENT WAITING FOR BED N/O,OP,Y,"TEST (2026-04-21),ZCON (2026-04-21),LIVE (2026-02-12)",0,COCZR,PR,PRIVATE ROOM,PR,Y,Y,N,None,QVO8748,2026-01-12 08:24:12.190000,corpsvcmtxcutoverrpt_sql,2025-09-04 08:38:18.993000,xrdcwddbsuip06,MTX_ACOE_Cutover_Reporting,UI_Excel_Select_Xwalk_Source_Accommodations,facility,*ALL*,QXA4067,2026-09-21 01:07:43.250000
3044,COCZR,OT,ORTHOPEDICS,OT,Y,"TEST (2026-04-21),ZCON (2026-04-21),LIVE (2026-02-12)",0,COCZR,PR,PRIVATE ROOM,PR,Y,Y,N,None,QVO8748,2026-01-12 08:24:12.223000,corpsvcmtxcutoverrpt_sql,2025-09-04 08:38:18.993000,xrdcwddbsuip06,MTX_ACOE_Cutover_Reporting,UI_Excel_Select_Xwalk_Source_Accommodations,facility,*ALL*,QXA4067,2026-09-21 01:07:43.250000
3045,COCZR,PR,PRIVATE ROOM,P,Y,"TEST (2026-04-21),ZCON (2026-04-21),LIVE (2026-02-12)",0,COCZR,PR,PRIVATE ROOM,PR,Y,Y,N,None,QVO8748,2026-01-12 08:24:12.253000,corpsvcmtxcutoverrpt_sql,2025-09-04 08:38:18.993000,xrdcwddbsuip06,MTX_ACOE_Cutover_Reporting,UI_Excel_Select_Xwalk_Source_Accommodations,facility,*ALL*,QXA4067,2026-09-21 01:07:43.250000
3046,COCZR,RH,REHAB,RH,Y,"TEST (2026-04-21),ZCON (2026-04-21),LIVE (2026-02-12)",0,COCZR,PR,PRIVATE ROOM,PR,Y,Y,N,None,QVO8748,2026-01-12 08:24:12.283000,corpsvcmtxcutoverrpt_sql,2025-09-04 08:38:18.993000,xrdcwddbsuip06,MTX_ACOE_Cutover_Reporting,UI_Excel_Select_Xwalk_Source_Accommodations,facility,*ALL*,QXA4067,2026-09-21 01:07:43.250000
3047,COCZR,SC,SURGICAL CARE,SC,Y,"TEST (2026-04-21),ZCON (2026-04-21),LIVE (2026-02-12)",0,COCZR,PR,PRIVATE ROOM,PR,Y,Y,N,None,QVO8748,2026-01-12 08:24:12.317000,corpsvcmtxcutoverrpt_sql,2025-09-04 08:38:18.993000,xrdcwddbsuip06,MTX_ACOE_Cutover_Reporting,UI_Excel_Select_Xwalk_Source_Accommodations,facility,*ALL*,QXA4067,2026-09-21 01:07:43.250000
3048,COCZR,SK,SKILLED NURSING,SK,Y,"TEST (2026-04-21),ZCON (2026-04-21),LIVE (2026-02-12)",0,COCZR,PR,PRIVATE ROOM,PR,Y,Y,N,None,QVO8748,2026-01-12 08:24:12.350000,corpsvcmtxcutoverrpt_sql,2025-09-04 08:38:18.993000,xrdcwddbsuip06,MTX_ACOE_Cutover_Reporting,UI_Excel_Select_Xwalk_Source_Accommodations,facility,*ALL*,QXA4067,2026-09-21 01:07:43.250000
3049,COCZR,SP,SEMI-PRIVATE ROOM,S,Y,"TEST (2026-04-21),ZCON (2026-04-21),LIVE (2026-02-12)",0,COCZR,SP,SEMI PRIVATE ROOM,SP,Y,Y,N,None,QVO8748,2026-01-29 12:32:29.750000,corpsvcmtxcutoverrpt_sql,2025-09-04 08:38:18.993000,xrdcwddbsuip06,MTX_ACOE_Cutover_Reporting,UI_Excel_Select_Xwalk_Source_Accommodations,facility,*ALL*,QXA4067,2026-09-21 01:07:43.250000
3050,COCZR,TEL,TELEMETRY,TE,Y,"TEST (2026-04-21),ZCON (2026-04-21),LIVE (2026-02-12)",0,COCZR,TEL,TELEMETRY,TE,Y,Y,N,None,QVO8748,2026-01-12 08:24:12.413000,corpsvcmtxcutoverrpt_sql,2025-09-04 08:38:18.993000,xrdcwddbsuip06,MTX_ACOE_Cutover_Reporting,UI_Excel_Select_Xwalk_Source_Accommodations,facility,*ALL*,QXA4067,2026-09-21 01:07:43.250000
3051,COCZR,TR,TRAUMA,TR,Y,"TEST (2026-04-21),ZCON (2026-04-21),LIVE (2026-02-12)",0,COCZR,TR,TRAUMA,TR,Y,Y,N,None,QVO8748,2026-01-12 08:24:12.450000,corpsvcmtxcutoverrpt_sql,2025-09-04 08:38:18.993000,xrdcwddbsuip06,MTX_ACOE_Cutover_Reporting,UI_Excel_Select_Xwalk_Source_Accommodations,facility,*ALL*,QXA4067,2026-09-21 01:07:43.250000
3052,COCZR,ZZ,CONVERSION,ZZ,Y,"TEST (2026-04-21),ZCON (2026-04-21),LIVE (2026-02-12)",0,COCZR,PR,PRIVATE ROOM,PR,Y,Y,N,None,QVO8748,2026-01-12 08:24:12.480000,corpsvcmtxcutoverrpt_sql,2025-09-04 08:38:18.993000,xrdcwddbsuip06,MTX_ACOE_Cutover_Reporting,UI_Excel_Select_Xwalk_Source_Accommodations,facility,*ALL*,QXA4067,2026-09-21 01:07:43.250000
